y	x	key	showSelected1	group
48.76205	2.17865	1	2009-04-09:18:11:56	1
48.76171	2.17978	1	2009-04-09:18:11:56	1
48.76177	2.18143	1	2009-04-09:18:11:56	1
48.76138	2.18326	1	2009-04-09:18:11:56	1
48.76063	2.18473	1	2009-04-09:18:11:56	1
48.75974	2.18597	1	2009-04-09:18:11:56	1
48.75892	2.18717	1	2009-04-09:18:11:56	1
48.75841	2.1885	1	2009-04-09:18:11:56	1
48.75809	2.18975	1	2009-04-09:18:11:56	1
48.75771	2.19102	1	2009-04-09:18:11:56	1
48.75706	2.1921	1	2009-04-09:18:11:56	1
48.75648	2.19351	1	2009-04-09:18:11:56	1
48.75597	2.19491	1	2009-04-09:18:11:56	1
48.75548	2.19627	1	2009-04-09:18:11:56	1
48.755	2.19772	1	2009-04-09:18:11:56	1
48.75442	2.19925	1	2009-04-09:18:11:56	1
48.75387	2.20088	1	2009-04-09:18:11:56	1
48.75324	2.2026	1	2009-04-09:18:11:56	1
48.75273	2.20403	1	2009-04-09:18:11:56	1
48.75237	2.20519	1	2009-04-09:18:11:56	1
48.75196	2.20663	1	2009-04-09:18:11:56	1
48.75147	2.20811	1	2009-04-09:18:11:56	1
48.75106	2.20951	1	2009-04-09:18:11:56	1
48.75064	2.21085	1	2009-04-09:18:11:56	1
48.75072	2.21215	1	2009-04-09:18:11:56	1
48.7513	2.21318	1	2009-04-09:18:11:56	1
48.75193	2.21409	1	2009-04-09:18:11:56	1
48.75281	2.21519	1	2009-04-09:18:11:56	1
48.75359	2.21586	1	2009-04-09:18:11:56	1
48.75446	2.21542	1	2009-04-09:18:11:56	1
48.75513	2.21574	1	2009-04-09:18:11:56	1
48.75565	2.21679	1	2009-04-09:18:11:56	1
48.75609	2.21756	1	2009-04-09:18:11:56	1
48.75644	2.21794	1	2009-04-09:18:11:56	1
48.75713	2.21854	1	2009-04-09:18:11:56	1
48.75784	2.2191	1	2009-04-09:18:11:56	1
48.75857	2.21964	1	2009-04-09:18:11:56	1
48.75936	2.22039	1	2009-04-09:18:11:56	1
48.76011	2.22122	1	2009-04-09:18:11:56	1
48.7608	2.22205	1	2009-04-09:18:11:56	1
48.76152	2.22287	1	2009-04-09:18:11:56	1
48.76192	2.22401	1	2009-04-09:18:11:56	1
48.76262	2.22469	1	2009-04-09:18:11:56	1
48.7632	2.22562	1	2009-04-09:18:11:56	1
48.76384	2.22649	1	2009-04-09:18:11:56	1
48.76457	2.22725	1	2009-04-09:18:11:56	1
48.76523	2.22807	1	2009-04-09:18:11:56	1
48.76593	2.22889	1	2009-04-09:18:11:56	1
48.76641	2.22953	1	2009-04-09:18:11:56	1
48.7671	2.23032	1	2009-04-09:18:11:56	1
48.76796	2.23031	1	2009-04-09:18:11:56	1
48.76875	2.23029	1	2009-04-09:18:11:56	1
48.76961	2.23024	1	2009-04-09:18:11:56	1
48.77038	2.22993	1	2009-04-09:18:11:56	1
48.77118	2.22947	1	2009-04-09:18:11:56	1
48.77197	2.22931	1	2009-04-09:18:11:56	1
48.77274	2.2292	1	2009-04-09:18:11:56	1
48.7736	2.22907	1	2009-04-09:18:11:56	1
48.77435	2.22896	1	2009-04-09:18:11:56	1
48.77517	2.22882	1	2009-04-09:18:11:56	1
48.77596	2.22895	1	2009-04-09:18:11:56	1
48.77647	2.22988	1	2009-04-09:18:11:56	1
48.77693	2.23096	1	2009-04-09:18:11:56	1
48.77748	2.2321	1	2009-04-09:18:11:56	1
48.77772	2.23273	1	2009-04-09:18:11:56	1
48.77795	2.23331	1	2009-04-09:18:11:56	1
48.7784	2.2344	1	2009-04-09:18:11:56	1
48.77876	2.23554	1	2009-04-09:18:11:56	1
48.77929	2.23654	1	2009-04-09:18:11:56	1
48.77973	2.23761	1	2009-04-09:18:11:56	1
48.78016	2.23878	1	2009-04-09:18:11:56	1
48.78062	2.23988	1	2009-04-09:18:11:56	1
48.78106	2.24089	1	2009-04-09:18:11:56	1
48.78151	2.242	1	2009-04-09:18:11:56	1
48.78193	2.24298	1	2009-04-09:18:11:56	1
48.78232	2.24402	1	2009-04-09:18:11:56	1
48.78277	2.2451	1	2009-04-09:18:11:56	1
48.78321	2.24619	1	2009-04-09:18:11:56	1
48.78366	2.24726	1	2009-04-09:18:11:56	1
48.78406	2.24827	1	2009-04-09:18:11:56	1
48.78449	2.2493	1	2009-04-09:18:11:56	1
48.78489	2.25034	1	2009-04-09:18:11:56	1
48.78535	2.25143	1	2009-04-09:18:11:56	1
48.78578	2.25259	1	2009-04-09:18:11:56	1
48.78625	2.25368	1	2009-04-09:18:11:56	1
48.78669	2.25471	1	2009-04-09:18:11:56	1
48.78712	2.25579	1	2009-04-09:18:11:56	1
48.78754	2.25678	1	2009-04-09:18:11:56	1
48.78795	2.25783	1	2009-04-09:18:11:56	1
48.78836	2.2589	1	2009-04-09:18:11:56	1
48.78883	2.25993	1	2009-04-09:18:11:56	1
48.78925	2.26103	1	2009-04-09:18:11:56	1
48.7897	2.2621	1	2009-04-09:18:11:56	1
48.79013	2.26321	1	2009-04-09:18:11:56	1
48.79056	2.26421	1	2009-04-09:18:11:56	1
48.79098	2.26521	1	2009-04-09:18:11:56	1
48.79145	2.26632	1	2009-04-09:18:11:56	1
48.7919	2.26746	1	2009-04-09:18:11:56	1
48.7923	2.26843	1	2009-04-09:18:11:56	1
48.79271	2.2694	1	2009-04-09:18:11:56	1
48.79316	2.2704	1	2009-04-09:18:11:56	1
48.79367	2.27144	1	2009-04-09:18:11:56	1
48.7942	2.27234	1	2009-04-09:18:11:56	1
48.79475	2.27328	1	2009-04-09:18:11:56	1
48.7953	2.27426	1	2009-04-09:18:11:56	1
48.7959	2.27529	1	2009-04-09:18:11:56	1
48.79647	2.27635	1	2009-04-09:18:11:56	1
48.79707	2.2773	1	2009-04-09:18:11:56	1
48.79762	2.27818	1	2009-04-09:18:11:56	1
48.79815	2.27907	1	2009-04-09:18:11:56	1
48.79866	2.27997	1	2009-04-09:18:11:56	1
48.79918	2.28084	1	2009-04-09:18:11:56	1
48.79968	2.28183	1	2009-04-09:18:11:56	1
48.80028	2.28281	1	2009-04-09:18:11:56	1
48.80069	2.28378	1	2009-04-09:18:11:56	1
48.80134	2.28458	1	2009-04-09:18:11:56	1
48.80195	2.28549	1	2009-04-09:18:11:56	1
48.80251	2.28648	1	2009-04-09:18:11:56	1
48.80304	2.28733	1	2009-04-09:18:11:56	1
48.80368	2.28822	1	2009-04-09:18:11:56	1
48.80419	2.28914	1	2009-04-09:18:11:56	1
48.80474	2.29002	1	2009-04-09:18:11:56	1
48.80533	2.29085	1	2009-04-09:18:11:56	1
48.80591	2.29184	1	2009-04-09:18:11:56	1
48.80645	2.29281	1	2009-04-09:18:11:56	1
48.80694	2.29379	1	2009-04-09:18:11:56	1
48.80743	2.29466	1	2009-04-09:18:11:56	1
48.8077	2.29516	1	2009-04-09:18:11:56	1
48.80798	2.29564	1	2009-04-09:18:11:56	1
48.80831	2.29665	1	2009-04-09:18:11:56	1
48.80896	2.29729	1	2009-04-09:18:11:56	1
48.80954	2.2981	1	2009-04-09:18:11:56	1
48.81011	2.29886	1	2009-04-09:18:11:56	1
48.81076	2.29946	1	2009-04-09:18:11:56	1
48.81129	2.30029	1	2009-04-09:18:11:56	1
48.81197	2.30076	1	2009-04-09:18:11:56	1
48.81155	2.30173	1	2009-04-09:18:11:56	1
48.81111	2.30272	1	2009-04-09:18:11:56	1
48.8117	2.30356	1	2009-04-09:18:11:56	1
48.81219	2.30453	1	2009-04-09:18:11:56	1
48.81274	2.30537	1	2009-04-09:18:11:56	1
48.81323	2.30631	1	2009-04-09:18:11:56	1
48.81381	2.30725	1	2009-04-09:18:11:56	1
48.81432	2.30812	1	2009-04-09:18:11:56	1
48.81491	2.30885	1	2009-04-09:18:11:56	1
48.81523	2.30985	1	2009-04-09:18:11:56	1
48.81581	2.31068	1	2009-04-09:18:11:56	1
48.81613	2.31173	1	2009-04-09:18:11:56	1
48.81654	2.31284	1	2009-04-09:18:11:56	1
48.81687	2.31395	1	2009-04-09:18:11:56	1
48.81721	2.31501	1	2009-04-09:18:11:56	1
48.81755	2.31611	1	2009-04-09:18:11:56	1
48.81791	2.31725	1	2009-04-09:18:11:56	1
48.8183	2.31832	1	2009-04-09:18:11:56	1
48.81851	2.31953	1	2009-04-09:18:11:56	1
48.81842	2.32075	1	2009-04-09:18:11:56	1
48.81827	2.32192	1	2009-04-09:18:11:56	1
48.81814	2.32307	1	2009-04-09:18:11:56	1
48.81789	2.32416	1	2009-04-09:18:11:56	1
48.81782	2.32537	1	2009-04-09:18:11:56	1
48.81754	2.32637	1	2009-04-09:18:11:56	1
48.81791	2.32681	1	2009-04-09:18:11:56	1
48.81871	2.32685	1	2009-04-09:18:11:56	1
48.81938	2.32715	1	2009-04-09:18:11:56	1
48.81898	2.3282	1	2009-04-09:18:11:56	1
48.81864	2.32933	1	2009-04-09:18:11:56	1
48.8186	2.33056	1	2009-04-09:18:11:56	1
48.81851	2.33172	1	2009-04-09:18:11:56	1
48.81824	2.33282	1	2009-04-09:18:11:56	1
48.81774	2.33376	1	2009-04-09:18:11:56	1
48.81813	2.33463	1	2009-04-09:18:11:56	1
48.81865	2.33545	1	2009-04-09:18:11:56	1
48.81887	2.3366	1	2009-04-09:18:11:56	1
48.81876	2.33778	1	2009-04-09:18:11:56	1
48.81865	2.339	1	2009-04-09:18:11:56	1
48.81935	2.33916	1	2009-04-09:18:11:56	1
48.81939	2.33919	1	2009-04-09:18:11:56	1
48.81941	2.33921	1	2009-04-09:18:11:56	1
48.81943	2.33922	1	2009-04-09:18:11:56	1
48.81945	2.33924	1	2009-04-09:18:11:56	1
48.81947	2.33926	1	2009-04-09:18:11:56	1
48.8195	2.33928	1	2009-04-09:18:11:56	1
48.81953	2.33929	1	2009-04-09:18:11:56	1
48.81955	2.33931	1	2009-04-09:18:11:56	1
48.81957	2.33931	1	2009-04-09:18:11:56	1
48.8196	2.33934	1	2009-04-09:18:11:56	1
48.81962	2.33937	1	2009-04-09:18:11:56	1
48.81963	2.3394	1	2009-04-09:18:11:56	1
48.81964	2.33942	1	2009-04-09:18:11:56	1
48.81966	2.33944	1	2009-04-09:18:11:56	1
48.81966	2.33943	1	2009-04-09:18:11:56	1
48.81965	2.33941	1	2009-04-09:18:11:56	1
48.81964	2.33939	1	2009-04-09:18:11:56	1
48.81965	2.33935	1	2009-04-09:18:11:56	1
48.81964	2.33933	1	2009-04-09:18:11:56	1
48.81964	2.33931	1	2009-04-09:18:11:56	1
48.81966	2.33932	1	2009-04-09:18:11:56	1
48.81966	2.33932	1	2009-04-09:18:11:56	1
48.77634	2.44841	1	2009-04-11:09:52:48	2
48.77658	2.44731	1	2009-04-11:09:52:48	2
48.7759	2.44645	1	2009-04-11:09:52:48	2
48.77504	2.44649	1	2009-04-11:09:52:48	2
48.7742	2.44764	1	2009-04-11:09:52:48	2
48.77339	2.44855	1	2009-04-11:09:52:48	2
48.77335	2.44849	1	2009-04-11:09:52:48	2
48.77273	2.44938	1	2009-04-11:09:52:48	2
48.77235	2.45026	1	2009-04-11:09:52:48	2
48.77195	2.45112	1	2009-04-11:09:52:48	2
48.77149	2.45243	1	2009-04-11:09:52:48	2
48.77153	2.45343	1	2009-04-11:09:52:48	2
48.77105	2.45444	1	2009-04-11:09:52:48	2
48.77092	2.45569	1	2009-04-11:09:52:48	2
48.77042	2.45691	1	2009-04-11:09:52:48	2
48.77006	2.4579	1	2009-04-11:09:52:48	2
48.76972	2.45915	1	2009-04-11:09:52:48	2
48.76942	2.4605	1	2009-04-11:09:52:48	2
48.76965	2.46148	1	2009-04-11:09:52:48	2
48.77017	2.46175	1	2009-04-11:09:52:48	2
48.76976	2.46305	1	2009-04-11:09:52:48	2
48.7695	2.46436	1	2009-04-11:09:52:48	2
48.76916	2.46555	1	2009-04-11:09:52:48	2
48.76879	2.46679	1	2009-04-11:09:52:48	2
48.76855	2.46822	1	2009-04-11:09:52:48	2
48.76821	2.4696	1	2009-04-11:09:52:48	2
48.76868	2.47035	1	2009-04-11:09:52:48	2
48.76841	2.47161	1	2009-04-11:09:52:48	2
48.76811	2.47287	1	2009-04-11:09:52:48	2
48.76867	2.47387	1	2009-04-11:09:52:48	2
48.76926	2.47475	1	2009-04-11:09:52:48	2
48.76988	2.47561	1	2009-04-11:09:52:48	2
48.77041	2.47639	1	2009-04-11:09:52:48	2
48.77087	2.47702	1	2009-04-11:09:52:48	2
48.77145	2.47789	1	2009-04-11:09:52:48	2
48.7721	2.47881	1	2009-04-11:09:52:48	2
48.77272	2.4797	1	2009-04-11:09:52:48	2
48.77329	2.48056	1	2009-04-11:09:52:48	2
48.77394	2.48148	1	2009-04-11:09:52:48	2
48.77366	2.48237	1	2009-04-11:09:52:48	2
48.77295	2.48315	1	2009-04-11:09:52:48	2
48.77228	2.48386	1	2009-04-11:09:52:48	2
48.77153	2.48457	1	2009-04-11:09:52:48	2
48.77079	2.4853	1	2009-04-11:09:52:48	2
48.77011	2.48601	1	2009-04-11:09:52:48	2
48.76935	2.48666	1	2009-04-11:09:52:48	2
48.7686	2.48733	1	2009-04-11:09:52:48	2
48.7679	2.48806	1	2009-04-11:09:52:48	2
48.76718	2.48882	1	2009-04-11:09:52:48	2
48.76647	2.48962	1	2009-04-11:09:52:48	2
48.76578	2.49048	1	2009-04-11:09:52:48	2
48.76513	2.49146	1	2009-04-11:09:52:48	2
48.76446	2.49238	1	2009-04-11:09:52:48	2
48.76379	2.49332	1	2009-04-11:09:52:48	2
48.76308	2.4942	1	2009-04-11:09:52:48	2
48.76218	2.49538	1	2009-04-11:09:52:48	2
48.76154	2.49621	1	2009-04-11:09:52:48	2
48.76091	2.49705	1	2009-04-11:09:52:48	2
48.76034	2.49802	1	2009-04-11:09:52:48	2
48.75978	2.49909	1	2009-04-11:09:52:48	2
48.75918	2.50015	1	2009-04-11:09:52:48	2
48.75858	2.5011	1	2009-04-11:09:52:48	2
48.75802	2.50207	1	2009-04-11:09:52:48	2
48.75741	2.50298	1	2009-04-11:09:52:48	2
48.75709	2.50345	1	2009-04-11:09:52:48	2
48.75664	2.5041	1	2009-04-11:09:52:48	2
48.75591	2.50472	1	2009-04-11:09:52:48	2
48.7551	2.50498	1	2009-04-11:09:52:48	2
48.75463	2.50583	1	2009-04-11:09:52:48	2
48.75389	2.50635	1	2009-04-11:09:52:48	2
48.75306	2.50658	1	2009-04-11:09:52:48	2
48.75217	2.50661	1	2009-04-11:09:52:48	2
48.75138	2.50704	1	2009-04-11:09:52:48	2
48.75067	2.5076	1	2009-04-11:09:52:48	2
48.74988	2.50808	1	2009-04-11:09:52:48	2
48.7491	2.50862	1	2009-04-11:09:52:48	2
48.7483	2.50916	1	2009-04-11:09:52:48	2
48.74751	2.50969	1	2009-04-11:09:52:48	2
48.74677	2.51024	1	2009-04-11:09:52:48	2
48.74602	2.51074	1	2009-04-11:09:52:48	2
48.74528	2.5113	1	2009-04-11:09:52:48	2
48.74448	2.51183	1	2009-04-11:09:52:48	2
48.74372	2.51245	1	2009-04-11:09:52:48	2
48.74302	2.51302	1	2009-04-11:09:52:48	2
48.74229	2.51364	1	2009-04-11:09:52:48	2
48.74154	2.51424	1	2009-04-11:09:52:48	2
48.74081	2.51481	1	2009-04-11:09:52:48	2
48.74011	2.51541	1	2009-04-11:09:52:48	2
48.73938	2.51601	1	2009-04-11:09:52:48	2
48.73868	2.51662	1	2009-04-11:09:52:48	2
48.738	2.51717	1	2009-04-11:09:52:48	2
48.73729	2.51776	1	2009-04-11:09:52:48	2
48.73654	2.51836	1	2009-04-11:09:52:48	2
48.73581	2.5189	1	2009-04-11:09:52:48	2
48.73507	2.51951	1	2009-04-11:09:52:48	2
48.73438	2.52017	1	2009-04-11:09:52:48	2
48.73367	2.52098	1	2009-04-11:09:52:48	2
48.73297	2.52161	1	2009-04-11:09:52:48	2
48.73226	2.52228	1	2009-04-11:09:52:48	2
48.73166	2.52311	1	2009-04-11:09:52:48	2
48.73115	2.52403	1	2009-04-11:09:52:48	2
48.73066	2.52501	1	2009-04-11:09:52:48	2
48.73008	2.52594	1	2009-04-11:09:52:48	2
48.72953	2.52688	1	2009-04-11:09:52:48	2
48.72898	2.52783	1	2009-04-11:09:52:48	2
48.72849	2.52872	1	2009-04-11:09:52:48	2
48.72796	2.52971	1	2009-04-11:09:52:48	2
48.7275	2.53079	1	2009-04-11:09:52:48	2
48.72679	2.53111	1	2009-04-11:09:52:48	2
48.72595	2.53129	1	2009-04-11:09:52:48	2
48.72515	2.53123	1	2009-04-11:09:52:48	2
48.72432	2.53114	1	2009-04-11:09:52:48	2
48.72354	2.53154	1	2009-04-11:09:52:48	2
48.72312	2.53259	1	2009-04-11:09:52:48	2
48.72251	2.53339	1	2009-04-11:09:52:48	2
48.72178	2.53352	1	2009-04-11:09:52:48	2
48.72098	2.53336	1	2009-04-11:09:52:48	2
48.7201	2.53312	1	2009-04-11:09:52:48	2
48.71958	2.53406	1	2009-04-11:09:52:48	2
48.71881	2.53427	1	2009-04-11:09:52:48	2
48.71812	2.53502	1	2009-04-11:09:52:48	2
48.71746	2.53582	1	2009-04-11:09:52:48	2
48.71688	2.53686	1	2009-04-11:09:52:48	2
48.71615	2.53741	1	2009-04-11:09:52:48	2
48.71529	2.53723	1	2009-04-11:09:52:48	2
48.71443	2.53733	1	2009-04-11:09:52:48	2
48.71363	2.53779	1	2009-04-11:09:52:48	2
48.71279	2.53824	1	2009-04-11:09:52:48	2
48.71198	2.5387	1	2009-04-11:09:52:48	2
48.71118	2.53905	1	2009-04-11:09:52:48	2
48.71043	2.53961	1	2009-04-11:09:52:48	2
48.70971	2.54023	1	2009-04-11:09:52:48	2
48.70901	2.54095	1	2009-04-11:09:52:48	2
48.70833	2.54159	1	2009-04-11:09:52:48	2
48.70759	2.54209	1	2009-04-11:09:52:48	2
48.70707	2.54297	1	2009-04-11:09:52:48	2
48.70655	2.54397	1	2009-04-11:09:52:48	2
48.70598	2.54482	1	2009-04-11:09:52:48	2
48.70534	2.54558	1	2009-04-11:09:52:48	2
48.70455	2.54572	1	2009-04-11:09:52:48	2
48.70378	2.54538	1	2009-04-11:09:52:48	2
48.70303	2.54503	1	2009-04-11:09:52:48	2
48.70241	2.54514	1	2009-04-11:09:52:48	2
48.70277	2.54598	1	2009-04-11:09:52:48	2
48.70295	2.54722	1	2009-04-11:09:52:48	2
48.70312	2.54842	1	2009-04-11:09:52:48	2
48.70347	2.54952	1	2009-04-11:09:52:48	2
48.70394	2.55054	1	2009-04-11:09:52:48	2
48.7045	2.5514	1	2009-04-11:09:52:48	2
48.70505	2.55224	1	2009-04-11:09:52:48	2
48.70562	2.55306	1	2009-04-11:09:52:48	2
48.70554	2.55398	1	2009-04-11:09:52:48	2
48.70503	2.55488	1	2009-04-11:09:52:48	2
48.7045	2.5558	1	2009-04-11:09:52:48	2
48.70508	2.55663	1	2009-04-11:09:52:48	2
48.70568	2.55745	1	2009-04-11:09:52:48	2
48.70628	2.55824	1	2009-04-11:09:52:48	2
48.70694	2.55898	1	2009-04-11:09:52:48	2
48.70758	2.55972	1	2009-04-11:09:52:48	2
48.70823	2.5605	1	2009-04-11:09:52:48	2
48.70904	2.56092	1	2009-04-11:09:52:48	2
48.70979	2.56141	1	2009-04-11:09:52:48	2
48.70995	2.56151	1	2009-04-11:09:52:48	2
48.70968	2.56023	1	2009-04-11:09:52:48	2
48.70951	2.55891	1	2009-04-11:09:52:48	2
48.70955	2.55755	1	2009-04-11:09:52:48	2
48.70881	2.55699	1	2009-04-11:09:52:48	2
48.70811	2.55638	1	2009-04-11:09:52:48	2
48.70746	2.55559	1	2009-04-11:09:52:48	2
48.70684	2.55474	1	2009-04-11:09:52:48	2
48.70621	2.55395	1	2009-04-11:09:52:48	2
48.70556	2.55401	1	2009-04-11:09:52:48	2
48.70504	2.55488	1	2009-04-11:09:52:48	2
48.70453	2.55581	1	2009-04-11:09:52:48	2
48.7051	2.55666	1	2009-04-11:09:52:48	2
48.70563	2.55694	1	2009-04-11:09:52:48	2
48.70596	2.55786	1	2009-04-11:09:52:48	2
48.7062	2.55815	1	2009-04-11:09:52:48	2
48.70684	2.55893	1	2009-04-11:09:52:48	2
48.70656	2.55859	1	2009-04-11:09:52:48	2
48.70592	2.5578	1	2009-04-11:09:52:48	2
48.70531	2.557	1	2009-04-11:09:52:48	2
48.70488	2.55637	1	2009-04-11:09:52:48	2
48.70557	2.55729	1	2009-04-11:09:52:48	2
48.70619	2.55812	1	2009-04-11:09:52:48	2
48.70683	2.55887	1	2009-04-11:09:52:48	2
48.7075	2.55961	1	2009-04-11:09:52:48	2
48.70807	2.56044	1	2009-04-11:09:52:48	2
48.70775	2.5616	1	2009-04-11:09:52:48	2
48.70741	2.56272	1	2009-04-11:09:52:48	2
48.70709	2.56394	1	2009-04-11:09:52:48	2
48.70675	2.56505	1	2009-04-11:09:52:48	2
48.70603	2.56436	1	2009-04-11:09:52:48	2
48.70538	2.56364	1	2009-04-11:09:52:48	2
48.70475	2.56287	1	2009-04-11:09:52:48	2
48.70456	2.56262	1	2009-04-11:09:52:48	2
48.70455	2.5626	1	2009-04-11:09:52:48	2
48.70456	2.56258	1	2009-04-11:09:52:48	2
48.70458	2.56253	1	2009-04-11:09:52:48	2
48.70458	2.56254	1	2009-04-11:09:52:48	2
48.70457	2.56254	1	2009-04-11:09:52:48	2
48.70458	2.56252	1	2009-04-11:09:52:48	2
48.70461	2.56251	1	2009-04-11:09:52:48	2
48.70463	2.56251	1	2009-04-11:09:52:48	2
48.70465	2.56251	1	2009-04-11:09:52:48	2
48.70469	2.56246	1	2009-04-11:09:52:48	2
48.70469	2.56243	1	2009-04-11:09:52:48	2
48.70469	2.56241	1	2009-04-11:09:52:48	2
48.70469	2.56239	1	2009-04-11:09:52:48	2
48.70468	2.56237	1	2009-04-11:09:52:48	2
48.70468	2.56234	1	2009-04-11:09:52:48	2
48.70467	2.56232	1	2009-04-11:09:52:48	2
48.70467	2.5623	1	2009-04-11:09:52:48	2
48.70467	2.56228	1	2009-04-11:09:52:48	2
48.70465	2.56227	1	2009-04-11:09:52:48	2
48.70463	2.56228	1	2009-04-11:09:52:48	2
48.70461	2.56229	1	2009-04-11:09:52:48	2
48.70457	2.56225	1	2009-04-11:09:52:48	2
48.70456	2.56225	1	2009-04-11:15:51:05	3
48.70294	2.56014	1	2009-04-11:15:51:05	3
48.70354	2.55751	1	2009-04-11:15:51:05	3
48.70506	2.55488	1	2009-04-11:15:51:05	3
48.70541	2.55275	1	2009-04-11:15:51:05	3
48.704	2.55069	1	2009-04-11:15:51:05	3
48.70296	2.54761	1	2009-04-11:15:51:05	3
48.70293	2.54502	1	2009-04-11:15:51:05	3
48.70477	2.54577	1	2009-04-11:15:51:05	3
48.70655	2.54399	1	2009-04-11:15:51:05	3
48.70808	2.5419	1	2009-04-11:15:51:05	3
48.70989	2.54012	1	2009-04-11:15:51:05	3
48.71198	2.53877	1	2009-04-11:15:51:05	3
48.71403	2.53764	1	2009-04-11:15:51:05	3
48.71583	2.53741	1	2009-04-11:15:51:05	3
48.7174	2.53622	1	2009-04-11:15:51:05	3
48.7185	2.53457	1	2009-04-11:15:51:05	3
48.7196	2.53399	1	2009-04-11:15:51:05	3
48.72096	2.53347	1	2009-04-11:15:51:05	3
48.72259	2.53336	1	2009-04-11:15:51:05	3
48.72399	2.53116	1	2009-04-11:15:51:05	3
48.72563	2.53128	1	2009-04-11:15:51:05	3
48.72722	2.53101	1	2009-04-11:15:51:05	3
48.72834	2.5292	1	2009-04-11:15:51:05	3
48.72952	2.5271	1	2009-04-11:15:51:05	3
48.73067	2.525	1	2009-04-11:15:51:05	3
48.73182	2.52301	1	2009-04-11:15:51:05	3
48.73322	2.52145	1	2009-04-11:15:51:05	3
48.73474	2.5203	1	2009-04-11:15:51:05	3
48.73636	2.51893	1	2009-04-11:15:51:05	3
48.73795	2.51751	1	2009-04-11:15:51:05	3
48.73961	2.51612	1	2009-04-11:15:51:05	3
48.74086	2.51508	1	2009-04-11:15:51:05	3
48.74179	2.51433	1	2009-04-11:15:51:05	3
48.7432	2.51313	1	2009-04-11:15:51:05	3
48.74463	2.51198	1	2009-04-11:15:51:05	3
48.74606	2.51085	1	2009-04-11:15:51:05	3
48.74752	2.50978	1	2009-04-11:15:51:05	3
48.74907	2.5087	1	2009-04-11:15:51:05	3
48.75049	2.50761	1	2009-04-11:15:51:05	3
48.75205	2.50665	1	2009-04-11:15:51:05	3
48.75369	2.50662	1	2009-04-11:15:51:05	3
48.75513	2.50531	1	2009-04-11:15:51:05	3
48.75679	2.50459	1	2009-04-11:15:51:05	3
48.75823	2.50343	1	2009-04-11:15:51:05	3
48.75899	2.5012	1	2009-04-11:15:51:05	3
48.76002	2.49911	1	2009-04-11:15:51:05	3
48.76105	2.49714	1	2009-04-11:15:51:05	3
48.76225	2.49553	1	2009-04-11:15:51:05	3
48.76358	2.49371	1	2009-04-11:15:51:05	3
48.76483	2.49209	1	2009-04-11:15:51:05	3
48.76607	2.49049	1	2009-04-11:15:51:05	3
48.76732	2.489	1	2009-04-11:15:51:05	3
48.76863	2.48775	1	2009-04-11:15:51:05	3
48.76995	2.48629	1	2009-04-11:15:51:05	3
48.7713	2.48492	1	2009-04-11:15:51:05	3
48.77269	2.48347	1	2009-04-11:15:51:05	3
48.77405	2.48209	1	2009-04-11:15:51:05	3
48.77541	2.48068	1	2009-04-11:15:51:05	3
48.77676	2.47931	1	2009-04-11:15:51:05	3
48.77811	2.47787	1	2009-04-11:15:51:05	3
48.77954	2.4764	1	2009-04-11:15:51:05	3
48.78087	2.47504	1	2009-04-11:15:51:05	3
48.7823	2.47361	1	2009-04-11:15:51:05	3
48.78298	2.47291	1	2009-04-11:15:51:05	3
48.78432	2.47153	1	2009-04-11:15:51:05	3
48.78565	2.47017	1	2009-04-11:15:51:05	3
48.78696	2.4688	1	2009-04-11:15:51:05	3
48.78829	2.46747	1	2009-04-11:15:51:05	3
48.78939	2.46562	1	2009-04-11:15:51:05	3
48.7903	2.46365	1	2009-04-11:15:51:05	3
48.79142	2.46215	1	2009-04-11:15:51:05	3
48.79293	2.46146	1	2009-04-11:15:51:05	3
48.79435	2.46033	1	2009-04-11:15:51:05	3
48.79553	2.45879	1	2009-04-11:15:51:05	3
48.79682	2.45733	1	2009-04-11:15:51:05	3
48.79798	2.45574	1	2009-04-11:15:51:05	3
48.79906	2.45394	1	2009-04-11:15:51:05	3
48.80007	2.452	1	2009-04-11:15:51:05	3
48.80099	2.45	1	2009-04-11:15:51:05	3
48.80201	2.44817	1	2009-04-11:15:51:05	3
48.80304	2.4463	1	2009-04-11:15:51:05	3
48.80413	2.44448	1	2009-04-11:15:51:05	3
48.805	2.44255	1	2009-04-11:15:51:05	3
48.80601	2.44063	1	2009-04-11:15:51:05	3
48.80694	2.43873	1	2009-04-11:15:51:05	3
48.80794	2.43688	1	2009-04-11:15:51:05	3
48.80898	2.43503	1	2009-04-11:15:51:05	3
48.80999	2.43314	1	2009-04-11:15:51:05	3
48.81102	2.43135	1	2009-04-11:15:51:05	3
48.81208	2.42956	1	2009-04-11:15:51:05	3
48.81296	2.42746	1	2009-04-11:15:51:05	3
48.81397	2.42563	1	2009-04-11:15:51:05	3
48.81458	2.42335	1	2009-04-11:15:51:05	3
48.81535	2.42118	1	2009-04-11:15:51:05	3
48.81506	2.41904	1	2009-04-11:15:51:05	3
48.81456	2.41689	1	2009-04-11:15:51:05	3
48.81442	2.41449	1	2009-04-11:15:51:05	3
48.8146	2.41214	1	2009-04-11:15:51:05	3
48.81458	2.40961	1	2009-04-11:15:51:05	3
48.81457	2.40712	1	2009-04-11:15:51:05	3
48.81457	2.40462	1	2009-04-11:15:51:05	3
48.81457	2.40223	1	2009-04-11:15:51:05	3
48.8146	2.39977	1	2009-04-11:15:51:05	3
48.81456	2.39738	1	2009-04-11:15:51:05	3
48.81464	2.39498	1	2009-04-11:15:51:05	3
48.81467	2.3927	1	2009-04-11:15:51:05	3
48.81472	2.39054	1	2009-04-11:15:51:05	3
48.81358	2.3889	1	2009-04-11:15:51:05	3
48.81264	2.38699	1	2009-04-11:15:51:05	3
48.81171	2.38513	1	2009-04-11:15:51:05	3
48.81136	2.38299	1	2009-04-11:15:51:05	3
48.81238	2.38138	1	2009-04-11:15:51:05	3
48.81373	2.37989	1	2009-04-11:15:51:05	3
48.81497	2.37827	1	2009-04-11:15:51:05	3
48.81628	2.37689	1	2009-04-11:15:51:05	3
48.81762	2.37564	1	2009-04-11:15:51:05	3
48.81872	2.3739	1	2009-04-11:15:51:05	3
48.81996	2.37247	1	2009-04-11:15:51:05	3
48.82094	2.37061	1	2009-04-11:15:51:05	3
48.82136	2.3685	1	2009-04-11:15:51:05	3
48.82062	2.36639	1	2009-04-11:15:51:05	3
48.81999	2.36415	1	2009-04-11:15:51:05	3
48.81915	2.36216	1	2009-04-11:15:51:05	3
48.81874	2.35991	1	2009-04-11:15:51:05	3
48.81899	2.35766	1	2009-04-11:15:51:05	3
48.82026	2.35635	1	2009-04-11:15:51:05	3
48.82105	2.35438	1	2009-04-11:15:51:05	3
48.82107	2.35202	1	2009-04-11:15:51:05	3
48.82067	2.34968	1	2009-04-11:15:51:05	3
48.81986	2.34746	1	2009-04-11:15:51:05	3
48.81936	2.34515	1	2009-04-11:15:51:05	3
48.81975	2.34287	1	2009-04-11:15:51:05	3
48.81975	2.34065	1	2009-04-11:15:51:05	3
48.81987	2.34047	1	2009-04-11:15:51:05	3
48.8199	2.34041	1	2009-04-11:15:51:05	3
48.81993	2.34037	1	2009-04-11:15:51:05	3
48.81998	2.34032	1	2009-04-11:15:51:05	3
48.82001	2.34028	1	2009-04-11:15:51:05	3
48.82003	2.34025	1	2009-04-11:15:51:05	3
48.82006	2.34022	1	2009-04-11:15:51:05	3
48.82008	2.34018	1	2009-04-11:15:51:05	3
48.82009	2.34015	1	2009-04-11:15:51:05	3
48.82012	2.34013	1	2009-04-11:15:51:05	3
48.82016	2.34011	1	2009-04-11:15:51:05	3
48.82016	2.34009	1	2009-04-11:15:51:05	3
48.82019	2.34007	1	2009-04-11:15:51:05	3
48.82023	2.34005	1	2009-04-11:15:51:05	3
48.82024	2.34003	1	2009-04-11:15:51:05	3
48.82026	2.34003	1	2009-04-11:15:51:05	3
48.82029	2.34	1	2009-04-11:15:51:05	3
48.82031	2.33999	1	2009-04-11:15:51:05	3
48.82034	2.33998	1	2009-04-11:15:51:05	3
48.82036	2.33997	1	2009-04-11:15:51:05	3
48.82037	2.33993	1	2009-04-11:15:51:05	3
48.82038	2.33995	1	2009-04-11:15:51:05	3
48.82073	2.33981	1	2009-04-11:15:51:05	3
48.85656	2.35749	1	2009-04-13:11:59:58	4
48.85625	2.35819	1	2009-04-13:11:59:58	4
48.85612	2.3588	1	2009-04-13:11:59:58	4
48.85594	2.35942	1	2009-04-13:11:59:58	4
48.85587	2.36003	1	2009-04-13:11:59:58	4
48.85541	2.36008	1	2009-04-13:11:59:58	4
48.8554	2.3598	1	2009-04-13:11:59:58	4
48.85543	2.36052	1	2009-04-13:11:59:58	4
48.85532	2.36119	1	2009-04-13:11:59:58	4
48.85517	2.36182	1	2009-04-13:11:59:58	4
48.85488	2.36245	1	2009-04-13:11:59:58	4
48.85467	2.36304	1	2009-04-13:11:59:58	4
48.8545	2.36369	1	2009-04-13:11:59:58	4
48.85426	2.36426	1	2009-04-13:11:59:58	4
48.85412	2.36462	1	2009-04-13:11:59:58	4
48.85419	2.36485	1	2009-04-13:11:59:58	4
48.85456	2.36498	1	2009-04-13:11:59:58	4
48.8551	2.36523	1	2009-04-13:11:59:58	4
48.85535	2.36538	1	2009-04-13:11:59:58	4
48.85548	2.36537	1	2009-04-13:11:59:58	4
48.85575	2.36561	1	2009-04-13:11:59:58	4
48.85615	2.36586	1	2009-04-13:11:59:58	4
48.85606	2.36654	1	2009-04-13:11:59:58	4
48.85603	2.36729	1	2009-04-13:11:59:58	4
48.85593	2.36795	1	2009-04-13:11:59:58	4
48.85581	2.36855	1	2009-04-13:11:59:58	4
48.85569	2.3686	1	2009-04-13:11:59:58	4
48.85576	2.36856	1	2009-04-13:11:59:58	4
48.85619	2.36829	1	2009-04-13:11:59:58	4
48.85665	2.3681	1	2009-04-13:11:59:58	4
48.85705	2.36818	1	2009-04-13:11:59:58	4
48.8575	2.36815	1	2009-04-13:11:59:58	4
48.85796	2.36801	1	2009-04-13:11:59:58	4
48.85847	2.36785	1	2009-04-13:11:59:58	4
48.85891	2.36763	1	2009-04-13:11:59:58	4
48.85924	2.36734	1	2009-04-13:11:59:58	4
48.8597	2.36726	1	2009-04-13:11:59:58	4
48.86018	2.36721	1	2009-04-13:11:59:58	4
48.86026	2.3673	1	2009-04-13:11:59:58	4
48.86012	2.36761	1	2009-04-13:11:59:58	4
48.86025	2.36772	1	2009-04-13:11:59:58	4
48.86039	2.36722	1	2009-04-13:11:59:58	4
48.86083	2.36701	1	2009-04-13:11:59:58	4
48.86128	2.36684	1	2009-04-13:11:59:58	4
48.86174	2.36672	1	2009-04-13:11:59:58	4
48.86219	2.36656	1	2009-04-13:11:59:58	4
48.86253	2.367	1	2009-04-13:11:59:58	4
48.86271	2.36758	1	2009-04-13:11:59:58	4
48.86304	2.36837	1	2009-04-13:11:59:58	4
48.86329	2.36897	1	2009-04-13:11:59:58	4
48.86353	2.36959	1	2009-04-13:11:59:58	4
48.86379	2.37012	1	2009-04-13:11:59:58	4
48.86401	2.37073	1	2009-04-13:11:59:58	4
48.8644	2.37089	1	2009-04-13:11:59:58	4
48.86485	2.37061	1	2009-04-13:11:59:58	4
48.86528	2.37019	1	2009-04-13:11:59:58	4
48.86571	2.36989	1	2009-04-13:11:59:58	4
48.86612	2.36952	1	2009-04-13:11:59:58	4
48.8666	2.36918	1	2009-04-13:11:59:58	4
48.86705	2.36882	1	2009-04-13:11:59:58	4
48.86742	2.36853	1	2009-04-13:11:59:58	4
48.86786	2.36825	1	2009-04-13:11:59:58	4
48.86831	2.36801	1	2009-04-13:11:59:58	4
48.86872	2.36765	1	2009-04-13:11:59:58	4
48.86895	2.36753	1	2009-04-13:11:59:58	4
48.86917	2.3674	1	2009-04-13:11:59:58	4
48.86936	2.36724	1	2009-04-13:11:59:58	4
48.86974	2.36696	1	2009-04-13:11:59:58	4
48.87009	2.36658	1	2009-04-13:11:59:58	4
48.87049	2.36628	1	2009-04-13:11:59:58	4
48.8709	2.36597	1	2009-04-13:11:59:58	4
48.87129	2.36558	1	2009-04-13:11:59:58	4
48.87168	2.36533	1	2009-04-13:11:59:58	4
48.87202	2.36503	1	2009-04-13:11:59:58	4
48.87241	2.36475	1	2009-04-13:11:59:58	4
48.87281	2.36444	1	2009-04-13:11:59:58	4
48.87321	2.36411	1	2009-04-13:11:59:58	4
48.87357	2.36378	1	2009-04-13:11:59:58	4
48.87394	2.36356	1	2009-04-13:11:59:58	4
48.8743	2.36328	1	2009-04-13:11:59:58	4
48.87475	2.36345	1	2009-04-13:11:59:58	4
48.87509	2.3639	1	2009-04-13:11:59:58	4
48.87548	2.36422	1	2009-04-13:11:59:58	4
48.87591	2.36445	1	2009-04-13:11:59:58	4
48.87628	2.3647	1	2009-04-13:11:59:58	4
48.87667	2.36501	1	2009-04-13:11:59:58	4
48.87704	2.36535	1	2009-04-13:11:59:58	4
48.87741	2.36569	1	2009-04-13:11:59:58	4
48.87774	2.36611	1	2009-04-13:11:59:58	4
48.87811	2.36645	1	2009-04-13:11:59:58	4
48.8785	2.36672	1	2009-04-13:11:59:58	4
48.87893	2.36697	1	2009-04-13:11:59:58	4
48.87927	2.36733	1	2009-04-13:11:59:58	4
48.87948	2.36795	1	2009-04-13:11:59:58	4
48.87986	2.36807	1	2009-04-13:11:59:58	4
48.8802	2.36848	1	2009-04-13:11:59:58	4
48.88058	2.36863	1	2009-04-13:11:59:58	4
48.88096	2.36896	1	2009-04-13:11:59:58	4
48.8813	2.36943	1	2009-04-13:11:59:58	4
48.88144	2.36996	1	2009-04-13:11:59:58	4
48.88185	2.37007	1	2009-04-13:11:59:58	4
48.8822	2.37046	1	2009-04-13:11:59:58	4
48.88241	2.37041	1	2009-04-13:11:59:58	4
48.88221	2.37071	1	2009-04-13:11:59:58	4
48.8822	2.37133	1	2009-04-13:11:59:58	4
48.88191	2.37182	1	2009-04-13:11:59:58	4
48.88177	2.37234	1	2009-04-13:11:59:58	4
48.88164	2.37295	1	2009-04-13:11:59:58	4
48.88132	2.37323	1	2009-04-13:11:59:58	4
48.88146	2.37278	1	2009-04-13:11:59:58	4
48.88162	2.37222	1	2009-04-13:11:59:58	4
48.8819	2.37158	1	2009-04-13:11:59:58	4
48.88214	2.37105	1	2009-04-13:11:59:58	4
48.88237	2.37054	1	2009-04-13:11:59:58	4
48.88239	2.37	1	2009-04-13:11:59:58	4
48.88233	2.36933	1	2009-04-13:11:59:58	4
48.88202	2.3689	1	2009-04-13:11:59:58	4
48.88167	2.36858	1	2009-04-13:11:59:58	4
48.88129	2.36825	1	2009-04-13:11:59:58	4
48.88092	2.36781	1	2009-04-13:11:59:58	4
48.88049	2.36759	1	2009-04-13:11:59:58	4
48.88009	2.36722	1	2009-04-13:11:59:58	4
48.87979	2.36762	1	2009-04-13:11:59:58	4
48.88	2.36808	1	2009-04-13:11:59:58	4
48.88038	2.36836	1	2009-04-13:11:59:58	4
48.8804	2.36829	1	2009-04-13:11:59:58	4
48.88011	2.36803	1	2009-04-13:11:59:58	4
48.8798	2.36763	1	2009-04-13:11:59:58	4
48.87948	2.36736	1	2009-04-13:11:59:58	4
48.87907	2.36711	1	2009-04-13:11:59:58	4
48.87875	2.36675	1	2009-04-13:11:59:58	4
48.87834	2.36659	1	2009-04-13:11:59:58	4
48.87792	2.36632	1	2009-04-13:11:59:58	4
48.8775	2.36594	1	2009-04-13:11:59:58	4
48.87712	2.36552	1	2009-04-13:11:59:58	4
48.87668	2.3652	1	2009-04-13:11:59:58	4
48.8763	2.36486	1	2009-04-13:11:59:58	4
48.87595	2.36449	1	2009-04-13:11:59:58	4
48.87554	2.3642	1	2009-04-13:11:59:58	4
48.87521	2.36377	1	2009-04-13:11:59:58	4
48.87491	2.36335	1	2009-04-13:11:59:58	4
48.87448	2.3633	1	2009-04-13:11:59:58	4
48.87407	2.36334	1	2009-04-13:11:59:58	4
48.87388	2.36311	1	2009-04-13:11:59:58	4
48.8742	2.36288	1	2009-04-13:11:59:58	4
48.87449	2.36283	1	2009-04-13:11:59:58	4
48.8745	2.36281	1	2009-04-13:11:59:58	4
48.8745	2.36279	1	2009-04-13:11:59:58	4
48.87451	2.36277	1	2009-04-13:11:59:58	4
48.87453	2.36275	1	2009-04-13:11:59:58	4
48.87456	2.36275	1	2009-04-13:11:59:58	4
48.87458	2.36273	1	2009-04-13:11:59:58	4
48.8746	2.36271	1	2009-04-13:11:59:58	4
48.87462	2.3627	1	2009-04-13:11:59:58	4
48.87464	2.36269	1	2009-04-13:11:59:58	4
48.87466	2.36268	1	2009-04-13:11:59:58	4
48.87469	2.36267	1	2009-04-13:11:59:58	4
48.87471	2.36266	1	2009-04-13:11:59:58	4
48.87473	2.36265	1	2009-04-13:11:59:58	4
48.87475	2.36265	1	2009-04-13:11:59:58	4
48.87477	2.36264	1	2009-04-13:11:59:58	4
48.87479	2.36263	1	2009-04-13:11:59:58	4
48.87481	2.36263	1	2009-04-13:11:59:58	4
48.87483	2.36262	1	2009-04-13:11:59:58	4
48.87485	2.36261	1	2009-04-13:11:59:58	4
48.87487	2.36261	1	2009-04-13:11:59:58	4
48.87487	2.36259	1	2009-04-13:11:59:58	4
48.87485	2.36255	1	2009-04-13:11:59:58	4
48.84662	2.3549	1	2009-04-13:16:39:34	5
48.8462	2.35512	1	2009-04-13:16:39:34	5
48.84595	2.35517	1	2009-04-13:16:39:34	5
48.84574	2.35501	1	2009-04-13:16:39:34	5
48.84551	2.35497	1	2009-04-13:16:39:34	5
48.84527	2.35489	1	2009-04-13:16:39:34	5
48.84507	2.35477	1	2009-04-13:16:39:34	5
48.84487	2.35475	1	2009-04-13:16:39:34	5
48.84464	2.35476	1	2009-04-13:16:39:34	5
48.84443	2.35481	1	2009-04-13:16:39:34	5
48.84421	2.35486	1	2009-04-13:16:39:34	5
48.84403	2.35495	1	2009-04-13:16:39:34	5
48.84389	2.35478	1	2009-04-13:16:39:34	5
48.84385	2.35448	1	2009-04-13:16:39:34	5
48.84375	2.35409	1	2009-04-13:16:39:34	5
48.84383	2.35367	1	2009-04-13:16:39:34	5
48.84389	2.3533	1	2009-04-13:16:39:34	5
48.84386	2.35294	1	2009-04-13:16:39:34	5
48.84401	2.35265	1	2009-04-13:16:39:34	5
48.84415	2.35238	1	2009-04-13:16:39:34	5
48.84398	2.35222	1	2009-04-13:16:39:34	5
48.84367	2.35218	1	2009-04-13:16:39:34	5
48.84335	2.35219	1	2009-04-13:16:39:34	5
48.84311	2.35213	1	2009-04-13:16:39:34	5
48.84287	2.35207	1	2009-04-13:16:39:34	5
48.8426	2.35201	1	2009-04-13:16:39:34	5
48.84235	2.35198	1	2009-04-13:16:39:34	5
48.8421	2.35195	1	2009-04-13:16:39:34	5
48.84187	2.35198	1	2009-04-13:16:39:34	5
48.84166	2.35206	1	2009-04-13:16:39:34	5
48.84143	2.352	1	2009-04-13:16:39:34	5
48.84119	2.35197	1	2009-04-13:16:39:34	5
48.84093	2.35196	1	2009-04-13:16:39:34	5
48.84071	2.3518	1	2009-04-13:16:39:34	5
48.84056	2.3516	1	2009-04-13:16:39:34	5
48.84028	2.35154	1	2009-04-13:16:39:34	5
48.83994	2.3514	1	2009-04-13:16:39:34	5
48.83968	2.35122	1	2009-04-13:16:39:34	5
48.83936	2.35111	1	2009-04-13:16:39:34	5
48.83908	2.35101	1	2009-04-13:16:39:34	5
48.83883	2.35086	1	2009-04-13:16:39:34	5
48.83864	2.35081	1	2009-04-13:16:39:34	5
48.83844	2.35086	1	2009-04-13:16:39:34	5
48.83827	2.35096	1	2009-04-13:16:39:34	5
48.83806	2.35113	1	2009-04-13:16:39:34	5
48.83782	2.35129	1	2009-04-13:16:39:34	5
48.83756	2.35143	1	2009-04-13:16:39:34	5
48.8373	2.35162	1	2009-04-13:16:39:34	5
48.8371	2.35178	1	2009-04-13:16:39:34	5
48.83688	2.35186	1	2009-04-13:16:39:34	5
48.83668	2.35197	1	2009-04-13:16:39:34	5
48.83645	2.35212	1	2009-04-13:16:39:34	5
48.83623	2.35227	1	2009-04-13:16:39:34	5
48.83602	2.3524	1	2009-04-13:16:39:34	5
48.83581	2.35252	1	2009-04-13:16:39:34	5
48.83557	2.35265	1	2009-04-13:16:39:34	5
48.83537	2.35281	1	2009-04-13:16:39:34	5
48.83518	2.35294	1	2009-04-13:16:39:34	5
48.83505	2.35313	1	2009-04-13:16:39:34	5
48.83483	2.35328	1	2009-04-13:16:39:34	5
48.8346	2.35345	1	2009-04-13:16:39:34	5
48.83438	2.3535	1	2009-04-13:16:39:34	5
48.83419	2.35369	1	2009-04-13:16:39:34	5
48.83396	2.35386	1	2009-04-13:16:39:34	5
48.83375	2.35397	1	2009-04-13:16:39:34	5
48.83356	2.35415	1	2009-04-13:16:39:34	5
48.83335	2.35432	1	2009-04-13:16:39:34	5
48.83315	2.35452	1	2009-04-13:16:39:34	5
48.83293	2.3547	1	2009-04-13:16:39:34	5
48.83271	2.35477	1	2009-04-13:16:39:34	5
48.83255	2.35501	1	2009-04-13:16:39:34	5
48.83233	2.35523	1	2009-04-13:16:39:34	5
48.83211	2.35531	1	2009-04-13:16:39:34	5
48.83186	2.35532	1	2009-04-13:16:39:34	5
48.83166	2.35512	1	2009-04-13:16:39:34	5
48.83143	2.35497	1	2009-04-13:16:39:34	5
48.83123	2.35477	1	2009-04-13:16:39:34	5
48.83109	2.35448	1	2009-04-13:16:39:34	5
48.83098	2.35418	1	2009-04-13:16:39:34	5
48.83086	2.35388	1	2009-04-13:16:39:34	5
48.83082	2.35349	1	2009-04-13:16:39:34	5
48.83073	2.35313	1	2009-04-13:16:39:34	5
48.83058	2.35288	1	2009-04-13:16:39:34	5
48.83036	2.35279	1	2009-04-13:16:39:34	5
48.83017	2.35289	1	2009-04-13:16:39:34	5
48.82995	2.35285	1	2009-04-13:16:39:34	5
48.82966	2.35283	1	2009-04-13:16:39:34	5
48.82942	2.35285	1	2009-04-13:16:39:34	5
48.82918	2.35286	1	2009-04-13:16:39:34	5
48.82898	2.35279	1	2009-04-13:16:39:34	5
48.82877	2.3528	1	2009-04-13:16:39:34	5
48.82854	2.35288	1	2009-04-13:16:39:34	5
48.82836	2.35306	1	2009-04-13:16:39:34	5
48.82818	2.35287	1	2009-04-13:16:39:34	5
48.82797	2.35275	1	2009-04-13:16:39:34	5
48.82778	2.35253	1	2009-04-13:16:39:34	5
48.82759	2.35241	1	2009-04-13:16:39:34	5
48.8274	2.35223	1	2009-04-13:16:39:34	5
48.82715	2.35198	1	2009-04-13:16:39:34	5
48.82693	2.35167	1	2009-04-13:16:39:34	5
48.82662	2.35099	1	2009-04-13:16:39:34	5
48.8264	2.35081	1	2009-04-13:16:39:34	5
48.82619	2.35068	1	2009-04-13:16:39:34	5
48.82596	2.35063	1	2009-04-13:16:39:34	5
48.82583	2.35035	1	2009-04-13:16:39:34	5
48.82563	2.35011	1	2009-04-13:16:39:34	5
48.8254	2.34967	1	2009-04-13:16:39:34	5
48.82521	2.34966	1	2009-04-13:16:39:34	5
48.82494	2.34967	1	2009-04-13:16:39:34	5
48.8248	2.34942	1	2009-04-13:16:39:34	5
48.82466	2.34911	1	2009-04-13:16:39:34	5
48.82431	2.34881	1	2009-04-13:16:39:34	5
48.82416	2.34863	1	2009-04-13:16:39:34	5
48.82403	2.34832	1	2009-04-13:16:39:34	5
48.82384	2.34811	1	2009-04-13:16:39:34	5
48.82352	2.34797	1	2009-04-13:16:39:34	5
48.82333	2.34784	1	2009-04-13:16:39:34	5
48.82315	2.34771	1	2009-04-13:16:39:34	5
48.82291	2.34751	1	2009-04-13:16:39:34	5
48.82273	2.34739	1	2009-04-13:16:39:34	5
48.82257	2.34713	1	2009-04-13:16:39:34	5
48.8225	2.34681	1	2009-04-13:16:39:34	5
48.82233	2.34658	1	2009-04-13:16:39:34	5
48.82206	2.34645	1	2009-04-13:16:39:34	5
48.82194	2.34616	1	2009-04-13:16:39:34	5
48.8219	2.34587	1	2009-04-13:16:39:34	5
48.82186	2.34555	1	2009-04-13:16:39:34	5
48.82182	2.34542	1	2009-04-13:16:39:34	5
48.82176	2.3453	1	2009-04-13:16:39:34	5
48.82166	2.34527	1	2009-04-13:16:39:34	5
48.82156	2.34521	1	2009-04-13:16:39:34	5
48.82153	2.34505	1	2009-04-13:16:39:34	5
48.82136	2.3448	1	2009-04-13:16:39:34	5
48.82138	2.34455	1	2009-04-13:16:39:34	5
48.82138	2.34427	1	2009-04-13:16:39:34	5
48.82131	2.34387	1	2009-04-13:16:39:34	5
48.82131	2.3436	1	2009-04-13:16:39:34	5
48.82118	2.34337	1	2009-04-13:16:39:34	5
48.8211	2.34316	1	2009-04-13:16:39:34	5
48.82098	2.3429	1	2009-04-13:16:39:34	5
48.82078	2.3429	1	2009-04-13:16:39:34	5
48.82066	2.3428	1	2009-04-13:16:39:34	5
48.82042	2.3428	1	2009-04-13:16:39:34	5
48.8202	2.34283	1	2009-04-13:16:39:34	5
48.82	2.34279	1	2009-04-13:16:39:34	5
48.81979	2.34286	1	2009-04-13:16:39:34	5
48.81971	2.34259	1	2009-04-13:16:39:34	5
48.81975	2.34228	1	2009-04-13:16:39:34	5
48.81981	2.34196	1	2009-04-13:16:39:34	5
48.81994	2.3417	1	2009-04-13:16:39:34	5
48.81978	2.34146	1	2009-04-13:16:39:34	5
48.81976	2.34113	1	2009-04-13:16:39:34	5
48.81984	2.34083	1	2009-04-13:16:39:34	5
48.81981	2.3405	1	2009-04-13:16:39:34	5
48.81982	2.34046	1	2009-04-13:16:39:34	5
48.81982	2.34042	1	2009-04-13:16:39:34	5
48.81983	2.34038	1	2009-04-13:16:39:34	5
48.81984	2.34033	1	2009-04-13:16:39:34	5
48.81985	2.3403	1	2009-04-13:16:39:34	5
48.81986	2.34026	1	2009-04-13:16:39:34	5
48.81987	2.34023	1	2009-04-13:16:39:34	5
48.81988	2.34019	1	2009-04-13:16:39:34	5
48.81991	2.34014	1	2009-04-13:16:39:34	5
48.81993	2.3401	1	2009-04-13:16:39:34	5
48.81994	2.34007	1	2009-04-13:16:39:34	5
48.81999	2.34002	1	2009-04-13:16:39:34	5
48.82001	2.33998	1	2009-04-13:16:39:34	5
48.82005	2.33993	1	2009-04-13:16:39:34	5
48.82008	2.33989	1	2009-04-13:16:39:34	5
48.8201	2.33986	1	2009-04-13:16:39:34	5
48.82011	2.33982	1	2009-04-13:16:39:34	5
48.82013	2.3398	1	2009-04-13:16:39:34	5
48.82016	2.33979	1	2009-04-13:16:39:34	5
48.8202	2.33978	1	2009-04-13:16:39:34	5
48.82023	2.33975	1	2009-04-13:16:39:34	5
48.82025	2.33974	1	2009-04-13:16:39:34	5
48.82025	2.33974	1	2009-04-13:16:39:34	5
48.82161	2.33332	1	2009-04-21:06:54:34	6
48.82191	2.33166	1	2009-04-21:06:54:34	6
48.82225	2.3304	1	2009-04-21:06:54:34	6
48.82255	2.32897	1	2009-04-21:06:54:34	6
48.82288	2.3274	1	2009-04-21:06:54:34	6
48.82318	2.32622	1	2009-04-21:06:54:34	6
48.82391	2.32576	1	2009-04-21:06:54:34	6
48.82493	2.32586	1	2009-04-21:06:54:34	6
48.8258	2.32608	1	2009-04-21:06:54:34	6
48.8268	2.32645	1	2009-04-21:06:54:34	6
48.82774	2.32666	1	2009-04-21:06:54:34	6
48.8286	2.32655	1	2009-04-21:06:54:34	6
48.82954	2.32609	1	2009-04-21:06:54:34	6
48.8307	2.3255	1	2009-04-21:06:54:34	6
48.83181	2.32509	1	2009-04-21:06:54:34	6
48.83278	2.3249	1	2009-04-21:06:54:34	6
48.8337	2.3244	1	2009-04-21:06:54:34	6
48.83471	2.32391	1	2009-04-21:06:54:34	6
48.83567	2.32343	1	2009-04-21:06:54:34	6
48.83655	2.32309	1	2009-04-21:06:54:34	6
48.83731	2.3228	1	2009-04-21:06:54:34	6
48.8382	2.32247	1	2009-04-21:06:54:34	6
48.83906	2.32182	1	2009-04-21:06:54:34	6
48.83997	2.32134	1	2009-04-21:06:54:34	6
48.84094	2.32101	1	2009-04-21:06:54:34	6
48.84031	2.32161	1	2009-04-21:06:54:34	6
48.83925	2.32203	1	2009-04-21:06:54:34	6
48.83846	2.3224	1	2009-04-21:06:54:34	6
48.83765	2.32279	1	2009-04-21:06:54:34	6
48.83622	2.32351	1	2009-04-21:06:54:34	6
48.83497	2.32392	1	2009-04-21:06:54:34	6
48.83361	2.32437	1	2009-04-21:06:54:34	6
48.83248	2.32492	1	2009-04-21:06:54:34	6
48.83199	2.32527	1	2009-04-21:06:54:34	6
48.83131	2.32532	1	2009-04-21:06:54:34	6
48.82961	2.32607	1	2009-04-21:06:54:34	6
48.82873	2.32653	1	2009-04-21:06:54:34	6
48.82794	2.32691	1	2009-04-21:06:54:34	6
48.82735	2.32571	1	2009-04-21:06:54:34	6
48.8268	2.3249	1	2009-04-21:06:54:34	6
48.8261	2.32261	1	2009-04-21:06:54:34	6
48.82557	2.32153	1	2009-04-21:06:54:34	6
48.825	2.32023	1	2009-04-21:06:54:34	6
48.82454	2.31919	1	2009-04-21:06:54:34	6
48.82406	2.31806	1	2009-04-21:06:54:34	6
48.82358	2.3169	1	2009-04-21:06:54:34	6
48.82311	2.31583	1	2009-04-21:06:54:34	6
48.82263	2.31462	1	2009-04-21:06:54:34	6
48.822	2.3137	1	2009-04-21:06:54:34	6
48.8215	2.31274	1	2009-04-21:06:54:34	6
48.82081	2.31208	1	2009-04-21:06:54:34	6
48.82008	2.3112	1	2009-04-21:06:54:34	6
48.81945	2.31039	1	2009-04-21:06:54:34	6
48.81884	2.30953	1	2009-04-21:06:54:34	6
48.81826	2.30879	1	2009-04-21:06:54:34	6
48.81757	2.30797	1	2009-04-21:06:54:34	6
48.81696	2.30694	1	2009-04-21:06:54:34	6
48.81624	2.30594	1	2009-04-21:06:54:34	6
48.81564	2.30517	1	2009-04-21:06:54:34	6
48.81509	2.30418	1	2009-04-21:06:54:34	6
48.81443	2.30323	1	2009-04-21:06:54:34	6
48.81368	2.30249	1	2009-04-21:06:54:34	6
48.81309	2.30173	1	2009-04-21:06:54:34	6
48.81235	2.301	1	2009-04-21:06:54:34	6
48.81187	2.3009	1	2009-04-21:06:54:34	6
48.8115	2.30041	1	2009-04-21:06:54:34	6
48.81086	2.29972	1	2009-04-21:06:54:34	6
48.81022	2.29893	1	2009-04-21:06:54:34	6
48.80956	2.29828	1	2009-04-21:06:54:34	6
48.80903	2.2973	1	2009-04-21:06:54:34	6
48.8085	2.29642	1	2009-04-21:06:54:34	6
48.808	2.29546	1	2009-04-21:06:54:34	6
48.80746	2.29455	1	2009-04-21:06:54:34	6
48.80699	2.29358	1	2009-04-21:06:54:34	6
48.80645	2.29265	1	2009-04-21:06:54:34	6
48.80591	2.29174	1	2009-04-21:06:54:34	6
48.8054	2.29079	1	2009-04-21:06:54:34	6
48.80476	2.28992	1	2009-04-21:06:54:34	6
48.80422	2.28903	1	2009-04-21:06:54:34	6
48.8037	2.28819	1	2009-04-21:06:54:34	6
48.80311	2.28729	1	2009-04-21:06:54:34	6
48.80254	2.28643	1	2009-04-21:06:54:34	6
48.80201	2.28551	1	2009-04-21:06:54:34	6
48.80144	2.28461	1	2009-04-21:06:54:34	6
48.80103	2.28366	1	2009-04-21:06:54:34	6
48.8004	2.28292	1	2009-04-21:06:54:34	6
48.79988	2.28194	1	2009-04-21:06:54:34	6
48.79934	2.28102	1	2009-04-21:06:54:34	6
48.79879	2.28007	1	2009-04-21:06:54:34	6
48.79826	2.2791	1	2009-04-21:06:54:34	6
48.79773	2.27822	1	2009-04-21:06:54:34	6
48.79711	2.27733	1	2009-04-21:06:54:34	6
48.79658	2.27639	1	2009-04-21:06:54:34	6
48.79601	2.27543	1	2009-04-21:06:54:34	6
48.79551	2.27441	1	2009-04-21:06:54:34	6
48.79497	2.27346	1	2009-04-21:06:54:34	6
48.79448	2.27253	1	2009-04-21:06:54:34	6
48.79381	2.2715	1	2009-04-21:06:54:34	6
48.79327	2.27049	1	2009-04-21:06:54:34	6
48.79275	2.26932	1	2009-04-21:06:54:34	6
48.79226	2.26818	1	2009-04-21:06:54:34	6
48.79186	2.26707	1	2009-04-21:06:54:34	6
48.7914	2.26596	1	2009-04-21:06:54:34	6
48.79098	2.26496	1	2009-04-21:06:54:34	6
48.79057	2.26394	1	2009-04-21:06:54:34	6
48.79016	2.26284	1	2009-04-21:06:54:34	6
48.78963	2.26163	1	2009-04-21:06:54:34	6
48.78921	2.26059	1	2009-04-21:06:54:34	6
48.78875	2.25946	1	2009-04-21:06:54:34	6
48.78836	2.25841	1	2009-04-21:06:54:34	6
48.78789	2.25739	1	2009-04-21:06:54:34	6
48.78748	2.25637	1	2009-04-21:06:54:34	6
48.78705	2.25533	1	2009-04-21:06:54:34	6
48.78661	2.25416	1	2009-04-21:06:54:34	6
48.78621	2.25315	1	2009-04-21:06:54:34	6
48.78581	2.25215	1	2009-04-21:06:54:34	6
48.78537	2.25115	1	2009-04-21:06:54:34	6
48.78498	2.25012	1	2009-04-21:06:54:34	6
48.78449	2.24904	1	2009-04-21:06:54:34	6
48.78406	2.248	1	2009-04-21:06:54:34	6
48.78366	2.2469	1	2009-04-21:06:54:34	6
48.78321	2.24579	1	2009-04-21:06:54:34	6
48.78274	2.24483	1	2009-04-21:06:54:34	6
48.7822	2.24378	1	2009-04-21:06:54:34	6
48.78179	2.24266	1	2009-04-21:06:54:34	6
48.78142	2.24161	1	2009-04-21:06:54:34	6
48.78101	2.24059	1	2009-04-21:06:54:34	6
48.78079	2.24012	1	2009-04-21:06:54:34	6
48.78058	2.2396	1	2009-04-21:06:54:34	6
48.78019	2.23854	1	2009-04-21:06:54:34	6
48.77977	2.23751	1	2009-04-21:06:54:34	6
48.77938	2.23649	1	2009-04-21:06:54:34	6
48.77894	2.23547	1	2009-04-21:06:54:34	6
48.77844	2.23432	1	2009-04-21:06:54:34	6
48.77804	2.23329	1	2009-04-21:06:54:34	6
48.77763	2.23224	1	2009-04-21:06:54:34	6
48.77719	2.2312	1	2009-04-21:06:54:34	6
48.77681	2.23013	1	2009-04-21:06:54:34	6
48.7763	2.22924	1	2009-04-21:06:54:34	6
48.77561	2.22869	1	2009-04-21:06:54:34	6
48.77485	2.22877	1	2009-04-21:06:54:34	6
48.774	2.22888	1	2009-04-21:06:54:34	6
48.77317	2.22898	1	2009-04-21:06:54:34	6
48.77226	2.2291	1	2009-04-21:06:54:34	6
48.7715	2.22921	1	2009-04-21:06:54:34	6
48.76972	2.22915	1	2009-04-21:06:54:34	6
48.76901	2.22949	1	2009-04-21:06:54:34	6
48.76825	2.22964	1	2009-04-21:06:54:34	6
48.76727	2.22972	1	2009-04-21:06:54:34	6
48.76646	2.22943	1	2009-04-21:06:54:34	6
48.76578	2.22873	1	2009-04-21:06:54:34	6
48.76516	2.22802	1	2009-04-21:06:54:34	6
48.76449	2.22731	1	2009-04-21:06:54:34	6
48.76384	2.22661	1	2009-04-21:06:54:34	6
48.76316	2.22574	1	2009-04-21:06:54:34	6
48.76265	2.22486	1	2009-04-21:06:54:34	6
48.762	2.2242	1	2009-04-21:06:54:34	6
48.7616	2.22323	1	2009-04-21:06:54:34	6
48.76108	2.22241	1	2009-04-21:06:54:34	6
48.76045	2.22165	1	2009-04-21:06:54:34	6
48.75983	2.22091	1	2009-04-21:06:54:34	6
48.75914	2.22033	1	2009-04-21:06:54:34	6
48.75845	2.21975	1	2009-04-21:06:54:34	6
48.75778	2.21913	1	2009-04-21:06:54:34	6
48.75702	2.21847	1	2009-04-21:06:54:34	6
48.75626	2.21787	1	2009-04-21:06:54:34	6
48.75568	2.217	1	2009-04-21:06:54:34	6
48.7552	2.21599	1	2009-04-21:06:54:34	6
48.7548	2.21508	1	2009-04-21:06:54:34	6
48.75413	2.21566	1	2009-04-21:06:54:34	6
48.75337	2.21585	1	2009-04-21:06:54:34	6
48.75275	2.21524	1	2009-04-21:06:54:34	6
48.75216	2.21449	1	2009-04-21:06:54:34	6
48.7516	2.21367	1	2009-04-21:06:54:34	6
48.75104	2.21284	1	2009-04-21:06:54:34	6
48.75059	2.21177	1	2009-04-21:06:54:34	6
48.75071	2.2106	1	2009-04-21:06:54:34	6
48.75104	2.20953	1	2009-04-21:06:54:34	6
48.75139	2.20837	1	2009-04-21:06:54:34	6
48.75173	2.20719	1	2009-04-21:06:54:34	6
48.75206	2.20612	1	2009-04-21:06:54:34	6
48.75239	2.20498	1	2009-04-21:06:54:34	6
48.75272	2.20392	1	2009-04-21:06:54:34	6
48.75321	2.2026	1	2009-04-21:06:54:34	6
48.75356	2.20156	1	2009-04-21:06:54:34	6
48.75396	2.20052	1	2009-04-21:06:54:34	6
48.75436	2.19944	1	2009-04-21:06:54:34	6
48.75472	2.19836	1	2009-04-21:06:54:34	6
48.75509	2.19733	1	2009-04-21:06:54:34	6
48.75546	2.19629	1	2009-04-21:06:54:34	6
48.75587	2.19523	1	2009-04-21:06:54:34	6
48.75624	2.19418	1	2009-04-21:06:54:34	6
48.75663	2.19309	1	2009-04-21:06:54:34	6
48.75708	2.19211	1	2009-04-21:06:54:34	6
48.75767	2.19118	1	2009-04-21:06:54:34	6
48.75805	2.19011	1	2009-04-21:06:54:34	6
48.7583	2.18901	1	2009-04-21:06:54:34	6
48.75864	2.18787	1	2009-04-21:06:54:34	6
48.75909	2.18689	1	2009-04-21:06:54:34	6
48.75967	2.18603	1	2009-04-21:06:54:34	6
48.76027	2.18529	1	2009-04-21:06:54:34	6
48.76086	2.1844	1	2009-04-21:06:54:34	6
48.76127	2.18341	1	2009-04-21:06:54:34	6
48.76157	2.18233	1	2009-04-21:06:54:34	6
48.76171	2.18117	1	2009-04-21:06:54:34	6
48.76171	2.17991	1	2009-04-21:06:54:34	6
48.76178	2.17873	1	2009-04-21:06:54:34	6
48.76223	2.17751	1	2009-04-21:06:54:34	6
48.76265	2.17647	1	2009-04-21:06:54:34	6
48.76305	2.17539	1	2009-04-21:06:54:34	6
48.7634	2.17432	1	2009-04-21:06:54:34	6
48.76361	2.17317	1	2009-04-21:06:54:34	6
48.76381	2.17205	1	2009-04-21:06:54:34	6
48.76427	2.17114	1	2009-04-21:06:54:34	6
48.76435	2.17188	1	2009-04-21:06:54:34	6
48.76411	2.17303	1	2009-04-21:06:54:34	6
48.76428	2.17422	1	2009-04-21:06:54:34	6
48.76473	2.17523	1	2009-04-21:06:54:34	6
48.76522	2.17615	1	2009-04-21:06:54:34	6
48.76567	2.17714	1	2009-04-21:06:54:34	6
48.76597	2.17827	1	2009-04-21:06:54:34	6
48.76586	2.17928	1	2009-04-21:06:54:34	6
48.76588	2.17935	1	2009-04-21:06:54:34	6
48.76591	2.1794	1	2009-04-21:06:54:34	6
48.76593	2.17944	1	2009-04-21:06:54:34	6
48.76596	2.1795	1	2009-04-21:06:54:34	6
48.76598	2.17954	1	2009-04-21:06:54:34	6
48.766	2.17957	1	2009-04-21:06:54:34	6
48.76602	2.17959	1	2009-04-21:06:54:34	6
48.76605	2.17961	1	2009-04-21:06:54:34	6
48.76607	2.17966	1	2009-04-21:06:54:34	6
48.7661	2.17979	1	2009-04-21:06:54:34	6
48.76612	2.17984	1	2009-04-21:06:54:34	6
48.76614	2.17989	1	2009-04-21:06:54:34	6
48.76618	2.17992	1	2009-04-21:06:54:34	6
48.76622	2.17996	1	2009-04-21:06:54:34	6
48.76624	2.17998	1	2009-04-21:06:54:34	6
48.76627	2.17999	1	2009-04-21:06:54:34	6
48.76627	2.18002	1	2009-04-21:06:54:34	6
48.76627	2.18004	1	2009-04-21:06:54:34	6
48.76628	2.18006	1	2009-04-21:06:54:34	6
48.7663	2.18001	1	2009-04-21:06:54:34	6
48.76632	2.18003	1	2009-04-21:06:54:34	6
48.76633	2.18002	1	2009-04-21:06:54:34	6
48.75219	2.20548	1	2009-04-21:17:04:43	7
48.75173	2.20708	1	2009-04-21:17:04:43	7
48.75129	2.20863	1	2009-04-21:17:04:43	7
48.75083	2.21014	1	2009-04-21:17:04:43	7
48.75057	2.21144	1	2009-04-21:17:04:43	7
48.75099	2.2127	1	2009-04-21:17:04:43	7
48.75163	2.21367	1	2009-04-21:17:04:43	7
48.75238	2.21466	1	2009-04-21:17:04:43	7
48.75313	2.21555	1	2009-04-21:17:04:43	7
48.754	2.21578	1	2009-04-21:17:04:43	7
48.75489	2.21519	1	2009-04-21:17:04:43	7
48.75549	2.21638	1	2009-04-21:17:04:43	7
48.75604	2.21752	1	2009-04-21:17:04:43	7
48.75688	2.21827	1	2009-04-21:17:04:43	7
48.75774	2.21898	1	2009-04-21:17:04:43	7
48.75857	2.21968	1	2009-04-21:17:04:43	7
48.7595	2.2205	1	2009-04-21:17:04:43	7
48.76038	2.22143	1	2009-04-21:17:04:43	7
48.76105	2.22228	1	2009-04-21:17:04:43	7
48.76171	2.22336	1	2009-04-21:17:04:43	7
48.76234	2.22445	1	2009-04-21:17:04:43	7
48.76308	2.22529	1	2009-04-21:17:04:43	7
48.76373	2.22631	1	2009-04-21:17:04:43	7
48.76453	2.22724	1	2009-04-21:17:04:43	7
48.76535	2.22814	1	2009-04-21:17:04:43	7
48.76615	2.22905	1	2009-04-21:17:04:43	7
48.76654	2.23039	1	2009-04-21:17:04:43	7
48.76739	2.23036	1	2009-04-21:17:04:43	7
48.76834	2.23027	1	2009-04-21:17:04:43	7
48.76933	2.23036	1	2009-04-21:17:04:43	7
48.77029	2.23006	1	2009-04-21:17:04:43	7
48.77124	2.22964	1	2009-04-21:17:04:43	7
48.77197	2.22941	1	2009-04-21:17:04:43	7
48.77254	2.22928	1	2009-04-21:17:04:43	7
48.77336	2.22916	1	2009-04-21:17:04:43	7
48.77414	2.22903	1	2009-04-21:17:04:43	7
48.775	2.22889	1	2009-04-21:17:04:43	7
48.77587	2.22891	1	2009-04-21:17:04:43	7
48.77646	2.22977	1	2009-04-21:17:04:43	7
48.7769	2.23089	1	2009-04-21:17:04:43	7
48.77743	2.23189	1	2009-04-21:17:04:43	7
48.77788	2.23294	1	2009-04-21:17:04:43	7
48.77832	2.23403	1	2009-04-21:17:04:43	7
48.77868	2.2352	1	2009-04-21:17:04:43	7
48.77922	2.23631	1	2009-04-21:17:04:43	7
48.77969	2.23739	1	2009-04-21:17:04:43	7
48.78013	2.23855	1	2009-04-21:17:04:43	7
48.78056	2.23964	1	2009-04-21:17:04:43	7
48.78106	2.24083	1	2009-04-21:17:04:43	7
48.78147	2.24184	1	2009-04-21:17:04:43	7
48.78191	2.24291	1	2009-04-21:17:04:43	7
48.78235	2.24397	1	2009-04-21:17:04:43	7
48.78281	2.24508	1	2009-04-21:17:04:43	7
48.78329	2.24629	1	2009-04-21:17:04:43	7
48.78372	2.24735	1	2009-04-21:17:04:43	7
48.78415	2.24836	1	2009-04-21:17:04:43	7
48.78462	2.24953	1	2009-04-21:17:04:43	7
48.78511	2.25072	1	2009-04-21:17:04:43	7
48.7856	2.25201	1	2009-04-21:17:04:43	7
48.78608	2.25322	1	2009-04-21:17:04:43	7
48.78657	2.25437	1	2009-04-21:17:04:43	7
48.78708	2.25557	1	2009-04-21:17:04:43	7
48.78761	2.25682	1	2009-04-21:17:04:43	7
48.78802	2.25792	1	2009-04-21:17:04:43	7
48.78827	2.2585	1	2009-04-21:17:04:43	7
48.78871	2.25955	1	2009-04-21:17:04:43	7
48.78913	2.26057	1	2009-04-21:17:04:43	7
48.78958	2.26164	1	2009-04-21:17:04:43	7
48.78997	2.26266	1	2009-04-21:17:04:43	7
48.79036	2.26373	1	2009-04-21:17:04:43	7
48.79081	2.26474	1	2009-04-21:17:04:43	7
48.79126	2.26579	1	2009-04-21:17:04:43	7
48.7917	2.26684	1	2009-04-21:17:04:43	7
48.79215	2.26792	1	2009-04-21:17:04:43	7
48.7926	2.26893	1	2009-04-21:17:04:43	7
48.793	2.26993	1	2009-04-21:17:04:43	7
48.79349	2.27091	1	2009-04-21:17:04:43	7
48.79403	2.27191	1	2009-04-21:17:04:43	7
48.79461	2.27287	1	2009-04-21:17:04:43	7
48.79515	2.27386	1	2009-04-21:17:04:43	7
48.79567	2.2748	1	2009-04-21:17:04:43	7
48.79625	2.27585	1	2009-04-21:17:04:43	7
48.79681	2.27681	1	2009-04-21:17:04:43	7
48.79735	2.27768	1	2009-04-21:17:04:43	7
48.79788	2.27858	1	2009-04-21:17:04:43	7
48.7984	2.27947	1	2009-04-21:17:04:43	7
48.79889	2.28032	1	2009-04-21:17:04:43	7
48.79946	2.28138	1	2009-04-21:17:04:43	7
48.80007	2.28232	1	2009-04-21:17:04:43	7
48.80068	2.28338	1	2009-04-21:17:04:43	7
48.80123	2.28426	1	2009-04-21:17:04:43	7
48.80175	2.28508	1	2009-04-21:17:04:43	7
48.80229	2.28595	1	2009-04-21:17:04:43	7
48.80285	2.28684	1	2009-04-21:17:04:43	7
48.80342	2.28766	1	2009-04-21:17:04:43	7
48.80393	2.2886	1	2009-04-21:17:04:43	7
48.80448	2.28952	1	2009-04-21:17:04:43	7
48.80509	2.29038	1	2009-04-21:17:04:43	7
48.8057	2.2913	1	2009-04-21:17:04:43	7
48.80623	2.29223	1	2009-04-21:17:04:43	7
48.80678	2.29321	1	2009-04-21:17:04:43	7
48.80728	2.29416	1	2009-04-21:17:04:43	7
48.80778	2.29512	1	2009-04-21:17:04:43	7
48.80835	2.29612	1	2009-04-21:17:04:43	7
48.80886	2.29706	1	2009-04-21:17:04:43	7
48.80946	2.29787	1	2009-04-21:17:04:43	7
48.81004	2.29876	1	2009-04-21:17:04:43	7
48.81067	2.29943	1	2009-04-21:17:04:43	7
48.81131	2.30023	1	2009-04-21:17:04:43	7
48.81187	2.30072	1	2009-04-21:17:04:43	7
48.81142	2.30173	1	2009-04-21:17:04:43	7
48.81122	2.30277	1	2009-04-21:17:04:43	7
48.81185	2.30372	1	2009-04-21:17:04:43	7
48.81243	2.3047	1	2009-04-21:17:04:43	7
48.81299	2.30568	1	2009-04-21:17:04:43	7
48.8135	2.30662	1	2009-04-21:17:04:43	7
48.81417	2.30728	1	2009-04-21:17:04:43	7
48.81464	2.30828	1	2009-04-21:17:04:43	7
48.81508	2.30926	1	2009-04-21:17:04:43	7
48.81562	2.31023	1	2009-04-21:17:04:43	7
48.81607	2.31121	1	2009-04-21:17:04:43	7
48.81642	2.31226	1	2009-04-21:17:04:43	7
48.81679	2.31346	1	2009-04-21:17:04:43	7
48.81712	2.31455	1	2009-04-21:17:04:43	7
48.81749	2.3157	1	2009-04-21:17:04:43	7
48.81785	2.31687	1	2009-04-21:17:04:43	7
48.81818	2.31794	1	2009-04-21:17:04:43	7
48.81835	2.31857	1	2009-04-21:17:04:43	7
48.81855	2.3197	1	2009-04-21:17:04:43	7
48.81839	2.32086	1	2009-04-21:17:04:43	7
48.81814	2.32203	1	2009-04-21:17:04:43	7
48.81808	2.32319	1	2009-04-21:17:04:43	7
48.81784	2.3243	1	2009-04-21:17:04:43	7
48.81767	2.32543	1	2009-04-21:17:04:43	7
48.81755	2.3266	1	2009-04-21:17:04:43	7
48.8174	2.3278	1	2009-04-21:17:04:43	7
48.81725	2.32897	1	2009-04-21:17:04:43	7
48.8172	2.33016	1	2009-04-21:17:04:43	7
48.81712	2.33138	1	2009-04-21:17:04:43	7
48.81741	2.33229	1	2009-04-21:17:04:43	7
48.8188	2.33298	1	2009-04-21:17:04:43	7
48.81959	2.33345	1	2009-04-21:17:04:43	7
48.82036	2.33383	1	2009-04-21:17:04:43	7
48.82113	2.33426	1	2009-04-21:17:04:43	7
48.82193	2.3347	1	2009-04-21:17:04:43	7
48.82268	2.33512	1	2009-04-21:17:04:43	7
48.82343	2.33558	1	2009-04-21:17:04:43	7
48.82417	2.33604	1	2009-04-21:17:04:43	7
48.82496	2.33589	1	2009-04-21:17:04:43	7
48.82571	2.33562	1	2009-04-21:17:04:43	7
48.8265	2.33526	1	2009-04-21:17:04:43	7
48.82726	2.33506	1	2009-04-21:17:04:43	7
48.8274	2.33611	1	2009-04-21:17:04:43	7
48.82723	2.33729	1	2009-04-21:17:04:43	7
48.82709	2.33844	1	2009-04-21:17:04:43	7
48.82694	2.33962	1	2009-04-21:17:04:43	7
48.82673	2.34081	1	2009-04-21:17:04:43	7
48.82652	2.34199	1	2009-04-21:17:04:43	7
48.82645	2.34319	1	2009-04-21:17:04:43	7
48.82625	2.34436	1	2009-04-21:17:04:43	7
48.82608	2.34551	1	2009-04-21:17:04:43	7
48.82596	2.34671	1	2009-04-21:17:04:43	7
48.82596	2.34733	1	2009-04-21:17:04:43	7
48.82667	2.34799	1	2009-04-21:17:04:43	7
48.82735	2.34864	1	2009-04-21:17:04:43	7
48.82774	2.34967	1	2009-04-21:17:04:43	7
48.82799	2.3509	1	2009-04-21:17:04:43	7
48.82812	2.35213	1	2009-04-21:17:04:43	7
48.82841	2.35303	1	2009-04-21:17:04:43	7
48.82908	2.35348	1	2009-04-21:17:04:43	7
48.82969	2.35425	1	2009-04-21:17:04:43	7
48.82985	2.35381	1	2009-04-21:17:04:43	7
48.82976	2.35295	1	2009-04-21:17:04:43	7
48.82903	2.35282	1	2009-04-21:17:04:43	7
48.82831	2.35296	1	2009-04-21:17:04:43	7
48.8281	2.35212	1	2009-04-21:17:04:43	7
48.82811	2.35177	1	2009-04-21:17:04:43	7
48.82796	2.35202	1	2009-04-21:17:04:43	7
48.82798	2.35203	1	2009-04-21:17:04:43	7
48.82797	2.35205	1	2009-04-21:17:04:43	7
48.82794	2.35203	1	2009-04-21:17:04:43	7
48.82792	2.35204	1	2009-04-21:17:04:43	7
48.82791	2.35206	1	2009-04-21:17:04:43	7
48.82788	2.35208	1	2009-04-21:17:04:43	7
48.82786	2.3521	1	2009-04-21:17:04:43	7
48.82784	2.3521	1	2009-04-21:17:04:43	7
48.82782	2.3521	1	2009-04-21:17:04:43	7
48.82781	2.35207	1	2009-04-21:17:04:43	7
48.82782	2.35203	1	2009-04-21:17:04:43	7
48.82784	2.35202	1	2009-04-21:17:04:43	7
48.82785	2.352	1	2009-04-21:17:04:43	7
48.82787	2.352	1	2009-04-21:17:04:43	7
48.82789	2.35199	1	2009-04-21:17:04:43	7
48.82791	2.35196	1	2009-04-21:17:04:43	7
48.82795	2.35195	1	2009-04-21:17:04:43	7
48.82797	2.35196	1	2009-04-21:17:04:43	7
48.82798	2.35192	1	2009-04-21:17:04:43	7
48.82794	2.3519	1	2009-04-21:17:04:43	7
48.82796	2.35186	1	2009-04-21:17:04:43	7
48.82854	2.35674	1	2009-04-21:17:04:43	7
48.81694	2.31415	1	2009-04-22:07:22:38	8
48.81645	2.31268	1	2009-04-22:07:22:38	8
48.81614	2.31145	1	2009-04-22:07:22:38	8
48.81619	2.30971	1	2009-04-22:07:22:38	8
48.81629	2.30826	1	2009-04-22:07:22:38	8
48.81624	2.30682	1	2009-04-22:07:22:38	8
48.81626	2.30577	1	2009-04-22:07:22:38	8
48.81562	2.30496	1	2009-04-22:07:22:38	8
48.815	2.30415	1	2009-04-22:07:22:38	8
48.81436	2.30345	1	2009-04-22:07:22:38	8
48.81374	2.30269	1	2009-04-22:07:22:38	8
48.81311	2.30194	1	2009-04-22:07:22:38	8
48.81238	2.30115	1	2009-04-22:07:22:38	8
48.81164	2.30041	1	2009-04-22:07:22:38	8
48.81089	2.29962	1	2009-04-22:07:22:38	8
48.81005	2.29889	1	2009-04-22:07:22:38	8
48.80935	2.29796	1	2009-04-22:07:22:38	8
48.80867	2.29685	1	2009-04-22:07:22:38	8
48.80805	2.29587	1	2009-04-22:07:22:38	8
48.80755	2.29471	1	2009-04-22:07:22:38	8
48.80701	2.29357	1	2009-04-22:07:22:38	8
48.80636	2.29244	1	2009-04-22:07:22:38	8
48.80572	2.29133	1	2009-04-22:07:22:38	8
48.80506	2.29026	1	2009-04-22:07:22:38	8
48.80448	2.28927	1	2009-04-22:07:22:38	8
48.80395	2.28836	1	2009-04-22:07:22:38	8
48.80333	2.28749	1	2009-04-22:07:22:38	8
48.80273	2.28656	1	2009-04-22:07:22:38	8
48.80209	2.28552	1	2009-04-22:07:22:38	8
48.80141	2.28446	1	2009-04-22:07:22:38	8
48.80086	2.2834	1	2009-04-22:07:22:38	8
48.80021	2.28244	1	2009-04-22:07:22:38	8
48.79973	2.28161	1	2009-04-22:07:22:38	8
48.7993	2.28092	1	2009-04-22:07:22:38	8
48.79877	2.27999	1	2009-04-22:07:22:38	8
48.79825	2.27905	1	2009-04-22:07:22:38	8
48.7977	2.27808	1	2009-04-22:07:22:38	8
48.79718	2.27719	1	2009-04-22:07:22:38	8
48.79664	2.27631	1	2009-04-22:07:22:38	8
48.79609	2.27533	1	2009-04-22:07:22:38	8
48.79558	2.27441	1	2009-04-22:07:22:38	8
48.79498	2.27343	1	2009-04-22:07:22:38	8
48.79438	2.27237	1	2009-04-22:07:22:38	8
48.79381	2.27147	1	2009-04-22:07:22:38	8
48.79327	2.27041	1	2009-04-22:07:22:38	8
48.79273	2.26926	1	2009-04-22:07:22:38	8
48.7922	2.26803	1	2009-04-22:07:22:38	8
48.79173	2.26683	1	2009-04-22:07:22:38	8
48.79124	2.26564	1	2009-04-22:07:22:38	8
48.79075	2.26443	1	2009-04-22:07:22:38	8
48.79035	2.26337	1	2009-04-22:07:22:38	8
48.78986	2.2622	1	2009-04-22:07:22:38	8
48.78939	2.26106	1	2009-04-22:07:22:38	8
48.78898	2.26007	1	2009-04-22:07:22:38	8
48.78853	2.25898	1	2009-04-22:07:22:38	8
48.78809	2.25786	1	2009-04-22:07:22:38	8
48.78759	2.25666	1	2009-04-22:07:22:38	8
48.78714	2.25551	1	2009-04-22:07:22:38	8
48.78666	2.25433	1	2009-04-22:07:22:38	8
48.7862	2.25313	1	2009-04-22:07:22:38	8
48.78572	2.25197	1	2009-04-22:07:22:38	8
48.78521	2.2508	1	2009-04-22:07:22:38	8
48.78476	2.24968	1	2009-04-22:07:22:38	8
48.78426	2.24851	1	2009-04-22:07:22:38	8
48.78404	2.24792	1	2009-04-22:07:22:38	8
48.78365	2.24682	1	2009-04-22:07:22:38	8
48.78322	2.24582	1	2009-04-22:07:22:38	8
48.78276	2.24482	1	2009-04-22:07:22:38	8
48.78234	2.24381	1	2009-04-22:07:22:38	8
48.78191	2.24287	1	2009-04-22:07:22:38	8
48.78153	2.24183	1	2009-04-22:07:22:38	8
48.78108	2.24071	1	2009-04-22:07:22:38	8
48.78065	2.23965	1	2009-04-22:07:22:38	8
48.78023	2.23863	1	2009-04-22:07:22:38	8
48.77982	2.23759	1	2009-04-22:07:22:38	8
48.77941	2.23658	1	2009-04-22:07:22:38	8
48.77897	2.23553	1	2009-04-22:07:22:38	8
48.77851	2.23447	1	2009-04-22:07:22:38	8
48.7781	2.23341	1	2009-04-22:07:22:38	8
48.77765	2.23234	1	2009-04-22:07:22:38	8
48.7772	2.23129	1	2009-04-22:07:22:38	8
48.77689	2.23015	1	2009-04-22:07:22:38	8
48.77635	2.22918	1	2009-04-22:07:22:38	8
48.77563	2.22867	1	2009-04-22:07:22:38	8
48.77476	2.22877	1	2009-04-22:07:22:38	8
48.7738	2.22891	1	2009-04-22:07:22:38	8
48.77288	2.229	1	2009-04-22:07:22:38	8
48.77201	2.22914	1	2009-04-22:07:22:38	8
48.7712	2.22921	1	2009-04-22:07:22:38	8
48.76967	2.22918	1	2009-04-22:07:22:38	8
48.76891	2.22952	1	2009-04-22:07:22:38	8
48.76811	2.22963	1	2009-04-22:07:22:38	8
48.76718	2.22962	1	2009-04-22:07:22:38	8
48.76625	2.22926	1	2009-04-22:07:22:38	8
48.76563	2.22853	1	2009-04-22:07:22:38	8
48.76501	2.22785	1	2009-04-22:07:22:38	8
48.7644	2.22718	1	2009-04-22:07:22:38	8
48.76379	2.22651	1	2009-04-22:07:22:38	8
48.76318	2.22569	1	2009-04-22:07:22:38	8
48.7627	2.22482	1	2009-04-22:07:22:38	8
48.76207	2.22418	1	2009-04-22:07:22:38	8
48.76161	2.22314	1	2009-04-22:07:22:38	8
48.76105	2.22231	1	2009-04-22:07:22:38	8
48.76042	2.22152	1	2009-04-22:07:22:38	8
48.75977	2.22075	1	2009-04-22:07:22:38	8
48.75901	2.2201	1	2009-04-22:07:22:38	8
48.75828	2.21946	1	2009-04-22:07:22:38	8
48.75751	2.21889	1	2009-04-22:07:22:38	8
48.75682	2.21829	1	2009-04-22:07:22:38	8
48.75613	2.21766	1	2009-04-22:07:22:38	8
48.7556	2.2167	1	2009-04-22:07:22:38	8
48.75514	2.21573	1	2009-04-22:07:22:38	8
48.75462	2.21528	1	2009-04-22:07:22:38	8
48.75385	2.21584	1	2009-04-22:07:22:38	8
48.75304	2.21554	1	2009-04-22:07:22:38	8
48.75242	2.21472	1	2009-04-22:07:22:38	8
48.75184	2.21395	1	2009-04-22:07:22:38	8
48.75116	2.21294	1	2009-04-22:07:22:38	8
48.75063	2.2118	1	2009-04-22:07:22:38	8
48.75072	2.2106	1	2009-04-22:07:22:38	8
48.75107	2.20946	1	2009-04-22:07:22:38	8
48.75138	2.20838	1	2009-04-22:07:22:38	8
48.75173	2.20723	1	2009-04-22:07:22:38	8
48.75209	2.20606	1	2009-04-22:07:22:38	8
48.7524	2.2049	1	2009-04-22:07:22:38	8
48.75278	2.20377	1	2009-04-22:07:22:38	8
48.7532	2.20266	1	2009-04-22:07:22:38	8
48.7534	2.20209	1	2009-04-22:07:22:38	8
48.75377	2.20098	1	2009-04-22:07:22:38	8
48.75413	2.19993	1	2009-04-22:07:22:38	8
48.75451	2.19882	1	2009-04-22:07:22:38	8
48.75491	2.19777	1	2009-04-22:07:22:38	8
48.75531	2.19665	1	2009-04-22:07:22:38	8
48.75571	2.19555	1	2009-04-22:07:22:38	8
48.75611	2.19451	1	2009-04-22:07:22:38	8
48.7565	2.19342	1	2009-04-22:07:22:38	8
48.75688	2.19243	1	2009-04-22:07:22:38	8
48.75743	2.19154	1	2009-04-22:07:22:38	8
48.75793	2.19055	1	2009-04-22:07:22:38	8
48.7582	2.1893	1	2009-04-22:07:22:38	8
48.75851	2.18823	1	2009-04-22:07:22:38	8
48.75894	2.1872	1	2009-04-22:07:22:38	8
48.7595	2.18625	1	2009-04-22:07:22:38	8
48.76011	2.18548	1	2009-04-22:07:22:38	8
48.76071	2.18462	1	2009-04-22:07:22:38	8
48.76118	2.18372	1	2009-04-22:07:22:38	8
48.76152	2.18259	1	2009-04-22:07:22:38	8
48.7617	2.18137	1	2009-04-22:07:22:38	8
48.76177	2.18019	1	2009-04-22:07:22:38	8
48.7617	2.17893	1	2009-04-22:07:22:38	8
48.76216	2.1779	1	2009-04-22:07:22:38	8
48.76253	2.17684	1	2009-04-22:07:22:38	8
48.76289	2.17581	1	2009-04-22:07:22:38	8
48.76328	2.17475	1	2009-04-22:07:22:38	8
48.76355	2.1736	1	2009-04-22:07:22:38	8
48.76374	2.17242	1	2009-04-22:07:22:38	8
48.76405	2.17135	1	2009-04-22:07:22:38	8
48.76439	2.1716	1	2009-04-22:07:22:38	8
48.76414	2.17277	1	2009-04-22:07:22:38	8
48.76415	2.17396	1	2009-04-22:07:22:38	8
48.76459	2.17497	1	2009-04-22:07:22:38	8
48.76514	2.17586	1	2009-04-22:07:22:38	8
48.76553	2.1769	1	2009-04-22:07:22:38	8
48.76592	2.17809	1	2009-04-22:07:22:38	8
48.76588	2.17929	1	2009-04-22:07:22:38	8
48.76602	2.17952	1	2009-04-22:07:22:38	8
48.76606	2.17955	1	2009-04-22:07:22:38	8
48.76608	2.17959	1	2009-04-22:07:22:38	8
48.7661	2.17961	1	2009-04-22:07:22:38	8
48.76612	2.17967	1	2009-04-22:07:22:38	8
48.76613	2.17971	1	2009-04-22:07:22:38	8
48.76614	2.17975	1	2009-04-22:07:22:38	8
48.76614	2.17978	1	2009-04-22:07:22:38	8
48.76615	2.17982	1	2009-04-22:07:22:38	8
48.76617	2.17985	1	2009-04-22:07:22:38	8
48.76619	2.17988	1	2009-04-22:07:22:38	8
48.76622	2.17991	1	2009-04-22:07:22:38	8
48.76623	2.17993	1	2009-04-22:07:22:38	8
48.76624	2.17995	1	2009-04-22:07:22:38	8
48.76626	2.17997	1	2009-04-22:07:22:38	8
48.76627	2.17999	1	2009-04-22:07:22:38	8
48.76628	2.18001	1	2009-04-22:07:22:38	8
48.76632	2.18006	1	2009-04-22:07:22:38	8
48.76635	2.18011	1	2009-04-22:07:22:38	8
48.7663	2.18013	1	2009-04-22:07:22:38	8
48.76631	2.18015	1	2009-04-22:07:22:38	8
48.76629	2.18012	1	2009-04-22:07:22:38	8
48.76628	2.18011	1	2009-04-22:07:22:38	8
48.76632	2.18001	1	2009-04-22:17:10:06	9
48.76589	2.17842	1	2009-04-22:17:10:06	9
48.76558	2.17696	1	2009-04-22:17:10:06	9
48.76512	2.17612	1	2009-04-22:17:10:06	9
48.76457	2.17492	1	2009-04-22:17:10:06	9
48.76405	2.17366	1	2009-04-22:17:10:06	9
48.76427	2.17194	1	2009-04-22:17:10:06	9
48.76414	2.17122	1	2009-04-22:17:10:06	9
48.76377	2.17255	1	2009-04-22:17:10:06	9
48.76333	2.17458	1	2009-04-22:17:10:06	9
48.76265	2.17638	1	2009-04-22:17:10:06	9
48.76212	2.17795	1	2009-04-22:17:10:06	9
48.76175	2.17916	1	2009-04-22:17:10:06	9
48.76177	2.18076	1	2009-04-22:17:10:06	9
48.76157	2.18223	1	2009-04-22:17:10:06	9
48.76107	2.18392	1	2009-04-22:17:10:06	9
48.76023	2.1852	1	2009-04-22:17:10:06	9
48.75929	2.18643	1	2009-04-22:17:10:06	9
48.75863	2.18781	1	2009-04-22:17:10:06	9
48.75815	2.18949	1	2009-04-22:17:10:06	9
48.75764	2.19104	1	2009-04-22:17:10:06	9
48.75671	2.19272	1	2009-04-22:17:10:06	9
48.75602	2.19477	1	2009-04-22:17:10:06	9
48.75543	2.19633	1	2009-04-22:17:10:06	9
48.75493	2.19777	1	2009-04-22:17:10:06	9
48.75435	2.19931	1	2009-04-22:17:10:06	9
48.75374	2.20102	1	2009-04-22:17:10:06	9
48.75315	2.20274	1	2009-04-22:17:10:06	9
48.75254	2.20437	1	2009-04-22:17:10:06	9
48.75206	2.20607	1	2009-04-22:17:10:06	9
48.75154	2.20781	1	2009-04-22:17:10:06	9
48.75102	2.20946	1	2009-04-22:17:10:06	9
48.75065	2.2106	1	2009-04-22:17:10:06	9
48.75059	2.21126	1	2009-04-22:17:10:06	9
48.75081	2.21247	1	2009-04-22:17:10:06	9
48.75143	2.21346	1	2009-04-22:17:10:06	9
48.75219	2.21451	1	2009-04-22:17:10:06	9
48.75291	2.2154	1	2009-04-22:17:10:06	9
48.75362	2.21592	1	2009-04-22:17:10:06	9
48.75442	2.21549	1	2009-04-22:17:10:06	9
48.75505	2.21553	1	2009-04-22:17:10:06	9
48.75557	2.21659	1	2009-04-22:17:10:06	9
48.7561	2.21752	1	2009-04-22:17:10:06	9
48.75682	2.21827	1	2009-04-22:17:10:06	9
48.75768	2.219	1	2009-04-22:17:10:06	9
48.75847	2.21962	1	2009-04-22:17:10:06	9
48.75922	2.22026	1	2009-04-22:17:10:06	9
48.75997	2.22103	1	2009-04-22:17:10:06	9
48.76063	2.22186	1	2009-04-22:17:10:06	9
48.76126	2.22268	1	2009-04-22:17:10:06	9
48.76177	2.22365	1	2009-04-22:17:10:06	9
48.76234	2.2245	1	2009-04-22:17:10:06	9
48.76299	2.22529	1	2009-04-22:17:10:06	9
48.76358	2.22624	1	2009-04-22:17:10:06	9
48.76424	2.22704	1	2009-04-22:17:10:06	9
48.76495	2.2278	1	2009-04-22:17:10:06	9
48.76563	2.22854	1	2009-04-22:17:10:06	9
48.7663	2.22927	1	2009-04-22:17:10:06	9
48.76687	2.23056	1	2009-04-22:17:10:06	9
48.76776	2.23036	1	2009-04-22:17:10:06	9
48.76865	2.23025	1	2009-04-22:17:10:06	9
48.7695	2.23026	1	2009-04-22:17:10:06	9
48.7703	2.22995	1	2009-04-22:17:10:06	9
48.77112	2.22951	1	2009-04-22:17:10:06	9
48.7715	2.22937	1	2009-04-22:17:10:06	9
48.77212	2.22927	1	2009-04-22:17:10:06	9
48.77293	2.22917	1	2009-04-22:17:10:06	9
48.77374	2.22904	1	2009-04-22:17:10:06	9
48.7746	2.22892	1	2009-04-22:17:10:06	9
48.77545	2.22881	1	2009-04-22:17:10:06	9
48.77619	2.22924	1	2009-04-22:17:10:06	9
48.7766	2.23037	1	2009-04-22:17:10:06	9
48.77711	2.23131	1	2009-04-22:17:10:06	9
48.77759	2.23237	1	2009-04-22:17:10:06	9
48.77805	2.23345	1	2009-04-22:17:10:06	9
48.7785	2.23454	1	2009-04-22:17:10:06	9
48.77883	2.23569	1	2009-04-22:17:10:06	9
48.77933	2.23668	1	2009-04-22:17:10:06	9
48.77976	2.23772	1	2009-04-22:17:10:06	9
48.78016	2.23874	1	2009-04-22:17:10:06	9
48.7806	2.23987	1	2009-04-22:17:10:06	9
48.78108	2.24093	1	2009-04-22:17:10:06	9
48.78151	2.24201	1	2009-04-22:17:10:06	9
48.78196	2.24312	1	2009-04-22:17:10:06	9
48.78242	2.24424	1	2009-04-22:17:10:06	9
48.78288	2.24538	1	2009-04-22:17:10:06	9
48.78332	2.24647	1	2009-04-22:17:10:06	9
48.78379	2.24757	1	2009-04-22:17:10:06	9
48.78423	2.24866	1	2009-04-22:17:10:06	9
48.7847	2.24979	1	2009-04-22:17:10:06	9
48.78515	2.25089	1	2009-04-22:17:10:06	9
48.78555	2.25194	1	2009-04-22:17:10:06	9
48.78597	2.25296	1	2009-04-22:17:10:06	9
48.78641	2.25405	1	2009-04-22:17:10:06	9
48.78684	2.25506	1	2009-04-22:17:10:06	9
48.78728	2.25615	1	2009-04-22:17:10:06	9
48.78773	2.2572	1	2009-04-22:17:10:06	9
48.78815	2.2583	1	2009-04-22:17:10:06	9
48.7886	2.25932	1	2009-04-22:17:10:06	9
48.78905	2.26043	1	2009-04-22:17:10:06	9
48.78949	2.26149	1	2009-04-22:17:10:06	9
48.78991	2.26256	1	2009-04-22:17:10:06	9
48.79035	2.26363	1	2009-04-22:17:10:06	9
48.79078	2.26468	1	2009-04-22:17:10:06	9
48.79122	2.26572	1	2009-04-22:17:10:06	9
48.79166	2.26684	1	2009-04-22:17:10:06	9
48.7921	2.26785	1	2009-04-22:17:10:06	9
48.79254	2.26887	1	2009-04-22:17:10:06	9
48.79297	2.26993	1	2009-04-22:17:10:06	9
48.79346	2.27097	1	2009-04-22:17:10:06	9
48.79397	2.27189	1	2009-04-22:17:10:06	9
48.79452	2.27282	1	2009-04-22:17:10:06	9
48.79504	2.27374	1	2009-04-22:17:10:06	9
48.79559	2.27469	1	2009-04-22:17:10:06	9
48.79613	2.27576	1	2009-04-22:17:10:06	9
48.79679	2.27675	1	2009-04-22:17:10:06	9
48.79745	2.27782	1	2009-04-22:17:10:06	9
48.7981	2.27892	1	2009-04-22:17:10:06	9
48.79873	2.28	1	2009-04-22:17:10:06	9
48.79932	2.28107	1	2009-04-22:17:10:06	9
48.79992	2.28209	1	2009-04-22:17:10:06	9
48.80047	2.2831	1	2009-04-22:17:10:06	9
48.80096	2.28398	1	2009-04-22:17:10:06	9
48.80155	2.28488	1	2009-04-22:17:10:06	9
48.80213	2.28576	1	2009-04-22:17:10:06	9
48.80269	2.28666	1	2009-04-22:17:10:06	9
48.80325	2.28751	1	2009-04-22:17:10:06	9
48.80353	2.28795	1	2009-04-22:17:10:06	9
48.80381	2.28847	1	2009-04-22:17:10:06	9
48.80405	2.2889	1	2009-04-22:17:10:06	9
48.80463	2.28979	1	2009-04-22:17:10:06	9
48.80523	2.29065	1	2009-04-22:17:10:06	9
48.80575	2.29148	1	2009-04-22:17:10:06	9
48.80625	2.29237	1	2009-04-22:17:10:06	9
48.80677	2.29332	1	2009-04-22:17:10:06	9
48.80725	2.29422	1	2009-04-22:17:10:06	9
48.80774	2.29513	1	2009-04-22:17:10:06	9
48.80824	2.29602	1	2009-04-22:17:10:06	9
48.80879	2.29691	1	2009-04-22:17:10:06	9
48.80937	2.29775	1	2009-04-22:17:10:06	9
48.80993	2.29852	1	2009-04-22:17:10:06	9
48.81058	2.29932	1	2009-04-22:17:10:06	9
48.81124	2.30014	1	2009-04-22:17:10:06	9
48.8119	2.30084	1	2009-04-22:17:10:06	9
48.81158	2.30162	1	2009-04-22:17:10:06	9
48.81121	2.30257	1	2009-04-22:17:10:06	9
48.81168	2.30358	1	2009-04-22:17:10:06	9
48.81218	2.30447	1	2009-04-22:17:10:06	9
48.81278	2.30535	1	2009-04-22:17:10:06	9
48.81332	2.3062	1	2009-04-22:17:10:06	9
48.81371	2.30693	1	2009-04-22:17:10:06	9
48.81431	2.30768	1	2009-04-22:17:10:06	9
48.81472	2.30872	1	2009-04-22:17:10:06	9
48.81524	2.30967	1	2009-04-22:17:10:06	9
48.81576	2.31063	1	2009-04-22:17:10:06	9
48.81615	2.31161	1	2009-04-22:17:10:06	9
48.81656	2.31265	1	2009-04-22:17:10:06	9
48.81687	2.3138	1	2009-04-22:17:10:06	9
48.8172	2.31488	1	2009-04-22:17:10:06	9
48.81754	2.31599	1	2009-04-22:17:10:06	9
48.81789	2.31711	1	2009-04-22:17:10:06	9
48.81822	2.31818	1	2009-04-22:17:10:06	9
48.8185	2.3193	1	2009-04-22:17:10:06	9
48.81834	2.32047	1	2009-04-22:17:10:06	9
48.81831	2.32161	1	2009-04-22:17:10:06	9
48.81798	2.32266	1	2009-04-22:17:10:06	9
48.81785	2.32387	1	2009-04-22:17:10:06	9
48.81765	2.325	1	2009-04-22:17:10:06	9
48.81741	2.32615	1	2009-04-22:17:10:06	9
48.81737	2.32737	1	2009-04-22:17:10:06	9
48.81725	2.32861	1	2009-04-22:17:10:06	9
48.81719	2.32985	1	2009-04-22:17:10:06	9
48.81714	2.33101	1	2009-04-22:17:10:06	9
48.81694	2.33203	1	2009-04-22:17:10:06	9
48.81763	2.33249	1	2009-04-22:17:10:06	9
48.81868	2.33309	1	2009-04-22:17:10:06	9
48.81944	2.33343	1	2009-04-22:17:10:06	9
48.82019	2.33383	1	2009-04-22:17:10:06	9
48.82094	2.33414	1	2009-04-22:17:10:06	9
48.8217	2.33452	1	2009-04-22:17:10:06	9
48.82246	2.33504	1	2009-04-22:17:10:06	9
48.82316	2.3355	1	2009-04-22:17:10:06	9
48.82387	2.33603	1	2009-04-22:17:10:06	9
48.82468	2.33607	1	2009-04-22:17:10:06	9
48.82544	2.3357	1	2009-04-22:17:10:06	9
48.82612	2.33534	1	2009-04-22:17:10:06	9
48.82689	2.33519	1	2009-04-22:17:10:06	9
48.82724	2.33579	1	2009-04-22:17:10:06	9
48.82718	2.33699	1	2009-04-22:17:10:06	9
48.827	2.33815	1	2009-04-22:17:10:06	9
48.82684	2.33934	1	2009-04-22:17:10:06	9
48.82675	2.34045	1	2009-04-22:17:10:06	9
48.8266	2.34167	1	2009-04-22:17:10:06	9
48.82641	2.34289	1	2009-04-22:17:10:06	9
48.82622	2.34406	1	2009-04-22:17:10:06	9
48.82606	2.34515	1	2009-04-22:17:10:06	9
48.82593	2.34629	1	2009-04-22:17:10:06	9
48.82588	2.34735	1	2009-04-22:17:10:06	9
48.82648	2.34792	1	2009-04-22:17:10:06	9
48.82712	2.34861	1	2009-04-22:17:10:06	9
48.82757	2.34963	1	2009-04-22:17:10:06	9
48.82786	2.35079	1	2009-04-22:17:10:06	9
48.82784	2.35062	1	2009-04-22:17:10:06	9
48.82785	2.3506	1	2009-04-22:17:10:06	9
48.82783	2.35061	1	2009-04-22:17:10:06	9
48.8278	2.35054	1	2009-04-22:17:10:06	9
48.82778	2.35057	1	2009-04-22:17:10:06	9
48.82778	2.3506	1	2009-04-22:17:10:06	9
48.82777	2.35062	1	2009-04-22:17:10:06	9
48.82775	2.35063	1	2009-04-22:17:10:06	9
48.82773	2.35065	1	2009-04-22:17:10:06	9
48.82772	2.35067	1	2009-04-22:17:10:06	9
48.82774	2.35068	1	2009-04-22:17:10:06	9
48.82771	2.35071	1	2009-04-22:17:10:06	9
48.82772	2.35071	1	2009-04-22:17:10:06	9
48.82779	2.35069	1	2009-04-22:17:10:06	9
48.82782	2.35068	1	2009-04-22:17:10:06	9
48.82784	2.35069	1	2009-04-22:17:10:06	9
48.82784	2.35071	1	2009-04-22:17:10:06	9
48.82785	2.35069	1	2009-04-22:17:10:06	9
48.82787	2.35071	1	2009-04-22:17:10:06	9
48.82788	2.35073	1	2009-04-22:17:10:06	9
48.82788	2.35077	1	2009-04-22:17:10:06	9
48.82788	2.35081	1	2009-04-22:17:10:06	9
48.8279	2.35084	1	2009-04-22:17:10:06	9
48.81683	2.31387	1	2009-04-23:07:07:29	10
48.81639	2.31237	1	2009-04-23:07:07:29	10
48.81613	2.31102	1	2009-04-23:07:07:29	10
48.81613	2.30959	1	2009-04-23:07:07:29	10
48.81621	2.30826	1	2009-04-23:07:07:29	10
48.81626	2.30723	1	2009-04-23:07:07:29	10
48.81632	2.30599	1	2009-04-23:07:07:29	10
48.81571	2.30506	1	2009-04-23:07:07:29	10
48.81513	2.30418	1	2009-04-23:07:07:29	10
48.8144	2.30344	1	2009-04-23:07:07:29	10
48.81368	2.30247	1	2009-04-23:07:07:29	10
48.81295	2.30165	1	2009-04-23:07:07:29	10
48.81214	2.30084	1	2009-04-23:07:07:29	10
48.8114	2.30009	1	2009-04-23:07:07:29	10
48.81065	2.2993	1	2009-04-23:07:07:29	10
48.80982	2.29851	1	2009-04-23:07:07:29	10
48.80921	2.29759	1	2009-04-23:07:07:29	10
48.8086	2.29654	1	2009-04-23:07:07:29	10
48.80799	2.29553	1	2009-04-23:07:07:29	10
48.80741	2.29435	1	2009-04-23:07:07:29	10
48.80682	2.29319	1	2009-04-23:07:07:29	10
48.80626	2.29222	1	2009-04-23:07:07:29	10
48.80573	2.29137	1	2009-04-23:07:07:29	10
48.80505	2.29025	1	2009-04-23:07:07:29	10
48.8044	2.28914	1	2009-04-23:07:07:29	10
48.80377	2.28808	1	2009-04-23:07:07:29	10
48.80317	2.2872	1	2009-04-23:07:07:29	10
48.8026	2.28629	1	2009-04-23:07:07:29	10
48.80199	2.28526	1	2009-04-23:07:07:29	10
48.80134	2.28442	1	2009-04-23:07:07:29	10
48.80088	2.28332	1	2009-04-23:07:07:29	10
48.80018	2.28238	1	2009-04-23:07:07:29	10
48.79975	2.28163	1	2009-04-23:07:07:29	10
48.79939	2.281	1	2009-04-23:07:07:29	10
48.79887	2.28007	1	2009-04-23:07:07:29	10
48.79836	2.27917	1	2009-04-23:07:07:29	10
48.79785	2.27827	1	2009-04-23:07:07:29	10
48.79731	2.27741	1	2009-04-23:07:07:29	10
48.79678	2.27649	1	2009-04-23:07:07:29	10
48.79623	2.27553	1	2009-04-23:07:07:29	10
48.79567	2.27459	1	2009-04-23:07:07:29	10
48.79512	2.27368	1	2009-04-23:07:07:29	10
48.79454	2.27267	1	2009-04-23:07:07:29	10
48.79396	2.27172	1	2009-04-23:07:07:29	10
48.7934	2.27067	1	2009-04-23:07:07:29	10
48.7929	2.26953	1	2009-04-23:07:07:29	10
48.79246	2.26849	1	2009-04-23:07:07:29	10
48.79201	2.26735	1	2009-04-23:07:07:29	10
48.79151	2.2663	1	2009-04-23:07:07:29	10
48.79109	2.26528	1	2009-04-23:07:07:29	10
48.79065	2.26414	1	2009-04-23:07:07:29	10
48.79016	2.26287	1	2009-04-23:07:07:29	10
48.78969	2.26181	1	2009-04-23:07:07:29	10
48.78925	2.26065	1	2009-04-23:07:07:29	10
48.78875	2.25942	1	2009-04-23:07:07:29	10
48.78824	2.25823	1	2009-04-23:07:07:29	10
48.78781	2.25713	1	2009-04-23:07:07:29	10
48.78733	2.25603	1	2009-04-23:07:07:29	10
48.7869	2.25492	1	2009-04-23:07:07:29	10
48.78647	2.25375	1	2009-04-23:07:07:29	10
48.78601	2.25261	1	2009-04-23:07:07:29	10
48.78554	2.25148	1	2009-04-23:07:07:29	10
48.78502	2.2503	1	2009-04-23:07:07:29	10
48.78453	2.24909	1	2009-04-23:07:07:29	10
48.7843	2.24851	1	2009-04-23:07:07:29	10
48.784	2.24771	1	2009-04-23:07:07:29	10
48.7836	2.24662	1	2009-04-23:07:07:29	10
48.7831	2.2455	1	2009-04-23:07:07:29	10
48.78261	2.24447	1	2009-04-23:07:07:29	10
48.78221	2.2434	1	2009-04-23:07:07:29	10
48.78179	2.24234	1	2009-04-23:07:07:29	10
48.78136	2.24134	1	2009-04-23:07:07:29	10
48.78092	2.24027	1	2009-04-23:07:07:29	10
48.78047	2.23926	1	2009-04-23:07:07:29	10
48.78006	2.23821	1	2009-04-23:07:07:29	10
48.77965	2.23721	1	2009-04-23:07:07:29	10
48.77922	2.23617	1	2009-04-23:07:07:29	10
48.77878	2.23507	1	2009-04-23:07:07:29	10
48.77834	2.23401	1	2009-04-23:07:07:29	10
48.77791	2.233	1	2009-04-23:07:07:29	10
48.7775	2.23201	1	2009-04-23:07:07:29	10
48.77718	2.23084	1	2009-04-23:07:07:29	10
48.77754	2.22989	1	2009-04-23:07:07:29	10
48.77828	2.22929	1	2009-04-23:07:07:29	10
48.77899	2.22868	1	2009-04-23:07:07:29	10
48.77969	2.2281	1	2009-04-23:07:07:29	10
48.78045	2.22757	1	2009-04-23:07:07:29	10
48.7812	2.22697	1	2009-04-23:07:07:29	10
48.78194	2.22666	1	2009-04-23:07:07:29	10
48.78259	2.2259	1	2009-04-23:07:07:29	10
48.78332	2.22532	1	2009-04-23:07:07:29	10
48.78413	2.22538	1	2009-04-23:07:07:29	10
48.78442	2.22447	1	2009-04-23:07:07:29	10
48.78389	2.22499	1	2009-04-23:07:07:29	10
48.78447	2.22509	1	2009-04-23:07:07:29	10
48.78501	2.22415	1	2009-04-23:07:07:29	10
48.78458	2.22476	1	2009-04-23:07:07:29	10
48.78528	2.22447	1	2009-04-23:07:07:29	10
48.78601	2.22404	1	2009-04-23:07:07:29	10
48.78671	2.22377	1	2009-04-23:07:07:29	10
48.78628	2.2227	1	2009-04-23:07:07:29	10
48.78585	2.2216	1	2009-04-23:07:07:29	10
48.78499	2.22167	1	2009-04-23:07:07:29	10
48.7842	2.22136	1	2009-04-23:07:07:29	10
48.78347	2.22089	1	2009-04-23:07:07:29	10
48.78274	2.22046	1	2009-04-23:07:07:29	10
48.78268	2.21943	1	2009-04-23:07:07:29	10
48.78255	2.22017	1	2009-04-23:07:07:29	10
48.78184	2.22035	1	2009-04-23:07:07:29	10
48.78126	2.2196	1	2009-04-23:07:07:29	10
48.78157	2.21876	1	2009-04-23:07:07:29	10
48.78235	2.2193	1	2009-04-23:07:07:29	10
48.78271	2.21864	1	2009-04-23:07:07:29	10
48.78279	2.21742	1	2009-04-23:07:07:29	10
48.78287	2.21618	1	2009-04-23:07:07:29	10
48.78294	2.21495	1	2009-04-23:07:07:29	10
48.78347	2.21474	1	2009-04-23:07:07:29	10
48.7839	2.21575	1	2009-04-23:07:07:29	10
48.78432	2.21677	1	2009-04-23:07:07:29	10
48.78475	2.21782	1	2009-04-23:07:07:29	10
48.78487	2.21891	1	2009-04-23:07:07:29	10
48.78405	2.21916	1	2009-04-23:07:07:29	10
48.78329	2.21906	1	2009-04-23:07:07:29	10
48.78249	2.21882	1	2009-04-23:07:07:29	10
48.78175	2.2183	1	2009-04-23:07:07:29	10
48.78101	2.21776	1	2009-04-23:07:07:29	10
48.78023	2.21725	1	2009-04-23:07:07:29	10
48.77949	2.21667	1	2009-04-23:07:07:29	10
48.77882	2.216	1	2009-04-23:07:07:29	10
48.77887	2.21479	1	2009-04-23:07:07:29	10
48.77895	2.21359	1	2009-04-23:07:07:29	10
48.77904	2.21238	1	2009-04-23:07:07:29	10
48.77912	2.21113	1	2009-04-23:07:07:29	10
48.7792	2.20994	1	2009-04-23:07:07:29	10
48.77931	2.20871	1	2009-04-23:07:07:29	10
48.77938	2.20753	1	2009-04-23:07:07:29	10
48.77885	2.20764	1	2009-04-23:07:07:29	10
48.77882	2.20883	1	2009-04-23:07:07:29	10
48.77875	2.21001	1	2009-04-23:07:07:29	10
48.77867	2.21118	1	2009-04-23:07:07:29	10
48.77856	2.21234	1	2009-04-23:07:07:29	10
48.77848	2.21358	1	2009-04-23:07:07:29	10
48.7784	2.2148	1	2009-04-23:07:07:29	10
48.77837	2.21602	1	2009-04-23:07:07:29	10
48.77891	2.21681	1	2009-04-23:07:07:29	10
48.77964	2.21731	1	2009-04-23:07:07:29	10
48.78035	2.21784	1	2009-04-23:07:07:29	10
48.7811	2.21836	1	2009-04-23:07:07:29	10
48.78183	2.21885	1	2009-04-23:07:07:29	10
48.78256	2.21938	1	2009-04-23:07:07:29	10
48.78227	2.21869	1	2009-04-23:07:07:29	10
48.78153	2.21817	1	2009-04-23:07:07:29	10
48.78082	2.21768	1	2009-04-23:07:07:29	10
48.78011	2.21718	1	2009-04-23:07:07:29	10
48.77937	2.21662	1	2009-04-23:07:07:29	10
48.77883	2.2158	1	2009-04-23:07:07:29	10
48.77895	2.21463	1	2009-04-23:07:07:29	10
48.77906	2.21345	1	2009-04-23:07:07:29	10
48.77916	2.21224	1	2009-04-23:07:07:29	10
48.77921	2.21104	1	2009-04-23:07:07:29	10
48.77927	2.20983	1	2009-04-23:07:07:29	10
48.77936	2.20857	1	2009-04-23:07:07:29	10
48.7796	2.20748	1	2009-04-23:07:07:29	10
48.7804	2.20787	1	2009-04-23:07:07:29	10
48.78106	2.20804	1	2009-04-23:07:07:29	10
48.78063	2.20693	1	2009-04-23:07:07:29	10
48.78018	2.20593	1	2009-04-23:07:07:29	10
48.77973	2.20487	1	2009-04-23:07:07:29	10
48.77973	2.20365	1	2009-04-23:07:07:29	10
48.77983	2.20245	1	2009-04-23:07:07:29	10
48.77987	2.20122	1	2009-04-23:07:07:29	10
48.77997	2.2	1	2009-04-23:07:07:29	10
48.78009	2.19879	1	2009-04-23:07:07:29	10
48.78016	2.19761	1	2009-04-23:07:07:29	10
48.78025	2.19645	1	2009-04-23:07:07:29	10
48.78033	2.1953	1	2009-04-23:07:07:29	10
48.7804	2.19407	1	2009-04-23:07:07:29	10
48.78047	2.1929	1	2009-04-23:07:07:29	10
48.78058	2.19166	1	2009-04-23:07:07:29	10
48.78066	2.19047	1	2009-04-23:07:07:29	10
48.78083	2.18924	1	2009-04-23:07:07:29	10
48.781	2.18803	1	2009-04-23:07:07:29	10
48.78118	2.18685	1	2009-04-23:07:07:29	10
48.78137	2.18563	1	2009-04-23:07:07:29	10
48.78155	2.18442	1	2009-04-23:07:07:29	10
48.78172	2.18327	1	2009-04-23:07:07:29	10
48.78192	2.18205	1	2009-04-23:07:07:29	10
48.78208	2.18087	1	2009-04-23:07:07:29	10
48.78224	2.1797	1	2009-04-23:07:07:29	10
48.78248	2.17851	1	2009-04-23:07:07:29	10
48.78304	2.17761	1	2009-04-23:07:07:29	10
48.78369	2.17698	1	2009-04-23:07:07:29	10
48.78355	2.17586	1	2009-04-23:07:07:29	10
48.78298	2.17493	1	2009-04-23:07:07:29	10
48.78255	2.1739	1	2009-04-23:07:07:29	10
48.78215	2.17289	1	2009-04-23:07:07:29	10
48.78166	2.17201	1	2009-04-23:07:07:29	10
48.78093	2.17168	1	2009-04-23:07:07:29	10
48.78017	2.17193	1	2009-04-23:07:07:29	10
48.77999	2.17302	1	2009-04-23:07:07:29	10
48.77983	2.17412	1	2009-04-23:07:07:29	10
48.77924	2.17438	1	2009-04-23:07:07:29	10
48.77931	2.17312	1	2009-04-23:07:07:29	10
48.77946	2.17192	1	2009-04-23:07:07:29	10
48.78005	2.17109	1	2009-04-23:07:07:29	10
48.78051	2.17011	1	2009-04-23:07:07:29	10
48.78044	2.16893	1	2009-04-23:07:07:29	10
48.77965	2.16904	1	2009-04-23:07:07:29	10
48.77887	2.16914	1	2009-04-23:07:07:29	10
48.77763	2.17044	1	2009-04-23:07:07:29	10
48.7769	2.17111	1	2009-04-23:07:07:29	10
48.77616	2.17124	1	2009-04-23:07:07:29	10
48.77385	2.17308	1	2009-04-23:07:07:29	10
48.77304	2.17295	1	2009-04-23:07:07:29	10
48.77221	2.17269	1	2009-04-23:07:07:29	10
48.77176	2.17335	1	2009-04-23:07:07:29	10
48.77113	2.17396	1	2009-04-23:07:07:29	10
48.7704	2.17339	1	2009-04-23:07:07:29	10
48.76968	2.17293	1	2009-04-23:07:07:29	10
48.76892	2.17244	1	2009-04-23:07:07:29	10
48.76822	2.17196	1	2009-04-23:07:07:29	10
48.76742	2.17151	1	2009-04-23:07:07:29	10
48.76681	2.17076	1	2009-04-23:07:07:29	10
48.76621	2.16994	1	2009-04-23:07:07:29	10
48.76553	2.16927	1	2009-04-23:07:07:29	10
48.76486	2.16889	1	2009-04-23:07:07:29	10
48.76481	2.17006	1	2009-04-23:07:07:29	10
48.76453	2.1712	1	2009-04-23:07:07:29	10
48.76415	2.17231	1	2009-04-23:07:07:29	10
48.76407	2.17353	1	2009-04-23:07:07:29	10
48.76444	2.17463	1	2009-04-23:07:07:29	10
48.76502	2.17558	1	2009-04-23:07:07:29	10
48.76535	2.17665	1	2009-04-23:07:07:29	10
48.76581	2.17771	1	2009-04-23:07:07:29	10
48.76584	2.17895	1	2009-04-23:07:07:29	10
48.76592	2.17942	1	2009-04-23:07:07:29	10
48.76594	2.17946	1	2009-04-23:07:07:29	10
48.76595	2.1795	1	2009-04-23:07:07:29	10
48.76597	2.17953	1	2009-04-23:07:07:29	10
48.766	2.17955	1	2009-04-23:07:07:29	10
48.76603	2.17955	1	2009-04-23:07:07:29	10
48.76606	2.17957	1	2009-04-23:07:07:29	10
48.76609	2.17958	1	2009-04-23:07:07:29	10
48.76612	2.17961	1	2009-04-23:07:07:29	10
48.76615	2.17966	1	2009-04-23:07:07:29	10
48.76617	2.17972	1	2009-04-23:07:07:29	10
48.76618	2.17975	1	2009-04-23:07:07:29	10
48.7662	2.17979	1	2009-04-23:07:07:29	10
48.76623	2.17983	1	2009-04-23:07:07:29	10
48.76625	2.17986	1	2009-04-23:07:07:29	10
48.76628	2.17989	1	2009-04-23:07:07:29	10
48.76629	2.17992	1	2009-04-23:07:07:29	10
48.76631	2.17994	1	2009-04-23:07:07:29	10
48.76631	2.17997	1	2009-04-23:07:07:29	10
48.76627	2.18002	1	2009-04-23:07:07:29	10
48.76625	2.18002	1	2009-04-23:07:07:29	10
48.76626	2.18008	1	2009-04-23:07:07:29	10
48.76628	2.18008	1	2009-04-23:07:07:29	10
48.75108	2.20949	1	2009-04-27:16:57:48	11
48.75065	2.21093	1	2009-04-27:16:57:48	11
48.75086	2.21212	1	2009-04-27:16:57:48	11
48.75115	2.21306	1	2009-04-27:16:57:48	11
48.75189	2.21399	1	2009-04-27:16:57:48	11
48.75261	2.21507	1	2009-04-27:16:57:48	11
48.75338	2.21582	1	2009-04-27:16:57:48	11
48.75424	2.2157	1	2009-04-27:16:57:48	11
48.75495	2.21522	1	2009-04-27:16:57:48	11
48.75564	2.21613	1	2009-04-27:16:57:48	11
48.756	2.21714	1	2009-04-27:16:57:48	11
48.75658	2.21808	1	2009-04-27:16:57:48	11
48.75739	2.2187	1	2009-04-27:16:57:48	11
48.75821	2.21934	1	2009-04-27:16:57:48	11
48.75908	2.22015	1	2009-04-27:16:57:48	11
48.76005	2.22107	1	2009-04-27:16:57:48	11
48.76077	2.22203	1	2009-04-27:16:57:48	11
48.76146	2.22295	1	2009-04-27:16:57:48	11
48.76204	2.22416	1	2009-04-27:16:57:48	11
48.76271	2.22486	1	2009-04-27:16:57:48	11
48.76328	2.22581	1	2009-04-27:16:57:48	11
48.76403	2.22682	1	2009-04-27:16:57:48	11
48.7648	2.22756	1	2009-04-27:16:57:48	11
48.76551	2.22836	1	2009-04-27:16:57:48	11
48.76619	2.22917	1	2009-04-27:16:57:48	11
48.76676	2.2306	1	2009-04-27:16:57:48	11
48.76767	2.23034	1	2009-04-27:16:57:48	11
48.76868	2.23033	1	2009-04-27:16:57:48	11
48.76968	2.23028	1	2009-04-27:16:57:48	11
48.77057	2.22976	1	2009-04-27:16:57:48	11
48.77148	2.22939	1	2009-04-27:16:57:48	11
48.77241	2.22926	1	2009-04-27:16:57:48	11
48.77311	2.22917	1	2009-04-27:16:57:48	11
48.77365	2.22908	1	2009-04-27:16:57:48	11
48.77457	2.22893	1	2009-04-27:16:57:48	11
48.77537	2.22886	1	2009-04-27:16:57:48	11
48.77615	2.22917	1	2009-04-27:16:57:48	11
48.77658	2.23028	1	2009-04-27:16:57:48	11
48.77714	2.23134	1	2009-04-27:16:57:48	11
48.77763	2.23246	1	2009-04-27:16:57:48	11
48.77806	2.23355	1	2009-04-27:16:57:48	11
48.77848	2.23462	1	2009-04-27:16:57:48	11
48.77885	2.23579	1	2009-04-27:16:57:48	11
48.7794	2.23682	1	2009-04-27:16:57:48	11
48.77989	2.238	1	2009-04-27:16:57:48	11
48.7803	2.23913	1	2009-04-27:16:57:48	11
48.78079	2.24026	1	2009-04-27:16:57:48	11
48.78123	2.24129	1	2009-04-27:16:57:48	11
48.78167	2.24233	1	2009-04-27:16:57:48	11
48.78207	2.24336	1	2009-04-27:16:57:48	11
48.78249	2.24443	1	2009-04-27:16:57:48	11
48.78294	2.24542	1	2009-04-27:16:57:48	11
48.78338	2.24659	1	2009-04-27:16:57:48	11
48.78385	2.24771	1	2009-04-27:16:57:48	11
48.78429	2.2488	1	2009-04-27:16:57:48	11
48.78474	2.24991	1	2009-04-27:16:57:48	11
48.78517	2.25095	1	2009-04-27:16:57:48	11
48.78558	2.25206	1	2009-04-27:16:57:48	11
48.78604	2.25321	1	2009-04-27:16:57:48	11
48.78655	2.25438	1	2009-04-27:16:57:48	11
48.787	2.25549	1	2009-04-27:16:57:48	11
48.78751	2.25659	1	2009-04-27:16:57:48	11
48.78792	2.25767	1	2009-04-27:16:57:48	11
48.78836	2.25879	1	2009-04-27:16:57:48	11
48.78859	2.25932	1	2009-04-27:16:57:48	11
48.78892	2.2601	1	2009-04-27:16:57:48	11
48.78934	2.26113	1	2009-04-27:16:57:48	11
48.78978	2.26223	1	2009-04-27:16:57:48	11
48.79022	2.26334	1	2009-04-27:16:57:48	11
48.79068	2.26444	1	2009-04-27:16:57:48	11
48.79112	2.26544	1	2009-04-27:16:57:48	11
48.79155	2.26651	1	2009-04-27:16:57:48	11
48.79197	2.26753	1	2009-04-27:16:57:48	11
48.79243	2.2686	1	2009-04-27:16:57:48	11
48.79288	2.26969	1	2009-04-27:16:57:48	11
48.79331	2.27066	1	2009-04-27:16:57:48	11
48.79383	2.27167	1	2009-04-27:16:57:48	11
48.79437	2.2726	1	2009-04-27:16:57:48	11
48.7949	2.27353	1	2009-04-27:16:57:48	11
48.79551	2.27455	1	2009-04-27:16:57:48	11
48.79611	2.27558	1	2009-04-27:16:57:48	11
48.7967	2.27658	1	2009-04-27:16:57:48	11
48.79721	2.2774	1	2009-04-27:16:57:48	11
48.79783	2.27851	1	2009-04-27:16:57:48	11
48.79842	2.27948	1	2009-04-27:16:57:48	11
48.79891	2.28035	1	2009-04-27:16:57:48	11
48.79939	2.28126	1	2009-04-27:16:57:48	11
48.79998	2.28222	1	2009-04-27:16:57:48	11
48.80049	2.28311	1	2009-04-27:16:57:48	11
48.80101	2.28407	1	2009-04-27:16:57:48	11
48.80162	2.28492	1	2009-04-27:16:57:48	11
48.80218	2.28587	1	2009-04-27:16:57:48	11
48.80277	2.28674	1	2009-04-27:16:57:48	11
48.80338	2.2876	1	2009-04-27:16:57:48	11
48.80384	2.28857	1	2009-04-27:16:57:48	11
48.80441	2.28943	1	2009-04-27:16:57:48	11
48.80496	2.29027	1	2009-04-27:16:57:48	11
48.80554	2.29109	1	2009-04-27:16:57:48	11
48.80607	2.29204	1	2009-04-27:16:57:48	11
48.80661	2.29298	1	2009-04-27:16:57:48	11
48.80709	2.29391	1	2009-04-27:16:57:48	11
48.8076	2.29487	1	2009-04-27:16:57:48	11
48.8081	2.29585	1	2009-04-27:16:57:48	11
48.80869	2.29685	1	2009-04-27:16:57:48	11
48.80933	2.29761	1	2009-04-27:16:57:48	11
48.80983	2.29855	1	2009-04-27:16:57:48	11
48.81054	2.29919	1	2009-04-27:16:57:48	11
48.81117	2.29998	1	2009-04-27:16:57:48	11
48.81182	2.30075	1	2009-04-27:16:57:48	11
48.81152	2.30178	1	2009-04-27:16:57:48	11
48.81117	2.30279	1	2009-04-27:16:57:48	11
48.81179	2.3036	1	2009-04-27:16:57:48	11
48.81228	2.30466	1	2009-04-27:16:57:48	11
48.81284	2.30546	1	2009-04-27:16:57:48	11
48.81337	2.30645	1	2009-04-27:16:57:48	11
48.81401	2.30727	1	2009-04-27:16:57:48	11
48.81451	2.30824	1	2009-04-27:16:57:48	11
48.815	2.30927	1	2009-04-27:16:57:48	11
48.81557	2.31024	1	2009-04-27:16:57:48	11
48.81613	2.31113	1	2009-04-27:16:57:48	11
48.81642	2.31225	1	2009-04-27:16:57:48	11
48.81674	2.3134	1	2009-04-27:16:57:48	11
48.81708	2.31456	1	2009-04-27:16:57:48	11
48.81742	2.31562	1	2009-04-27:16:57:48	11
48.81776	2.3167	1	2009-04-27:16:57:48	11
48.81805	2.3178	1	2009-04-27:16:57:48	11
48.81842	2.31885	1	2009-04-27:16:57:48	11
48.81856	2.31946	1	2009-04-27:16:57:48	11
48.81839	2.32064	1	2009-04-27:16:57:48	11
48.81828	2.32182	1	2009-04-27:16:57:48	11
48.81815	2.32302	1	2009-04-27:16:57:48	11
48.8179	2.3242	1	2009-04-27:16:57:48	11
48.81772	2.32537	1	2009-04-27:16:57:48	11
48.81754	2.32658	1	2009-04-27:16:57:48	11
48.81753	2.3278	1	2009-04-27:16:57:48	11
48.81736	2.32899	1	2009-04-27:16:57:48	11
48.81722	2.33029	1	2009-04-27:16:57:48	11
48.81702	2.33139	1	2009-04-27:16:57:48	11
48.81728	2.33226	1	2009-04-27:16:57:48	11
48.8187	2.33299	1	2009-04-27:16:57:48	11
48.81942	2.33341	1	2009-04-27:16:57:48	11
48.82022	2.33377	1	2009-04-27:16:57:48	11
48.82097	2.33421	1	2009-04-27:16:57:48	11
48.82098	2.33526	1	2009-04-27:16:57:48	11
48.8207	2.33641	1	2009-04-27:16:57:48	11
48.82046	2.33761	1	2009-04-27:16:57:48	11
48.82025	2.33847	1	2009-04-27:16:57:48	11
48.82023	2.33854	1	2009-04-27:16:57:48	11
48.82022	2.33862	1	2009-04-27:16:57:48	11
48.8202	2.3387	1	2009-04-27:16:57:48	11
48.82018	2.33878	1	2009-04-27:16:57:48	11
48.82017	2.33885	1	2009-04-27:16:57:48	11
48.82015	2.33893	1	2009-04-27:16:57:48	11
48.82015	2.33901	1	2009-04-27:16:57:48	11
48.82014	2.33908	1	2009-04-27:16:57:48	11
48.82012	2.33916	1	2009-04-27:16:57:48	11
48.82011	2.33922	1	2009-04-27:16:57:48	11
48.82009	2.33928	1	2009-04-27:16:57:48	11
48.82008	2.33934	1	2009-04-27:16:57:48	11
48.82006	2.33939	1	2009-04-27:16:57:48	11
48.82005	2.33946	1	2009-04-27:16:57:48	11
48.82003	2.33952	1	2009-04-27:16:57:48	11
48.82001	2.33958	1	2009-04-27:16:57:48	11
48.82	2.33963	1	2009-04-27:16:57:48	11
48.81999	2.33966	1	2009-04-27:16:57:48	11
48.81998	2.33968	1	2009-04-27:16:57:48	11
48.81998	2.3397	1	2009-04-27:16:57:48	11
48.81996	2.3397	1	2009-04-27:16:57:48	11
48.81998	2.33969	1	2009-04-27:16:57:48	11
48.81197	2.30102	1	2009-04-28:07:06:02	12
48.81118	2.29994	1	2009-04-28:07:06:02	12
48.81047	2.29903	1	2009-04-28:07:06:02	12
48.80965	2.29834	1	2009-04-28:07:06:02	12
48.80901	2.29732	1	2009-04-28:07:06:02	12
48.80838	2.29626	1	2009-04-28:07:06:02	12
48.80782	2.2952	1	2009-04-28:07:06:02	12
48.80726	2.29409	1	2009-04-28:07:06:02	12
48.80664	2.29298	1	2009-04-28:07:06:02	12
48.80601	2.29179	1	2009-04-28:07:06:02	12
48.80543	2.2907	1	2009-04-28:07:06:02	12
48.80483	2.28982	1	2009-04-28:07:06:02	12
48.80423	2.28888	1	2009-04-28:07:06:02	12
48.80358	2.2879	1	2009-04-28:07:06:02	12
48.8029	2.28674	1	2009-04-28:07:06:02	12
48.80221	2.28565	1	2009-04-28:07:06:02	12
48.80159	2.28469	1	2009-04-28:07:06:02	12
48.80099	2.2836	1	2009-04-28:07:06:02	12
48.80029	2.28265	1	2009-04-28:07:06:02	12
48.79972	2.28155	1	2009-04-28:07:06:02	12
48.7991	2.28052	1	2009-04-28:07:06:02	12
48.79851	2.27945	1	2009-04-28:07:06:02	12
48.79796	2.27842	1	2009-04-28:07:06:02	12
48.79735	2.27746	1	2009-04-28:07:06:02	12
48.79674	2.27643	1	2009-04-28:07:06:02	12
48.79614	2.2754	1	2009-04-28:07:06:02	12
48.79552	2.27434	1	2009-04-28:07:06:02	12
48.79488	2.27329	1	2009-04-28:07:06:02	12
48.79428	2.27222	1	2009-04-28:07:06:02	12
48.79364	2.27121	1	2009-04-28:07:06:02	12
48.79305	2.26997	1	2009-04-28:07:06:02	12
48.79265	2.26899	1	2009-04-28:07:06:02	12
48.79234	2.26828	1	2009-04-28:07:06:02	12
48.7921	2.26757	1	2009-04-28:07:06:02	12
48.79168	2.26653	1	2009-04-28:07:06:02	12
48.7912	2.26541	1	2009-04-28:07:06:02	12
48.79077	2.26435	1	2009-04-28:07:06:02	12
48.79031	2.26322	1	2009-04-28:07:06:02	12
48.78985	2.26208	1	2009-04-28:07:06:02	12
48.78941	2.261	1	2009-04-28:07:06:02	12
48.78895	2.25993	1	2009-04-28:07:06:02	12
48.78853	2.25884	1	2009-04-28:07:06:02	12
48.78811	2.25771	1	2009-04-28:07:06:02	12
48.78761	2.2566	1	2009-04-28:07:06:02	12
48.78716	2.25558	1	2009-04-28:07:06:02	12
48.78676	2.25451	1	2009-04-28:07:06:02	12
48.78639	2.25351	1	2009-04-28:07:06:02	12
48.78597	2.25255	1	2009-04-28:07:06:02	12
48.78556	2.25147	1	2009-04-28:07:06:02	12
48.78511	2.25042	1	2009-04-28:07:06:02	12
48.78464	2.24933	1	2009-04-28:07:06:02	12
48.78419	2.24829	1	2009-04-28:07:06:02	12
48.78379	2.24715	1	2009-04-28:07:06:02	12
48.78336	2.24615	1	2009-04-28:07:06:02	12
48.78296	2.24503	1	2009-04-28:07:06:02	12
48.78251	2.24409	1	2009-04-28:07:06:02	12
48.78207	2.2431	1	2009-04-28:07:06:02	12
48.78158	2.24196	1	2009-04-28:07:06:02	12
48.78119	2.24089	1	2009-04-28:07:06:02	12
48.78075	2.2398	1	2009-04-28:07:06:02	12
48.78028	2.23871	1	2009-04-28:07:06:02	12
48.77982	2.23771	1	2009-04-28:07:06:02	12
48.77942	2.23668	1	2009-04-28:07:06:02	12
48.77899	2.2356	1	2009-04-28:07:06:02	12
48.77877	2.23506	1	2009-04-28:07:06:02	12
48.77844	2.23425	1	2009-04-28:07:06:02	12
48.77801	2.23322	1	2009-04-28:07:06:02	12
48.77756	2.23217	1	2009-04-28:07:06:02	12
48.77717	2.23099	1	2009-04-28:07:06:02	12
48.7767	2.22993	1	2009-04-28:07:06:02	12
48.77617	2.22898	1	2009-04-28:07:06:02	12
48.77535	2.22867	1	2009-04-28:07:06:02	12
48.77452	2.22878	1	2009-04-28:07:06:02	12
48.77365	2.22892	1	2009-04-28:07:06:02	12
48.77284	2.22906	1	2009-04-28:07:06:02	12
48.77209	2.22918	1	2009-04-28:07:06:02	12
48.77122	2.22928	1	2009-04-28:07:06:02	12
48.77012	2.22916	1	2009-04-28:07:06:02	12
48.76929	2.22934	1	2009-04-28:07:06:02	12
48.76845	2.22963	1	2009-04-28:07:06:02	12
48.76763	2.22972	1	2009-04-28:07:06:02	12
48.76688	2.22961	1	2009-04-28:07:06:02	12
48.76616	2.22919	1	2009-04-28:07:06:02	12
48.76557	2.2285	1	2009-04-28:07:06:02	12
48.76488	2.22772	1	2009-04-28:07:06:02	12
48.7642	2.22698	1	2009-04-28:07:06:02	12
48.76356	2.22628	1	2009-04-28:07:06:02	12
48.76301	2.22533	1	2009-04-28:07:06:02	12
48.76239	2.22454	1	2009-04-28:07:06:02	12
48.76185	2.22372	1	2009-04-28:07:06:02	12
48.76135	2.22267	1	2009-04-28:07:06:02	12
48.76068	2.22191	1	2009-04-28:07:06:02	12
48.76005	2.22115	1	2009-04-28:07:06:02	12
48.75937	2.22046	1	2009-04-28:07:06:02	12
48.75865	2.21981	1	2009-04-28:07:06:02	12
48.75794	2.2192	1	2009-04-28:07:06:02	12
48.75725	2.21864	1	2009-04-28:07:06:02	12
48.75651	2.21811	1	2009-04-28:07:06:02	12
48.75589	2.21734	1	2009-04-28:07:06:02	12
48.75544	2.2163	1	2009-04-28:07:06:02	12
48.75502	2.21522	1	2009-04-28:07:06:02	12
48.7544	2.21548	1	2009-04-28:07:06:02	12
48.75361	2.21591	1	2009-04-28:07:06:02	12
48.75288	2.21532	1	2009-04-28:07:06:02	12
48.75223	2.21452	1	2009-04-28:07:06:02	12
48.7516	2.21364	1	2009-04-28:07:06:02	12
48.75096	2.21256	1	2009-04-28:07:06:02	12
48.75053	2.21138	1	2009-04-28:07:06:02	12
48.7508	2.21022	1	2009-04-28:07:06:02	12
48.75117	2.20917	1	2009-04-28:07:06:02	12
48.75147	2.20808	1	2009-04-28:07:06:02	12
48.75178	2.20703	1	2009-04-28:07:06:02	12
48.75213	2.20587	1	2009-04-28:07:06:02	12
48.75247	2.20467	1	2009-04-28:07:06:02	12
48.75284	2.20356	1	2009-04-28:07:06:02	12
48.75324	2.20247	1	2009-04-28:07:06:02	12
48.75365	2.20129	1	2009-04-28:07:06:02	12
48.75402	2.20025	1	2009-04-28:07:06:02	12
48.75443	2.19914	1	2009-04-28:07:06:02	12
48.75484	2.19802	1	2009-04-28:07:06:02	12
48.75521	2.19695	1	2009-04-28:07:06:02	12
48.75561	2.19584	1	2009-04-28:07:06:02	12
48.75603	2.19475	1	2009-04-28:07:06:02	12
48.75644	2.19362	1	2009-04-28:07:06:02	12
48.75685	2.19249	1	2009-04-28:07:06:02	12
48.75744	2.19156	1	2009-04-28:07:06:02	12
48.75792	2.19059	1	2009-04-28:07:06:02	12
48.75805	2.19004	1	2009-04-28:07:06:02	12
48.75832	2.18887	1	2009-04-28:07:06:02	12
48.7587	2.18775	1	2009-04-28:07:06:02	12
48.75918	2.18672	1	2009-04-28:07:06:02	12
48.75976	2.18591	1	2009-04-28:07:06:02	12
48.76039	2.18513	1	2009-04-28:07:06:02	12
48.76095	2.18422	1	2009-04-28:07:06:02	12
48.76136	2.18316	1	2009-04-28:07:06:02	12
48.76162	2.18201	1	2009-04-28:07:06:02	12
48.76174	2.18088	1	2009-04-28:07:06:02	12
48.76177	2.17967	1	2009-04-28:07:06:02	12
48.76185	2.17853	1	2009-04-28:07:06:02	12
48.76229	2.17747	1	2009-04-28:07:06:02	12
48.76263	2.1764	1	2009-04-28:07:06:02	12
48.76304	2.1754	1	2009-04-28:07:06:02	12
48.76342	2.17431	1	2009-04-28:07:06:02	12
48.76366	2.17317	1	2009-04-28:07:06:02	12
48.76382	2.17199	1	2009-04-28:07:06:02	12
48.76428	2.17105	1	2009-04-28:07:06:02	12
48.7643	2.17202	1	2009-04-28:07:06:02	12
48.7641	2.17321	1	2009-04-28:07:06:02	12
48.76429	2.17436	1	2009-04-28:07:06:02	12
48.76483	2.17539	1	2009-04-28:07:06:02	12
48.76523	2.1764	1	2009-04-28:07:06:02	12
48.76536	2.17755	1	2009-04-28:07:06:02	12
48.76549	2.17879	1	2009-04-28:07:06:02	12
48.76609	2.17958	1	2009-04-28:07:06:02	12
48.76649	2.18066	1	2009-04-28:07:06:02	12
48.76644	2.18101	1	2009-04-28:07:06:02	12
48.76642	2.18102	1	2009-04-28:07:06:02	12
48.76642	2.18107	1	2009-04-28:07:06:02	12
48.76642	2.18109	1	2009-04-28:07:06:02	12
48.76639	2.18118	1	2009-04-28:07:06:02	12
48.76638	2.18126	1	2009-04-28:07:06:02	12
48.76638	2.1813	1	2009-04-28:07:06:02	12
48.76638	2.18133	1	2009-04-28:07:06:02	12
48.76638	2.18135	1	2009-04-28:07:06:02	12
48.76637	2.18137	1	2009-04-28:07:06:02	12
48.76636	2.18139	1	2009-04-28:07:06:02	12
48.76635	2.18142	1	2009-04-28:07:06:02	12
48.76634	2.18146	1	2009-04-28:07:06:02	12
48.76632	2.18149	1	2009-04-28:07:06:02	12
48.7663	2.18152	1	2009-04-28:07:06:02	12
48.76629	2.18154	1	2009-04-28:07:06:02	12
48.76628	2.18156	1	2009-04-28:07:06:02	12
48.76626	2.18158	1	2009-04-28:07:06:02	12
48.76624	2.18157	1	2009-04-28:07:06:02	12
48.76624	2.18157	1	2009-04-28:07:06:02	12
48.76615	2.18144	1	2009-04-28:07:06:02	12
48.76613	2.18145	1	2009-04-28:07:06:02	12
48.76612	2.18145	1	2009-04-28:07:06:02	12
48.76601	2.17959	1	2009-04-28:16:52:05	13
48.76531	2.17807	1	2009-04-28:16:52:05	13
48.76524	2.17635	1	2009-04-28:16:52:05	13
48.76462	2.17514	1	2009-04-28:16:52:05	13
48.76419	2.174	1	2009-04-28:16:52:05	13
48.76405	2.17263	1	2009-04-28:16:52:05	13
48.76444	2.17117	1	2009-04-28:16:52:05	13
48.76399	2.1718	1	2009-04-28:16:52:05	13
48.76371	2.17334	1	2009-04-28:16:52:05	13
48.7633	2.17482	1	2009-04-28:16:52:05	13
48.76299	2.17603	1	2009-04-28:16:52:05	13
48.76253	2.17724	1	2009-04-28:16:52:05	13
48.76201	2.17839	1	2009-04-28:16:52:05	13
48.76172	2.17938	1	2009-04-28:16:52:05	13
48.76183	2.1807	1	2009-04-28:16:52:05	13
48.76164	2.18228	1	2009-04-28:16:52:05	13
48.76118	2.18368	1	2009-04-28:16:52:05	13
48.76054	2.18491	1	2009-04-28:16:52:05	13
48.75969	2.18603	1	2009-04-28:16:52:05	13
48.75901	2.18708	1	2009-04-28:16:52:05	13
48.75866	2.18807	1	2009-04-28:16:52:05	13
48.75832	2.18915	1	2009-04-28:16:52:05	13
48.75796	2.19047	1	2009-04-28:16:52:05	13
48.7574	2.19159	1	2009-04-28:16:52:05	13
48.75681	2.19267	1	2009-04-28:16:52:05	13
48.75634	2.19401	1	2009-04-28:16:52:05	13
48.75591	2.19529	1	2009-04-28:16:52:05	13
48.75546	2.19656	1	2009-04-28:16:52:05	13
48.75497	2.19794	1	2009-04-28:16:52:05	13
48.75439	2.19937	1	2009-04-28:16:52:05	13
48.75393	2.20091	1	2009-04-28:16:52:05	13
48.75339	2.20245	1	2009-04-28:16:52:05	13
48.75294	2.20362	1	2009-04-28:16:52:05	13
48.75266	2.20434	1	2009-04-28:16:52:05	13
48.75236	2.20525	1	2009-04-28:16:52:05	13
48.752	2.20652	1	2009-04-28:16:52:05	13
48.75165	2.20761	1	2009-04-28:16:52:05	13
48.75133	2.20867	1	2009-04-28:16:52:05	13
48.75095	2.20995	1	2009-04-28:16:52:05	13
48.75062	2.21113	1	2009-04-28:16:52:05	13
48.75088	2.21237	1	2009-04-28:16:52:05	13
48.75151	2.21347	1	2009-04-28:16:52:05	13
48.75228	2.21451	1	2009-04-28:16:52:05	13
48.75297	2.21538	1	2009-04-28:16:52:05	13
48.75376	2.21587	1	2009-04-28:16:52:05	13
48.75412	2.21496	1	2009-04-28:16:52:05	13
48.75412	2.21565	1	2009-04-28:16:52:05	13
48.75495	2.21521	1	2009-04-28:16:52:05	13
48.75543	2.21633	1	2009-04-28:16:52:05	13
48.7559	2.21731	1	2009-04-28:16:52:05	13
48.75659	2.21812	1	2009-04-28:16:52:05	13
48.75736	2.21871	1	2009-04-28:16:52:05	13
48.75811	2.21923	1	2009-04-28:16:52:05	13
48.7589	2.21998	1	2009-04-28:16:52:05	13
48.75971	2.22066	1	2009-04-28:16:52:05	13
48.7604	2.22147	1	2009-04-28:16:52:05	13
48.76109	2.22236	1	2009-04-28:16:52:05	13
48.76168	2.22326	1	2009-04-28:16:52:05	13
48.76215	2.22431	1	2009-04-28:16:52:05	13
48.76287	2.225	1	2009-04-28:16:52:05	13
48.76341	2.22595	1	2009-04-28:16:52:05	13
48.76403	2.22679	1	2009-04-28:16:52:05	13
48.76476	2.22752	1	2009-04-28:16:52:05	13
48.76542	2.22827	1	2009-04-28:16:52:05	13
48.76578	2.22868	1	2009-04-28:16:52:05	13
48.7665	2.22948	1	2009-04-28:16:52:05	13
48.76684	2.2305	1	2009-04-28:16:52:05	13
48.76769	2.2303	1	2009-04-28:16:52:05	13
48.76853	2.23023	1	2009-04-28:16:52:05	13
48.76934	2.23033	1	2009-04-28:16:52:05	13
48.77012	2.23007	1	2009-04-28:16:52:05	13
48.77087	2.22961	1	2009-04-28:16:52:05	13
48.77168	2.22934	1	2009-04-28:16:52:05	13
48.77248	2.22924	1	2009-04-28:16:52:05	13
48.77327	2.22913	1	2009-04-28:16:52:05	13
48.77409	2.22901	1	2009-04-28:16:52:05	13
48.77493	2.22885	1	2009-04-28:16:52:05	13
48.77574	2.22885	1	2009-04-28:16:52:05	13
48.77638	2.22964	1	2009-04-28:16:52:05	13
48.77677	2.23074	1	2009-04-28:16:52:05	13
48.77731	2.23173	1	2009-04-28:16:52:05	13
48.77777	2.23276	1	2009-04-28:16:52:05	13
48.77821	2.23386	1	2009-04-28:16:52:05	13
48.77861	2.23494	1	2009-04-28:16:52:05	13
48.77905	2.23604	1	2009-04-28:16:52:05	13
48.77951	2.23704	1	2009-04-28:16:52:05	13
48.77995	2.23807	1	2009-04-28:16:52:05	13
48.78035	2.23921	1	2009-04-28:16:52:05	13
48.78083	2.24032	1	2009-04-28:16:52:05	13
48.78126	2.24137	1	2009-04-28:16:52:05	13
48.7817	2.24241	1	2009-04-28:16:52:05	13
48.78215	2.24342	1	2009-04-28:16:52:05	13
48.78257	2.24451	1	2009-04-28:16:52:05	13
48.78299	2.24559	1	2009-04-28:16:52:05	13
48.78341	2.24668	1	2009-04-28:16:52:05	13
48.78386	2.24773	1	2009-04-28:16:52:05	13
48.7843	2.24877	1	2009-04-28:16:52:05	13
48.78474	2.24978	1	2009-04-28:16:52:05	13
48.78516	2.25082	1	2009-04-28:16:52:05	13
48.78558	2.252	1	2009-04-28:16:52:05	13
48.786	2.25306	1	2009-04-28:16:52:05	13
48.78642	2.25408	1	2009-04-28:16:52:05	13
48.78689	2.25512	1	2009-04-28:16:52:05	13
48.78731	2.25613	1	2009-04-28:16:52:05	13
48.78775	2.25722	1	2009-04-28:16:52:05	13
48.78818	2.25832	1	2009-04-28:16:52:05	13
48.78863	2.25934	1	2009-04-28:16:52:05	13
48.78907	2.26046	1	2009-04-28:16:52:05	13
48.78954	2.26156	1	2009-04-28:16:52:05	13
48.78996	2.26274	1	2009-04-28:16:52:05	13
48.79043	2.2638	1	2009-04-28:16:52:05	13
48.79088	2.2649	1	2009-04-28:16:52:05	13
48.79134	2.26594	1	2009-04-28:16:52:05	13
48.79177	2.26705	1	2009-04-28:16:52:05	13
48.7922	2.26811	1	2009-04-28:16:52:05	13
48.79263	2.26908	1	2009-04-28:16:52:05	13
48.79304	2.27009	1	2009-04-28:16:52:05	13
48.79353	2.2711	1	2009-04-28:16:52:05	13
48.79405	2.27207	1	2009-04-28:16:52:05	13
48.79463	2.27305	1	2009-04-28:16:52:05	13
48.79515	2.27398	1	2009-04-28:16:52:05	13
48.7957	2.27491	1	2009-04-28:16:52:05	13
48.79621	2.27584	1	2009-04-28:16:52:05	13
48.79681	2.27683	1	2009-04-28:16:52:05	13
48.7974	2.27786	1	2009-04-28:16:52:05	13
48.798	2.27882	1	2009-04-28:16:52:05	13
48.79855	2.27978	1	2009-04-28:16:52:05	13
48.79884	2.28029	1	2009-04-28:16:52:05	13
48.79913	2.28079	1	2009-04-28:16:52:05	13
48.7994	2.28135	1	2009-04-28:16:52:05	13
48.79995	2.2822	1	2009-04-28:16:52:05	13
48.80049	2.28315	1	2009-04-28:16:52:05	13
48.80101	2.28405	1	2009-04-28:16:52:05	13
48.80155	2.28487	1	2009-04-28:16:52:05	13
48.80209	2.28572	1	2009-04-28:16:52:05	13
48.80259	2.28658	1	2009-04-28:16:52:05	13
48.80314	2.28745	1	2009-04-28:16:52:05	13
48.80373	2.28825	1	2009-04-28:16:52:05	13
48.80427	2.28922	1	2009-04-28:16:52:05	13
48.80482	2.29013	1	2009-04-28:16:52:05	13
48.80546	2.29099	1	2009-04-28:16:52:05	13
48.80595	2.29188	1	2009-04-28:16:52:05	13
48.8065	2.29274	1	2009-04-28:16:52:05	13
48.80697	2.29372	1	2009-04-28:16:52:05	13
48.80748	2.29473	1	2009-04-28:16:52:05	13
48.80802	2.29562	1	2009-04-28:16:52:05	13
48.80852	2.29658	1	2009-04-28:16:52:05	13
48.80908	2.29742	1	2009-04-28:16:52:05	13
48.80964	2.29827	1	2009-04-28:16:52:05	13
48.81028	2.29907	1	2009-04-28:16:52:05	13
48.81096	2.29978	1	2009-04-28:16:52:05	13
48.81156	2.30045	1	2009-04-28:16:52:05	13
48.81192	2.30123	1	2009-04-28:16:52:05	13
48.81137	2.30206	1	2009-04-28:16:52:05	13
48.81139	2.30304	1	2009-04-28:16:52:05	13
48.81191	2.30389	1	2009-04-28:16:52:05	13
48.81245	2.3048	1	2009-04-28:16:52:05	13
48.81297	2.30581	1	2009-04-28:16:52:05	13
48.8135	2.30678	1	2009-04-28:16:52:05	13
48.81415	2.3076	1	2009-04-28:16:52:05	13
48.8146	2.30863	1	2009-04-28:16:52:05	13
48.81513	2.30956	1	2009-04-28:16:52:05	13
48.81566	2.31049	1	2009-04-28:16:52:05	13
48.81609	2.31144	1	2009-04-28:16:52:05	13
48.81647	2.31256	1	2009-04-28:16:52:05	13
48.81679	2.3137	1	2009-04-28:16:52:05	13
48.81718	2.31486	1	2009-04-28:16:52:05	13
48.81751	2.31597	1	2009-04-28:16:52:05	13
48.81784	2.31705	1	2009-04-28:16:52:05	13
48.81815	2.31816	1	2009-04-28:16:52:05	13
48.81847	2.3193	1	2009-04-28:16:52:05	13
48.81839	2.32052	1	2009-04-28:16:52:05	13
48.81827	2.32177	1	2009-04-28:16:52:05	13
48.81795	2.32252	1	2009-04-28:16:52:05	13
48.81822	2.32236	1	2009-04-28:16:52:05	13
48.81802	2.323	1	2009-04-28:16:52:05	13
48.81786	2.32417	1	2009-04-28:16:52:05	13
48.81774	2.32542	1	2009-04-28:16:52:05	13
48.81752	2.32656	1	2009-04-28:16:52:05	13
48.81751	2.32778	1	2009-04-28:16:52:05	13
48.81737	2.32901	1	2009-04-28:16:52:05	13
48.81731	2.33022	1	2009-04-28:16:52:05	13
48.817	2.33139	1	2009-04-28:16:52:05	13
48.81733	2.33231	1	2009-04-28:16:52:05	13
48.81856	2.33274	1	2009-04-28:16:52:05	13
48.81928	2.33328	1	2009-04-28:16:52:05	13
48.82005	2.33375	1	2009-04-28:16:52:05	13
48.82082	2.33415	1	2009-04-28:16:52:05	13
48.82106	2.33509	1	2009-04-28:16:52:05	13
48.82078	2.33623	1	2009-04-28:16:52:05	13
48.82053	2.33739	1	2009-04-28:16:52:05	13
48.82023	2.33855	1	2009-04-28:16:52:05	13
48.8201	2.33912	1	2009-04-28:16:52:05	13
48.8201	2.33917	1	2009-04-28:16:52:05	13
48.82009	2.33922	1	2009-04-28:16:52:05	13
48.82008	2.33928	1	2009-04-28:16:52:05	13
48.82007	2.33933	1	2009-04-28:16:52:05	13
48.82005	2.33938	1	2009-04-28:16:52:05	13
48.82003	2.33944	1	2009-04-28:16:52:05	13
48.82001	2.33949	1	2009-04-28:16:52:05	13
48.81998	2.33953	1	2009-04-28:16:52:05	13
48.81995	2.33958	1	2009-04-28:16:52:05	13
48.8199	2.33967	1	2009-04-28:16:52:05	13
48.81992	2.33969	1	2009-04-28:16:52:05	13
48.8199	2.3397	1	2009-04-28:16:52:05	13
48.81989	2.33972	1	2009-04-28:16:52:05	13
48.81989	2.33974	1	2009-04-28:16:52:05	13
48.81989	2.33976	1	2009-04-28:16:52:05	13
48.81991	2.33976	1	2009-04-28:16:52:05	13
48.81991	2.33978	1	2009-04-28:16:52:05	13
48.81995	2.33979	1	2009-04-28:16:52:05	13
48.81998	2.3398	1	2009-04-28:16:52:05	13
48.82	2.33981	1	2009-04-28:16:52:05	13
48.82002	2.33981	1	2009-04-28:16:52:05	13
48.81906	2.34173	1	2009-04-28:16:52:05	13
48.84757	2.35756	1	2009-04-29:09:00:28	14
48.84681	2.36054	1	2009-04-29:09:00:28	14
48.84561	2.36266	1	2009-04-29:09:00:28	14
48.84404	2.36409	1	2009-04-29:09:00:28	14
48.84223	2.36376	1	2009-04-29:09:00:28	14
48.84075	2.36246	1	2009-04-29:09:00:28	14
48.83915	2.36118	1	2009-04-29:09:00:28	14
48.83752	2.36008	1	2009-04-29:09:00:28	14
48.83589	2.35897	1	2009-04-29:09:00:28	14
48.83435	2.35771	1	2009-04-29:09:00:28	14
48.83284	2.35674	1	2009-04-29:09:00:28	14
48.83165	2.35493	1	2009-04-29:09:00:28	14
48.83064	2.3526	1	2009-04-29:09:00:28	14
48.82983	2.34955	1	2009-04-29:09:00:28	14
48.83037	2.34678	1	2009-04-29:09:00:28	14
48.83122	2.3442	1	2009-04-29:09:00:28	14
48.83171	2.34203	1	2009-04-29:09:00:28	14
48.83216	2.34042	1	2009-04-29:09:00:28	14
48.83275	2.33804	1	2009-04-29:09:00:28	14
48.83326	2.33597	1	2009-04-29:09:00:28	14
48.83157	2.33516	1	2009-04-29:09:00:28	14
48.8303	2.33374	1	2009-04-29:09:00:28	14
48.83016	2.33127	1	2009-04-29:09:00:28	14
48.82967	2.32925	1	2009-04-29:09:00:28	14
48.82876	2.32772	1	2009-04-29:09:00:28	14
48.82758	2.32611	1	2009-04-29:09:00:28	14
48.82661	2.32394	1	2009-04-29:09:00:28	14
48.82557	2.32186	1	2009-04-29:09:00:28	14
48.82505	2.32048	1	2009-04-29:09:00:28	14
48.82437	2.31883	1	2009-04-29:09:00:28	14
48.8235	2.3166	1	2009-04-29:09:00:28	14
48.82257	2.31439	1	2009-04-29:09:00:28	14
48.82152	2.31316	1	2009-04-29:09:00:28	14
48.82045	2.3117	1	2009-04-29:09:00:28	14
48.81933	2.3102	1	2009-04-29:09:00:28	14
48.81814	2.30861	1	2009-04-29:09:00:28	14
48.81696	2.307	1	2009-04-29:09:00:28	14
48.81578	2.30537	1	2009-04-29:09:00:28	14
48.8146	2.30375	1	2009-04-29:09:00:28	14
48.81339	2.3022	1	2009-04-29:09:00:28	14
48.81212	2.30082	1	2009-04-29:09:00:28	14
48.81061	2.29938	1	2009-04-29:09:00:28	14
48.80929	2.29788	1	2009-04-29:09:00:28	14
48.80818	2.29609	1	2009-04-29:09:00:28	14
48.80725	2.29427	1	2009-04-29:09:00:28	14
48.80628	2.29238	1	2009-04-29:09:00:28	14
48.80524	2.29055	1	2009-04-29:09:00:28	14
48.80416	2.28878	1	2009-04-29:09:00:28	14
48.80534	2.28711	1	2009-04-29:09:00:28	14
48.80671	2.28565	1	2009-04-29:09:00:28	14
48.80814	2.28434	1	2009-04-29:09:00:28	14
48.80879	2.28359	1	2009-04-29:09:00:28	14
48.80745	2.28506	1	2009-04-29:09:00:28	14
48.80606	2.28637	1	2009-04-29:09:00:28	14
48.80475	2.28772	1	2009-04-29:09:00:28	14
48.80354	2.28798	1	2009-04-29:09:00:28	14
48.80235	2.28619	1	2009-04-29:09:00:28	14
48.80127	2.28423	1	2009-04-29:09:00:28	14
48.80021	2.28245	1	2009-04-29:09:00:28	14
48.79918	2.28064	1	2009-04-29:09:00:28	14
48.79815	2.27881	1	2009-04-29:09:00:28	14
48.79707	2.27701	1	2009-04-29:09:00:28	14
48.79601	2.27518	1	2009-04-29:09:00:28	14
48.79493	2.27336	1	2009-04-29:09:00:28	14
48.79385	2.27155	1	2009-04-29:09:00:28	14
48.79291	2.26962	1	2009-04-29:09:00:28	14
48.79206	2.26754	1	2009-04-29:09:00:28	14
48.7912	2.26548	1	2009-04-29:09:00:28	14
48.79035	2.26333	1	2009-04-29:09:00:28	14
48.78947	2.26125	1	2009-04-29:09:00:28	14
48.78862	2.25919	1	2009-04-29:09:00:28	14
48.78775	2.25705	1	2009-04-29:09:00:28	14
48.78693	2.25504	1	2009-04-29:09:00:28	14
48.78614	2.25295	1	2009-04-29:09:00:28	14
48.78526	2.25088	1	2009-04-29:09:00:28	14
48.7844	2.24886	1	2009-04-29:09:00:28	14
48.78357	2.24667	1	2009-04-29:09:00:28	14
48.78266	2.24461	1	2009-04-29:09:00:28	14
48.78185	2.24248	1	2009-04-29:09:00:28	14
48.78098	2.2404	1	2009-04-29:09:00:28	14
48.7802	2.23848	1	2009-04-29:09:00:28	14
48.77931	2.23637	1	2009-04-29:09:00:28	14
48.77845	2.23429	1	2009-04-29:09:00:28	14
48.7776	2.23225	1	2009-04-29:09:00:28	14
48.77684	2.2301	1	2009-04-29:09:00:28	14
48.77557	2.22869	1	2009-04-29:09:00:28	14
48.77404	2.22882	1	2009-04-29:09:00:28	14
48.77246	2.22906	1	2009-04-29:09:00:28	14
48.77086	2.22919	1	2009-04-29:09:00:28	14
48.76927	2.22929	1	2009-04-29:09:00:28	14
48.76773	2.22966	1	2009-04-29:09:00:28	14
48.76622	2.22926	1	2009-04-29:09:00:28	14
48.76497	2.22779	1	2009-04-29:09:00:28	14
48.76371	2.22643	1	2009-04-29:09:00:28	14
48.76264	2.22471	1	2009-04-29:09:00:28	14
48.76154	2.22306	1	2009-04-29:09:00:28	14
48.76024	2.22138	1	2009-04-29:09:00:28	14
48.75894	2.22006	1	2009-04-29:09:00:28	14
48.75747	2.21885	1	2009-04-29:09:00:28	14
48.75607	2.21769	1	2009-04-29:09:00:28	14
48.75511	2.2158	1	2009-04-29:09:00:28	14
48.754	2.21575	1	2009-04-29:09:00:28	14
48.75257	2.21498	1	2009-04-29:09:00:28	14
48.7514	2.21334	1	2009-04-29:09:00:28	14
48.75055	2.21116	1	2009-04-29:09:00:28	14
48.75123	2.20887	1	2009-04-29:09:00:28	14
48.75189	2.20669	1	2009-04-29:09:00:28	14
48.75253	2.20445	1	2009-04-29:09:00:28	14
48.75325	2.20227	1	2009-04-29:09:00:28	14
48.75407	2.20017	1	2009-04-29:09:00:28	14
48.75484	2.19808	1	2009-04-29:09:00:28	14
48.75561	2.19592	1	2009-04-29:09:00:28	14
48.75639	2.19377	1	2009-04-29:09:00:28	14
48.75731	2.19182	1	2009-04-29:09:00:28	14
48.75814	2.1898	1	2009-04-29:09:00:28	14
48.75878	2.18762	1	2009-04-29:09:00:28	14
48.75983	2.18586	1	2009-04-29:09:00:28	14
48.76097	2.1842	1	2009-04-29:09:00:28	14
48.76164	2.18206	1	2009-04-29:09:00:28	14
48.76176	2.17968	1	2009-04-29:09:00:28	14
48.76233	2.17744	1	2009-04-29:09:00:28	14
48.76307	2.17539	1	2009-04-29:09:00:28	14
48.76364	2.17321	1	2009-04-29:09:00:28	14
48.76427	2.1712	1	2009-04-29:09:00:28	14
48.76405	2.17307	1	2009-04-29:09:00:28	14
48.76476	2.17536	1	2009-04-29:09:00:28	14
48.76596	2.17855	1	2009-04-29:09:00:28	14
48.76641	2.18028	1	2009-04-29:09:00:28	14
48.76641	2.18032	1	2009-04-29:09:00:28	14
48.76642	2.18037	1	2009-04-29:09:00:28	14
48.76643	2.18041	1	2009-04-29:09:00:28	14
48.76643	2.18045	1	2009-04-29:09:00:28	14
48.76643	2.18049	1	2009-04-29:09:00:28	14
48.76643	2.18053	1	2009-04-29:09:00:28	14
48.76643	2.18064	1	2009-04-29:09:00:28	14
48.76644	2.18069	1	2009-04-29:09:00:28	14
48.76645	2.18073	1	2009-04-29:09:00:28	14
48.76646	2.18075	1	2009-04-29:09:00:28	14
48.76648	2.18076	1	2009-04-29:09:00:28	14
48.76649	2.18079	1	2009-04-29:09:00:28	14
48.76649	2.18083	1	2009-04-29:09:00:28	14
48.76649	2.18086	1	2009-04-29:09:00:28	14
48.76649	2.18089	1	2009-04-29:09:00:28	14
48.76649	2.18093	1	2009-04-29:09:00:28	14
48.76648	2.18097	1	2009-04-29:09:00:28	14
48.76648	2.18101	1	2009-04-29:09:00:28	14
48.76649	2.18103	1	2009-04-29:09:00:28	14
48.76649	2.18105	1	2009-04-29:09:00:28	14
48.7665	2.18107	1	2009-04-29:09:00:28	14
48.76649	2.18112	1	2009-04-29:09:00:28	14
48.75713	2.19218	1	2009-04-29:16:24:31	15
48.75647	2.19375	1	2009-04-29:16:24:31	15
48.75595	2.19522	1	2009-04-29:16:24:31	15
48.75544	2.1967	1	2009-04-29:16:24:31	15
48.7549	2.19826	1	2009-04-29:16:24:31	15
48.75445	2.19969	1	2009-04-29:16:24:31	15
48.7539	2.20069	1	2009-04-29:16:24:31	15
48.75334	2.20209	1	2009-04-29:16:24:31	15
48.75281	2.20338	1	2009-04-29:16:24:31	15
48.7524	2.20471	1	2009-04-29:16:24:31	15
48.75212	2.20591	1	2009-04-29:16:24:31	15
48.75171	2.20721	1	2009-04-29:16:24:31	15
48.75129	2.20857	1	2009-04-29:16:24:31	15
48.75091	2.20986	1	2009-04-29:16:24:31	15
48.7505	2.21116	1	2009-04-29:16:24:31	15
48.75081	2.21245	1	2009-04-29:16:24:31	15
48.75153	2.2136	1	2009-04-29:16:24:31	15
48.75226	2.21452	1	2009-04-29:16:24:31	15
48.75299	2.21539	1	2009-04-29:16:24:31	15
48.75379	2.21583	1	2009-04-29:16:24:31	15
48.75461	2.21532	1	2009-04-29:16:24:31	15
48.75527	2.21594	1	2009-04-29:16:24:31	15
48.75581	2.21718	1	2009-04-29:16:24:31	15
48.75651	2.21805	1	2009-04-29:16:24:31	15
48.75726	2.21869	1	2009-04-29:16:24:31	15
48.75803	2.21929	1	2009-04-29:16:24:31	15
48.75884	2.21997	1	2009-04-29:16:24:31	15
48.7597	2.22074	1	2009-04-29:16:24:31	15
48.76048	2.22165	1	2009-04-29:16:24:31	15
48.76115	2.22252	1	2009-04-29:16:24:31	15
48.76171	2.22357	1	2009-04-29:16:24:31	15
48.76243	2.22455	1	2009-04-29:16:24:31	15
48.76296	2.22523	1	2009-04-29:16:24:31	15
48.76332	2.22588	1	2009-04-29:16:24:31	15
48.76396	2.2267	1	2009-04-29:16:24:31	15
48.76466	2.22744	1	2009-04-29:16:24:31	15
48.76534	2.22817	1	2009-04-29:16:24:31	15
48.76603	2.22894	1	2009-04-29:16:24:31	15
48.76654	2.2299	1	2009-04-29:16:24:31	15
48.76706	2.23042	1	2009-04-29:16:24:31	15
48.76795	2.23029	1	2009-04-29:16:24:31	15
48.76883	2.2303	1	2009-04-29:16:24:31	15
48.76969	2.23019	1	2009-04-29:16:24:31	15
48.77046	2.22991	1	2009-04-29:16:24:31	15
48.77121	2.2295	1	2009-04-29:16:24:31	15
48.77208	2.22927	1	2009-04-29:16:24:31	15
48.77285	2.22914	1	2009-04-29:16:24:31	15
48.7737	2.22901	1	2009-04-29:16:24:31	15
48.77451	2.22892	1	2009-04-29:16:24:31	15
48.77542	2.22886	1	2009-04-29:16:24:31	15
48.77624	2.22935	1	2009-04-29:16:24:31	15
48.77665	2.2306	1	2009-04-29:16:24:31	15
48.77726	2.23164	1	2009-04-29:16:24:31	15
48.77773	2.23271	1	2009-04-29:16:24:31	15
48.77819	2.2339	1	2009-04-29:16:24:31	15
48.77861	2.23509	1	2009-04-29:16:24:31	15
48.77907	2.23615	1	2009-04-29:16:24:31	15
48.77955	2.23724	1	2009-04-29:16:24:31	15
48.77999	2.23827	1	2009-04-29:16:24:31	15
48.78043	2.23952	1	2009-04-29:16:24:31	15
48.7809	2.24058	1	2009-04-29:16:24:31	15
48.7814	2.24173	1	2009-04-29:16:24:31	15
48.78183	2.24284	1	2009-04-29:16:24:31	15
48.78228	2.24393	1	2009-04-29:16:24:31	15
48.78252	2.24452	1	2009-04-29:16:24:31	15
48.78272	2.24504	1	2009-04-29:16:24:31	15
48.78314	2.24611	1	2009-04-29:16:24:31	15
48.78361	2.24722	1	2009-04-29:16:24:31	15
48.78405	2.24828	1	2009-04-29:16:24:31	15
48.78457	2.24926	1	2009-04-29:16:24:31	15
48.78496	2.25033	1	2009-04-29:16:24:31	15
48.78538	2.25144	1	2009-04-29:16:24:31	15
48.78575	2.2525	1	2009-04-29:16:24:31	15
48.78619	2.25358	1	2009-04-29:16:24:31	15
48.78666	2.25465	1	2009-04-29:16:24:31	15
48.7871	2.25571	1	2009-04-29:16:24:31	15
48.78756	2.25679	1	2009-04-29:16:24:31	15
48.788	2.25783	1	2009-04-29:16:24:31	15
48.78845	2.25894	1	2009-04-29:16:24:31	15
48.78887	2.26004	1	2009-04-29:16:24:31	15
48.78931	2.26112	1	2009-04-29:16:24:31	15
48.78973	2.26222	1	2009-04-29:16:24:31	15
48.79018	2.26332	1	2009-04-29:16:24:31	15
48.79064	2.26437	1	2009-04-29:16:24:31	15
48.79109	2.26548	1	2009-04-29:16:24:31	15
48.79152	2.26652	1	2009-04-29:16:24:31	15
48.79194	2.26753	1	2009-04-29:16:24:31	15
48.79237	2.26859	1	2009-04-29:16:24:31	15
48.79283	2.26967	1	2009-04-29:16:24:31	15
48.79331	2.27072	1	2009-04-29:16:24:31	15
48.79386	2.27179	1	2009-04-29:16:24:31	15
48.7944	2.27273	1	2009-04-29:16:24:31	15
48.79495	2.27362	1	2009-04-29:16:24:31	15
48.7955	2.27452	1	2009-04-29:16:24:31	15
48.79602	2.27544	1	2009-04-29:16:24:31	15
48.7965	2.27641	1	2009-04-29:16:24:31	15
48.79711	2.27732	1	2009-04-29:16:24:31	15
48.79768	2.27828	1	2009-04-29:16:24:31	15
48.79826	2.27927	1	2009-04-29:16:24:31	15
48.79888	2.28032	1	2009-04-29:16:24:31	15
48.79943	2.28133	1	2009-04-29:16:24:31	15
48.80004	2.28232	1	2009-04-29:16:24:31	15
48.80062	2.2834	1	2009-04-29:16:24:31	15
48.80121	2.28432	1	2009-04-29:16:24:31	15
48.80186	2.28527	1	2009-04-29:16:24:31	15
48.80238	2.28611	1	2009-04-29:16:24:31	15
48.80297	2.28702	1	2009-04-29:16:24:31	15
48.80358	2.288	1	2009-04-29:16:24:31	15
48.80409	2.28897	1	2009-04-29:16:24:31	15
48.80468	2.28987	1	2009-04-29:16:24:31	15
48.80529	2.29071	1	2009-04-29:16:24:31	15
48.80586	2.2916	1	2009-04-29:16:24:31	15
48.80637	2.29255	1	2009-04-29:16:24:31	15
48.80686	2.29356	1	2009-04-29:16:24:31	15
48.80742	2.29448	1	2009-04-29:16:24:31	15
48.80794	2.29547	1	2009-04-29:16:24:31	15
48.80852	2.29628	1	2009-04-29:16:24:31	15
48.80891	2.2972	1	2009-04-29:16:24:31	15
48.80939	2.29822	1	2009-04-29:16:24:31	15
48.81011	2.2989	1	2009-04-29:16:24:31	15
48.81079	2.2996	1	2009-04-29:16:24:31	15
48.8114	2.30034	1	2009-04-29:16:24:31	15
48.81171	2.30133	1	2009-04-29:16:24:31	15
48.81116	2.30231	1	2009-04-29:16:24:31	15
48.81159	2.3033	1	2009-04-29:16:24:31	15
48.81213	2.30425	1	2009-04-29:16:24:31	15
48.81267	2.30525	1	2009-04-29:16:24:31	15
48.81293	2.30569	1	2009-04-29:16:24:31	15
48.8135	2.30651	1	2009-04-29:16:24:31	15
48.81399	2.30743	1	2009-04-29:16:24:31	15
48.81449	2.3084	1	2009-04-29:16:24:31	15
48.81504	2.30929	1	2009-04-29:16:24:31	15
48.81551	2.31025	1	2009-04-29:16:24:31	15
48.81606	2.31111	1	2009-04-29:16:24:31	15
48.81635	2.31213	1	2009-04-29:16:24:31	15
48.81663	2.31311	1	2009-04-29:16:24:31	15
48.81698	2.31424	1	2009-04-29:16:24:31	15
48.81733	2.31539	1	2009-04-29:16:24:31	15
48.81771	2.31648	1	2009-04-29:16:24:31	15
48.81802	2.31753	1	2009-04-29:16:24:31	15
48.81836	2.31862	1	2009-04-29:16:24:31	15
48.81851	2.31972	1	2009-04-29:16:24:31	15
48.81836	2.32088	1	2009-04-29:16:24:31	15
48.81811	2.32206	1	2009-04-29:16:24:31	15
48.81805	2.3232	1	2009-04-29:16:24:31	15
48.8178	2.32432	1	2009-04-29:16:24:31	15
48.81771	2.32549	1	2009-04-29:16:24:31	15
48.81758	2.32673	1	2009-04-29:16:24:31	15
48.81743	2.32793	1	2009-04-29:16:24:31	15
48.81722	2.32904	1	2009-04-29:16:24:31	15
48.81716	2.33024	1	2009-04-29:16:24:31	15
48.81708	2.33142	1	2009-04-29:16:24:31	15
48.81737	2.33234	1	2009-04-29:16:24:31	15
48.8187	2.3329	1	2009-04-29:16:24:31	15
48.81919	2.33336	1	2009-04-29:16:24:31	15
48.81791	2.33281	1	2009-04-29:16:24:31	15
48.81723	2.3323	1	2009-04-29:16:24:31	15
48.81779	2.33241	1	2009-04-29:16:24:31	15
48.81862	2.33287	1	2009-04-29:16:24:31	15
48.81932	2.33338	1	2009-04-29:16:24:31	15
48.82007	2.33375	1	2009-04-29:16:24:31	15
48.82083	2.33414	1	2009-04-29:16:24:31	15
48.82095	2.33507	1	2009-04-29:16:24:31	15
48.82071	2.33629	1	2009-04-29:16:24:31	15
48.82045	2.33736	1	2009-04-29:16:24:31	15
48.82022	2.33844	1	2009-04-29:16:24:31	15
48.8202	2.33849	1	2009-04-29:16:24:31	15
48.82019	2.33855	1	2009-04-29:16:24:31	15
48.82017	2.33861	1	2009-04-29:16:24:31	15
48.82016	2.33868	1	2009-04-29:16:24:31	15
48.82014	2.33873	1	2009-04-29:16:24:31	15
48.82013	2.3388	1	2009-04-29:16:24:31	15
48.82011	2.33887	1	2009-04-29:16:24:31	15
48.8201	2.33894	1	2009-04-29:16:24:31	15
48.82008	2.33901	1	2009-04-29:16:24:31	15
48.82007	2.33909	1	2009-04-29:16:24:31	15
48.82005	2.33917	1	2009-04-29:16:24:31	15
48.82004	2.33924	1	2009-04-29:16:24:31	15
48.82002	2.33933	1	2009-04-29:16:24:31	15
48.82001	2.33941	1	2009-04-29:16:24:31	15
48.81999	2.3395	1	2009-04-29:16:24:31	15
48.81997	2.33958	1	2009-04-29:16:24:31	15
48.81996	2.33965	1	2009-04-29:16:24:31	15
48.81994	2.33971	1	2009-04-29:16:24:31	15
48.81992	2.33975	1	2009-04-29:16:24:31	15
48.81991	2.33977	1	2009-04-29:16:24:31	15
48.81991	2.3398	1	2009-04-29:16:24:31	15
48.8199	2.33981	1	2009-04-29:16:24:31	15
48.81439	2.30785	1	2009-04-29:17:49:15	16
48.8135	2.3069	1	2009-04-29:17:49:15	16
48.81294	2.30585	1	2009-04-29:17:49:15	16
48.81227	2.30484	1	2009-04-29:17:49:15	16
48.81185	2.30379	1	2009-04-29:17:49:15	16
48.81118	2.30277	1	2009-04-29:17:49:15	16
48.81158	2.30168	1	2009-04-29:17:49:15	16
48.81166	2.30063	1	2009-04-29:17:49:15	16
48.81117	2.29992	1	2009-04-29:17:49:15	16
48.8105	2.29902	1	2009-04-29:17:49:15	16
48.80969	2.29839	1	2009-04-29:17:49:15	16
48.80914	2.29733	1	2009-04-29:17:49:15	16
48.80845	2.29645	1	2009-04-29:17:49:15	16
48.80777	2.29572	1	2009-04-29:17:49:15	16
48.8071	2.29485	1	2009-04-29:17:49:15	16
48.80676	2.29359	1	2009-04-29:17:49:15	16
48.80629	2.29241	1	2009-04-29:17:49:15	16
48.80572	2.29133	1	2009-04-29:17:49:15	16
48.80511	2.29033	1	2009-04-29:17:49:15	16
48.80447	2.28937	1	2009-04-29:17:49:15	16
48.80382	2.28836	1	2009-04-29:17:49:15	16
48.80319	2.28753	1	2009-04-29:17:49:15	16
48.80257	2.28653	1	2009-04-29:17:49:15	16
48.80197	2.2855	1	2009-04-29:17:49:15	16
48.80131	2.28448	1	2009-04-29:17:49:15	16
48.80076	2.28333	1	2009-04-29:17:49:15	16
48.80003	2.28237	1	2009-04-29:17:49:15	16
48.79946	2.28129	1	2009-04-29:17:49:15	16
48.79885	2.2802	1	2009-04-29:17:49:15	16
48.79818	2.27923	1	2009-04-29:17:49:15	16
48.79756	2.27811	1	2009-04-29:17:49:15	16
48.79698	2.27706	1	2009-04-29:17:49:15	16
48.79643	2.27637	1	2009-04-29:17:49:15	16
48.79598	2.27549	1	2009-04-29:17:49:15	16
48.79546	2.27448	1	2009-04-29:17:49:15	16
48.7949	2.27347	1	2009-04-29:17:49:15	16
48.79437	2.2724	1	2009-04-29:17:49:15	16
48.79378	2.27156	1	2009-04-29:17:49:15	16
48.79328	2.27057	1	2009-04-29:17:49:15	16
48.79281	2.26953	1	2009-04-29:17:49:15	16
48.79237	2.26849	1	2009-04-29:17:49:15	16
48.79194	2.26744	1	2009-04-29:17:49:15	16
48.79147	2.26632	1	2009-04-29:17:49:15	16
48.79106	2.26523	1	2009-04-29:17:49:15	16
48.79061	2.26412	1	2009-04-29:17:49:15	16
48.79017	2.26301	1	2009-04-29:17:49:15	16
48.78972	2.26189	1	2009-04-29:17:49:15	16
48.78927	2.26076	1	2009-04-29:17:49:15	16
48.78883	2.25972	1	2009-04-29:17:49:15	16
48.78835	2.25867	1	2009-04-29:17:49:15	16
48.78792	2.25751	1	2009-04-29:17:49:15	16
48.78749	2.25641	1	2009-04-29:17:49:15	16
48.78702	2.25531	1	2009-04-29:17:49:15	16
48.78658	2.2542	1	2009-04-29:17:49:15	16
48.78618	2.25318	1	2009-04-29:17:49:15	16
48.7857	2.2521	1	2009-04-29:17:49:15	16
48.78601	2.25309	1	2009-04-29:17:49:15	16
48.78642	2.25416	1	2009-04-29:17:49:15	16
48.78681	2.25531	1	2009-04-29:17:49:15	16
48.78688	2.25545	1	2009-04-29:17:49:15	16
48.7874	2.25648	1	2009-04-29:17:49:15	16
48.78786	2.25756	1	2009-04-29:17:49:15	16
48.78832	2.25863	1	2009-04-29:17:49:15	16
48.78873	2.25975	1	2009-04-29:17:49:15	16
48.78896	2.26026	1	2009-04-29:17:49:15	16
48.78938	2.26105	1	2009-04-29:17:49:15	16
48.78977	2.26224	1	2009-04-29:17:49:15	16
48.79022	2.26321	1	2009-04-29:17:49:15	16
48.79063	2.26434	1	2009-04-29:17:49:15	16
48.79108	2.26532	1	2009-04-29:17:49:15	16
48.79151	2.2663	1	2009-04-29:17:49:15	16
48.7919	2.26732	1	2009-04-29:17:49:15	16
48.79237	2.26838	1	2009-04-29:17:49:15	16
48.7928	2.26948	1	2009-04-29:17:49:15	16
48.79322	2.27047	1	2009-04-29:17:49:15	16
48.79368	2.27151	1	2009-04-29:17:49:15	16
48.79426	2.27243	1	2009-04-29:17:49:15	16
48.7948	2.27337	1	2009-04-29:17:49:15	16
48.79536	2.27432	1	2009-04-29:17:49:15	16
48.796	2.27523	1	2009-04-29:17:49:15	16
48.79655	2.27628	1	2009-04-29:17:49:15	16
48.7971	2.27706	1	2009-04-29:17:49:15	16
48.79769	2.27802	1	2009-04-29:17:49:15	16
48.79823	2.27895	1	2009-04-29:17:49:15	16
48.79874	2.28	1	2009-04-29:17:49:15	16
48.79932	2.28104	1	2009-04-29:17:49:15	16
48.79982	2.28196	1	2009-04-29:17:49:15	16
48.80038	2.28289	1	2009-04-29:17:49:15	16
48.80088	2.28399	1	2009-04-29:17:49:15	16
48.80153	2.28484	1	2009-04-29:17:49:15	16
48.80216	2.28577	1	2009-04-29:17:49:15	16
48.80278	2.2866	1	2009-04-29:17:49:15	16
48.80336	2.28758	1	2009-04-29:17:49:15	16
48.80389	2.28845	1	2009-04-29:17:49:15	16
48.80448	2.28927	1	2009-04-29:17:49:15	16
48.80501	2.29023	1	2009-04-29:17:49:15	16
48.80561	2.29104	1	2009-04-29:17:49:15	16
48.80612	2.29198	1	2009-04-29:17:49:15	16
48.80664	2.29284	1	2009-04-29:17:49:15	16
48.80696	2.29376	1	2009-04-29:17:49:15	16
48.80758	2.29456	1	2009-04-29:17:49:15	16
48.80821	2.2955	1	2009-04-29:17:49:15	16
48.80866	2.29658	1	2009-04-29:17:49:15	16
48.80924	2.29751	1	2009-04-29:17:49:15	16
48.80949	2.2982	1	2009-04-29:17:49:15	16
48.8102	2.2989	1	2009-04-29:17:49:15	16
48.81086	2.29946	1	2009-04-29:17:49:15	16
48.81138	2.3	1	2009-04-29:17:49:15	16
48.81185	2.30095	1	2009-04-29:17:49:15	16
48.8114	2.30185	1	2009-04-29:17:49:15	16
48.81141	2.30282	1	2009-04-29:17:49:15	16
48.81188	2.30374	1	2009-04-29:17:49:15	16
48.81248	2.30465	1	2009-04-29:17:49:15	16
48.81296	2.30559	1	2009-04-29:17:49:15	16
48.8135	2.3065	1	2009-04-29:17:49:15	16
48.81411	2.30732	1	2009-04-29:17:49:15	16
48.8146	2.30834	1	2009-04-29:17:49:15	16
48.81506	2.30927	1	2009-04-29:17:49:15	16
48.81558	2.31023	1	2009-04-29:17:49:15	16
48.8162	2.31102	1	2009-04-29:17:49:15	16
48.81649	2.31205	1	2009-04-29:17:49:15	16
48.81671	2.31314	1	2009-04-29:17:49:15	16
48.81705	2.31424	1	2009-04-29:17:49:15	16
48.81741	2.31535	1	2009-04-29:17:49:15	16
48.81789	2.31625	1	2009-04-29:17:49:15	16
48.81805	2.3173	1	2009-04-29:17:49:15	16
48.81837	2.31836	1	2009-04-29:17:49:15	16
48.81851	2.31894	1	2009-04-29:17:49:15	16
48.81849	2.3201	1	2009-04-29:17:49:15	16
48.81823	2.32126	1	2009-04-29:17:49:15	16
48.81804	2.32236	1	2009-04-29:17:49:15	16
48.81784	2.32345	1	2009-04-29:17:49:15	16
48.81783	2.32465	1	2009-04-29:17:49:15	16
48.81752	2.32575	1	2009-04-29:17:49:15	16
48.81735	2.32683	1	2009-04-29:17:49:15	16
48.81721	2.32802	1	2009-04-29:17:49:15	16
48.81716	2.32927	1	2009-04-29:17:49:15	16
48.81707	2.33028	1	2009-04-29:17:49:15	16
48.81708	2.33142	1	2009-04-29:17:49:15	16
48.81727	2.33237	1	2009-04-29:17:49:15	16
48.81879	2.33312	1	2009-04-29:17:49:15	16
48.81953	2.33356	1	2009-04-29:17:49:15	16
48.82035	2.33399	1	2009-04-29:17:49:15	16
48.82105	2.33444	1	2009-04-29:17:49:15	16
48.82079	2.33558	1	2009-04-29:17:49:15	16
48.82057	2.33673	1	2009-04-29:17:49:15	16
48.82032	2.33789	1	2009-04-29:17:49:15	16
48.82022	2.3383	1	2009-04-29:17:49:15	16
48.82019	2.33839	1	2009-04-29:17:49:15	16
48.82015	2.33848	1	2009-04-29:17:49:15	16
48.82013	2.33857	1	2009-04-29:17:49:15	16
48.82011	2.33867	1	2009-04-29:17:49:15	16
48.82009	2.33876	1	2009-04-29:17:49:15	16
48.82007	2.33883	1	2009-04-29:17:49:15	16
48.82004	2.3389	1	2009-04-29:17:49:15	16
48.82001	2.33895	1	2009-04-29:17:49:15	16
48.82	2.33901	1	2009-04-29:17:49:15	16
48.81998	2.33908	1	2009-04-29:17:49:15	16
48.81998	2.33915	1	2009-04-29:17:49:15	16
48.81998	2.33921	1	2009-04-29:17:49:15	16
48.81997	2.33928	1	2009-04-29:17:49:15	16
48.81996	2.33935	1	2009-04-29:17:49:15	16
48.81994	2.33943	1	2009-04-29:17:49:15	16
48.81993	2.3395	1	2009-04-29:17:49:15	16
48.81993	2.33958	1	2009-04-29:17:49:15	16
48.81992	2.33964	1	2009-04-29:17:49:15	16
48.81991	2.3397	1	2009-04-29:17:49:15	16
48.8199	2.33974	1	2009-04-29:17:49:15	16
48.8199	2.33976	1	2009-04-29:17:49:15	16
48.81989	2.33976	1	2009-04-29:17:49:15	16
48.8171	2.33217	1	2009-04-30:06:50:20	17
48.81694	2.33068	1	2009-04-30:06:50:20	17
48.81705	2.3293	1	2009-04-30:06:50:20	17
48.81737	2.32793	1	2009-04-30:06:50:20	17
48.81754	2.32568	1	2009-04-30:06:50:20	17
48.81783	2.32432	1	2009-04-30:06:50:20	17
48.81801	2.32302	1	2009-04-30:06:50:20	17
48.81829	2.32139	1	2009-04-30:06:50:20	17
48.81852	2.32008	1	2009-04-30:06:50:20	17
48.81829	2.31873	1	2009-04-30:06:50:20	17
48.81798	2.31751	1	2009-04-30:06:50:20	17
48.8176	2.31612	1	2009-04-30:06:50:20	17
48.8172	2.31492	1	2009-04-30:06:50:20	17
48.8168	2.31388	1	2009-04-30:06:50:20	17
48.81643	2.31258	1	2009-04-30:06:50:20	17
48.81617	2.3112	1	2009-04-30:06:50:20	17
48.81624	2.30981	1	2009-04-30:06:50:20	17
48.8163	2.30845	1	2009-04-30:06:50:20	17
48.81628	2.30708	1	2009-04-30:06:50:20	17
48.81634	2.30579	1	2009-04-30:06:50:20	17
48.81562	2.30486	1	2009-04-30:06:50:20	17
48.81501	2.30388	1	2009-04-30:06:50:20	17
48.81427	2.3031	1	2009-04-30:06:50:20	17
48.81363	2.30228	1	2009-04-30:06:50:20	17
48.81297	2.30146	1	2009-04-30:06:50:20	17
48.81218	2.30067	1	2009-04-30:06:50:20	17
48.81139	2.30004	1	2009-04-30:06:50:20	17
48.81069	2.29922	1	2009-04-30:06:50:20	17
48.80995	2.29858	1	2009-04-30:06:50:20	17
48.80926	2.29765	1	2009-04-30:06:50:20	17
48.80874	2.29651	1	2009-04-30:06:50:20	17
48.80804	2.29539	1	2009-04-30:06:50:20	17
48.80753	2.29453	1	2009-04-30:06:50:20	17
48.80712	2.29367	1	2009-04-30:06:50:20	17
48.80653	2.29266	1	2009-04-30:06:50:20	17
48.80594	2.29174	1	2009-04-30:06:50:20	17
48.80544	2.29078	1	2009-04-30:06:50:20	17
48.80482	2.28981	1	2009-04-30:06:50:20	17
48.80422	2.28884	1	2009-04-30:06:50:20	17
48.80369	2.288	1	2009-04-30:06:50:20	17
48.80316	2.28708	1	2009-04-30:06:50:20	17
48.80263	2.28618	1	2009-04-30:06:50:20	17
48.802	2.28528	1	2009-04-30:06:50:20	17
48.80139	2.28436	1	2009-04-30:06:50:20	17
48.8009	2.28335	1	2009-04-30:06:50:20	17
48.80023	2.28248	1	2009-04-30:06:50:20	17
48.79968	2.28142	1	2009-04-30:06:50:20	17
48.79912	2.2804	1	2009-04-30:06:50:20	17
48.79858	2.27943	1	2009-04-30:06:50:20	17
48.79808	2.27846	1	2009-04-30:06:50:20	17
48.7975	2.27764	1	2009-04-30:06:50:20	17
48.79697	2.2767	1	2009-04-30:06:50:20	17
48.7964	2.27578	1	2009-04-30:06:50:20	17
48.79587	2.27485	1	2009-04-30:06:50:20	17
48.79526	2.2739	1	2009-04-30:06:50:20	17
48.79469	2.27293	1	2009-04-30:06:50:20	17
48.79416	2.27198	1	2009-04-30:06:50:20	17
48.79357	2.27105	1	2009-04-30:06:50:20	17
48.7931	2.26999	1	2009-04-30:06:50:20	17
48.79255	2.26878	1	2009-04-30:06:50:20	17
48.79212	2.26761	1	2009-04-30:06:50:20	17
48.79167	2.26658	1	2009-04-30:06:50:20	17
48.79127	2.26553	1	2009-04-30:06:50:20	17
48.79079	2.2644	1	2009-04-30:06:50:20	17
48.79057	2.26388	1	2009-04-30:06:50:20	17
48.79023	2.26301	1	2009-04-30:06:50:20	17
48.78978	2.26198	1	2009-04-30:06:50:20	17
48.78938	2.26094	1	2009-04-30:06:50:20	17
48.78897	2.25987	1	2009-04-30:06:50:20	17
48.78854	2.25878	1	2009-04-30:06:50:20	17
48.78813	2.25764	1	2009-04-30:06:50:20	17
48.78764	2.25656	1	2009-04-30:06:50:20	17
48.78721	2.25554	1	2009-04-30:06:50:20	17
48.7868	2.25444	1	2009-04-30:06:50:20	17
48.7864	2.25343	1	2009-04-30:06:50:20	17
48.78599	2.25244	1	2009-04-30:06:50:20	17
48.78553	2.25138	1	2009-04-30:06:50:20	17
48.78514	2.25038	1	2009-04-30:06:50:20	17
48.78468	2.24932	1	2009-04-30:06:50:20	17
48.78423	2.24826	1	2009-04-30:06:50:20	17
48.78386	2.24712	1	2009-04-30:06:50:20	17
48.78339	2.24611	1	2009-04-30:06:50:20	17
48.78292	2.2451	1	2009-04-30:06:50:20	17
48.78249	2.24414	1	2009-04-30:06:50:20	17
48.78203	2.24315	1	2009-04-30:06:50:20	17
48.78165	2.24208	1	2009-04-30:06:50:20	17
48.78121	2.24106	1	2009-04-30:06:50:20	17
48.78079	2.23999	1	2009-04-30:06:50:20	17
48.78037	2.23893	1	2009-04-30:06:50:20	17
48.77992	2.23786	1	2009-04-30:06:50:20	17
48.7795	2.23683	1	2009-04-30:06:50:20	17
48.77907	2.23579	1	2009-04-30:06:50:20	17
48.77863	2.2347	1	2009-04-30:06:50:20	17
48.77824	2.2337	1	2009-04-30:06:50:20	17
48.77773	2.23264	1	2009-04-30:06:50:20	17
48.77728	2.23154	1	2009-04-30:06:50:20	17
48.77697	2.2303	1	2009-04-30:06:50:20	17
48.77642	2.22936	1	2009-04-30:06:50:20	17
48.77577	2.2287	1	2009-04-30:06:50:20	17
48.77489	2.22871	1	2009-04-30:06:50:20	17
48.77402	2.22882	1	2009-04-30:06:50:20	17
48.77316	2.2289	1	2009-04-30:06:50:20	17
48.77234	2.22903	1	2009-04-30:06:50:20	17
48.77156	2.22915	1	2009-04-30:06:50:20	17
48.77019	2.22898	1	2009-04-30:06:50:20	17
48.76935	2.22921	1	2009-04-30:06:50:20	17
48.76851	2.22955	1	2009-04-30:06:50:20	17
48.7676	2.22963	1	2009-04-30:06:50:20	17
48.76675	2.22947	1	2009-04-30:06:50:20	17
48.76605	2.22894	1	2009-04-30:06:50:20	17
48.76545	2.22826	1	2009-04-30:06:50:20	17
48.76483	2.22757	1	2009-04-30:06:50:20	17
48.76417	2.22683	1	2009-04-30:06:50:20	17
48.76353	2.2261	1	2009-04-30:06:50:20	17
48.76301	2.22518	1	2009-04-30:06:50:20	17
48.76237	2.22446	1	2009-04-30:06:50:20	17
48.76182	2.22363	1	2009-04-30:06:50:20	17
48.76133	2.22265	1	2009-04-30:06:50:20	17
48.76071	2.22186	1	2009-04-30:06:50:20	17
48.76006	2.22109	1	2009-04-30:06:50:20	17
48.75944	2.22035	1	2009-04-30:06:50:20	17
48.75872	2.21977	1	2009-04-30:06:50:20	17
48.75799	2.21917	1	2009-04-30:06:50:20	17
48.75726	2.21858	1	2009-04-30:06:50:20	17
48.75655	2.21801	1	2009-04-30:06:50:20	17
48.75588	2.21724	1	2009-04-30:06:50:20	17
48.7554	2.21613	1	2009-04-30:06:50:20	17
48.75513	2.2157	1	2009-04-30:06:50:20	17
48.75466	2.21524	1	2009-04-30:06:50:20	17
48.75396	2.21574	1	2009-04-30:06:50:20	17
48.75319	2.21564	1	2009-04-30:06:50:20	17
48.75259	2.21485	1	2009-04-30:06:50:20	17
48.75196	2.21405	1	2009-04-30:06:50:20	17
48.7514	2.21317	1	2009-04-30:06:50:20	17
48.7508	2.21213	1	2009-04-30:06:50:20	17
48.75068	2.2109	1	2009-04-30:06:50:20	17
48.75099	2.20979	1	2009-04-30:06:50:20	17
48.75132	2.20864	1	2009-04-30:06:50:20	17
48.75165	2.20751	1	2009-04-30:06:50:20	17
48.75196	2.20641	1	2009-04-30:06:50:20	17
48.75235	2.20519	1	2009-04-30:06:50:20	17
48.7527	2.20409	1	2009-04-30:06:50:20	17
48.75309	2.20307	1	2009-04-30:06:50:20	17
48.75347	2.20208	1	2009-04-30:06:50:20	17
48.75382	2.20099	1	2009-04-30:06:50:20	17
48.75418	2.19994	1	2009-04-30:06:50:20	17
48.75456	2.19887	1	2009-04-30:06:50:20	17
48.75496	2.19782	1	2009-04-30:06:50:20	17
48.75533	2.19671	1	2009-04-30:06:50:20	17
48.75572	2.19561	1	2009-04-30:06:50:20	17
48.75611	2.19458	1	2009-04-30:06:50:20	17
48.7565	2.19353	1	2009-04-30:06:50:20	17
48.7569	2.19245	1	2009-04-30:06:50:20	17
48.75746	2.19162	1	2009-04-30:06:50:20	17
48.75794	2.1906	1	2009-04-30:06:50:20	17
48.7582	2.18946	1	2009-04-30:06:50:20	17
48.7585	2.18836	1	2009-04-30:06:50:20	17
48.75892	2.18731	1	2009-04-30:06:50:20	17
48.7595	2.18639	1	2009-04-30:06:50:20	17
48.76012	2.18554	1	2009-04-30:06:50:20	17
48.76071	2.18472	1	2009-04-30:06:50:20	17
48.7612	2.18372	1	2009-04-30:06:50:20	17
48.76154	2.1826	1	2009-04-30:06:50:20	17
48.76171	2.1814	1	2009-04-30:06:50:20	17
48.76185	2.1802	1	2009-04-30:06:50:20	17
48.7617	2.17897	1	2009-04-30:06:50:20	17
48.76213	2.17797	1	2009-04-30:06:50:20	17
48.76252	2.17691	1	2009-04-30:06:50:20	17
48.76289	2.17587	1	2009-04-30:06:50:20	17
48.76328	2.17484	1	2009-04-30:06:50:20	17
48.76357	2.17377	1	2009-04-30:06:50:20	17
48.76376	2.17264	1	2009-04-30:06:50:20	17
48.76399	2.17146	1	2009-04-30:06:50:20	17
48.76438	2.17151	1	2009-04-30:06:50:20	17
48.76404	2.17262	1	2009-04-30:06:50:20	17
48.76404	2.17379	1	2009-04-30:06:50:20	17
48.76447	2.17478	1	2009-04-30:06:50:20	17
48.76512	2.17567	1	2009-04-30:06:50:20	17
48.76541	2.1768	1	2009-04-30:06:50:20	17
48.76585	2.17789	1	2009-04-30:06:50:20	17
48.76584	2.17906	1	2009-04-30:06:50:20	17
48.76591	2.17943	1	2009-04-30:06:50:20	17
48.76593	2.17946	1	2009-04-30:06:50:20	17
48.76595	2.1795	1	2009-04-30:06:50:20	17
48.76598	2.17953	1	2009-04-30:06:50:20	17
48.76601	2.17957	1	2009-04-30:06:50:20	17
48.76604	2.17959	1	2009-04-30:06:50:20	17
48.76607	2.1796	1	2009-04-30:06:50:20	17
48.76611	2.17961	1	2009-04-30:06:50:20	17
48.76614	2.17962	1	2009-04-30:06:50:20	17
48.76616	2.17966	1	2009-04-30:06:50:20	17
48.76617	2.1797	1	2009-04-30:06:50:20	17
48.76618	2.17975	1	2009-04-30:06:50:20	17
48.76619	2.1798	1	2009-04-30:06:50:20	17
48.76622	2.17984	1	2009-04-30:06:50:20	17
48.76624	2.17988	1	2009-04-30:06:50:20	17
48.76627	2.17991	1	2009-04-30:06:50:20	17
48.76629	2.17993	1	2009-04-30:06:50:20	17
48.76631	2.17995	1	2009-04-30:06:50:20	17
48.76632	2.17997	1	2009-04-30:06:50:20	17
48.76633	2.18	1	2009-04-30:06:50:20	17
48.76633	2.18002	1	2009-04-30:06:50:20	17
48.76634	2.18004	1	2009-04-30:06:50:20	17
48.76634	2.18004	1	2009-04-30:06:50:20	17
48.76346	2.17413	1	2009-04-30:16:54:25	18
48.76292	2.17572	1	2009-04-30:16:54:25	18
48.76246	2.17702	1	2009-04-30:16:54:25	18
48.76202	2.17824	1	2009-04-30:16:54:25	18
48.76179	2.17955	1	2009-04-30:16:54:25	18
48.76176	2.1809	1	2009-04-30:16:54:25	18
48.76162	2.18229	1	2009-04-30:16:54:25	18
48.76135	2.18369	1	2009-04-30:16:54:25	18
48.76076	2.18483	1	2009-04-30:16:54:25	18
48.76008	2.18589	1	2009-04-30:16:54:25	18
48.75928	2.18699	1	2009-04-30:16:54:25	18
48.75873	2.18822	1	2009-04-30:16:54:25	18
48.75833	2.18936	1	2009-04-30:16:54:25	18
48.7582	2.19073	1	2009-04-30:16:54:25	18
48.75753	2.19181	1	2009-04-30:16:54:25	18
48.75689	2.19279	1	2009-04-30:16:54:25	18
48.75641	2.19405	1	2009-04-30:16:54:25	18
48.75594	2.19505	1	2009-04-30:16:54:25	18
48.75547	2.19632	1	2009-04-30:16:54:25	18
48.75503	2.19755	1	2009-04-30:16:54:25	18
48.75457	2.19882	1	2009-04-30:16:54:25	18
48.75413	2.20015	1	2009-04-30:16:54:25	18
48.75368	2.20155	1	2009-04-30:16:54:25	18
48.75316	2.20297	1	2009-04-30:16:54:25	18
48.75265	2.20426	1	2009-04-30:16:54:25	18
48.75225	2.20544	1	2009-04-30:16:54:25	18
48.75188	2.20682	1	2009-04-30:16:54:25	18
48.75148	2.20809	1	2009-04-30:16:54:25	18
48.75105	2.20948	1	2009-04-30:16:54:25	18
48.75063	2.21081	1	2009-04-30:16:54:25	18
48.75078	2.21224	1	2009-04-30:16:54:25	18
48.75147	2.21348	1	2009-04-30:16:54:25	18
48.75206	2.21428	1	2009-04-30:16:54:25	18
48.7525	2.21485	1	2009-04-30:16:54:25	18
48.75296	2.21543	1	2009-04-30:16:54:25	18
48.75375	2.21585	1	2009-04-30:16:54:25	18
48.75455	2.21534	1	2009-04-30:16:54:25	18
48.75518	2.21578	1	2009-04-30:16:54:25	18
48.75566	2.21682	1	2009-04-30:16:54:25	18
48.75624	2.21781	1	2009-04-30:16:54:25	18
48.75704	2.21847	1	2009-04-30:16:54:25	18
48.75784	2.21913	1	2009-04-30:16:54:25	18
48.75862	2.21976	1	2009-04-30:16:54:25	18
48.75938	2.22042	1	2009-04-30:16:54:25	18
48.76033	2.22135	1	2009-04-30:16:54:25	18
48.76104	2.22229	1	2009-04-30:16:54:25	18
48.76161	2.22322	1	2009-04-30:16:54:25	18
48.76204	2.2242	1	2009-04-30:16:54:25	18
48.76283	2.22504	1	2009-04-30:16:54:25	18
48.76337	2.22597	1	2009-04-30:16:54:25	18
48.76402	2.22681	1	2009-04-30:16:54:25	18
48.76473	2.22758	1	2009-04-30:16:54:25	18
48.76546	2.22836	1	2009-04-30:16:54:25	18
48.76611	2.22913	1	2009-04-30:16:54:25	18
48.76647	2.23026	1	2009-04-30:16:54:25	18
48.76732	2.23034	1	2009-04-30:16:54:25	18
48.76815	2.23028	1	2009-04-30:16:54:25	18
48.76901	2.23031	1	2009-04-30:16:54:25	18
48.76984	2.23022	1	2009-04-30:16:54:25	18
48.7707	2.22973	1	2009-04-30:16:54:25	18
48.77151	2.22937	1	2009-04-30:16:54:25	18
48.77234	2.22927	1	2009-04-30:16:54:25	18
48.7732	2.22912	1	2009-04-30:16:54:25	18
48.77413	2.22899	1	2009-04-30:16:54:25	18
48.77478	2.22891	1	2009-04-30:16:54:25	18
48.77563	2.22885	1	2009-04-30:16:54:25	18
48.77635	2.2295	1	2009-04-30:16:54:25	18
48.77676	2.23072	1	2009-04-30:16:54:25	18
48.77726	2.23164	1	2009-04-30:16:54:25	18
48.77773	2.23266	1	2009-04-30:16:54:25	18
48.77815	2.2337	1	2009-04-30:16:54:25	18
48.77858	2.23477	1	2009-04-30:16:54:25	18
48.77896	2.23589	1	2009-04-30:16:54:25	18
48.77947	2.23692	1	2009-04-30:16:54:25	18
48.77991	2.23797	1	2009-04-30:16:54:25	18
48.7803	2.23911	1	2009-04-30:16:54:25	18
48.78078	2.24014	1	2009-04-30:16:54:25	18
48.7812	2.24115	1	2009-04-30:16:54:25	18
48.78162	2.24221	1	2009-04-30:16:54:25	18
48.78204	2.24322	1	2009-04-30:16:54:25	18
48.78248	2.24428	1	2009-04-30:16:54:25	18
48.78291	2.24543	1	2009-04-30:16:54:25	18
48.78337	2.24652	1	2009-04-30:16:54:25	18
48.78379	2.24758	1	2009-04-30:16:54:25	18
48.78423	2.24862	1	2009-04-30:16:54:25	18
48.78469	2.24971	1	2009-04-30:16:54:25	18
48.78511	2.25074	1	2009-04-30:16:54:25	18
48.78551	2.25182	1	2009-04-30:16:54:25	18
48.78592	2.25288	1	2009-04-30:16:54:25	18
48.78635	2.25391	1	2009-04-30:16:54:25	18
48.78681	2.25497	1	2009-04-30:16:54:25	18
48.78724	2.25605	1	2009-04-30:16:54:25	18
48.78768	2.25711	1	2009-04-30:16:54:25	18
48.78813	2.25823	1	2009-04-30:16:54:25	18
48.78855	2.25926	1	2009-04-30:16:54:25	18
48.78898	2.26027	1	2009-04-30:16:54:25	18
48.78938	2.26128	1	2009-04-30:16:54:25	18
48.78981	2.26239	1	2009-04-30:16:54:25	18
48.79025	2.26339	1	2009-04-30:16:54:25	18
48.79071	2.26446	1	2009-04-30:16:54:25	18
48.79115	2.26553	1	2009-04-30:16:54:25	18
48.79156	2.26654	1	2009-04-30:16:54:25	18
48.79199	2.2676	1	2009-04-30:16:54:25	18
48.79243	2.26864	1	2009-04-30:16:54:25	18
48.79285	2.26968	1	2009-04-30:16:54:25	18
48.79333	2.27069	1	2009-04-30:16:54:25	18
48.79384	2.27165	1	2009-04-30:16:54:25	18
48.79434	2.27254	1	2009-04-30:16:54:25	18
48.79484	2.27343	1	2009-04-30:16:54:25	18
48.79541	2.2744	1	2009-04-30:16:54:25	18
48.79597	2.27534	1	2009-04-30:16:54:25	18
48.79643	2.27629	1	2009-04-30:16:54:25	18
48.7971	2.27718	1	2009-04-30:16:54:25	18
48.79773	2.27816	1	2009-04-30:16:54:25	18
48.79828	2.27918	1	2009-04-30:16:54:25	18
48.79879	2.2802	1	2009-04-30:16:54:25	18
48.79934	2.28126	1	2009-04-30:16:54:25	18
48.79995	2.28223	1	2009-04-30:16:54:25	18
48.80047	2.28314	1	2009-04-30:16:54:25	18
48.80101	2.28403	1	2009-04-30:16:54:25	18
48.8016	2.28497	1	2009-04-30:16:54:25	18
48.80218	2.28583	1	2009-04-30:16:54:25	18
48.80274	2.28689	1	2009-04-30:16:54:25	18
48.80332	2.28775	1	2009-04-30:16:54:25	18
48.80387	2.28852	1	2009-04-30:16:54:25	18
48.80443	2.28942	1	2009-04-30:16:54:25	18
48.805	2.29034	1	2009-04-30:16:54:25	18
48.80531	2.29072	1	2009-04-30:16:54:25	18
48.80585	2.29167	1	2009-04-30:16:54:25	18
48.80637	2.2926	1	2009-04-30:16:54:25	18
48.80682	2.29365	1	2009-04-30:16:54:25	18
48.80734	2.29455	1	2009-04-30:16:54:25	18
48.80787	2.29546	1	2009-04-30:16:54:25	18
48.80829	2.29646	1	2009-04-30:16:54:25	18
48.80882	2.29727	1	2009-04-30:16:54:25	18
48.80931	2.29821	1	2009-04-30:16:54:25	18
48.80994	2.29897	1	2009-04-30:16:54:25	18
48.8106	2.29965	1	2009-04-30:16:54:25	18
48.81123	2.30028	1	2009-04-30:16:54:25	18
48.81185	2.30035	1	2009-04-30:16:54:25	18
48.81162	2.30148	1	2009-04-30:16:54:25	18
48.81119	2.30243	1	2009-04-30:16:54:25	18
48.81168	2.30348	1	2009-04-30:16:54:25	18
48.81214	2.30442	1	2009-04-30:16:54:25	18
48.81268	2.30527	1	2009-04-30:16:54:25	18
48.81317	2.30621	1	2009-04-30:16:54:25	18
48.81374	2.30716	1	2009-04-30:16:54:25	18
48.81424	2.30804	1	2009-04-30:16:54:25	18
48.81475	2.30895	1	2009-04-30:16:54:25	18
48.81528	2.30994	1	2009-04-30:16:54:25	18
48.81584	2.31081	1	2009-04-30:16:54:25	18
48.81618	2.31186	1	2009-04-30:16:54:25	18
48.81659	2.31298	1	2009-04-30:16:54:25	18
48.81694	2.31408	1	2009-04-30:16:54:25	18
48.81729	2.31521	1	2009-04-30:16:54:25	18
48.81766	2.31638	1	2009-04-30:16:54:25	18
48.81796	2.31747	1	2009-04-30:16:54:25	18
48.81826	2.3186	1	2009-04-30:16:54:25	18
48.8185	2.31979	1	2009-04-30:16:54:25	18
48.81835	2.32098	1	2009-04-30:16:54:25	18
48.81816	2.3221	1	2009-04-30:16:54:25	18
48.81806	2.32329	1	2009-04-30:16:54:25	18
48.81782	2.32441	1	2009-04-30:16:54:25	18
48.81786	2.32534	1	2009-04-30:16:54:25	18
48.81767	2.3265	1	2009-04-30:16:54:25	18
48.81757	2.3277	1	2009-04-30:16:54:25	18
48.81731	2.32888	1	2009-04-30:16:54:25	18
48.81714	2.3301	1	2009-04-30:16:54:25	18
48.81705	2.33116	1	2009-04-30:16:54:25	18
48.81721	2.33225	1	2009-04-30:16:54:25	18
48.81799	2.33263	1	2009-04-30:16:54:25	18
48.81875	2.3331	1	2009-04-30:16:54:25	18
48.81949	2.33345	1	2009-04-30:16:54:25	18
48.82026	2.33384	1	2009-04-30:16:54:25	18
48.82103	2.33428	1	2009-04-30:16:54:25	18
48.82093	2.33547	1	2009-04-30:16:54:25	18
48.82074	2.33663	1	2009-04-30:16:54:25	18
48.82047	2.33772	1	2009-04-30:16:54:25	18
48.82021	2.33884	1	2009-04-30:16:54:25	18
48.82007	2.33939	1	2009-04-30:16:54:25	18
48.82006	2.33944	1	2009-04-30:16:54:25	18
48.82007	2.33949	1	2009-04-30:16:54:25	18
48.82008	2.33952	1	2009-04-30:16:54:25	18
48.82007	2.33954	1	2009-04-30:16:54:25	18
48.82006	2.33957	1	2009-04-30:16:54:25	18
48.82003	2.3396	1	2009-04-30:16:54:25	18
48.82002	2.33962	1	2009-04-30:16:54:25	18
48.82001	2.33964	1	2009-04-30:16:54:25	18
48.82	2.33966	1	2009-04-30:16:54:25	18
48.81999	2.33968	1	2009-04-30:16:54:25	18
48.81999	2.3397	1	2009-04-30:16:54:25	18
48.81998	2.33972	1	2009-04-30:16:54:25	18
48.81996	2.33973	1	2009-04-30:16:54:25	18
48.81994	2.33974	1	2009-04-30:16:54:25	18
48.81992	2.33975	1	2009-04-30:16:54:25	18
48.81993	2.33977	1	2009-04-30:16:54:25	18
48.81995	2.33979	1	2009-04-30:16:54:25	18
48.81997	2.33979	1	2009-04-30:16:54:25	18
48.81998	2.33981	1	2009-04-30:16:54:25	18
48.82	2.33982	1	2009-04-30:16:54:25	18
48.81999	2.33982	1	2009-04-30:16:54:25	18
48.81974	2.33988	1	2009-04-30:16:54:25	18
48.83861	2.25503	1	2009-05-01:05:28:32	19
48.83946	2.24591	1	2009-05-01:05:28:32	19
48.8409	2.22929	1	2009-05-01:05:28:32	19
48.84145	2.22307	1	2009-05-01:05:28:32	19
48.84584	2.22009	1	2009-05-01:05:28:32	19
48.84367	2.21692	1	2009-05-01:05:28:32	19
48.84282	2.21107	1	2009-05-01:05:28:32	19
48.84207	2.20437	1	2009-05-01:05:28:32	19
48.84162	2.19918	1	2009-05-01:05:28:32	19
48.84082	2.19484	1	2009-05-01:05:28:32	19
48.83954	2.18967	1	2009-05-01:05:28:32	19
48.83841	2.18485	1	2009-05-01:05:28:32	19
48.83823	2.17953	1	2009-05-01:05:28:32	19
48.83827	2.17438	1	2009-05-01:05:28:32	19
48.83811	2.16929	1	2009-05-01:05:28:32	19
48.8378	2.16393	1	2009-05-01:05:28:32	19
48.83777	2.15951	1	2009-05-01:05:28:32	19
48.83759	2.15488	1	2009-05-01:05:28:32	19
48.83716	2.14983	1	2009-05-01:05:28:32	19
48.83687	2.14479	1	2009-05-01:05:28:32	19
48.8363	2.13975	1	2009-05-01:05:28:32	19
48.83563	2.13472	1	2009-05-01:05:28:32	19
48.83531	2.12988	1	2009-05-01:05:28:32	19
48.8354	2.12493	1	2009-05-01:05:28:32	19
48.83621	2.12012	1	2009-05-01:05:28:32	19
48.83597	2.11518	1	2009-05-01:05:28:32	19
48.83562	2.11018	1	2009-05-01:05:28:32	19
48.83659	2.10551	1	2009-05-01:05:28:32	19
48.8363	2.1006	1	2009-05-01:05:28:32	19
48.83644	2.09571	1	2009-05-01:05:28:32	19
48.83743	2.09095	1	2009-05-01:05:28:32	19
48.83793	2.08636	1	2009-05-01:05:28:32	19
48.8366	2.08257	1	2009-05-01:05:28:32	19
48.83523	2.07833	1	2009-05-01:05:28:32	19
48.83512	2.07361	1	2009-05-01:05:28:32	19
48.83578	2.06894	1	2009-05-01:05:28:32	19
48.83715	2.06453	1	2009-05-01:05:28:32	19
48.83927	2.06088	1	2009-05-01:05:28:32	19
48.842	2.05805	1	2009-05-01:05:28:32	19
48.84484	2.05576	1	2009-05-01:05:28:32	19
48.84776	2.05373	1	2009-05-01:05:28:32	19
48.85066	2.0514	1	2009-05-01:05:28:32	19
48.85198	2.0475	1	2009-05-01:05:28:32	19
48.85271	2.04276	1	2009-05-01:05:28:32	19
48.85342	2.03809	1	2009-05-01:05:28:32	19
48.85345	2.03314	1	2009-05-01:05:28:32	19
48.85361	2.02822	1	2009-05-01:05:28:32	19
48.85473	2.02366	1	2009-05-01:05:28:32	19
48.85579	2.01906	1	2009-05-01:05:28:32	19
48.85728	2.01499	1	2009-05-01:05:28:32	19
48.85834	2.01028	1	2009-05-01:05:28:32	19
48.85945	2.00561	1	2009-05-01:05:28:32	19
48.86053	2.00105	1	2009-05-01:05:28:32	19
48.86156	1.99645	1	2009-05-01:05:28:32	19
48.86255	1.99211	1	2009-05-01:05:28:32	19
48.86362	1.98749	1	2009-05-01:05:28:32	19
48.86474	1.98281	1	2009-05-01:05:28:32	19
48.8655	1.97814	1	2009-05-01:05:28:32	19
48.86618	1.97329	1	2009-05-01:05:28:32	19
48.86693	1.96834	1	2009-05-01:05:28:32	19
48.86845	1.96422	1	2009-05-01:05:28:32	19
48.87028	1.96024	1	2009-05-01:05:28:32	19
48.87208	1.95636	1	2009-05-01:05:28:32	19
48.87397	1.9523	1	2009-05-01:05:28:32	19
48.87583	1.94832	1	2009-05-01:05:28:32	19
48.87764	1.94437	1	2009-05-01:05:28:32	19
48.8795	1.9404	1	2009-05-01:05:28:32	19
48.88138	1.93634	1	2009-05-01:05:28:32	19
48.88318	1.93243	1	2009-05-01:05:28:32	19
48.88494	1.92857	1	2009-05-01:05:28:32	19
48.88634	1.92425	1	2009-05-01:05:28:32	19
48.88651	1.91949	1	2009-05-01:05:28:32	19
48.88671	1.91455	1	2009-05-01:05:28:32	19
48.88684	1.90971	1	2009-05-01:05:28:32	19
48.88699	1.90485	1	2009-05-01:05:28:32	19
48.88715	1.90007	1	2009-05-01:05:28:32	19
48.88729	1.89531	1	2009-05-01:05:28:32	19
48.88772	1.89065	1	2009-05-01:05:28:32	19
48.88993	1.8875	1	2009-05-01:05:28:32	19
48.89186	1.88418	1	2009-05-01:05:28:32	19
48.89275	1.87977	1	2009-05-01:05:28:32	19
48.89394	1.87543	1	2009-05-01:05:28:32	19
48.89431	1.87073	1	2009-05-01:05:28:32	19
48.89503	1.86911	1	2009-05-01:05:28:32	19
48.89309	1.86624	1	2009-05-01:05:28:32	19
48.88993	1.86624	1	2009-05-01:05:28:32	19
48.88681	1.86665	1	2009-05-01:05:28:32	19
48.8839	1.86855	1	2009-05-01:05:28:32	19
48.88112	1.8709	1	2009-05-01:05:28:32	19
48.87806	1.872	1	2009-05-01:05:28:32	19
48.875	1.87346	1	2009-05-01:05:28:32	19
48.87216	1.87256	1	2009-05-01:05:28:32	19
48.8694	1.87071	1	2009-05-01:05:28:32	19
48.86619	1.87113	1	2009-05-01:05:28:32	19
48.86308	1.87157	1	2009-05-01:05:28:32	19
48.86006	1.87263	1	2009-05-01:05:28:32	19
48.85709	1.87245	1	2009-05-01:05:28:32	19
48.8574	1.86844	1	2009-05-01:05:28:32	19
48.85834	1.86332	1	2009-05-01:05:28:32	19
48.85809	1.85836	1	2009-05-01:05:28:32	19
48.85801	1.85323	1	2009-05-01:05:28:32	19
48.85683	1.84868	1	2009-05-01:05:28:32	19
48.85697	1.8439	1	2009-05-01:05:28:32	19
48.85677	1.83919	1	2009-05-01:05:28:32	19
48.85702	1.83439	1	2009-05-01:05:28:32	19
48.85759	1.8295	1	2009-05-01:05:28:32	19
48.85826	1.82483	1	2009-05-01:05:28:32	19
48.85917	1.82034	1	2009-05-01:05:28:32	19
48.86135	1.81703	1	2009-05-01:05:28:32	19
48.8632	1.81441	1	2009-05-01:05:28:32	19
48.86545	1.81243	1	2009-05-01:05:28:32	19
48.8674	1.80856	1	2009-05-01:05:28:32	19
48.86819	1.8039	1	2009-05-01:05:28:32	19
48.86942	1.79945	1	2009-05-01:05:28:32	19
48.87055	1.79513	1	2009-05-01:05:28:32	19
48.87176	1.79076	1	2009-05-01:05:28:32	19
48.8729	1.7862	1	2009-05-01:05:28:32	19
48.8732	1.78145	1	2009-05-01:05:28:32	19
48.87488	1.77733	1	2009-05-01:05:28:32	19
48.87691	1.77334	1	2009-05-01:05:28:32	19
48.87876	1.76949	1	2009-05-01:05:28:32	19
48.88065	1.76561	1	2009-05-01:05:28:32	19
48.88247	1.76172	1	2009-05-01:05:28:32	19
48.88483	1.75815	1	2009-05-01:05:28:32	19
48.8865	1.75419	1	2009-05-01:05:28:32	19
48.88658	1.74921	1	2009-05-01:05:28:32	19
48.88939	1.74368	1	2009-05-01:05:28:32	19
48.89039	1.74026	1	2009-05-01:05:28:32	19
48.88808	1.74056	1	2009-05-01:05:28:32	19
48.88523	1.73781	1	2009-05-01:05:28:32	19
48.88643	1.73362	1	2009-05-01:05:28:32	19
48.88787	1.72927	1	2009-05-01:05:28:32	19
48.88897	1.72479	1	2009-05-01:05:28:32	19
48.88999	1.72036	1	2009-05-01:05:28:32	19
48.89095	1.71587	1	2009-05-01:05:28:32	19
48.89194	1.71149	1	2009-05-01:05:28:32	19
48.8924	1.70699	1	2009-05-01:05:28:32	19
48.8922	1.70234	1	2009-05-01:05:28:32	19
48.89193	1.69768	1	2009-05-01:05:28:32	19
48.89164	1.69282	1	2009-05-01:05:28:32	19
48.89073	1.68843	1	2009-05-01:05:28:32	19
48.88971	1.68399	1	2009-05-01:05:28:32	19
48.89165	1.68096	1	2009-05-01:05:28:32	19
48.89447	1.68019	1	2009-05-01:05:28:32	19
48.89594	1.67962	1	2009-05-01:05:28:32	19
48.89595	1.67959	1	2009-05-01:05:28:32	19
48.89597	1.67957	1	2009-05-01:05:28:32	19
48.89598	1.67955	1	2009-05-01:05:28:32	19
48.896	1.67954	1	2009-05-01:05:28:32	19
48.89601	1.67952	1	2009-05-01:05:28:32	19
48.89603	1.6795	1	2009-05-01:05:28:32	19
48.89604	1.67948	1	2009-05-01:05:28:32	19
48.89605	1.67946	1	2009-05-01:05:28:32	19
48.89607	1.67945	1	2009-05-01:05:28:32	19
48.89609	1.67944	1	2009-05-01:05:28:32	19
48.8961	1.67942	1	2009-05-01:05:28:32	19
48.89613	1.67941	1	2009-05-01:05:28:32	19
48.89616	1.6794	1	2009-05-01:05:28:32	19
48.89617	1.67938	1	2009-05-01:05:28:32	19
48.89619	1.67937	1	2009-05-01:05:28:32	19
48.8962	1.67935	1	2009-05-01:05:28:32	19
48.89621	1.67933	1	2009-05-01:05:28:32	19
48.89622	1.67931	1	2009-05-01:05:28:32	19
48.89622	1.67929	1	2009-05-01:05:28:32	19
48.89624	1.67928	1	2009-05-01:05:28:32	19
48.89625	1.6793	1	2009-05-01:05:28:32	19
48.89625	1.67932	1	2009-05-01:05:28:32	19
48.89627	1.67933	1	2009-05-01:09:27:43	20
48.89959	1.67519	1	2009-05-01:09:27:43	20
48.89977	1.67033	1	2009-05-01:09:27:43	20
48.89799	1.66585	1	2009-05-01:09:27:43	20
48.89582	1.66147	1	2009-05-01:09:27:43	20
48.895	1.65644	1	2009-05-01:09:27:43	20
48.89359	1.65121	1	2009-05-01:09:27:43	20
48.89298	1.6455	1	2009-05-01:09:27:43	20
48.89353	1.64021	1	2009-05-01:09:27:43	20
48.8954	1.63632	1	2009-05-01:09:27:43	20
48.89707	1.6319	1	2009-05-01:09:27:43	20
48.89864	1.62737	1	2009-05-01:09:27:43	20
48.90071	1.62349	1	2009-05-01:09:27:43	20
48.90263	1.61944	1	2009-05-01:09:27:43	20
48.90498	1.61845	1	2009-05-01:09:27:43	20
48.90612	1.61419	1	2009-05-01:09:27:43	20
48.90787	1.61101	1	2009-05-01:09:27:43	20
48.90957	1.60739	1	2009-05-01:09:27:43	20
48.91205	1.60438	1	2009-05-01:09:27:43	20
48.91411	1.60047	1	2009-05-01:09:27:43	20
48.91602	1.59641	1	2009-05-01:09:27:43	20
48.91789	1.59223	1	2009-05-01:09:27:43	20
48.91914	1.58775	1	2009-05-01:09:27:43	20
48.92096	1.58363	1	2009-05-01:09:27:43	20
48.92329	1.58013	1	2009-05-01:09:27:43	20
48.92518	1.57613	1	2009-05-01:09:27:43	20
48.92685	1.57197	1	2009-05-01:09:27:43	20
48.92889	1.56857	1	2009-05-01:09:27:43	20
48.93133	1.56529	1	2009-05-01:09:27:43	20
48.93347	1.56159	1	2009-05-01:09:27:43	20
48.93559	1.55804	1	2009-05-01:09:27:43	20
48.93814	1.55482	1	2009-05-01:09:27:43	20
48.93964	1.55123	1	2009-05-01:09:27:43	20
48.94037	1.54647	1	2009-05-01:09:27:43	20
48.94198	1.54247	1	2009-05-01:09:27:43	20
48.94314	1.53797	1	2009-05-01:09:27:43	20
48.94488	1.5339	1	2009-05-01:09:27:43	20
48.94528	1.5301	1	2009-05-01:09:27:43	20
48.94546	1.52533	1	2009-05-01:09:27:43	20
48.94566	1.52035	1	2009-05-01:09:27:43	20
48.94588	1.5154	1	2009-05-01:09:27:43	20
48.94619	1.51052	1	2009-05-01:09:27:43	20
48.94648	1.50567	1	2009-05-01:09:27:43	20
48.94669	1.50096	1	2009-05-01:09:27:43	20
48.94704	1.49615	1	2009-05-01:09:27:43	20
48.94733	1.49149	1	2009-05-01:09:27:43	20
48.94734	1.48696	1	2009-05-01:09:27:43	20
48.9468	1.48362	1	2009-05-01:09:27:43	20
48.94474	1.4799	1	2009-05-01:09:27:43	20
48.94295	1.47593	1	2009-05-01:09:27:43	20
48.94133	1.47185	1	2009-05-01:09:27:43	20
48.93986	1.46769	1	2009-05-01:09:27:43	20
48.93869	1.46327	1	2009-05-01:09:27:43	20
48.93759	1.45879	1	2009-05-01:09:27:43	20
48.93562	1.45494	1	2009-05-01:09:27:43	20
48.93417	1.45071	1	2009-05-01:09:27:43	20
48.93328	1.44612	1	2009-05-01:09:27:43	20
48.93308	1.44129	1	2009-05-01:09:27:43	20
48.93146	1.43839	1	2009-05-01:09:27:43	20
48.93056	1.43396	1	2009-05-01:09:27:43	20
48.93148	1.42942	1	2009-05-01:09:27:43	20
48.93377	1.42609	1	2009-05-01:09:27:43	20
48.93404	1.42206	1	2009-05-01:09:27:43	20
48.93199	1.41915	1	2009-05-01:09:27:43	20
48.92939	1.41973	1	2009-05-01:09:27:43	20
48.92636	1.42088	1	2009-05-01:09:27:43	20
48.92477	1.41943	1	2009-05-01:09:27:43	20
48.92748	1.41652	1	2009-05-01:09:27:43	20
48.92973	1.41278	1	2009-05-01:09:27:43	20
48.93054	1.40801	1	2009-05-01:09:27:43	20
48.93116	1.40331	1	2009-05-01:09:27:43	20
48.93253	1.39956	1	2009-05-01:09:27:43	20
48.93475	1.39608	1	2009-05-01:09:27:43	20
48.93524	1.39166	1	2009-05-01:09:27:43	20
48.93685	1.38773	1	2009-05-01:09:27:43	20
48.938	1.38338	1	2009-05-01:09:27:43	20
48.93945	1.37917	1	2009-05-01:09:27:43	20
48.9408	1.37473	1	2009-05-01:09:27:43	20
48.94256	1.37064	1	2009-05-01:09:27:43	20
48.94473	1.36729	1	2009-05-01:09:27:43	20
48.94632	1.36331	1	2009-05-01:09:27:43	20
48.94768	1.35908	1	2009-05-01:09:27:43	20
48.95011	1.35618	1	2009-05-01:09:27:43	20
48.95159	1.35218	1	2009-05-01:09:27:43	20
48.95433	1.34974	1	2009-05-01:09:27:43	20
48.95718	1.34792	1	2009-05-01:09:27:43	20
48.95987	1.34551	1	2009-05-01:09:27:43	20
48.96256	1.34294	1	2009-05-01:09:27:43	20
48.96321	1.33854	1	2009-05-01:09:27:43	20
48.96463	1.33448	1	2009-05-01:09:27:43	20
48.96561	1.32998	1	2009-05-01:09:27:43	20
48.96695	1.32543	1	2009-05-01:09:27:43	20
48.96858	1.32145	1	2009-05-01:09:27:43	20
48.9704	1.31759	1	2009-05-01:09:27:43	20
48.97157	1.31316	1	2009-05-01:09:27:43	20
48.97336	1.30954	1	2009-05-01:09:27:43	20
48.97579	1.30651	1	2009-05-01:09:27:43	20
48.97641	1.30249	1	2009-05-01:09:27:43	20
48.97549	1.298	1	2009-05-01:09:27:43	20
48.97552	1.29318	1	2009-05-01:09:27:43	20
48.97567	1.28843	1	2009-05-01:09:27:43	20
48.97616	1.28376	1	2009-05-01:09:27:43	20
48.9778	1.27966	1	2009-05-01:09:27:43	20
48.97968	1.27581	1	2009-05-01:09:27:43	20
48.98083	1.27139	1	2009-05-01:09:27:43	20
48.98205	1.26699	1	2009-05-01:09:27:43	20
48.98351	1.26277	1	2009-05-01:09:27:43	20
48.9848	1.25856	1	2009-05-01:09:27:43	20
48.98669	1.25477	1	2009-05-01:09:27:43	20
48.98814	1.25075	1	2009-05-01:09:27:43	20
48.98994	1.2468	1	2009-05-01:09:27:43	20
48.99255	1.24454	1	2009-05-01:09:27:43	20
48.99557	1.24368	1	2009-05-01:09:27:43	20
48.99741	1.24026	1	2009-05-01:09:27:43	20
48.99932	1.23663	1	2009-05-01:09:27:43	20
49.0024	1.23519	1	2009-05-01:09:27:43	20
49.00476	1.23264	1	2009-05-01:09:27:43	20
49.00541	1.22793	1	2009-05-01:09:27:43	20
49.00567	1.22313	1	2009-05-01:09:27:43	20
49.00684	1.21897	1	2009-05-01:09:27:43	20
49.00942	1.21641	1	2009-05-01:09:27:43	20
49.01239	1.21485	1	2009-05-01:09:27:43	20
49.01454	1.21471	1	2009-05-01:09:27:43	20
49.01442	1.21955	1	2009-05-01:09:27:43	20
49.01429	1.22453	1	2009-05-01:09:27:43	20
49.01423	1.22941	1	2009-05-01:09:27:43	20
49.01406	1.23658	1	2009-05-01:09:27:43	20
49.01393	1.24118	1	2009-05-01:09:27:43	20
49.0138	1.24607	1	2009-05-01:09:27:43	20
49.01368	1.25087	1	2009-05-01:09:27:43	20
49.01366	1.25555	1	2009-05-01:09:27:43	20
49.01344	1.2603	1	2009-05-01:09:27:43	20
49.01331	1.26517	1	2009-05-01:09:27:43	20
49.01317	1.2699	1	2009-05-01:09:27:43	20
49.01306	1.27458	1	2009-05-01:09:27:43	20
49.01293	1.2792	1	2009-05-01:09:27:43	20
49.01279	1.2839	1	2009-05-01:09:27:43	20
49.01263	1.28868	1	2009-05-01:09:27:43	20
49.01251	1.29351	1	2009-05-01:09:27:43	20
49.0124	1.29825	1	2009-05-01:09:27:43	20
49.01221	1.303	1	2009-05-01:09:27:43	20
49.01206	1.30778	1	2009-05-01:09:27:43	20
49.01194	1.31254	1	2009-05-01:09:27:43	20
49.01181	1.31723	1	2009-05-01:09:27:43	20
49.01168	1.32204	1	2009-05-01:09:27:43	20
49.01156	1.32686	1	2009-05-01:09:27:43	20
49.01141	1.33163	1	2009-05-01:09:27:43	20
49.01128	1.33636	1	2009-05-01:09:27:43	20
49.01214	1.34079	1	2009-05-01:09:27:43	20
49.01361	1.3449	1	2009-05-01:09:27:43	20
49.01336	1.3494	1	2009-05-01:09:27:43	20
49.01193	1.35342	1	2009-05-01:09:27:43	20
49.0104	1.3574	1	2009-05-01:09:27:43	20
49.00913	1.3616	1	2009-05-01:09:27:43	20
49.00819	1.36613	1	2009-05-01:09:27:43	20
49.00769	1.37079	1	2009-05-01:09:27:43	20
49.0076	1.37552	1	2009-05-01:09:27:43	20
49.00791	1.38023	1	2009-05-01:09:27:43	20
49.00831	1.38504	1	2009-05-01:09:27:43	20
49.0084	1.38984	1	2009-05-01:09:27:43	20
49.00823	1.39476	1	2009-05-01:09:27:43	20
49.00787	1.39962	1	2009-05-01:09:27:43	20
49.00777	1.40444	1	2009-05-01:09:27:43	20
49.00816	1.40945	1	2009-05-01:09:27:43	20
49.00903	1.41439	1	2009-05-01:09:27:43	20
49.00981	1.4193	1	2009-05-01:09:27:43	20
49.01053	1.42404	1	2009-05-01:09:27:43	20
49.01123	1.42872	1	2009-05-01:09:27:43	20
49.01194	1.43342	1	2009-05-01:09:27:43	20
49.01266	1.43822	1	2009-05-01:09:27:43	20
49.01521	1.44003	1	2009-05-01:09:27:43	20
49.01514	1.44001	1	2009-05-01:09:27:43	20
49.01422	1.44383	1	2009-05-01:09:27:43	20
49.01411	1.44606	1	2009-05-01:09:27:43	20
49.01414	1.44611	1	2009-05-01:09:27:43	20
49.01416	1.44617	1	2009-05-01:09:27:43	20
49.01418	1.44622	1	2009-05-01:09:27:43	20
49.01419	1.44627	1	2009-05-01:09:27:43	20
49.0142	1.44631	1	2009-05-01:09:27:43	20
49.01421	1.44636	1	2009-05-01:09:27:43	20
49.01421	1.44639	1	2009-05-01:09:27:43	20
49.01422	1.44642	1	2009-05-01:09:27:43	20
49.01423	1.44644	1	2009-05-01:09:27:43	20
49.01423	1.44646	1	2009-05-01:09:27:43	20
49.01423	1.44648	1	2009-05-01:09:27:43	20
49.01424	1.4465	1	2009-05-01:09:27:43	20
49.01424	1.44652	1	2009-05-01:09:27:43	20
49.01424	1.44654	1	2009-05-01:09:27:43	20
49.01424	1.44656	1	2009-05-01:09:27:43	20
49.01423	1.44654	1	2009-05-01:09:27:43	20
49.01423	1.44652	1	2009-05-01:09:27:43	20
49.01422	1.4465	1	2009-05-01:09:27:43	20
49.01422	1.44648	1	2009-05-01:09:27:43	20
49.01423	1.44646	1	2009-05-01:09:27:43	20
49.01423	1.44644	1	2009-05-01:09:27:43	20
49.01426	1.44642	1	2009-05-01:09:27:43	20
49.01426	1.44642	1	2009-05-01:12:41:53	21
49.01444	1.45065	1	2009-05-01:12:41:53	21
49.01546	1.45752	1	2009-05-01:12:41:53	21
49.01643	1.46404	1	2009-05-01:12:41:53	21
49.01718	1.46913	1	2009-05-01:12:41:53	21
49.0179	1.47392	1	2009-05-01:12:41:53	21
49.01881	1.47949	1	2009-05-01:12:41:53	21
49.01951	1.48496	1	2009-05-01:12:41:53	21
49.02029	1.49038	1	2009-05-01:12:41:53	21
49.02095	1.49494	1	2009-05-01:12:41:53	21
49.02173	1.5004	1	2009-05-01:12:41:53	21
49.02241	1.50571	1	2009-05-01:12:41:53	21
49.0233	1.51093	1	2009-05-01:12:41:53	21
49.02406	1.51615	1	2009-05-01:12:41:53	21
49.02482	1.52155	1	2009-05-01:12:41:53	21
49.02557	1.52661	1	2009-05-01:12:41:53	21
49.02617	1.53107	1	2009-05-01:12:41:53	21
49.02612	1.53508	1	2009-05-01:12:41:53	21
49.02619	1.53999	1	2009-05-01:12:41:53	21
49.02681	1.54436	1	2009-05-01:12:41:53	21
49.0285	1.54836	1	2009-05-01:12:41:53	21
49.02966	1.55302	1	2009-05-01:12:41:53	21
49.03124	1.5577	1	2009-05-01:12:41:53	21
49.03251	1.56222	1	2009-05-01:12:41:53	21
49.03325	1.5669	1	2009-05-01:12:41:53	21
49.0344	1.57148	1	2009-05-01:12:41:53	21
49.03612	1.57569	1	2009-05-01:12:41:53	21
49.03738	1.58016	1	2009-05-01:12:41:53	21
49.03769	1.58499	1	2009-05-01:12:41:53	21
49.03789	1.58998	1	2009-05-01:12:41:53	21
49.03802	1.59501	1	2009-05-01:12:41:53	21
49.03577	1.59896	1	2009-05-01:12:41:53	21
49.03315	1.60222	1	2009-05-01:12:41:53	21
49.0307	1.60535	1	2009-05-01:12:41:53	21
49.02823	1.60848	1	2009-05-01:12:41:53	21
49.02571	1.61128	1	2009-05-01:12:41:53	21
49.02252	1.61095	1	2009-05-01:12:41:53	21
49.0193	1.61075	1	2009-05-01:12:41:53	21
49.01614	1.61084	1	2009-05-01:12:41:53	21
49.013	1.61186	1	2009-05-01:12:41:53	21
49.01013	1.61394	1	2009-05-01:12:41:53	21
49.00748	1.61652	1	2009-05-01:12:41:53	21
49.00477	1.61907	1	2009-05-01:12:41:53	21
49.00347	1.62364	1	2009-05-01:12:41:53	21
49.00223	1.62824	1	2009-05-01:12:41:53	21
49.00065	1.6324	1	2009-05-01:12:41:53	21
49.00005	1.6372	1	2009-05-01:12:41:53	21
48.99963	1.64219	1	2009-05-01:12:41:53	21
48.99907	1.64684	1	2009-05-01:12:41:53	21
48.99884	1.65172	1	2009-05-01:12:41:53	21
48.99843	1.65652	1	2009-05-01:12:41:53	21
48.99802	1.66151	1	2009-05-01:12:41:53	21
48.99762	1.66631	1	2009-05-01:12:41:53	21
48.99719	1.6713	1	2009-05-01:12:41:53	21
48.99671	1.67616	1	2009-05-01:12:41:53	21
48.99638	1.68107	1	2009-05-01:12:41:53	21
48.996	1.68599	1	2009-05-01:12:41:53	21
48.99565	1.6907	1	2009-05-01:12:41:53	21
48.9945	1.69521	1	2009-05-01:12:41:53	21
48.99326	1.69978	1	2009-05-01:12:41:53	21
48.99205	1.7042	1	2009-05-01:12:41:53	21
48.9909	1.70866	1	2009-05-01:12:41:53	21
48.98973	1.71316	1	2009-05-01:12:41:53	21
48.98933	1.71782	1	2009-05-01:12:41:53	21
48.98856	1.7224	1	2009-05-01:12:41:53	21
48.98623	1.72495	1	2009-05-01:12:41:53	21
48.9834	1.72713	1	2009-05-01:12:41:53	21
48.98043	1.72893	1	2009-05-01:12:41:53	21
48.97781	1.73173	1	2009-05-01:12:41:53	21
48.97542	1.735	1	2009-05-01:12:41:53	21
48.97279	1.73789	1	2009-05-01:12:41:53	21
48.97059	1.7415	1	2009-05-01:12:41:53	21
48.96943	1.7433	1	2009-05-01:12:41:53	21
48.96767	1.74738	1	2009-05-01:12:41:53	21
48.9662	1.75165	1	2009-05-01:12:41:53	21
48.96509	1.7561	1	2009-05-01:12:41:53	21
48.96419	1.76065	1	2009-05-01:12:41:53	21
48.9633	1.76523	1	2009-05-01:12:41:53	21
48.96257	1.76979	1	2009-05-01:12:41:53	21
48.96198	1.77457	1	2009-05-01:12:41:53	21
48.96161	1.77938	1	2009-05-01:12:41:53	21
48.96126	1.7842	1	2009-05-01:12:41:53	21
48.96191	1.78871	1	2009-05-01:12:41:53	21
48.96247	1.79336	1	2009-05-01:12:41:53	21
48.9621	1.79806	1	2009-05-01:12:41:53	21
48.96161	1.80286	1	2009-05-01:12:41:53	21
48.96108	1.8077	1	2009-05-01:12:41:53	21
48.96001	1.81215	1	2009-05-01:12:41:53	21
48.95867	1.81651	1	2009-05-01:12:41:53	21
48.95736	1.82088	1	2009-05-01:12:41:53	21
48.95673	1.82547	1	2009-05-01:12:41:53	21
48.95762	1.83007	1	2009-05-01:12:41:53	21
48.95846	1.83459	1	2009-05-01:12:41:53	21
48.95927	1.83913	1	2009-05-01:12:41:53	21
48.96007	1.84365	1	2009-05-01:12:41:53	21
48.96087	1.84825	1	2009-05-01:12:41:53	21
48.96152	1.85299	1	2009-05-01:12:41:53	21
48.96144	1.85776	1	2009-05-01:12:41:53	21
48.96128	1.86294	1	2009-05-01:12:41:53	21
48.9605	1.86776	1	2009-05-01:12:41:53	21
48.95987	1.87256	1	2009-05-01:12:41:53	21
48.95987	1.87779	1	2009-05-01:12:41:53	21
48.95937	1.8829	1	2009-05-01:12:41:53	21
48.95821	1.88762	1	2009-05-01:12:41:53	21
48.95708	1.89223	1	2009-05-01:12:41:53	21
48.95597	1.89672	1	2009-05-01:12:41:53	21
48.95487	1.90114	1	2009-05-01:12:41:53	21
48.95376	1.90556	1	2009-05-01:12:41:53	21
48.95267	1.90992	1	2009-05-01:12:41:53	21
48.95096	1.9141	1	2009-05-01:12:41:53	21
48.94877	1.91743	1	2009-05-01:12:41:53	21
48.94708	1.92189	1	2009-05-01:12:41:53	21
48.94589	1.92643	1	2009-05-01:12:41:53	21
48.94481	1.93086	1	2009-05-01:12:41:53	21
48.94248	1.93395	1	2009-05-01:12:41:53	21
48.93995	1.93697	1	2009-05-01:12:41:53	21
48.93797	1.94069	1	2009-05-01:12:41:53	21
48.93691	1.94537	1	2009-05-01:12:41:53	21
48.93584	1.94997	1	2009-05-01:12:41:53	21
48.9349	1.95476	1	2009-05-01:12:41:53	21
48.93445	1.95962	1	2009-05-01:12:41:53	21
48.93365	1.96436	1	2009-05-01:12:41:53	21
48.93228	1.96872	1	2009-05-01:12:41:53	21
48.93087	1.97328	1	2009-05-01:12:41:53	21
48.9295	1.97767	1	2009-05-01:12:41:53	21
48.92812	1.98218	1	2009-05-01:12:41:53	21
48.92614	1.98865	1	2009-05-01:12:41:53	21
48.92472	1.99292	1	2009-05-01:12:41:53	21
48.92455	1.99431	1	2009-05-01:12:41:53	21
48.92504	1.99428	1	2009-05-01:12:41:53	21
48.92502	1.99432	1	2009-05-01:12:41:53	21
48.92501	1.99436	1	2009-05-01:12:41:53	21
48.925	1.9944	1	2009-05-01:12:41:53	21
48.92499	1.99443	1	2009-05-01:12:41:53	21
48.92497	1.99446	1	2009-05-01:12:41:53	21
48.92494	1.99447	1	2009-05-01:12:41:53	21
48.92492	1.99446	1	2009-05-01:12:41:53	21
48.9249	1.99444	1	2009-05-01:12:41:53	21
48.92487	1.99442	1	2009-05-01:12:41:53	21
48.92485	1.99441	1	2009-05-01:12:41:53	21
48.92483	1.99439	1	2009-05-01:12:41:53	21
48.92481	1.99439	1	2009-05-01:12:41:53	21
48.92479	1.9944	1	2009-05-01:12:41:53	21
48.92476	1.9944	1	2009-05-01:12:41:53	21
48.92473	1.99441	1	2009-05-01:12:41:53	21
48.92471	1.9944	1	2009-05-01:12:41:53	21
48.92471	1.99438	1	2009-05-01:12:41:53	21
48.9247	1.99436	1	2009-05-01:12:41:53	21
48.9247	1.99434	1	2009-05-01:12:41:53	21
48.92469	1.99432	1	2009-05-01:12:41:53	21
48.92469	1.99434	1	2009-05-01:12:41:53	21
48.92469	1.99434	1	2009-05-01:12:41:53	21
48.92467	1.99439	1	2009-05-01:15:52:16	22
48.92433	1.99504	1	2009-05-01:15:52:16	22
48.92353	1.99685	1	2009-05-01:15:52:16	22
48.92276	1.99977	1	2009-05-01:15:52:16	22
48.92167	2.00284	1	2009-05-01:15:52:16	22
48.9206	2.00468	1	2009-05-01:15:52:16	22
48.91871	2.00611	1	2009-05-01:15:52:16	22
48.91787	2.00845	1	2009-05-01:15:52:16	22
48.91713	2.0117	1	2009-05-01:15:52:16	22
48.9169	2.01452	1	2009-05-01:15:52:16	22
48.91585	2.01724	1	2009-05-01:15:52:16	22
48.91465	2.02002	1	2009-05-01:15:52:16	22
48.91382	2.02217	1	2009-05-01:15:52:16	22
48.9132	2.02463	1	2009-05-01:15:52:16	22
48.91257	2.02725	1	2009-05-01:15:52:16	22
48.91194	2.02974	1	2009-05-01:15:52:16	22
48.91138	2.03211	1	2009-05-01:15:52:16	22
48.91099	2.03372	1	2009-05-01:15:52:16	22
48.91041	2.03595	1	2009-05-01:15:52:16	22
48.90985	2.03838	1	2009-05-01:15:52:16	22
48.9091	2.04069	1	2009-05-01:15:52:16	22
48.90823	2.04307	1	2009-05-01:15:52:16	22
48.90743	2.04533	1	2009-05-01:15:52:16	22
48.90651	2.04766	1	2009-05-01:15:52:16	22
48.90565	2.05013	1	2009-05-01:15:52:16	22
48.90477	2.0526	1	2009-05-01:15:52:16	22
48.90389	2.0549	1	2009-05-01:15:52:16	22
48.90315	2.0571	1	2009-05-01:15:52:16	22
48.90233	2.0594	1	2009-05-01:15:52:16	22
48.9015	2.06171	1	2009-05-01:15:52:16	22
48.90069	2.06397	1	2009-05-01:15:52:16	22
48.89998	2.0662	1	2009-05-01:15:52:16	22
48.89955	2.06793	1	2009-05-01:15:52:16	22
48.89936	2.07007	1	2009-05-01:15:52:16	22
48.89936	2.07262	1	2009-05-01:15:52:16	22
48.89875	2.07487	1	2009-05-01:15:52:16	22
48.89781	2.07694	1	2009-05-01:15:52:16	22
48.89674	2.07908	1	2009-05-01:15:52:16	22
48.89539	2.08087	1	2009-05-01:15:52:16	22
48.89382	2.08194	1	2009-05-01:15:52:16	22
48.8922	2.08277	1	2009-05-01:15:52:16	22
48.89062	2.08356	1	2009-05-01:15:52:16	22
48.88919	2.08496	1	2009-05-01:15:52:16	22
48.88818	2.08686	1	2009-05-01:15:52:16	22
48.8873	2.08907	1	2009-05-01:15:52:16	22
48.88675	2.09141	1	2009-05-01:15:52:16	22
48.88645	2.0941	1	2009-05-01:15:52:16	22
48.88642	2.09671	1	2009-05-01:15:52:16	22
48.88681	2.09909	1	2009-05-01:15:52:16	22
48.88679	2.10159	1	2009-05-01:15:52:16	22
48.88626	2.10385	1	2009-05-01:15:52:16	22
48.88485	2.10505	1	2009-05-01:15:52:16	22
48.88345	2.10637	1	2009-05-01:15:52:16	22
48.88201	2.10764	1	2009-05-01:15:52:16	22
48.88059	2.10898	1	2009-05-01:15:52:16	22
48.87932	2.11067	1	2009-05-01:15:52:16	22
48.87843	2.11281	1	2009-05-01:15:52:16	22
48.8777	2.115	1	2009-05-01:15:52:16	22
48.87661	2.11673	1	2009-05-01:15:52:16	22
48.87525	2.11816	1	2009-05-01:15:52:16	22
48.87395	2.11969	1	2009-05-01:15:52:16	22
48.87288	2.12167	1	2009-05-01:15:52:16	22
48.87175	2.12357	1	2009-05-01:15:52:16	22
48.87062	2.1253	1	2009-05-01:15:52:16	22
48.86986	2.12673	1	2009-05-01:15:52:16	22
48.8692	2.12887	1	2009-05-01:15:52:16	22
48.86865	2.13105	1	2009-05-01:15:52:16	22
48.86807	2.13334	1	2009-05-01:15:52:16	22
48.86757	2.13567	1	2009-05-01:15:52:16	22
48.8674	2.138	1	2009-05-01:15:52:16	22
48.86753	2.14046	1	2009-05-01:15:52:16	22
48.86773	2.14293	1	2009-05-01:15:52:16	22
48.86781	2.14536	1	2009-05-01:15:52:16	22
48.86829	2.14776	1	2009-05-01:15:52:16	22
48.86831	2.15013	1	2009-05-01:15:52:16	22
48.86829	2.15263	1	2009-05-01:15:52:16	22
48.86895	2.15495	1	2009-05-01:15:52:16	22
48.86939	2.15716	1	2009-05-01:15:52:16	22
48.87015	2.15856	1	2009-05-01:15:52:16	22
48.87118	2.16044	1	2009-05-01:15:52:16	22
48.87216	2.16242	1	2009-05-01:15:52:16	22
48.87312	2.16445	1	2009-05-01:15:52:16	22
48.87408	2.1664	1	2009-05-01:15:52:16	22
48.87501	2.16839	1	2009-05-01:15:52:16	22
48.87602	2.17039	1	2009-05-01:15:52:16	22
48.87684	2.17236	1	2009-05-01:15:52:16	22
48.87762	2.17451	1	2009-05-01:15:52:16	22
48.8784	2.1766	1	2009-05-01:15:52:16	22
48.87913	2.17876	1	2009-05-01:15:52:16	22
48.87979	2.18043	1	2009-05-01:15:52:16	22
48.88052	2.18262	1	2009-05-01:15:52:16	22
48.88088	2.18476	1	2009-05-01:15:52:16	22
48.87943	2.18582	1	2009-05-01:15:52:16	22
48.87799	2.18675	1	2009-05-01:15:52:16	22
48.87655	2.18593	1	2009-05-01:15:52:16	22
48.87526	2.18452	1	2009-05-01:15:52:16	22
48.87395	2.18313	1	2009-05-01:15:52:16	22
48.87253	2.18261	1	2009-05-01:15:52:16	22
48.87108	2.18378	1	2009-05-01:15:52:16	22
48.8698	2.18513	1	2009-05-01:15:52:16	22
48.86886	2.18698	1	2009-05-01:15:52:16	22
48.86846	2.18935	1	2009-05-01:15:52:16	22
48.86813	2.19178	1	2009-05-01:15:52:16	22
48.86785	2.19415	1	2009-05-01:15:52:16	22
48.8676	2.19663	1	2009-05-01:15:52:16	22
48.8671	2.19899	1	2009-05-01:15:52:16	22
48.86646	2.20124	1	2009-05-01:15:52:16	22
48.86551	2.20325	1	2009-05-01:15:52:16	22
48.86488	2.20557	1	2009-05-01:15:52:16	22
48.86435	2.20791	1	2009-05-01:15:52:16	22
48.86318	2.20952	1	2009-05-01:15:52:16	22
48.86216	2.21138	1	2009-05-01:15:52:16	22
48.86097	2.21287	1	2009-05-01:15:52:16	22
48.85945	2.2136	1	2009-05-01:15:52:16	22
48.86029	2.21522	1	2009-05-01:15:52:16	22
48.86174	2.21621	1	2009-05-01:15:52:16	22
48.8627	2.21794	1	2009-05-01:15:52:16	22
48.86404	2.21878	1	2009-05-01:15:52:16	22
48.86553	2.21975	1	2009-05-01:15:52:16	22
48.86679	2.22117	1	2009-05-01:15:52:16	22
48.86808	2.22247	1	2009-05-01:15:52:16	22
48.86825	2.22468	1	2009-05-01:15:52:16	22
48.86756	2.22681	1	2009-05-01:15:52:16	22
48.86693	2.22899	1	2009-05-01:15:52:16	22
48.86636	2.23112	1	2009-05-01:15:52:16	22
48.86559	2.23322	1	2009-05-01:15:52:16	22
48.86406	2.23601	1	2009-05-01:15:52:16	22
48.86302	2.23769	1	2009-05-01:15:52:16	22
48.86152	2.23767	1	2009-05-01:15:52:16	22
48.85994	2.23691	1	2009-05-01:15:52:16	22
48.85839	2.23699	1	2009-05-01:15:52:16	22
48.85684	2.23736	1	2009-05-01:15:52:16	22
48.8552	2.23745	1	2009-05-01:15:52:16	22
48.85364	2.2371	1	2009-05-01:15:52:16	22
48.85213	2.23675	1	2009-05-01:15:52:16	22
48.85075	2.23773	1	2009-05-01:15:52:16	22
48.84994	2.23946	1	2009-05-01:15:52:16	22
48.84878	2.24098	1	2009-05-01:15:52:16	22
48.84791	2.24258	1	2009-05-01:15:52:16	22
48.848	2.24491	1	2009-05-01:15:52:16	22
48.84798	2.24734	1	2009-05-01:15:52:16	22
48.84796	2.24972	1	2009-05-01:15:52:16	22
48.84796	2.2521	1	2009-05-01:15:52:16	22
48.84791	2.25446	1	2009-05-01:15:52:16	22
48.84791	2.25685	1	2009-05-01:15:52:16	22
48.847	2.2582	1	2009-05-01:15:52:16	22
48.8455	2.25754	1	2009-05-01:15:52:16	22
48.84395	2.25696	1	2009-05-01:15:52:16	22
48.84245	2.25631	1	2009-05-01:15:52:16	22
48.84095	2.25617	1	2009-05-01:15:52:16	22
48.83933	2.2566	1	2009-05-01:15:52:16	22
48.83805	2.25632	1	2009-05-01:15:52:16	22
48.83652	2.25611	1	2009-05-01:15:52:16	22
48.8371	2.25669	1	2009-05-01:15:52:16	22
48.83743	2.25872	1	2009-05-01:15:52:16	22
48.83704	2.26103	1	2009-05-01:15:52:16	22
48.83732	2.26232	1	2009-05-01:15:52:16	22
48.8384	2.26395	1	2009-05-01:15:52:16	22
48.83953	2.2639	1	2009-05-01:15:52:16	22
48.84068	2.26447	1	2009-05-01:15:52:16	22
48.84035	2.26638	1	2009-05-01:15:52:16	22
48.83933	2.26819	1	2009-05-01:15:52:16	22
48.83842	2.27015	1	2009-05-01:15:52:16	22
48.83762	2.27217	1	2009-05-01:15:52:16	22
48.83693	2.27424	1	2009-05-01:15:52:16	22
48.83646	2.27656	1	2009-05-01:15:52:16	22
48.83601	2.27877	1	2009-05-01:15:52:16	22
48.83531	2.28091	1	2009-05-01:15:52:16	22
48.83463	2.28305	1	2009-05-01:15:52:16	22
48.83383	2.28514	1	2009-05-01:15:52:16	22
48.83288	2.2871	1	2009-05-01:15:52:16	22
48.83217	2.2891	1	2009-05-01:15:52:16	22
48.8313	2.2911	1	2009-05-01:15:52:16	22
48.83044	2.29326	1	2009-05-01:15:52:16	22
48.82971	2.29551	1	2009-05-01:15:52:16	22
48.82924	2.29788	1	2009-05-01:15:52:16	22
48.82865	2.30009	1	2009-05-01:15:52:16	22
48.82821	2.30239	1	2009-05-01:15:52:16	22
48.82768	2.30458	1	2009-05-01:15:52:16	22
48.82717	2.3068	1	2009-05-01:15:52:16	22
48.82672	2.30905	1	2009-05-01:15:52:16	22
48.82629	2.31133	1	2009-05-01:15:52:16	22
48.82576	2.31354	1	2009-05-01:15:52:16	22
48.82527	2.31573	1	2009-05-01:15:52:16	22
48.82477	2.318	1	2009-05-01:15:52:16	22
48.82427	2.32027	1	2009-05-01:15:52:16	22
48.8237	2.32253	1	2009-05-01:15:52:16	22
48.82309	2.32471	1	2009-05-01:15:52:16	22
48.82275	2.327	1	2009-05-01:15:52:16	22
48.82223	2.32929	1	2009-05-01:15:52:16	22
48.82175	2.33166	1	2009-05-01:15:52:16	22
48.82116	2.33387	1	2009-05-01:15:52:16	22
48.82069	2.3363	1	2009-05-01:15:52:16	22
48.82017	2.33854	1	2009-05-01:15:52:16	22
48.82008	2.33907	1	2009-05-01:15:52:16	22
48.82007	2.3391	1	2009-05-01:15:52:16	22
48.82005	2.33914	1	2009-05-01:15:52:16	22
48.82004	2.3392	1	2009-05-01:15:52:16	22
48.82004	2.33925	1	2009-05-01:15:52:16	22
48.82003	2.33931	1	2009-05-01:15:52:16	22
48.82002	2.33938	1	2009-05-01:15:52:16	22
48.82001	2.33945	1	2009-05-01:15:52:16	22
48.82	2.33953	1	2009-05-01:15:52:16	22
48.81998	2.3396	1	2009-05-01:15:52:16	22
48.81995	2.33966	1	2009-05-01:15:52:16	22
48.81992	2.3397	1	2009-05-01:15:52:16	22
48.81991	2.33972	1	2009-05-01:15:52:16	22
48.81989	2.33973	1	2009-05-01:15:52:16	22
48.81986	2.33972	1	2009-05-01:15:52:16	22
48.81985	2.3397	1	2009-05-01:15:52:16	22
48.81985	2.3397	1	2009-05-01:15:52:16	22
48.81986	2.33972	1	2009-05-01:15:52:16	22
48.81988	2.33973	1	2009-05-01:15:52:16	22
48.8199	2.33974	1	2009-05-01:15:52:16	22
48.8199	2.33976	1	2009-05-01:15:52:16	22
48.81999	2.33982	1	2009-05-01:15:52:16	22
48.82001	2.33984	1	2009-05-01:15:52:16	22
48.81619	2.30747	1	2009-05-04:07:18:11	23
48.81651	2.3064	1	2009-05-04:07:18:11	23
48.81596	2.30549	1	2009-05-04:07:18:11	23
48.81527	2.30456	1	2009-05-04:07:18:11	23
48.8145	2.30363	1	2009-05-04:07:18:11	23
48.81367	2.30278	1	2009-05-04:07:18:11	23
48.81298	2.30176	1	2009-05-04:07:18:11	23
48.81216	2.30093	1	2009-05-04:07:18:11	23
48.81118	2.29999	1	2009-05-04:07:18:11	23
48.81031	2.29935	1	2009-05-04:07:18:11	23
48.80965	2.29847	1	2009-05-04:07:18:11	23
48.80918	2.29737	1	2009-05-04:07:18:11	23
48.8085	2.29639	1	2009-05-04:07:18:11	23
48.80791	2.29526	1	2009-05-04:07:18:11	23
48.80728	2.29417	1	2009-05-04:07:18:11	23
48.80672	2.29319	1	2009-05-04:07:18:11	23
48.80607	2.29214	1	2009-05-04:07:18:11	23
48.80547	2.29106	1	2009-05-04:07:18:11	23
48.8049	2.28996	1	2009-05-04:07:18:11	23
48.80428	2.28895	1	2009-05-04:07:18:11	23
48.80361	2.28812	1	2009-05-04:07:18:11	23
48.80291	2.28723	1	2009-05-04:07:18:11	23
48.80252	2.28613	1	2009-05-04:07:18:11	23
48.80181	2.28519	1	2009-05-04:07:18:11	23
48.80125	2.28415	1	2009-05-04:07:18:11	23
48.80059	2.28313	1	2009-05-04:07:18:11	23
48.79999	2.28216	1	2009-05-04:07:18:11	23
48.79947	2.28113	1	2009-05-04:07:18:11	23
48.79883	2.28005	1	2009-05-04:07:18:11	23
48.7982	2.27893	1	2009-05-04:07:18:11	23
48.7976	2.27784	1	2009-05-04:07:18:11	23
48.79696	2.27676	1	2009-05-04:07:18:11	23
48.79644	2.27597	1	2009-05-04:07:18:11	23
48.79594	2.27506	1	2009-05-04:07:18:11	23
48.79536	2.27418	1	2009-05-04:07:18:11	23
48.79483	2.27326	1	2009-05-04:07:18:11	23
48.79431	2.27225	1	2009-05-04:07:18:11	23
48.79369	2.27133	1	2009-05-04:07:18:11	23
48.79318	2.27031	1	2009-05-04:07:18:11	23
48.79267	2.26917	1	2009-05-04:07:18:11	23
48.79225	2.26806	1	2009-05-04:07:18:11	23
48.79182	2.26691	1	2009-05-04:07:18:11	23
48.79137	2.26582	1	2009-05-04:07:18:11	23
48.79085	2.26462	1	2009-05-04:07:18:11	23
48.79041	2.26351	1	2009-05-04:07:18:11	23
48.78994	2.26237	1	2009-05-04:07:18:11	23
48.78949	2.26131	1	2009-05-04:07:18:11	23
48.78904	2.2601	1	2009-05-04:07:18:11	23
48.78855	2.25893	1	2009-05-04:07:18:11	23
48.78815	2.25801	1	2009-05-04:07:18:11	23
48.7877	2.25691	1	2009-05-04:07:18:11	23
48.78727	2.25586	1	2009-05-04:07:18:11	23
48.78683	2.25474	1	2009-05-04:07:18:11	23
48.7864	2.25362	1	2009-05-04:07:18:11	23
48.78596	2.2525	1	2009-05-04:07:18:11	23
48.78549	2.2514	1	2009-05-04:07:18:11	23
48.78497	2.25029	1	2009-05-04:07:18:11	23
48.78449	2.24905	1	2009-05-04:07:18:11	23
48.78403	2.24781	1	2009-05-04:07:18:11	23
48.78358	2.24666	1	2009-05-04:07:18:11	23
48.78315	2.24559	1	2009-05-04:07:18:11	23
48.78255	2.24465	1	2009-05-04:07:18:11	23
48.78218	2.24354	1	2009-05-04:07:18:11	23
48.78177	2.24239	1	2009-05-04:07:18:11	23
48.78151	2.24185	1	2009-05-04:07:18:11	23
48.78132	2.24132	1	2009-05-04:07:18:11	23
48.78083	2.24032	1	2009-05-04:07:18:11	23
48.78049	2.23927	1	2009-05-04:07:18:11	23
48.78004	2.23822	1	2009-05-04:07:18:11	23
48.77961	2.23721	1	2009-05-04:07:18:11	23
48.77919	2.23608	1	2009-05-04:07:18:11	23
48.77869	2.23492	1	2009-05-04:07:18:11	23
48.77826	2.23387	1	2009-05-04:07:18:11	23
48.77781	2.23282	1	2009-05-04:07:18:11	23
48.77736	2.2318	1	2009-05-04:07:18:11	23
48.77707	2.23061	1	2009-05-04:07:18:11	23
48.77651	2.22964	1	2009-05-04:07:18:11	23
48.77589	2.22878	1	2009-05-04:07:18:11	23
48.77505	2.22871	1	2009-05-04:07:18:11	23
48.77417	2.22883	1	2009-05-04:07:18:11	23
48.77326	2.22895	1	2009-05-04:07:18:11	23
48.77238	2.22909	1	2009-05-04:07:18:11	23
48.77153	2.22921	1	2009-05-04:07:18:11	23
48.77068	2.2292	1	2009-05-04:07:18:11	23
48.7698	2.22926	1	2009-05-04:07:18:11	23
48.76892	2.22952	1	2009-05-04:07:18:11	23
48.76807	2.22968	1	2009-05-04:07:18:11	23
48.76721	2.22975	1	2009-05-04:07:18:11	23
48.76613	2.22907	1	2009-05-04:07:18:11	23
48.76543	2.22832	1	2009-05-04:07:18:11	23
48.7647	2.2276	1	2009-05-04:07:18:11	23
48.76403	2.22687	1	2009-05-04:07:18:11	23
48.76336	2.22598	1	2009-05-04:07:18:11	23
48.76283	2.22503	1	2009-05-04:07:18:11	23
48.76222	2.2243	1	2009-05-04:07:18:11	23
48.76169	2.22334	1	2009-05-04:07:18:11	23
48.76109	2.22254	1	2009-05-04:07:18:11	23
48.76045	2.22176	1	2009-05-04:07:18:11	23
48.75981	2.22094	1	2009-05-04:07:18:11	23
48.75912	2.22026	1	2009-05-04:07:18:11	23
48.75843	2.21966	1	2009-05-04:07:18:11	23
48.75769	2.21904	1	2009-05-04:07:18:11	23
48.757	2.21843	1	2009-05-04:07:18:11	23
48.75624	2.21784	1	2009-05-04:07:18:11	23
48.7557	2.217	1	2009-05-04:07:18:11	23
48.75531	2.21592	1	2009-05-04:07:18:11	23
48.75484	2.21507	1	2009-05-04:07:18:11	23
48.75408	2.21571	1	2009-05-04:07:18:11	23
48.75332	2.21583	1	2009-05-04:07:18:11	23
48.75267	2.21508	1	2009-05-04:07:18:11	23
48.75197	2.21436	1	2009-05-04:07:18:11	23
48.75141	2.21339	1	2009-05-04:07:18:11	23
48.75081	2.21245	1	2009-05-04:07:18:11	23
48.75051	2.21127	1	2009-05-04:07:18:11	23
48.75087	2.21014	1	2009-05-04:07:18:11	23
48.75119	2.20903	1	2009-05-04:07:18:11	23
48.75151	2.20788	1	2009-05-04:07:18:11	23
48.75189	2.20675	1	2009-05-04:07:18:11	23
48.75221	2.20564	1	2009-05-04:07:18:11	23
48.75254	2.20455	1	2009-05-04:07:18:11	23
48.75291	2.20342	1	2009-05-04:07:18:11	23
48.75328	2.20231	1	2009-05-04:07:18:11	23
48.75371	2.20124	1	2009-05-04:07:18:11	23
48.75411	2.20014	1	2009-05-04:07:18:11	23
48.7545	2.19906	1	2009-05-04:07:18:11	23
48.75494	2.19793	1	2009-05-04:07:18:11	23
48.75534	2.19678	1	2009-05-04:07:18:11	23
48.75553	2.19625	1	2009-05-04:07:18:11	23
48.75591	2.19518	1	2009-05-04:07:18:11	23
48.75631	2.19412	1	2009-05-04:07:18:11	23
48.75668	2.19304	1	2009-05-04:07:18:11	23
48.75717	2.19204	1	2009-05-04:07:18:11	23
48.75774	2.19105	1	2009-05-04:07:18:11	23
48.75809	2.18993	1	2009-05-04:07:18:11	23
48.75836	2.1888	1	2009-05-04:07:18:11	23
48.75874	2.1877	1	2009-05-04:07:18:11	23
48.75922	2.18669	1	2009-05-04:07:18:11	23
48.75979	2.18585	1	2009-05-04:07:18:11	23
48.76041	2.18507	1	2009-05-04:07:18:11	23
48.76097	2.18421	1	2009-05-04:07:18:11	23
48.76137	2.18317	1	2009-05-04:07:18:11	23
48.76165	2.18205	1	2009-05-04:07:18:11	23
48.76175	2.18088	1	2009-05-04:07:18:11	23
48.76174	2.17969	1	2009-05-04:07:18:11	23
48.76189	2.17854	1	2009-05-04:07:18:11	23
48.7623	2.17752	1	2009-05-04:07:18:11	23
48.76267	2.17645	1	2009-05-04:07:18:11	23
48.76307	2.17539	1	2009-05-04:07:18:11	23
48.76345	2.17422	1	2009-05-04:07:18:11	23
48.76366	2.17307	1	2009-05-04:07:18:11	23
48.76383	2.17189	1	2009-05-04:07:18:11	23
48.76435	2.17109	1	2009-05-04:07:18:11	23
48.7643	2.17197	1	2009-05-04:07:18:11	23
48.76408	2.17311	1	2009-05-04:07:18:11	23
48.76427	2.17429	1	2009-05-04:07:18:11	23
48.76479	2.17535	1	2009-05-04:07:18:11	23
48.76525	2.1763	1	2009-05-04:07:18:11	23
48.76577	2.17728	1	2009-05-04:07:18:11	23
48.76598	2.17852	1	2009-05-04:07:18:11	23
48.76589	2.17931	1	2009-05-04:07:18:11	23
48.76591	2.17937	1	2009-05-04:07:18:11	23
48.76593	2.17941	1	2009-05-04:07:18:11	23
48.76595	2.17945	1	2009-05-04:07:18:11	23
48.76597	2.17947	1	2009-05-04:07:18:11	23
48.76599	2.17949	1	2009-05-04:07:18:11	23
48.76601	2.17952	1	2009-05-04:07:18:11	23
48.76603	2.17955	1	2009-05-04:07:18:11	23
48.76606	2.17958	1	2009-05-04:07:18:11	23
48.76608	2.1796	1	2009-05-04:07:18:11	23
48.76611	2.17961	1	2009-05-04:07:18:11	23
48.76612	2.17963	1	2009-05-04:07:18:11	23
48.76614	2.17967	1	2009-05-04:07:18:11	23
48.76616	2.17972	1	2009-05-04:07:18:11	23
48.76619	2.17977	1	2009-05-04:07:18:11	23
48.76621	2.17983	1	2009-05-04:07:18:11	23
48.76624	2.17987	1	2009-05-04:07:18:11	23
48.76628	2.17989	1	2009-05-04:07:18:11	23
48.7663	2.17993	1	2009-05-04:07:18:11	23
48.76632	2.17994	1	2009-05-04:07:18:11	23
48.76632	2.17996	1	2009-05-04:07:18:11	23
48.76632	2.17998	1	2009-05-04:07:18:11	23
48.76632	2.17999	1	2009-05-04:07:18:11	23
48.76175	2.17885	1	2009-05-04:16:13:39	24
48.76174	2.1805	1	2009-05-04:16:13:39	24
48.76164	2.18195	1	2009-05-04:16:13:39	24
48.76144	2.18338	1	2009-05-04:16:13:39	24
48.76075	2.18479	1	2009-05-04:16:13:39	24
48.75995	2.18605	1	2009-05-04:16:13:39	24
48.75938	2.18681	1	2009-05-04:16:13:39	24
48.75866	2.18838	1	2009-05-04:16:13:39	24
48.75829	2.18994	1	2009-05-04:16:13:39	24
48.75785	2.19159	1	2009-05-04:16:13:39	24
48.75707	2.19235	1	2009-05-04:16:13:39	24
48.75649	2.19388	1	2009-05-04:16:13:39	24
48.75597	2.19529	1	2009-05-04:16:13:39	24
48.75531	2.19707	1	2009-05-04:16:13:39	24
48.75481	2.19836	1	2009-05-04:16:13:39	24
48.75429	2.19971	1	2009-05-04:16:13:39	24
48.75383	2.20105	1	2009-05-04:16:13:39	24
48.75333	2.20239	1	2009-05-04:16:13:39	24
48.75281	2.20371	1	2009-05-04:16:13:39	24
48.75241	2.20493	1	2009-05-04:16:13:39	24
48.75204	2.20617	1	2009-05-04:16:13:39	24
48.7516	2.2076	1	2009-05-04:16:13:39	24
48.75119	2.20897	1	2009-05-04:16:13:39	24
48.75084	2.21016	1	2009-05-04:16:13:39	24
48.75057	2.21141	1	2009-05-04:16:13:39	24
48.75127	2.21316	1	2009-05-04:16:13:39	24
48.75204	2.21427	1	2009-05-04:16:13:39	24
48.75284	2.21523	1	2009-05-04:16:13:39	24
48.75366	2.21585	1	2009-05-04:16:13:39	24
48.75453	2.2154	1	2009-05-04:16:13:39	24
48.75524	2.21591	1	2009-05-04:16:13:39	24
48.7558	2.21713	1	2009-05-04:16:13:39	24
48.75623	2.21781	1	2009-05-04:16:13:39	24
48.75686	2.21835	1	2009-05-04:16:13:39	24
48.75762	2.21893	1	2009-05-04:16:13:39	24
48.75837	2.21955	1	2009-05-04:16:13:39	24
48.75917	2.22026	1	2009-05-04:16:13:39	24
48.75995	2.22103	1	2009-05-04:16:13:39	24
48.76062	2.2218	1	2009-05-04:16:13:39	24
48.76124	2.22262	1	2009-05-04:16:13:39	24
48.76183	2.22381	1	2009-05-04:16:13:39	24
48.76255	2.22475	1	2009-05-04:16:13:39	24
48.76321	2.2258	1	2009-05-04:16:13:39	24
48.76392	2.22666	1	2009-05-04:16:13:39	24
48.76467	2.22745	1	2009-05-04:16:13:39	24
48.76537	2.22821	1	2009-05-04:16:13:39	24
48.76608	2.22902	1	2009-05-04:16:13:39	24
48.76671	2.22997	1	2009-05-04:16:13:39	24
48.7673	2.23034	1	2009-05-04:16:13:39	24
48.76813	2.23027	1	2009-05-04:16:13:39	24
48.76895	2.23038	1	2009-05-04:16:13:39	24
48.76983	2.23026	1	2009-05-04:16:13:39	24
48.77063	2.2298	1	2009-05-04:16:13:39	24
48.7715	2.22941	1	2009-05-04:16:13:39	24
48.77236	2.22928	1	2009-05-04:16:13:39	24
48.77319	2.22916	1	2009-05-04:16:13:39	24
48.77402	2.22902	1	2009-05-04:16:13:39	24
48.77492	2.22889	1	2009-05-04:16:13:39	24
48.77584	2.22894	1	2009-05-04:16:13:39	24
48.77644	2.22981	1	2009-05-04:16:13:39	24
48.7769	2.2309	1	2009-05-04:16:13:39	24
48.77739	2.23197	1	2009-05-04:16:13:39	24
48.77787	2.23308	1	2009-05-04:16:13:39	24
48.77829	2.23417	1	2009-05-04:16:13:39	24
48.77851	2.23477	1	2009-05-04:16:13:39	24
48.77894	2.23589	1	2009-05-04:16:13:39	24
48.77947	2.23694	1	2009-05-04:16:13:39	24
48.77991	2.2381	1	2009-05-04:16:13:39	24
48.78032	2.23917	1	2009-05-04:16:13:39	24
48.78077	2.24023	1	2009-05-04:16:13:39	24
48.78122	2.24131	1	2009-05-04:16:13:39	24
48.78166	2.24235	1	2009-05-04:16:13:39	24
48.78208	2.24343	1	2009-05-04:16:13:39	24
48.78252	2.2445	1	2009-05-04:16:13:39	24
48.78296	2.24559	1	2009-05-04:16:13:39	24
48.78338	2.24666	1	2009-05-04:16:13:39	24
48.7838	2.24767	1	2009-05-04:16:13:39	24
48.78423	2.24869	1	2009-05-04:16:13:39	24
48.78467	2.24975	1	2009-05-04:16:13:39	24
48.78507	2.2508	1	2009-05-04:16:13:39	24
48.78547	2.25189	1	2009-05-04:16:13:39	24
48.78593	2.25298	1	2009-05-04:16:13:39	24
48.78639	2.25401	1	2009-05-04:16:13:39	24
48.78688	2.25509	1	2009-05-04:16:13:39	24
48.78728	2.25613	1	2009-05-04:16:13:39	24
48.78769	2.25717	1	2009-05-04:16:13:39	24
48.78813	2.25823	1	2009-05-04:16:13:39	24
48.78855	2.25929	1	2009-05-04:16:13:39	24
48.789	2.26039	1	2009-05-04:16:13:39	24
48.78944	2.26145	1	2009-05-04:16:13:39	24
48.78987	2.26256	1	2009-05-04:16:13:39	24
48.7903	2.2636	1	2009-05-04:16:13:39	24
48.79078	2.26472	1	2009-05-04:16:13:39	24
48.79122	2.2658	1	2009-05-04:16:13:39	24
48.79167	2.26684	1	2009-05-04:16:13:39	24
48.79209	2.26789	1	2009-05-04:16:13:39	24
48.79251	2.26893	1	2009-05-04:16:13:39	24
48.79296	2.26995	1	2009-05-04:16:13:39	24
48.79344	2.27099	1	2009-05-04:16:13:39	24
48.79399	2.27195	1	2009-05-04:16:13:39	24
48.79451	2.27287	1	2009-05-04:16:13:39	24
48.79507	2.27384	1	2009-05-04:16:13:39	24
48.79563	2.2748	1	2009-05-04:16:13:39	24
48.79616	2.27578	1	2009-05-04:16:13:39	24
48.7967	2.27665	1	2009-05-04:16:13:39	24
48.79729	2.27763	1	2009-05-04:16:13:39	24
48.79793	2.2787	1	2009-05-04:16:13:39	24
48.79853	2.27978	1	2009-05-04:16:13:39	24
48.79913	2.28076	1	2009-05-04:16:13:39	24
48.79963	2.28172	1	2009-05-04:16:13:39	24
48.80021	2.28262	1	2009-05-04:16:13:39	24
48.80067	2.2836	1	2009-05-04:16:13:39	24
48.80129	2.2845	1	2009-05-04:16:13:39	24
48.80184	2.28535	1	2009-05-04:16:13:39	24
48.80238	2.2863	1	2009-05-04:16:13:39	24
48.803	2.2872	1	2009-05-04:16:13:39	24
48.80364	2.28797	1	2009-05-04:16:13:39	24
48.8041	2.28905	1	2009-05-04:16:13:39	24
48.80466	2.2899	1	2009-05-04:16:13:39	24
48.80529	2.29071	1	2009-05-04:16:13:39	24
48.80587	2.29168	1	2009-05-04:16:13:39	24
48.8064	2.29265	1	2009-05-04:16:13:39	24
48.80691	2.29364	1	2009-05-04:16:13:39	24
48.80744	2.29459	1	2009-05-04:16:13:39	24
48.80793	2.29555	1	2009-05-04:16:13:39	24
48.80839	2.29649	1	2009-05-04:16:13:39	24
48.80894	2.29738	1	2009-05-04:16:13:39	24
48.8092	2.29791	1	2009-05-04:16:13:39	24
48.8098	2.29865	1	2009-05-04:16:13:39	24
48.81054	2.29927	1	2009-05-04:16:13:39	24
48.8111	2.3001	1	2009-05-04:16:13:39	24
48.81172	2.30078	1	2009-05-04:16:13:39	24
48.81148	2.30181	1	2009-05-04:16:13:39	24
48.81119	2.30284	1	2009-05-04:16:13:39	24
48.81176	2.3037	1	2009-05-04:16:13:39	24
48.81227	2.30459	1	2009-05-04:16:13:39	24
48.81282	2.30553	1	2009-05-04:16:13:39	24
48.81334	2.30642	1	2009-05-04:16:13:39	24
48.81395	2.30728	1	2009-05-04:16:13:39	24
48.81449	2.3082	1	2009-05-04:16:13:39	24
48.81489	2.30918	1	2009-05-04:16:13:39	24
48.81539	2.31009	1	2009-05-04:16:13:39	24
48.81594	2.31098	1	2009-05-04:16:13:39	24
48.81631	2.31212	1	2009-05-04:16:13:39	24
48.81667	2.31318	1	2009-05-04:16:13:39	24
48.81701	2.31431	1	2009-05-04:16:13:39	24
48.81737	2.31542	1	2009-05-04:16:13:39	24
48.81769	2.31659	1	2009-05-04:16:13:39	24
48.81803	2.31772	1	2009-05-04:16:13:39	24
48.81837	2.31876	1	2009-05-04:16:13:39	24
48.81849	2.31978	1	2009-05-04:16:13:39	24
48.81837	2.32095	1	2009-05-04:16:13:39	24
48.81813	2.32214	1	2009-05-04:16:13:39	24
48.81807	2.32331	1	2009-05-04:16:13:39	24
48.81777	2.32443	1	2009-05-04:16:13:39	24
48.81759	2.3256	1	2009-05-04:16:13:39	24
48.81745	2.32669	1	2009-05-04:16:13:39	24
48.81735	2.32791	1	2009-05-04:16:13:39	24
48.81721	2.3291	1	2009-05-04:16:13:39	24
48.81716	2.3304	1	2009-05-04:16:13:39	24
48.81703	2.3315	1	2009-05-04:16:13:39	24
48.81739	2.33234	1	2009-05-04:16:13:39	24
48.81867	2.333	1	2009-05-04:16:13:39	24
48.81939	2.33345	1	2009-05-04:16:13:39	24
48.82014	2.33383	1	2009-05-04:16:13:39	24
48.82088	2.33425	1	2009-05-04:16:13:39	24
48.82103	2.33513	1	2009-05-04:16:13:39	24
48.8208	2.3363	1	2009-05-04:16:13:39	24
48.82058	2.3374	1	2009-05-04:16:13:39	24
48.82034	2.33852	1	2009-05-04:16:13:39	24
48.82029	2.33884	1	2009-05-04:16:13:39	24
48.82027	2.33891	1	2009-05-04:16:13:39	24
48.82025	2.33897	1	2009-05-04:16:13:39	24
48.82023	2.33902	1	2009-05-04:16:13:39	24
48.82019	2.33907	1	2009-05-04:16:13:39	24
48.82017	2.33912	1	2009-05-04:16:13:39	24
48.82016	2.33918	1	2009-05-04:16:13:39	24
48.82016	2.33925	1	2009-05-04:16:13:39	24
48.82016	2.33931	1	2009-05-04:16:13:39	24
48.82016	2.33938	1	2009-05-04:16:13:39	24
48.82016	2.33945	1	2009-05-04:16:13:39	24
48.82015	2.33952	1	2009-05-04:16:13:39	24
48.82014	2.33959	1	2009-05-04:16:13:39	24
48.82012	2.33966	1	2009-05-04:16:13:39	24
48.82011	2.33971	1	2009-05-04:16:13:39	24
48.8201	2.33974	1	2009-05-04:16:13:39	24
48.82009	2.33976	1	2009-05-04:16:13:39	24
48.82007	2.33977	1	2009-05-04:16:13:39	24
48.82009	2.33978	1	2009-05-04:16:13:39	24
48.8201	2.33978	1	2009-05-04:16:13:39	24
48.82011	2.3398	1	2009-05-04:16:13:39	24
48.82013	2.33981	1	2009-05-04:16:13:39	24
48.81905	2.34096	1	2009-05-04:16:13:39	24
48.8171	2.31776	1	2009-05-05:08:02:31	25
48.81625	2.31745	1	2009-05-05:08:02:31	25
48.81626	2.31608	1	2009-05-05:08:02:31	25
48.81675	2.31462	1	2009-05-05:08:02:31	25
48.81653	2.31325	1	2009-05-05:08:02:31	25
48.81604	2.31212	1	2009-05-05:08:02:31	25
48.81586	2.31093	1	2009-05-05:08:02:31	25
48.81616	2.3096	1	2009-05-05:08:02:31	25
48.81626	2.30831	1	2009-05-05:08:02:31	25
48.8164	2.30709	1	2009-05-05:08:02:31	25
48.81616	2.30639	1	2009-05-05:08:02:31	25
48.81603	2.30536	1	2009-05-05:08:02:31	25
48.81523	2.30479	1	2009-05-05:08:02:31	25
48.81472	2.30377	1	2009-05-05:08:02:31	25
48.81399	2.30292	1	2009-05-05:08:02:31	25
48.81339	2.302	1	2009-05-05:08:02:31	25
48.81259	2.30126	1	2009-05-05:08:02:31	25
48.81171	2.3005	1	2009-05-05:08:02:31	25
48.81087	2.29961	1	2009-05-05:08:02:31	25
48.81019	2.29875	1	2009-05-05:08:02:31	25
48.80947	2.29796	1	2009-05-05:08:02:31	25
48.80871	2.29707	1	2009-05-05:08:02:31	25
48.80833	2.29607	1	2009-05-05:08:02:31	25
48.80762	2.29521	1	2009-05-05:08:02:31	25
48.8072	2.29398	1	2009-05-05:08:02:31	25
48.80671	2.2931	1	2009-05-05:08:02:31	25
48.80623	2.29226	1	2009-05-05:08:02:31	25
48.80559	2.29125	1	2009-05-05:08:02:31	25
48.80501	2.29018	1	2009-05-05:08:02:31	25
48.80442	2.28925	1	2009-05-05:08:02:31	25
48.80384	2.28831	1	2009-05-05:08:02:31	25
48.8031	2.28734	1	2009-05-05:08:02:31	25
48.80262	2.28649	1	2009-05-05:08:02:31	25
48.80219	2.28584	1	2009-05-05:08:02:31	25
48.80167	2.28481	1	2009-05-05:08:02:31	25
48.80106	2.28391	1	2009-05-05:08:02:31	25
48.80055	2.28288	1	2009-05-05:08:02:31	25
48.79997	2.28202	1	2009-05-05:08:02:31	25
48.79933	2.28098	1	2009-05-05:08:02:31	25
48.79876	2.27995	1	2009-05-05:08:02:31	25
48.79835	2.27884	1	2009-05-05:08:02:31	25
48.7977	2.27803	1	2009-05-05:08:02:31	25
48.79705	2.27713	1	2009-05-05:08:02:31	25
48.79647	2.27628	1	2009-05-05:08:02:31	25
48.79594	2.27526	1	2009-05-05:08:02:31	25
48.79543	2.27425	1	2009-05-05:08:02:31	25
48.79482	2.27322	1	2009-05-05:08:02:31	25
48.79425	2.27225	1	2009-05-05:08:02:31	25
48.79364	2.27123	1	2009-05-05:08:02:31	25
48.79307	2.2702	1	2009-05-05:08:02:31	25
48.7926	2.269	1	2009-05-05:08:02:31	25
48.79211	2.2679	1	2009-05-05:08:02:31	25
48.79171	2.26685	1	2009-05-05:08:02:31	25
48.79126	2.26569	1	2009-05-05:08:02:31	25
48.79082	2.26453	1	2009-05-05:08:02:31	25
48.79036	2.26339	1	2009-05-05:08:02:31	25
48.78983	2.26227	1	2009-05-05:08:02:31	25
48.78941	2.26113	1	2009-05-05:08:02:31	25
48.78895	2.26014	1	2009-05-05:08:02:31	25
48.78853	2.25897	1	2009-05-05:08:02:31	25
48.78805	2.25785	1	2009-05-05:08:02:31	25
48.78761	2.25675	1	2009-05-05:08:02:31	25
48.78717	2.25565	1	2009-05-05:08:02:31	25
48.7867	2.25448	1	2009-05-05:08:02:31	25
48.7865	2.25392	1	2009-05-05:08:02:31	25
48.78617	2.25308	1	2009-05-05:08:02:31	25
48.78568	2.25194	1	2009-05-05:08:02:31	25
48.78522	2.25085	1	2009-05-05:08:02:31	25
48.7848	2.24983	1	2009-05-05:08:02:31	25
48.78432	2.24875	1	2009-05-05:08:02:31	25
48.78396	2.24769	1	2009-05-05:08:02:31	25
48.78353	2.24658	1	2009-05-05:08:02:31	25
48.78306	2.24552	1	2009-05-05:08:02:31	25
48.78259	2.24453	1	2009-05-05:08:02:31	25
48.7822	2.24348	1	2009-05-05:08:02:31	25
48.78174	2.24245	1	2009-05-05:08:02:31	25
48.78128	2.24147	1	2009-05-05:08:02:31	25
48.78087	2.24032	1	2009-05-05:08:02:31	25
48.78047	2.23929	1	2009-05-05:08:02:31	25
48.78005	2.23825	1	2009-05-05:08:02:31	25
48.7796	2.23718	1	2009-05-05:08:02:31	25
48.77915	2.2361	1	2009-05-05:08:02:31	25
48.7787	2.23503	1	2009-05-05:08:02:31	25
48.77825	2.23395	1	2009-05-05:08:02:31	25
48.77781	2.23291	1	2009-05-05:08:02:31	25
48.77733	2.23187	1	2009-05-05:08:02:31	25
48.77709	2.23064	1	2009-05-05:08:02:31	25
48.77655	2.22971	1	2009-05-05:08:02:31	25
48.77594	2.22879	1	2009-05-05:08:02:31	25
48.77514	2.2287	1	2009-05-05:08:02:31	25
48.77427	2.22881	1	2009-05-05:08:02:31	25
48.77337	2.22892	1	2009-05-05:08:02:31	25
48.77252	2.22904	1	2009-05-05:08:02:31	25
48.77171	2.22917	1	2009-05-05:08:02:31	25
48.77095	2.22916	1	2009-05-05:08:02:31	25
48.76974	2.22906	1	2009-05-05:08:02:31	25
48.76899	2.22947	1	2009-05-05:08:02:31	25
48.7682	2.22958	1	2009-05-05:08:02:31	25
48.76736	2.22967	1	2009-05-05:08:02:31	25
48.76652	2.2294	1	2009-05-05:08:02:31	25
48.76588	2.22871	1	2009-05-05:08:02:31	25
48.76525	2.22811	1	2009-05-05:08:02:31	25
48.76458	2.22738	1	2009-05-05:08:02:31	25
48.7639	2.22667	1	2009-05-05:08:02:31	25
48.76329	2.22587	1	2009-05-05:08:02:31	25
48.76273	2.2249	1	2009-05-05:08:02:31	25
48.76201	2.22425	1	2009-05-05:08:02:31	25
48.76157	2.22322	1	2009-05-05:08:02:31	25
48.761	2.22236	1	2009-05-05:08:02:31	25
48.76036	2.22152	1	2009-05-05:08:02:31	25
48.75972	2.22077	1	2009-05-05:08:02:31	25
48.75904	2.22012	1	2009-05-05:08:02:31	25
48.75836	2.21957	1	2009-05-05:08:02:31	25
48.75763	2.21896	1	2009-05-05:08:02:31	25
48.75691	2.21837	1	2009-05-05:08:02:31	25
48.75619	2.21775	1	2009-05-05:08:02:31	25
48.75562	2.21682	1	2009-05-05:08:02:31	25
48.7551	2.21576	1	2009-05-05:08:02:31	25
48.7547	2.21516	1	2009-05-05:08:02:31	25
48.75403	2.21577	1	2009-05-05:08:02:31	25
48.75323	2.21571	1	2009-05-05:08:02:31	25
48.75264	2.21496	1	2009-05-05:08:02:31	25
48.752	2.21421	1	2009-05-05:08:02:31	25
48.75137	2.21334	1	2009-05-05:08:02:31	25
48.75082	2.21233	1	2009-05-05:08:02:31	25
48.75054	2.2112	1	2009-05-05:08:02:31	25
48.7509	2.21001	1	2009-05-05:08:02:31	25
48.75126	2.20888	1	2009-05-05:08:02:31	25
48.7516	2.20779	1	2009-05-05:08:02:31	25
48.75193	2.20668	1	2009-05-05:08:02:31	25
48.75224	2.20554	1	2009-05-05:08:02:31	25
48.75258	2.20446	1	2009-05-05:08:02:31	25
48.75297	2.20333	1	2009-05-05:08:02:31	25
48.75334	2.20223	1	2009-05-05:08:02:31	25
48.75372	2.20118	1	2009-05-05:08:02:31	25
48.75412	2.20006	1	2009-05-05:08:02:31	25
48.75451	2.199	1	2009-05-05:08:02:31	25
48.75489	2.19793	1	2009-05-05:08:02:31	25
48.7553	2.19686	1	2009-05-05:08:02:31	25
48.75567	2.19575	1	2009-05-05:08:02:31	25
48.75605	2.19474	1	2009-05-05:08:02:31	25
48.75643	2.19367	1	2009-05-05:08:02:31	25
48.75681	2.19262	1	2009-05-05:08:02:31	25
48.75733	2.19171	1	2009-05-05:08:02:31	25
48.75786	2.19082	1	2009-05-05:08:02:31	25
48.75816	2.18966	1	2009-05-05:08:02:31	25
48.75846	2.18851	1	2009-05-05:08:02:31	25
48.75885	2.18746	1	2009-05-05:08:02:31	25
48.75937	2.18652	1	2009-05-05:08:02:31	25
48.75996	2.18571	1	2009-05-05:08:02:31	25
48.76054	2.1849	1	2009-05-05:08:02:31	25
48.76109	2.18393	1	2009-05-05:08:02:31	25
48.76147	2.18285	1	2009-05-05:08:02:31	25
48.76167	2.18167	1	2009-05-05:08:02:31	25
48.76171	2.18046	1	2009-05-05:08:02:31	25
48.76163	2.17925	1	2009-05-05:08:02:31	25
48.76205	2.17822	1	2009-05-05:08:02:31	25
48.76243	2.17719	1	2009-05-05:08:02:31	25
48.76282	2.17606	1	2009-05-05:08:02:31	25
48.76319	2.17499	1	2009-05-05:08:02:31	25
48.76351	2.1739	1	2009-05-05:08:02:31	25
48.76371	2.17275	1	2009-05-05:08:02:31	25
48.76385	2.17167	1	2009-05-05:08:02:31	25
48.76445	2.17098	1	2009-05-05:08:02:31	25
48.76424	2.17211	1	2009-05-05:08:02:31	25
48.76409	2.17329	1	2009-05-05:08:02:31	25
48.76437	2.17438	1	2009-05-05:08:02:31	25
48.76485	2.17543	1	2009-05-05:08:02:31	25
48.76526	2.17644	1	2009-05-05:08:02:31	25
48.76576	2.17738	1	2009-05-05:08:02:31	25
48.76598	2.17863	1	2009-05-05:08:02:31	25
48.76609	2.17954	1	2009-05-05:08:02:31	25
48.76649	2.18059	1	2009-05-05:08:02:31	25
48.76648	2.18061	1	2009-05-05:08:02:31	25
48.76648	2.18064	1	2009-05-05:08:02:31	25
48.76649	2.18068	1	2009-05-05:08:02:31	25
48.7665	2.18071	1	2009-05-05:08:02:31	25
48.76652	2.18075	1	2009-05-05:08:02:31	25
48.76653	2.18079	1	2009-05-05:08:02:31	25
48.76653	2.18083	1	2009-05-05:08:02:31	25
48.76653	2.18086	1	2009-05-05:08:02:31	25
48.76652	2.18093	1	2009-05-05:08:02:31	25
48.76652	2.18096	1	2009-05-05:08:02:31	25
48.76652	2.18099	1	2009-05-05:08:02:31	25
48.76649	2.181	1	2009-05-05:08:02:31	25
48.76646	2.181	1	2009-05-05:08:02:31	25
48.76644	2.18101	1	2009-05-05:08:02:31	25
48.76648	2.18102	1	2009-05-05:08:02:31	25
48.76648	2.181	1	2009-05-05:08:02:31	25
48.76649	2.18098	1	2009-05-05:08:02:31	25
48.76648	2.18096	1	2009-05-05:08:02:31	25
48.76648	2.18093	1	2009-05-05:08:02:31	25
48.76649	2.18091	1	2009-05-05:08:02:31	25
48.76648	2.18092	1	2009-05-05:08:02:31	25
48.76648	2.18092	1	2009-05-05:08:02:31	25
48.76652	2.18101	1	2009-05-05:16:32:25	26
48.76602	2.17959	1	2009-05-05:16:32:25	26
48.76537	2.17871	1	2009-05-05:16:32:25	26
48.76529	2.17682	1	2009-05-05:16:32:25	26
48.76495	2.17557	1	2009-05-05:16:32:25	26
48.76443	2.1746	1	2009-05-05:16:32:25	26
48.76409	2.17333	1	2009-05-05:16:32:25	26
48.76424	2.17196	1	2009-05-05:16:32:25	26
48.76452	2.17097	1	2009-05-05:16:32:25	26
48.76385	2.17182	1	2009-05-05:16:32:25	26
48.76361	2.17317	1	2009-05-05:16:32:25	26
48.76329	2.17466	1	2009-05-05:16:32:25	26
48.76284	2.17589	1	2009-05-05:16:32:25	26
48.76245	2.17707	1	2009-05-05:16:32:25	26
48.76202	2.17828	1	2009-05-05:16:32:25	26
48.76178	2.17965	1	2009-05-05:16:32:25	26
48.76177	2.18107	1	2009-05-05:16:32:25	26
48.76157	2.18258	1	2009-05-05:16:32:25	26
48.76119	2.18406	1	2009-05-05:16:32:25	26
48.76045	2.18528	1	2009-05-05:16:32:25	26
48.75957	2.18658	1	2009-05-05:16:32:25	26
48.75884	2.18792	1	2009-05-05:16:32:25	26
48.75841	2.18919	1	2009-05-05:16:32:25	26
48.75818	2.19062	1	2009-05-05:16:32:25	26
48.75759	2.19175	1	2009-05-05:16:32:25	26
48.75691	2.19264	1	2009-05-05:16:32:25	26
48.75645	2.19399	1	2009-05-05:16:32:25	26
48.75592	2.19507	1	2009-05-05:16:32:25	26
48.7555	2.19619	1	2009-05-05:16:32:25	26
48.7551	2.19743	1	2009-05-05:16:32:25	26
48.75458	2.19878	1	2009-05-05:16:32:25	26
48.75412	2.20015	1	2009-05-05:16:32:25	26
48.75376	2.20118	1	2009-05-05:16:32:25	26
48.75352	2.20183	1	2009-05-05:16:32:25	26
48.75325	2.20277	1	2009-05-05:16:32:25	26
48.75277	2.20387	1	2009-05-05:16:32:25	26
48.7524	2.20501	1	2009-05-05:16:32:25	26
48.75209	2.20613	1	2009-05-05:16:32:25	26
48.75168	2.20738	1	2009-05-05:16:32:25	26
48.7513	2.20865	1	2009-05-05:16:32:25	26
48.75093	2.20986	1	2009-05-05:16:32:25	26
48.75059	2.21106	1	2009-05-05:16:32:25	26
48.75077	2.21228	1	2009-05-05:16:32:25	26
48.75142	2.21339	1	2009-05-05:16:32:25	26
48.75215	2.21444	1	2009-05-05:16:32:25	26
48.75284	2.2153	1	2009-05-05:16:32:25	26
48.75362	2.21591	1	2009-05-05:16:32:25	26
48.75451	2.21544	1	2009-05-05:16:32:25	26
48.75519	2.21573	1	2009-05-05:16:32:25	26
48.75565	2.21681	1	2009-05-05:16:32:25	26
48.75619	2.21775	1	2009-05-05:16:32:25	26
48.75696	2.21838	1	2009-05-05:16:32:25	26
48.75775	2.21903	1	2009-05-05:16:32:25	26
48.75849	2.2196	1	2009-05-05:16:32:25	26
48.75919	2.22025	1	2009-05-05:16:32:25	26
48.75994	2.22097	1	2009-05-05:16:32:25	26
48.76067	2.22187	1	2009-05-05:16:32:25	26
48.76135	2.22275	1	2009-05-05:16:32:25	26
48.76185	2.22374	1	2009-05-05:16:32:25	26
48.76246	2.22459	1	2009-05-05:16:32:25	26
48.76318	2.22539	1	2009-05-05:16:32:25	26
48.76368	2.22631	1	2009-05-05:16:32:25	26
48.76434	2.22707	1	2009-05-05:16:32:25	26
48.76505	2.22785	1	2009-05-05:16:32:25	26
48.76538	2.22825	1	2009-05-05:16:32:25	26
48.76587	2.22881	1	2009-05-05:16:32:25	26
48.76655	2.22952	1	2009-05-05:16:32:25	26
48.76665	2.2306	1	2009-05-05:16:32:25	26
48.76748	2.23034	1	2009-05-05:16:32:25	26
48.76834	2.23034	1	2009-05-05:16:32:25	26
48.76914	2.23035	1	2009-05-05:16:32:25	26
48.76997	2.23019	1	2009-05-05:16:32:25	26
48.77079	2.22976	1	2009-05-05:16:32:25	26
48.77158	2.22942	1	2009-05-05:16:32:25	26
48.77238	2.2293	1	2009-05-05:16:32:25	26
48.77321	2.22918	1	2009-05-05:16:32:25	26
48.77396	2.22906	1	2009-05-05:16:32:25	26
48.77477	2.22891	1	2009-05-05:16:32:25	26
48.77556	2.22886	1	2009-05-05:16:32:25	26
48.77633	2.22948	1	2009-05-05:16:32:25	26
48.7767	2.23058	1	2009-05-05:16:32:25	26
48.77721	2.23157	1	2009-05-05:16:32:25	26
48.77766	2.23259	1	2009-05-05:16:32:25	26
48.77808	2.23364	1	2009-05-05:16:32:25	26
48.77852	2.2347	1	2009-05-05:16:32:25	26
48.77887	2.23576	1	2009-05-05:16:32:25	26
48.7794	2.23681	1	2009-05-05:16:32:25	26
48.77985	2.23791	1	2009-05-05:16:32:25	26
48.78024	2.23907	1	2009-05-05:16:32:25	26
48.78071	2.24005	1	2009-05-05:16:32:25	26
48.78118	2.24109	1	2009-05-05:16:32:25	26
48.78159	2.24215	1	2009-05-05:16:32:25	26
48.78201	2.24318	1	2009-05-05:16:32:25	26
48.78248	2.24425	1	2009-05-05:16:32:25	26
48.78291	2.24528	1	2009-05-05:16:32:25	26
48.78328	2.24643	1	2009-05-05:16:32:25	26
48.78373	2.24748	1	2009-05-05:16:32:25	26
48.78417	2.24851	1	2009-05-05:16:32:25	26
48.78458	2.2495	1	2009-05-05:16:32:25	26
48.78502	2.25057	1	2009-05-05:16:32:25	26
48.78543	2.25167	1	2009-05-05:16:32:25	26
48.78583	2.2527	1	2009-05-05:16:32:25	26
48.78626	2.25373	1	2009-05-05:16:32:25	26
48.78672	2.25478	1	2009-05-05:16:32:25	26
48.78715	2.25583	1	2009-05-05:16:32:25	26
48.78762	2.25691	1	2009-05-05:16:32:25	26
48.78806	2.25797	1	2009-05-05:16:32:25	26
48.78841	2.25885	1	2009-05-05:16:32:25	26
48.78887	2.25999	1	2009-05-05:16:32:25	26
48.78927	2.26097	1	2009-05-05:16:32:25	26
48.78968	2.26205	1	2009-05-05:16:32:25	26
48.79003	2.26314	1	2009-05-05:16:32:25	26
48.79051	2.26409	1	2009-05-05:16:32:25	26
48.79096	2.26514	1	2009-05-05:16:32:25	26
48.7914	2.2662	1	2009-05-05:16:32:25	26
48.79183	2.26726	1	2009-05-05:16:32:25	26
48.79228	2.26833	1	2009-05-05:16:32:25	26
48.79273	2.26941	1	2009-05-05:16:32:25	26
48.79321	2.27049	1	2009-05-05:16:32:25	26
48.79371	2.27142	1	2009-05-05:16:32:25	26
48.79426	2.27243	1	2009-05-05:16:32:25	26
48.79481	2.27342	1	2009-05-05:16:32:25	26
48.79536	2.27434	1	2009-05-05:16:32:25	26
48.79595	2.27533	1	2009-05-05:16:32:25	26
48.7965	2.27639	1	2009-05-05:16:32:25	26
48.79715	2.27737	1	2009-05-05:16:32:25	26
48.79781	2.27838	1	2009-05-05:16:32:25	26
48.79812	2.27894	1	2009-05-05:16:32:25	26
48.79842	2.27949	1	2009-05-05:16:32:25	26
48.79873	2.28003	1	2009-05-05:16:32:25	26
48.79925	2.28095	1	2009-05-05:16:32:25	26
48.79977	2.28192	1	2009-05-05:16:32:25	26
48.80033	2.28284	1	2009-05-05:16:32:25	26
48.80076	2.28379	1	2009-05-05:16:32:25	26
48.80139	2.28459	1	2009-05-05:16:32:25	26
48.80191	2.28544	1	2009-05-05:16:32:25	26
48.80246	2.2863	1	2009-05-05:16:32:25	26
48.80299	2.28715	1	2009-05-05:16:32:25	26
48.80359	2.28806	1	2009-05-05:16:32:25	26
48.80406	2.28893	1	2009-05-05:16:32:25	26
48.80448	2.28958	1	2009-05-05:16:32:25	26
48.80506	2.2904	1	2009-05-05:16:32:25	26
48.80563	2.29128	1	2009-05-05:16:32:25	26
48.80614	2.29218	1	2009-05-05:16:32:25	26
48.80669	2.29308	1	2009-05-05:16:32:25	26
48.80719	2.29401	1	2009-05-05:16:32:25	26
48.80767	2.29496	1	2009-05-05:16:32:25	26
48.80819	2.29592	1	2009-05-05:16:32:25	26
48.80874	2.29685	1	2009-05-05:16:32:25	26
48.80933	2.29766	1	2009-05-05:16:32:25	26
48.80995	2.29848	1	2009-05-05:16:32:25	26
48.81055	2.29928	1	2009-05-05:16:32:25	26
48.81123	2.30002	1	2009-05-05:16:32:25	26
48.81189	2.30066	1	2009-05-05:16:32:25	26
48.81153	2.30168	1	2009-05-05:16:32:25	26
48.81121	2.3026	1	2009-05-05:16:32:25	26
48.81172	2.30365	1	2009-05-05:16:32:25	26
48.81224	2.3045	1	2009-05-05:16:32:25	26
48.81279	2.30544	1	2009-05-05:16:32:25	26
48.81332	2.30636	1	2009-05-05:16:32:25	26
48.8138	2.30731	1	2009-05-05:16:32:25	26
48.81435	2.30823	1	2009-05-05:16:32:25	26
48.81489	2.309	1	2009-05-05:16:32:25	26
48.8153	2.31001	1	2009-05-05:16:32:25	26
48.81596	2.31084	1	2009-05-05:16:32:25	26
48.81625	2.31179	1	2009-05-05:16:32:25	26
48.8166	2.31292	1	2009-05-05:16:32:25	26
48.81693	2.31409	1	2009-05-05:16:32:25	26
48.81727	2.3152	1	2009-05-05:16:32:25	26
48.81768	2.3163	1	2009-05-05:16:32:25	26
48.81795	2.31739	1	2009-05-05:16:32:25	26
48.81831	2.31856	1	2009-05-05:16:32:25	26
48.81853	2.31967	1	2009-05-05:16:32:25	26
48.81836	2.32088	1	2009-05-05:16:32:25	26
48.81824	2.32191	1	2009-05-05:16:32:25	26
48.8181	2.32297	1	2009-05-05:16:32:25	26
48.81784	2.3242	1	2009-05-05:16:32:25	26
48.81777	2.32527	1	2009-05-05:16:32:25	26
48.81746	2.32644	1	2009-05-05:16:32:25	26
48.8173	2.32767	1	2009-05-05:16:32:25	26
48.81717	2.329	1	2009-05-05:16:32:25	26
48.81706	2.33031	1	2009-05-05:16:32:25	26
48.81704	2.33167	1	2009-05-05:16:32:25	26
48.81758	2.33241	1	2009-05-05:16:32:25	26
48.8186	2.33295	1	2009-05-05:16:32:25	26
48.81936	2.33337	1	2009-05-05:16:32:25	26
48.82018	2.33378	1	2009-05-05:16:32:25	26
48.82094	2.33418	1	2009-05-05:16:32:25	26
48.8209	2.33532	1	2009-05-05:16:32:25	26
48.82072	2.3365	1	2009-05-05:16:32:25	26
48.82046	2.33761	1	2009-05-05:16:32:25	26
48.82021	2.3388	1	2009-05-05:16:32:25	26
48.82018	2.33894	1	2009-05-05:16:32:25	26
48.82017	2.33901	1	2009-05-05:16:32:25	26
48.82015	2.33908	1	2009-05-05:16:32:25	26
48.82014	2.33916	1	2009-05-05:16:32:25	26
48.82013	2.33924	1	2009-05-05:16:32:25	26
48.82012	2.33932	1	2009-05-05:16:32:25	26
48.8201	2.3394	1	2009-05-05:16:32:25	26
48.82009	2.33947	1	2009-05-05:16:32:25	26
48.82007	2.33953	1	2009-05-05:16:32:25	26
48.82006	2.33958	1	2009-05-05:16:32:25	26
48.82004	2.33963	1	2009-05-05:16:32:25	26
48.82002	2.33967	1	2009-05-05:16:32:25	26
48.81999	2.33971	1	2009-05-05:16:32:25	26
48.81999	2.33974	1	2009-05-05:16:32:25	26
48.81998	2.33976	1	2009-05-05:16:32:25	26
48.81996	2.33977	1	2009-05-05:16:32:25	26
48.81994	2.33979	1	2009-05-05:16:32:25	26
48.82002	2.33978	1	2009-05-05:16:32:25	26
48.82006	2.33978	1	2009-05-05:16:32:25	26
48.82009	2.33979	1	2009-05-05:16:32:25	26
48.82009	2.33982	1	2009-05-05:16:32:25	26
48.82004	2.33982	1	2009-05-05:16:32:25	26
48.81996	2.33967	1	2009-05-05:16:32:25	26
48.81629	2.30721	1	2009-05-06:07:59:05	27
48.81596	2.30599	1	2009-05-06:07:59:05	27
48.81595	2.30603	1	2009-05-06:07:59:05	27
48.81531	2.30463	1	2009-05-06:07:59:05	27
48.8146	2.30342	1	2009-05-06:07:59:05	27
48.8138	2.30263	1	2009-05-06:07:59:05	27
48.81312	2.30154	1	2009-05-06:07:59:05	27
48.81225	2.30085	1	2009-05-06:07:59:05	27
48.8113	2.2999	1	2009-05-06:07:59:05	27
48.81048	2.29909	1	2009-05-06:07:59:05	27
48.80976	2.29825	1	2009-05-06:07:59:05	27
48.80915	2.29737	1	2009-05-06:07:59:05	27
48.80853	2.29645	1	2009-05-06:07:59:05	27
48.80787	2.29537	1	2009-05-06:07:59:05	27
48.8073	2.29429	1	2009-05-06:07:59:05	27
48.80674	2.29337	1	2009-05-06:07:59:05	27
48.80616	2.29219	1	2009-05-06:07:59:05	27
48.80554	2.29116	1	2009-05-06:07:59:05	27
48.8049	2.29018	1	2009-05-06:07:59:05	27
48.80435	2.28922	1	2009-05-06:07:59:05	27
48.80371	2.28825	1	2009-05-06:07:59:05	27
48.80307	2.28735	1	2009-05-06:07:59:05	27
48.80241	2.28646	1	2009-05-06:07:59:05	27
48.80193	2.28525	1	2009-05-06:07:59:05	27
48.80132	2.28437	1	2009-05-06:07:59:05	27
48.80079	2.28331	1	2009-05-06:07:59:05	27
48.80011	2.2823	1	2009-05-06:07:59:05	27
48.79947	2.28128	1	2009-05-06:07:59:05	27
48.79871	2.28048	1	2009-05-06:07:59:05	27
48.7983	2.27929	1	2009-05-06:07:59:05	27
48.79775	2.27835	1	2009-05-06:07:59:05	27
48.79707	2.27734	1	2009-05-06:07:59:05	27
48.79656	2.27658	1	2009-05-06:07:59:05	27
48.79608	2.27569	1	2009-05-06:07:59:05	27
48.79559	2.27469	1	2009-05-06:07:59:05	27
48.79507	2.27361	1	2009-05-06:07:59:05	27
48.79451	2.27262	1	2009-05-06:07:59:05	27
48.79392	2.27168	1	2009-05-06:07:59:05	27
48.79336	2.27076	1	2009-05-06:07:59:05	27
48.79289	2.26969	1	2009-05-06:07:59:05	27
48.79245	2.26854	1	2009-05-06:07:59:05	27
48.792	2.26745	1	2009-05-06:07:59:05	27
48.79155	2.26631	1	2009-05-06:07:59:05	27
48.79109	2.2652	1	2009-05-06:07:59:05	27
48.79063	2.26409	1	2009-05-06:07:59:05	27
48.79018	2.26293	1	2009-05-06:07:59:05	27
48.7897	2.2618	1	2009-05-06:07:59:05	27
48.78924	2.26058	1	2009-05-06:07:59:05	27
48.78877	2.25951	1	2009-05-06:07:59:05	27
48.7883	2.2584	1	2009-05-06:07:59:05	27
48.78786	2.25738	1	2009-05-06:07:59:05	27
48.78742	2.25623	1	2009-05-06:07:59:05	27
48.78696	2.25509	1	2009-05-06:07:59:05	27
48.78654	2.25394	1	2009-05-06:07:59:05	27
48.7861	2.2529	1	2009-05-06:07:59:05	27
48.78565	2.25176	1	2009-05-06:07:59:05	27
48.7852	2.25069	1	2009-05-06:07:59:05	27
48.78473	2.24961	1	2009-05-06:07:59:05	27
48.78428	2.24851	1	2009-05-06:07:59:05	27
48.78389	2.24741	1	2009-05-06:07:59:05	27
48.78346	2.24636	1	2009-05-06:07:59:05	27
48.78298	2.24527	1	2009-05-06:07:59:05	27
48.78253	2.24417	1	2009-05-06:07:59:05	27
48.78208	2.24303	1	2009-05-06:07:59:05	27
48.78182	2.24243	1	2009-05-06:07:59:05	27
48.78146	2.24168	1	2009-05-06:07:59:05	27
48.78099	2.24062	1	2009-05-06:07:59:05	27
48.78058	2.23956	1	2009-05-06:07:59:05	27
48.78014	2.23848	1	2009-05-06:07:59:05	27
48.77968	2.23739	1	2009-05-06:07:59:05	27
48.77926	2.23628	1	2009-05-06:07:59:05	27
48.77881	2.23518	1	2009-05-06:07:59:05	27
48.77841	2.23411	1	2009-05-06:07:59:05	27
48.77797	2.2331	1	2009-05-06:07:59:05	27
48.77754	2.23208	1	2009-05-06:07:59:05	27
48.77717	2.23101	1	2009-05-06:07:59:05	27
48.77674	2.23002	1	2009-05-06:07:59:05	27
48.77619	2.22908	1	2009-05-06:07:59:05	27
48.77543	2.22869	1	2009-05-06:07:59:05	27
48.77453	2.22879	1	2009-05-06:07:59:05	27
48.77377	2.22888	1	2009-05-06:07:59:05	27
48.77284	2.22897	1	2009-05-06:07:59:05	27
48.77198	2.22912	1	2009-05-06:07:59:05	27
48.77123	2.22916	1	2009-05-06:07:59:05	27
48.77022	2.22918	1	2009-05-06:07:59:05	27
48.76942	2.22925	1	2009-05-06:07:59:05	27
48.76857	2.22959	1	2009-05-06:07:59:05	27
48.76772	2.22968	1	2009-05-06:07:59:05	27
48.76687	2.22955	1	2009-05-06:07:59:05	27
48.76607	2.22904	1	2009-05-06:07:59:05	27
48.76536	2.22826	1	2009-05-06:07:59:05	27
48.76469	2.22752	1	2009-05-06:07:59:05	27
48.76401	2.22681	1	2009-05-06:07:59:05	27
48.76339	2.22606	1	2009-05-06:07:59:05	27
48.7629	2.22507	1	2009-05-06:07:59:05	27
48.76216	2.22439	1	2009-05-06:07:59:05	27
48.76165	2.22334	1	2009-05-06:07:59:05	27
48.76108	2.22252	1	2009-05-06:07:59:05	27
48.76051	2.22169	1	2009-05-06:07:59:05	27
48.75989	2.22097	1	2009-05-06:07:59:05	27
48.75924	2.22029	1	2009-05-06:07:59:05	27
48.75851	2.21978	1	2009-05-06:07:59:05	27
48.75783	2.21924	1	2009-05-06:07:59:05	27
48.75714	2.21865	1	2009-05-06:07:59:05	27
48.75645	2.21809	1	2009-05-06:07:59:05	27
48.7558	2.21729	1	2009-05-06:07:59:05	27
48.75538	2.21625	1	2009-05-06:07:59:05	27
48.75496	2.2152	1	2009-05-06:07:59:05	27
48.75427	2.21556	1	2009-05-06:07:59:05	27
48.75342	2.21584	1	2009-05-06:07:59:05	27
48.75273	2.21508	1	2009-05-06:07:59:05	27
48.75207	2.21434	1	2009-05-06:07:59:05	27
48.75145	2.21348	1	2009-05-06:07:59:05	27
48.75087	2.21246	1	2009-05-06:07:59:05	27
48.75051	2.21127	1	2009-05-06:07:59:05	27
48.75088	2.21012	1	2009-05-06:07:59:05	27
48.75125	2.20895	1	2009-05-06:07:59:05	27
48.7516	2.20778	1	2009-05-06:07:59:05	27
48.75193	2.20661	1	2009-05-06:07:59:05	27
48.75225	2.20552	1	2009-05-06:07:59:05	27
48.75258	2.20438	1	2009-05-06:07:59:05	27
48.75297	2.20327	1	2009-05-06:07:59:05	27
48.7534	2.20214	1	2009-05-06:07:59:05	27
48.7538	2.20107	1	2009-05-06:07:59:05	27
48.75418	2.19996	1	2009-05-06:07:59:05	27
48.75454	2.19888	1	2009-05-06:07:59:05	27
48.75493	2.19778	1	2009-05-06:07:59:05	27
48.75512	2.1972	1	2009-05-06:07:59:05	27
48.75552	2.19616	1	2009-05-06:07:59:05	27
48.75592	2.19508	1	2009-05-06:07:59:05	27
48.7563	2.19403	1	2009-05-06:07:59:05	27
48.75667	2.19297	1	2009-05-06:07:59:05	27
48.75715	2.19198	1	2009-05-06:07:59:05	27
48.75772	2.19107	1	2009-05-06:07:59:05	27
48.75809	2.19001	1	2009-05-06:07:59:05	27
48.75835	2.18889	1	2009-05-06:07:59:05	27
48.7587	2.18781	1	2009-05-06:07:59:05	27
48.75916	2.18684	1	2009-05-06:07:59:05	27
48.75977	2.18596	1	2009-05-06:07:59:05	27
48.7604	2.18519	1	2009-05-06:07:59:05	27
48.76094	2.18426	1	2009-05-06:07:59:05	27
48.76137	2.18326	1	2009-05-06:07:59:05	27
48.76164	2.18217	1	2009-05-06:07:59:05	27
48.76175	2.18096	1	2009-05-06:07:59:05	27
48.76174	2.17972	1	2009-05-06:07:59:05	27
48.76189	2.1786	1	2009-05-06:07:59:05	27
48.76228	2.17759	1	2009-05-06:07:59:05	27
48.76265	2.17652	1	2009-05-06:07:59:05	27
48.76303	2.17546	1	2009-05-06:07:59:05	27
48.76342	2.17443	1	2009-05-06:07:59:05	27
48.76364	2.17327	1	2009-05-06:07:59:05	27
48.76385	2.17206	1	2009-05-06:07:59:05	27
48.76431	2.17115	1	2009-05-06:07:59:05	27
48.76435	2.17192	1	2009-05-06:07:59:05	27
48.76413	2.17305	1	2009-05-06:07:59:05	27
48.76426	2.17422	1	2009-05-06:07:59:05	27
48.7647	2.17524	1	2009-05-06:07:59:05	27
48.76524	2.17616	1	2009-05-06:07:59:05	27
48.7657	2.17714	1	2009-05-06:07:59:05	27
48.76597	2.17836	1	2009-05-06:07:59:05	27
48.76596	2.17947	1	2009-05-06:07:59:05	27
48.76643	2.1804	1	2009-05-06:07:59:05	27
48.76651	2.18099	1	2009-05-06:07:59:05	27
48.76649	2.18103	1	2009-05-06:07:59:05	27
48.76646	2.18103	1	2009-05-06:07:59:05	27
48.76644	2.18105	1	2009-05-06:07:59:05	27
48.76644	2.18108	1	2009-05-06:07:59:05	27
48.76646	2.1811	1	2009-05-06:07:59:05	27
48.76645	2.18112	1	2009-05-06:07:59:05	27
48.76642	2.18116	1	2009-05-06:07:59:05	27
48.76642	2.18119	1	2009-05-06:07:59:05	27
48.76642	2.18121	1	2009-05-06:07:59:05	27
48.76643	2.18123	1	2009-05-06:07:59:05	27
48.76645	2.18123	1	2009-05-06:07:59:05	27
48.76638	2.18127	1	2009-05-06:07:59:05	27
48.76638	2.18135	1	2009-05-06:07:59:05	27
48.76638	2.18138	1	2009-05-06:07:59:05	27
48.7664	2.18138	1	2009-05-06:07:59:05	27
48.76641	2.18135	1	2009-05-06:07:59:05	27
48.7664	2.18134	1	2009-05-06:07:59:05	27
48.76639	2.1813	1	2009-05-06:07:59:05	27
48.7664	2.18128	1	2009-05-06:07:59:05	27
48.7664	2.18125	1	2009-05-06:07:59:05	27
48.7664	2.18123	1	2009-05-06:07:59:05	27
48.76642	2.18125	1	2009-05-06:07:59:05	27
48.76644	2.18109	1	2009-05-06:16:22:50	28
48.76543	2.17879	1	2009-05-06:16:22:50	28
48.76514	2.17561	1	2009-05-06:16:22:50	28
48.76405	2.17293	1	2009-05-06:16:22:50	28
48.76413	2.1713	1	2009-05-06:16:22:50	28
48.76345	2.17424	1	2009-05-06:16:22:50	28
48.76255	2.17678	1	2009-05-06:16:22:50	28
48.76175	2.17925	1	2009-05-06:16:22:50	28
48.76171	2.18216	1	2009-05-06:16:22:50	28
48.76071	2.18493	1	2009-05-06:16:22:50	28
48.7592	2.18718	1	2009-05-06:16:22:50	28
48.75827	2.18965	1	2009-05-06:16:22:50	28
48.75726	2.1921	1	2009-05-06:16:22:50	28
48.75626	2.1946	1	2009-05-06:16:22:50	28
48.75532	2.19681	1	2009-05-06:16:22:50	28
48.75444	2.19922	1	2009-05-06:16:22:50	28
48.75365	2.20156	1	2009-05-06:16:22:50	28
48.75307	2.20311	1	2009-05-06:16:22:50	28
48.7523	2.20539	1	2009-05-06:16:22:50	28
48.7516	2.20766	1	2009-05-06:16:22:50	28
48.75085	2.21016	1	2009-05-06:16:22:50	28
48.75093	2.21263	1	2009-05-06:16:22:50	28
48.7524	2.21472	1	2009-05-06:16:22:50	28
48.75393	2.21583	1	2009-05-06:16:22:50	28
48.75528	2.21598	1	2009-05-06:16:22:50	28
48.75639	2.21793	1	2009-05-06:16:22:50	28
48.7579	2.21912	1	2009-05-06:16:22:50	28
48.75951	2.22053	1	2009-05-06:16:22:50	28
48.76086	2.22212	1	2009-05-06:16:22:50	28
48.76194	2.22401	1	2009-05-06:16:22:50	28
48.7632	2.22565	1	2009-05-06:16:22:50	28
48.76459	2.22728	1	2009-05-06:16:22:50	28
48.76565	2.2285	1	2009-05-06:16:22:50	28
48.76656	2.2304	1	2009-05-06:16:22:50	28
48.76811	2.23029	1	2009-05-06:16:22:50	28
48.76974	2.23022	1	2009-05-06:16:22:50	28
48.7713	2.22943	1	2009-05-06:16:22:50	28
48.77293	2.22918	1	2009-05-06:16:22:50	28
48.77461	2.2289	1	2009-05-06:16:22:50	28
48.77627	2.22934	1	2009-05-06:16:22:50	28
48.77718	2.2314	1	2009-05-06:16:22:50	28
48.77801	2.23352	1	2009-05-06:16:22:50	28
48.77883	2.23568	1	2009-05-06:16:22:50	28
48.77976	2.23776	1	2009-05-06:16:22:50	28
48.78064	2.23992	1	2009-05-06:16:22:50	28
48.78151	2.24205	1	2009-05-06:16:22:50	28
48.78235	2.24423	1	2009-05-06:16:22:50	28
48.78325	2.24629	1	2009-05-06:16:22:50	28
48.78407	2.24832	1	2009-05-06:16:22:50	28
48.78491	2.2504	1	2009-05-06:16:22:50	28
48.78571	2.25251	1	2009-05-06:16:22:50	28
48.78664	2.25458	1	2009-05-06:16:22:50	28
48.78747	2.25659	1	2009-05-06:16:22:50	28
48.78832	2.25882	1	2009-05-06:16:22:50	28
48.78919	2.26085	1	2009-05-06:16:22:50	28
48.79005	2.26298	1	2009-05-06:16:22:50	28
48.79088	2.26505	1	2009-05-06:16:22:50	28
48.7918	2.26716	1	2009-05-06:16:22:50	28
48.79263	2.26925	1	2009-05-06:16:22:50	28
48.79356	2.27131	1	2009-05-06:16:22:50	28
48.79472	2.27321	1	2009-05-06:16:22:50	28
48.7958	2.27518	1	2009-05-06:16:22:50	28
48.79695	2.27718	1	2009-05-06:16:22:50	28
48.79807	2.27907	1	2009-05-06:16:22:50	28
48.7987	2.28013	1	2009-05-06:16:22:50	28
48.7993	2.28122	1	2009-05-06:16:22:50	28
48.80039	2.28305	1	2009-05-06:16:22:50	28
48.80143	2.28477	1	2009-05-06:16:22:50	28
48.80248	2.28645	1	2009-05-06:16:22:50	28
48.80361	2.28818	1	2009-05-06:16:22:50	28
48.80468	2.28998	1	2009-05-06:16:22:50	28
48.80583	2.2917	1	2009-05-06:16:22:50	28
48.80692	2.29367	1	2009-05-06:16:22:50	28
48.80794	2.29552	1	2009-05-06:16:22:50	28
48.80891	2.29742	1	2009-05-06:16:22:50	28
48.81011	2.29894	1	2009-05-06:16:22:50	28
48.81125	2.30012	1	2009-05-06:16:22:50	28
48.8113	2.30194	1	2009-05-06:16:22:50	28
48.81186	2.30382	1	2009-05-06:16:22:50	28
48.81288	2.30557	1	2009-05-06:16:22:50	28
48.81392	2.30745	1	2009-05-06:16:22:50	28
48.81492	2.30927	1	2009-05-06:16:22:50	28
48.81589	2.31125	1	2009-05-06:16:22:50	28
48.81666	2.31334	1	2009-05-06:16:22:50	28
48.81741	2.3156	1	2009-05-06:16:22:50	28
48.81794	2.31787	1	2009-05-06:16:22:50	28
48.81847	2.32005	1	2009-05-06:16:22:50	28
48.81806	2.32237	1	2009-05-06:16:22:50	28
48.81779	2.32474	1	2009-05-06:16:22:50	28
48.81736	2.32692	1	2009-05-06:16:22:50	28
48.81718	2.32947	1	2009-05-06:16:22:50	28
48.81695	2.33207	1	2009-05-06:16:22:50	28
48.81864	2.33296	1	2009-05-06:16:22:50	28
48.82018	2.33375	1	2009-05-06:16:22:50	28
48.82098	2.33527	1	2009-05-06:16:22:50	28
48.82048	2.33755	1	2009-05-06:16:22:50	28
48.81994	2.33977	1	2009-05-06:16:22:50	28
48.82268	2.37189	1	2009-05-06:16:22:50	28
48.82326	2.37418	1	2009-05-06:16:22:50	28
48.82407	2.3763	1	2009-05-06:16:22:50	28
48.82469	2.37844	1	2009-05-06:16:22:50	28
48.8254	2.38061	1	2009-05-06:16:22:50	28
48.82603	2.3828	1	2009-05-06:16:22:50	28
48.82689	2.3849	1	2009-05-06:16:22:50	28
48.82785	2.38689	1	2009-05-06:16:22:50	28
48.82884	2.3888	1	2009-05-06:16:22:50	28
48.82966	2.39089	1	2009-05-06:16:22:50	28
48.83037	2.39316	1	2009-05-06:16:22:50	28
48.83075	2.39546	1	2009-05-06:16:22:50	28
48.83152	2.39759	1	2009-05-06:16:22:50	28
48.83244	2.39977	1	2009-05-06:16:22:50	28
48.83329	2.40177	1	2009-05-06:16:22:50	28
48.8339	2.40376	1	2009-05-06:16:22:50	28
48.83485	2.40567	1	2009-05-06:16:22:50	28
48.836	2.40734	1	2009-05-06:16:22:50	28
48.83753	2.40807	1	2009-05-06:16:22:50	28
48.83907	2.40863	1	2009-05-06:16:22:50	28
48.84069	2.40922	1	2009-05-06:16:22:50	28
48.8423	2.40969	1	2009-05-06:16:22:50	28
48.84392	2.40998	1	2009-05-06:16:22:50	28
48.84547	2.41045	1	2009-05-06:16:22:50	28
48.84698	2.41138	1	2009-05-06:16:22:50	28
48.84857	2.4112	1	2009-05-06:16:22:50	28
48.85022	2.41102	1	2009-05-06:16:22:50	28
48.85185	2.41092	1	2009-05-06:16:22:50	28
48.85346	2.41067	1	2009-05-06:16:22:50	28
48.85573	2.41009	1	2009-05-06:16:22:50	28
48.85735	2.40983	1	2009-05-06:16:22:50	28
48.85898	2.40961	1	2009-05-06:16:22:50	28
48.86054	2.40929	1	2009-05-06:16:22:50	28
48.86212	2.40909	1	2009-05-06:16:22:50	28
48.86368	2.40852	1	2009-05-06:16:22:50	28
48.86466	2.41005	1	2009-05-06:16:22:50	28
48.86571	2.41141	1	2009-05-06:16:22:50	28
48.86687	2.41299	1	2009-05-06:16:22:50	28
48.86814	2.41455	1	2009-05-06:16:22:50	28
48.8677	2.41654	1	2009-05-06:16:22:50	28
48.86771	2.41848	1	2009-05-06:16:22:50	28
48.86891	2.419	1	2009-05-06:16:22:50	28
48.86892	2.419	1	2009-05-06:16:22:50	28
48.86898	2.41907	1	2009-05-06:16:22:50	28
48.86904	2.41905	1	2009-05-06:16:22:50	28
48.869	2.41899	1	2009-05-06:16:22:50	28
48.86897	2.419	1	2009-05-06:16:22:50	28
48.86897	2.41897	1	2009-05-06:16:22:50	28
48.86896	2.41896	1	2009-05-06:16:22:50	28
48.86912	2.41889	1	2009-05-06:16:22:50	28
48.86896	2.41899	1	2009-05-06:16:22:50	28
48.86875	2.41889	1	2009-05-06:16:22:50	28
48.86894	2.41903	1	2009-05-06:16:22:50	28
48.86897	2.419	1	2009-05-06:16:22:50	28
48.86891	2.41891	1	2009-05-06:16:22:50	28
48.869	2.41901	1	2009-05-06:16:22:50	28
48.86894	2.41892	1	2009-05-06:16:22:50	28
48.86897	2.41896	1	2009-05-06:16:22:50	28
48.86915	2.41907	1	2009-05-06:16:22:50	28
48.86883	2.41905	1	2009-05-06:16:22:50	28
48.8689	2.41893	1	2009-05-06:16:22:50	28
48.86885	2.4189	1	2009-05-06:16:22:50	28
48.86886	2.41894	1	2009-05-06:16:22:50	28
48.86886	2.41898	1	2009-05-06:16:22:50	28
48.8694	2.41893	1	2009-05-06:16:22:50	28
48.86894	2.41898	1	2009-05-06:16:22:50	28
48.86892	2.41898	1	2009-05-06:16:22:50	28
48.86888	2.419	1	2009-05-06:16:22:50	28
48.86886	2.419	1	2009-05-06:16:22:50	28
48.86883	2.41901	1	2009-05-06:16:22:50	28
48.8688	2.41902	1	2009-05-06:16:22:50	28
48.86876	2.41903	1	2009-05-06:16:22:50	28
48.86877	2.41903	1	2009-05-06:16:22:50	28
48.86892	2.41897	1	2009-05-06:16:22:50	28
48.86895	2.41896	1	2009-05-06:16:22:50	28
48.86899	2.41895	1	2009-05-06:16:22:50	28
48.86901	2.41895	1	2009-05-06:16:22:50	28
48.86903	2.41894	1	2009-05-06:16:22:50	28
48.86903	2.41894	1	2009-05-06:16:22:50	28
48.86901	2.41895	1	2009-05-06:16:22:50	28
48.86899	2.41896	1	2009-05-06:16:22:50	28
48.86897	2.41897	1	2009-05-06:16:22:50	28
48.86895	2.41898	1	2009-05-06:16:22:50	28
48.86892	2.41899	1	2009-05-06:16:22:50	28
48.8689	2.419	1	2009-05-06:16:22:50	28
48.86888	2.41901	1	2009-05-06:16:22:50	28
48.868	2.41927	1	2009-05-06:16:22:50	28
48.81858	2.32028	1	2009-05-07:06:49:31	29
48.81832	2.31886	1	2009-05-07:06:49:31	29
48.81803	2.3176	1	2009-05-07:06:49:31	29
48.81772	2.31641	1	2009-05-07:06:49:31	29
48.81728	2.31502	1	2009-05-07:06:49:31	29
48.81687	2.31377	1	2009-05-07:06:49:31	29
48.81652	2.31259	1	2009-05-07:06:49:31	29
48.81621	2.3114	1	2009-05-07:06:49:31	29
48.81625	2.31004	1	2009-05-07:06:49:31	29
48.81621	2.30855	1	2009-05-07:06:49:31	29
48.81632	2.3071	1	2009-05-07:06:49:31	29
48.81641	2.30587	1	2009-05-07:06:49:31	29
48.81568	2.30498	1	2009-05-07:06:49:31	29
48.81503	2.30399	1	2009-05-07:06:49:31	29
48.81437	2.30317	1	2009-05-07:06:49:31	29
48.81361	2.30234	1	2009-05-07:06:49:31	29
48.81285	2.30148	1	2009-05-07:06:49:31	29
48.81175	2.3006	1	2009-05-07:06:49:31	29
48.81097	2.29973	1	2009-05-07:06:49:31	29
48.81023	2.29887	1	2009-05-07:06:49:31	29
48.80955	2.29796	1	2009-05-07:06:49:31	29
48.80899	2.29688	1	2009-05-07:06:49:31	29
48.80841	2.29588	1	2009-05-07:06:49:31	29
48.80774	2.29477	1	2009-05-07:06:49:31	29
48.8071	2.29377	1	2009-05-07:06:49:31	29
48.80656	2.29272	1	2009-05-07:06:49:31	29
48.80599	2.2917	1	2009-05-07:06:49:31	29
48.80535	2.29063	1	2009-05-07:06:49:31	29
48.8047	2.28958	1	2009-05-07:06:49:31	29
48.80412	2.28847	1	2009-05-07:06:49:31	29
48.80338	2.28744	1	2009-05-07:06:49:31	29
48.80276	2.28641	1	2009-05-07:06:49:31	29
48.8022	2.28552	1	2009-05-07:06:49:31	29
48.80172	2.2848	1	2009-05-07:06:49:31	29
48.80111	2.2838	1	2009-05-07:06:49:31	29
48.80051	2.2829	1	2009-05-07:06:49:31	29
48.79984	2.28177	1	2009-05-07:06:49:31	29
48.7992	2.28058	1	2009-05-07:06:49:31	29
48.79858	2.27946	1	2009-05-07:06:49:31	29
48.79801	2.27837	1	2009-05-07:06:49:31	29
48.79744	2.27748	1	2009-05-07:06:49:31	29
48.79685	2.2765	1	2009-05-07:06:49:31	29
48.79632	2.27554	1	2009-05-07:06:49:31	29
48.79578	2.27466	1	2009-05-07:06:49:31	29
48.79522	2.27372	1	2009-05-07:06:49:31	29
48.79465	2.27273	1	2009-05-07:06:49:31	29
48.79409	2.27175	1	2009-05-07:06:49:31	29
48.79349	2.27074	1	2009-05-07:06:49:31	29
48.79301	2.26977	1	2009-05-07:06:49:31	29
48.79256	2.26873	1	2009-05-07:06:49:31	29
48.7921	2.26765	1	2009-05-07:06:49:31	29
48.79166	2.26645	1	2009-05-07:06:49:31	29
48.79118	2.26529	1	2009-05-07:06:49:31	29
48.79072	2.26419	1	2009-05-07:06:49:31	29
48.79029	2.26304	1	2009-05-07:06:49:31	29
48.78981	2.26207	1	2009-05-07:06:49:31	29
48.78936	2.26097	1	2009-05-07:06:49:31	29
48.78892	2.25989	1	2009-05-07:06:49:31	29
48.78841	2.25877	1	2009-05-07:06:49:31	29
48.788	2.25764	1	2009-05-07:06:49:31	29
48.78753	2.25646	1	2009-05-07:06:49:31	29
48.78706	2.25536	1	2009-05-07:06:49:31	29
48.78664	2.25422	1	2009-05-07:06:49:31	29
48.7862	2.25313	1	2009-05-07:06:49:31	29
48.78598	2.25257	1	2009-05-07:06:49:31	29
48.78567	2.25184	1	2009-05-07:06:49:31	29
48.78522	2.25084	1	2009-05-07:06:49:31	29
48.78477	2.24972	1	2009-05-07:06:49:31	29
48.78432	2.24864	1	2009-05-07:06:49:31	29
48.78396	2.2475	1	2009-05-07:06:49:31	29
48.78345	2.24637	1	2009-05-07:06:49:31	29
48.78297	2.24528	1	2009-05-07:06:49:31	29
48.78252	2.24424	1	2009-05-07:06:49:31	29
48.78205	2.24318	1	2009-05-07:06:49:31	29
48.78164	2.24214	1	2009-05-07:06:49:31	29
48.78121	2.24106	1	2009-05-07:06:49:31	29
48.78081	2.23993	1	2009-05-07:06:49:31	29
48.78036	2.23891	1	2009-05-07:06:49:31	29
48.77989	2.23785	1	2009-05-07:06:49:31	29
48.77949	2.23679	1	2009-05-07:06:49:31	29
48.77902	2.23573	1	2009-05-07:06:49:31	29
48.77857	2.23468	1	2009-05-07:06:49:31	29
48.77815	2.23361	1	2009-05-07:06:49:31	29
48.77771	2.23256	1	2009-05-07:06:49:31	29
48.77723	2.23148	1	2009-05-07:06:49:31	29
48.77695	2.23036	1	2009-05-07:06:49:31	29
48.77642	2.22943	1	2009-05-07:06:49:31	29
48.77577	2.22873	1	2009-05-07:06:49:31	29
48.77492	2.22872	1	2009-05-07:06:49:31	29
48.77406	2.22889	1	2009-05-07:06:49:31	29
48.77324	2.22899	1	2009-05-07:06:49:31	29
48.77245	2.2291	1	2009-05-07:06:49:31	29
48.77164	2.22921	1	2009-05-07:06:49:31	29
48.77015	2.2291	1	2009-05-07:06:49:31	29
48.7693	2.22929	1	2009-05-07:06:49:31	29
48.76855	2.22962	1	2009-05-07:06:49:31	29
48.76776	2.2297	1	2009-05-07:06:49:31	29
48.76695	2.22962	1	2009-05-07:06:49:31	29
48.76617	2.22916	1	2009-05-07:06:49:31	29
48.76549	2.22841	1	2009-05-07:06:49:31	29
48.76483	2.2277	1	2009-05-07:06:49:31	29
48.7642	2.227	1	2009-05-07:06:49:31	29
48.76359	2.22629	1	2009-05-07:06:49:31	29
48.76306	2.22549	1	2009-05-07:06:49:31	29
48.76248	2.22474	1	2009-05-07:06:49:31	29
48.76185	2.22393	1	2009-05-07:06:49:31	29
48.7614	2.22286	1	2009-05-07:06:49:31	29
48.76079	2.22208	1	2009-05-07:06:49:31	29
48.76014	2.2213	1	2009-05-07:06:49:31	29
48.75946	2.22054	1	2009-05-07:06:49:31	29
48.7587	2.21991	1	2009-05-07:06:49:31	29
48.75798	2.21936	1	2009-05-07:06:49:31	29
48.75728	2.21876	1	2009-05-07:06:49:31	29
48.7566	2.21821	1	2009-05-07:06:49:31	29
48.75596	2.21757	1	2009-05-07:06:49:31	29
48.75543	2.21631	1	2009-05-07:06:49:31	29
48.75501	2.21527	1	2009-05-07:06:49:31	29
48.75434	2.21556	1	2009-05-07:06:49:31	29
48.75352	2.21591	1	2009-05-07:06:49:31	29
48.75286	2.21529	1	2009-05-07:06:49:31	29
48.75222	2.21456	1	2009-05-07:06:49:31	29
48.75162	2.21376	1	2009-05-07:06:49:31	29
48.75101	2.21272	1	2009-05-07:06:49:31	29
48.75057	2.21162	1	2009-05-07:06:49:31	29
48.75074	2.21049	1	2009-05-07:06:49:31	29
48.75109	2.20934	1	2009-05-07:06:49:31	29
48.75143	2.20824	1	2009-05-07:06:49:31	29
48.75159	2.2077	1	2009-05-07:06:49:31	29
48.75193	2.20659	1	2009-05-07:06:49:31	29
48.75228	2.20541	1	2009-05-07:06:49:31	29
48.75262	2.20427	1	2009-05-07:06:49:31	29
48.75299	2.2032	1	2009-05-07:06:49:31	29
48.75335	2.20212	1	2009-05-07:06:49:31	29
48.75376	2.20105	1	2009-05-07:06:49:31	29
48.75416	2.20001	1	2009-05-07:06:49:31	29
48.7545	2.19893	1	2009-05-07:06:49:31	29
48.75493	2.19783	1	2009-05-07:06:49:31	29
48.75531	2.19677	1	2009-05-07:06:49:31	29
48.75571	2.19566	1	2009-05-07:06:49:31	29
48.7561	2.1946	1	2009-05-07:06:49:31	29
48.75649	2.19352	1	2009-05-07:06:49:31	29
48.75689	2.19247	1	2009-05-07:06:49:31	29
48.75748	2.19151	1	2009-05-07:06:49:31	29
48.75797	2.19042	1	2009-05-07:06:49:31	29
48.75825	2.18923	1	2009-05-07:06:49:31	29
48.75857	2.18811	1	2009-05-07:06:49:31	29
48.75899	2.18711	1	2009-05-07:06:49:31	29
48.75953	2.18622	1	2009-05-07:06:49:31	29
48.76013	2.18542	1	2009-05-07:06:49:31	29
48.76072	2.18464	1	2009-05-07:06:49:31	29
48.76121	2.18364	1	2009-05-07:06:49:31	29
48.76154	2.18253	1	2009-05-07:06:49:31	29
48.76176	2.18134	1	2009-05-07:06:49:31	29
48.76174	2.18014	1	2009-05-07:06:49:31	29
48.76173	2.1789	1	2009-05-07:06:49:31	29
48.76216	2.17785	1	2009-05-07:06:49:31	29
48.76256	2.17679	1	2009-05-07:06:49:31	29
48.76295	2.17571	1	2009-05-07:06:49:31	29
48.76332	2.17469	1	2009-05-07:06:49:31	29
48.76358	2.17361	1	2009-05-07:06:49:31	29
48.76375	2.17241	1	2009-05-07:06:49:31	29
48.76398	2.17138	1	2009-05-07:06:49:31	29
48.76446	2.17135	1	2009-05-07:06:49:31	29
48.76417	2.17245	1	2009-05-07:06:49:31	29
48.76408	2.17363	1	2009-05-07:06:49:31	29
48.76446	2.17471	1	2009-05-07:06:49:31	29
48.7651	2.17562	1	2009-05-07:06:49:31	29
48.76542	2.17674	1	2009-05-07:06:49:31	29
48.76586	2.17782	1	2009-05-07:06:49:31	29
48.76589	2.17903	1	2009-05-07:06:49:31	29
48.76593	2.17944	1	2009-05-07:06:49:31	29
48.76595	2.17947	1	2009-05-07:06:49:31	29
48.76596	2.17949	1	2009-05-07:06:49:31	29
48.76598	2.17951	1	2009-05-07:06:49:31	29
48.766	2.17953	1	2009-05-07:06:49:31	29
48.76603	2.17955	1	2009-05-07:06:49:31	29
48.76606	2.17957	1	2009-05-07:06:49:31	29
48.76608	2.17957	1	2009-05-07:06:49:31	29
48.7661	2.17961	1	2009-05-07:06:49:31	29
48.76613	2.17965	1	2009-05-07:06:49:31	29
48.76614	2.17968	1	2009-05-07:06:49:31	29
48.76616	2.17972	1	2009-05-07:06:49:31	29
48.76617	2.17975	1	2009-05-07:06:49:31	29
48.76618	2.1798	1	2009-05-07:06:49:31	29
48.76619	2.17983	1	2009-05-07:06:49:31	29
48.76621	2.17986	1	2009-05-07:06:49:31	29
48.76622	2.17989	1	2009-05-07:06:49:31	29
48.76624	2.17993	1	2009-05-07:06:49:31	29
48.76626	2.17995	1	2009-05-07:06:49:31	29
48.76629	2.17998	1	2009-05-07:06:49:31	29
48.7663	2.18	1	2009-05-07:06:49:31	29
48.76631	2.18003	1	2009-05-07:06:49:31	29
48.76631	2.18003	1	2009-05-07:06:49:31	29
48.76624	2.18013	1	2009-05-07:18:30:24	30
48.76556	2.17915	1	2009-05-07:18:30:24	30
48.76527	2.17739	1	2009-05-07:18:30:24	30
48.76517	2.17597	1	2009-05-07:18:30:24	30
48.76444	2.17468	1	2009-05-07:18:30:24	30
48.76408	2.17322	1	2009-05-07:18:30:24	30
48.76437	2.17171	1	2009-05-07:18:30:24	30
48.76415	2.17115	1	2009-05-07:18:30:24	30
48.76376	2.17227	1	2009-05-07:18:30:24	30
48.76353	2.17361	1	2009-05-07:18:30:24	30
48.76321	2.17489	1	2009-05-07:18:30:24	30
48.76274	2.17617	1	2009-05-07:18:30:24	30
48.76233	2.17744	1	2009-05-07:18:30:24	30
48.76175	2.17856	1	2009-05-07:18:30:24	30
48.76164	2.1797	1	2009-05-07:18:30:24	30
48.76166	2.18115	1	2009-05-07:18:30:24	30
48.76141	2.18279	1	2009-05-07:18:30:24	30
48.76094	2.18409	1	2009-05-07:18:30:24	30
48.76027	2.1852	1	2009-05-07:18:30:24	30
48.75947	2.18622	1	2009-05-07:18:30:24	30
48.75889	2.18726	1	2009-05-07:18:30:24	30
48.75838	2.1885	1	2009-05-07:18:30:24	30
48.75807	2.18983	1	2009-05-07:18:30:24	30
48.75763	2.1911	1	2009-05-07:18:30:24	30
48.75702	2.19212	1	2009-05-07:18:30:24	30
48.75658	2.19323	1	2009-05-07:18:30:24	30
48.75613	2.19446	1	2009-05-07:18:30:24	30
48.75562	2.19575	1	2009-05-07:18:30:24	30
48.75519	2.19699	1	2009-05-07:18:30:24	30
48.75477	2.19828	1	2009-05-07:18:30:24	30
48.75433	2.19943	1	2009-05-07:18:30:24	30
48.75387	2.20071	1	2009-05-07:18:30:24	30
48.75352	2.20175	1	2009-05-07:18:30:24	30
48.75334	2.20238	1	2009-05-07:18:30:24	30
48.753	2.2032	1	2009-05-07:18:30:24	30
48.75256	2.20435	1	2009-05-07:18:30:24	30
48.75221	2.20551	1	2009-05-07:18:30:24	30
48.75188	2.20672	1	2009-05-07:18:30:24	30
48.75151	2.20789	1	2009-05-07:18:30:24	30
48.75113	2.20914	1	2009-05-07:18:30:24	30
48.75075	2.21032	1	2009-05-07:18:30:24	30
48.7505	2.21156	1	2009-05-07:18:30:24	30
48.75104	2.21276	1	2009-05-07:18:30:24	30
48.75161	2.21368	1	2009-05-07:18:30:24	30
48.75232	2.21466	1	2009-05-07:18:30:24	30
48.75298	2.21546	1	2009-05-07:18:30:24	30
48.75381	2.21581	1	2009-05-07:18:30:24	30
48.75459	2.21523	1	2009-05-07:18:30:24	30
48.75525	2.21587	1	2009-05-07:18:30:24	30
48.75573	2.21699	1	2009-05-07:18:30:24	30
48.75633	2.21789	1	2009-05-07:18:30:24	30
48.75713	2.21851	1	2009-05-07:18:30:24	30
48.75791	2.21918	1	2009-05-07:18:30:24	30
48.75868	2.21978	1	2009-05-07:18:30:24	30
48.75946	2.22052	1	2009-05-07:18:30:24	30
48.7602	2.22131	1	2009-05-07:18:30:24	30
48.76087	2.22217	1	2009-05-07:18:30:24	30
48.76149	2.223	1	2009-05-07:18:30:24	30
48.76195	2.22404	1	2009-05-07:18:30:24	30
48.76262	2.22481	1	2009-05-07:18:30:24	30
48.76321	2.22573	1	2009-05-07:18:30:24	30
48.76382	2.22657	1	2009-05-07:18:30:24	30
48.76454	2.22728	1	2009-05-07:18:30:24	30
48.76516	2.22801	1	2009-05-07:18:30:24	30
48.76548	2.22835	1	2009-05-07:18:30:24	30
48.76613	2.22911	1	2009-05-07:18:30:24	30
48.76665	2.22997	1	2009-05-07:18:30:24	30
48.76711	2.23048	1	2009-05-07:18:30:24	30
48.768	2.2303	1	2009-05-07:18:30:24	30
48.7688	2.23029	1	2009-05-07:18:30:24	30
48.76966	2.23023	1	2009-05-07:18:30:24	30
48.77049	2.2299	1	2009-05-07:18:30:24	30
48.77131	2.22948	1	2009-05-07:18:30:24	30
48.77214	2.22931	1	2009-05-07:18:30:24	30
48.77298	2.22919	1	2009-05-07:18:30:24	30
48.77385	2.22907	1	2009-05-07:18:30:24	30
48.77479	2.2289	1	2009-05-07:18:30:24	30
48.77567	2.22888	1	2009-05-07:18:30:24	30
48.77635	2.22953	1	2009-05-07:18:30:24	30
48.77674	2.23072	1	2009-05-07:18:30:24	30
48.77727	2.23171	1	2009-05-07:18:30:24	30
48.77774	2.23281	1	2009-05-07:18:30:24	30
48.77817	2.2339	1	2009-05-07:18:30:24	30
48.77858	2.23503	1	2009-05-07:18:30:24	30
48.77903	2.23604	1	2009-05-07:18:30:24	30
48.77945	2.23701	1	2009-05-07:18:30:24	30
48.77988	2.23805	1	2009-05-07:18:30:24	30
48.78028	2.23912	1	2009-05-07:18:30:24	30
48.78074	2.2401	1	2009-05-07:18:30:24	30
48.78118	2.24118	1	2009-05-07:18:30:24	30
48.78161	2.24226	1	2009-05-07:18:30:24	30
48.78203	2.2433	1	2009-05-07:18:30:24	30
48.78246	2.24441	1	2009-05-07:18:30:24	30
48.78289	2.24546	1	2009-05-07:18:30:24	30
48.7833	2.24647	1	2009-05-07:18:30:24	30
48.78373	2.24748	1	2009-05-07:18:30:24	30
48.78419	2.24854	1	2009-05-07:18:30:24	30
48.78459	2.24954	1	2009-05-07:18:30:24	30
48.785	2.25057	1	2009-05-07:18:30:24	30
48.78539	2.25159	1	2009-05-07:18:30:24	30
48.78583	2.25271	1	2009-05-07:18:30:24	30
48.78627	2.25374	1	2009-05-07:18:30:24	30
48.78671	2.25476	1	2009-05-07:18:30:24	30
48.78714	2.25583	1	2009-05-07:18:30:24	30
48.78759	2.2569	1	2009-05-07:18:30:24	30
48.78804	2.258	1	2009-05-07:18:30:24	30
48.78847	2.25907	1	2009-05-07:18:30:24	30
48.78889	2.2601	1	2009-05-07:18:30:24	30
48.7893	2.26114	1	2009-05-07:18:30:24	30
48.78968	2.26215	1	2009-05-07:18:30:24	30
48.79011	2.26303	1	2009-05-07:18:30:24	30
48.79055	2.26411	1	2009-05-07:18:30:24	30
48.79101	2.26518	1	2009-05-07:18:30:24	30
48.79144	2.26626	1	2009-05-07:18:30:24	30
48.79191	2.26735	1	2009-05-07:18:30:24	30
48.79241	2.26842	1	2009-05-07:18:30:24	30
48.7928	2.26949	1	2009-05-07:18:30:24	30
48.79324	2.27049	1	2009-05-07:18:30:24	30
48.79374	2.27151	1	2009-05-07:18:30:24	30
48.79425	2.27239	1	2009-05-07:18:30:24	30
48.79477	2.2733	1	2009-05-07:18:30:24	30
48.79535	2.27424	1	2009-05-07:18:30:24	30
48.79586	2.27523	1	2009-05-07:18:30:24	30
48.79635	2.27615	1	2009-05-07:18:30:24	30
48.79698	2.27712	1	2009-05-07:18:30:24	30
48.7976	2.27815	1	2009-05-07:18:30:24	30
48.79821	2.27922	1	2009-05-07:18:30:24	30
48.79851	2.27975	1	2009-05-07:18:30:24	30
48.79883	2.2803	1	2009-05-07:18:30:24	30
48.79914	2.28085	1	2009-05-07:18:30:24	30
48.79936	2.2813	1	2009-05-07:18:30:24	30
48.7999	2.28214	1	2009-05-07:18:30:24	30
48.80042	2.28306	1	2009-05-07:18:30:24	30
48.80095	2.28396	1	2009-05-07:18:30:24	30
48.80149	2.2848	1	2009-05-07:18:30:24	30
48.80205	2.28564	1	2009-05-07:18:30:24	30
48.80258	2.28649	1	2009-05-07:18:30:24	30
48.8031	2.28734	1	2009-05-07:18:30:24	30
48.80364	2.28819	1	2009-05-07:18:30:24	30
48.80418	2.28911	1	2009-05-07:18:30:24	30
48.80473	2.28995	1	2009-05-07:18:30:24	30
48.80534	2.29079	1	2009-05-07:18:30:24	30
48.80589	2.29168	1	2009-05-07:18:30:24	30
48.8064	2.29263	1	2009-05-07:18:30:24	30
48.80692	2.29353	1	2009-05-07:18:30:24	30
48.80741	2.29446	1	2009-05-07:18:30:24	30
48.80789	2.29541	1	2009-05-07:18:30:24	30
48.8084	2.29637	1	2009-05-07:18:30:24	30
48.80895	2.29718	1	2009-05-07:18:30:24	30
48.80956	2.29769	1	2009-05-07:18:30:24	30
48.81006	2.29862	1	2009-05-07:18:30:24	30
48.81067	2.29941	1	2009-05-07:18:30:24	30
48.81123	2.30023	1	2009-05-07:18:30:24	30
48.81191	2.30103	1	2009-05-07:18:30:24	30
48.81139	2.3019	1	2009-05-07:18:30:24	30
48.81145	2.30297	1	2009-05-07:18:30:24	30
48.81195	2.30397	1	2009-05-07:18:30:24	30
48.81248	2.30489	1	2009-05-07:18:30:24	30
48.81296	2.30581	1	2009-05-07:18:30:24	30
48.81346	2.30676	1	2009-05-07:18:30:24	30
48.81405	2.30765	1	2009-05-07:18:30:24	30
48.81458	2.3086	1	2009-05-07:18:30:24	30
48.81505	2.30954	1	2009-05-07:18:30:24	30
48.81557	2.31046	1	2009-05-07:18:30:24	30
48.81603	2.31149	1	2009-05-07:18:30:24	30
48.81644	2.31256	1	2009-05-07:18:30:24	30
48.81679	2.31378	1	2009-05-07:18:30:24	30
48.81717	2.31486	1	2009-05-07:18:30:24	30
48.81752	2.31597	1	2009-05-07:18:30:24	30
48.81787	2.31708	1	2009-05-07:18:30:24	30
48.81822	2.31817	1	2009-05-07:18:30:24	30
48.81845	2.31942	1	2009-05-07:18:30:24	30
48.81833	2.32063	1	2009-05-07:18:30:24	30
48.81814	2.32184	1	2009-05-07:18:30:24	30
48.81805	2.3227	1	2009-05-07:18:30:24	30
48.81785	2.3238	1	2009-05-07:18:30:24	30
48.81796	2.32496	1	2009-05-07:18:30:24	30
48.81756	2.32601	1	2009-05-07:18:30:24	30
48.81753	2.32727	1	2009-05-07:18:30:24	30
48.81736	2.32842	1	2009-05-07:18:30:24	30
48.81723	2.32958	1	2009-05-07:18:30:24	30
48.8171	2.33082	1	2009-05-07:18:30:24	30
48.81702	2.33206	1	2009-05-07:18:30:24	30
48.8178	2.33251	1	2009-05-07:18:30:24	30
48.81861	2.33283	1	2009-05-07:18:30:24	30
48.81932	2.3334	1	2009-05-07:18:30:24	30
48.82017	2.33382	1	2009-05-07:18:30:24	30
48.82093	2.33427	1	2009-05-07:18:30:24	30
48.82086	2.33538	1	2009-05-07:18:30:24	30
48.82061	2.3366	1	2009-05-07:18:30:24	30
48.82037	2.33777	1	2009-05-07:18:30:24	30
48.82012	2.33891	1	2009-05-07:18:30:24	30
48.82009	2.33899	1	2009-05-07:18:30:24	30
48.82008	2.33907	1	2009-05-07:18:30:24	30
48.82006	2.33915	1	2009-05-07:18:30:24	30
48.82005	2.33923	1	2009-05-07:18:30:24	30
48.82003	2.33931	1	2009-05-07:18:30:24	30
48.82001	2.33938	1	2009-05-07:18:30:24	30
48.82001	2.33944	1	2009-05-07:18:30:24	30
48.82	2.33951	1	2009-05-07:18:30:24	30
48.82	2.33956	1	2009-05-07:18:30:24	30
48.81999	2.33961	1	2009-05-07:18:30:24	30
48.81998	2.33965	1	2009-05-07:18:30:24	30
48.81997	2.33968	1	2009-05-07:18:30:24	30
48.81997	2.3397	1	2009-05-07:18:30:24	30
48.82	2.33971	1	2009-05-07:18:30:24	30
48.82	2.33969	1	2009-05-07:18:30:24	30
48.82001	2.33971	1	2009-05-07:18:30:24	30
48.82002	2.33973	1	2009-05-07:18:30:24	30
48.82003	2.33976	1	2009-05-07:18:30:24	30
48.82005	2.33975	1	2009-05-07:18:30:24	30
48.82007	2.33977	1	2009-05-07:18:30:24	30
48.82011	2.33976	1	2009-05-07:18:30:24	30
48.82012	2.33981	1	2009-05-07:18:30:24	30
48.82012	2.33988	1	2009-05-07:18:30:24	30
48.81144	2.30183	1	2009-05-11:10:43:59	31
48.81195	2.30064	1	2009-05-11:10:43:59	31
48.81125	2.29979	1	2009-05-11:10:43:59	31
48.81051	2.29908	1	2009-05-11:10:43:59	31
48.80979	2.29828	1	2009-05-11:10:43:59	31
48.80917	2.29721	1	2009-05-11:10:43:59	31
48.80858	2.29621	1	2009-05-11:10:43:59	31
48.80801	2.29516	1	2009-05-11:10:43:59	31
48.80735	2.2942	1	2009-05-11:10:43:59	31
48.80677	2.29317	1	2009-05-11:10:43:59	31
48.80624	2.29217	1	2009-05-11:10:43:59	31
48.80557	2.29123	1	2009-05-11:10:43:59	31
48.80501	2.29026	1	2009-05-11:10:43:59	31
48.80445	2.28931	1	2009-05-11:10:43:59	31
48.80389	2.28831	1	2009-05-11:10:43:59	31
48.80316	2.28748	1	2009-05-11:10:43:59	31
48.80263	2.28652	1	2009-05-11:10:43:59	31
48.80201	2.28551	1	2009-05-11:10:43:59	31
48.80148	2.2845	1	2009-05-11:10:43:59	31
48.80095	2.28344	1	2009-05-11:10:43:59	31
48.80021	2.28248	1	2009-05-11:10:43:59	31
48.79964	2.28135	1	2009-05-11:10:43:59	31
48.79899	2.28031	1	2009-05-11:10:43:59	31
48.79838	2.27912	1	2009-05-11:10:43:59	31
48.79772	2.27806	1	2009-05-11:10:43:59	31
48.7971	2.27693	1	2009-05-11:10:43:59	31
48.79645	2.27586	1	2009-05-11:10:43:59	31
48.79582	2.2748	1	2009-05-11:10:43:59	31
48.79517	2.27381	1	2009-05-11:10:43:59	31
48.79455	2.27269	1	2009-05-11:10:43:59	31
48.79391	2.27161	1	2009-05-11:10:43:59	31
48.79337	2.27061	1	2009-05-11:10:43:59	31
48.79298	2.26975	1	2009-05-11:10:43:59	31
48.79272	2.26915	1	2009-05-11:10:43:59	31
48.79239	2.26831	1	2009-05-11:10:43:59	31
48.79196	2.26725	1	2009-05-11:10:43:59	31
48.79151	2.26622	1	2009-05-11:10:43:59	31
48.7911	2.26521	1	2009-05-11:10:43:59	31
48.79066	2.26408	1	2009-05-11:10:43:59	31
48.79023	2.26293	1	2009-05-11:10:43:59	31
48.78974	2.26184	1	2009-05-11:10:43:59	31
48.78931	2.26078	1	2009-05-11:10:43:59	31
48.78884	2.25965	1	2009-05-11:10:43:59	31
48.78837	2.25851	1	2009-05-11:10:43:59	31
48.78788	2.25731	1	2009-05-11:10:43:59	31
48.78737	2.25605	1	2009-05-11:10:43:59	31
48.78689	2.25486	1	2009-05-11:10:43:59	31
48.78646	2.25368	1	2009-05-11:10:43:59	31
48.78598	2.25254	1	2009-05-11:10:43:59	31
48.78554	2.25146	1	2009-05-11:10:43:59	31
48.78507	2.25034	1	2009-05-11:10:43:59	31
48.78459	2.2492	1	2009-05-11:10:43:59	31
48.78412	2.24812	1	2009-05-11:10:43:59	31
48.78373	2.24699	1	2009-05-11:10:43:59	31
48.78327	2.2459	1	2009-05-11:10:43:59	31
48.78275	2.24486	1	2009-05-11:10:43:59	31
48.78235	2.24372	1	2009-05-11:10:43:59	31
48.78188	2.24256	1	2009-05-11:10:43:59	31
48.78134	2.24128	1	2009-05-11:10:43:59	31
48.78089	2.24015	1	2009-05-11:10:43:59	31
48.78041	2.23902	1	2009-05-11:10:43:59	31
48.77997	2.23789	1	2009-05-11:10:43:59	31
48.77953	2.23681	1	2009-05-11:10:43:59	31
48.77908	2.23567	1	2009-05-11:10:43:59	31
48.77886	2.23517	1	2009-05-11:10:43:59	31
48.77853	2.23432	1	2009-05-11:10:43:59	31
48.77808	2.23332	1	2009-05-11:10:43:59	31
48.77768	2.23222	1	2009-05-11:10:43:59	31
48.77725	2.23121	1	2009-05-11:10:43:59	31
48.77689	2.23014	1	2009-05-11:10:43:59	31
48.77634	2.22916	1	2009-05-11:10:43:59	31
48.77562	2.22868	1	2009-05-11:10:43:59	31
48.77485	2.22873	1	2009-05-11:10:43:59	31
48.77399	2.22885	1	2009-05-11:10:43:59	31
48.77318	2.22891	1	2009-05-11:10:43:59	31
48.77239	2.22904	1	2009-05-11:10:43:59	31
48.77157	2.22916	1	2009-05-11:10:43:59	31
48.77079	2.22914	1	2009-05-11:10:43:59	31
48.76975	2.22906	1	2009-05-11:10:43:59	31
48.76899	2.22946	1	2009-05-11:10:43:59	31
48.76816	2.22962	1	2009-05-11:10:43:59	31
48.76731	2.22965	1	2009-05-11:10:43:59	31
48.76655	2.22937	1	2009-05-11:10:43:59	31
48.76585	2.22872	1	2009-05-11:10:43:59	31
48.76517	2.22801	1	2009-05-11:10:43:59	31
48.76447	2.22724	1	2009-05-11:10:43:59	31
48.7638	2.22652	1	2009-05-11:10:43:59	31
48.76318	2.22568	1	2009-05-11:10:43:59	31
48.76259	2.22479	1	2009-05-11:10:43:59	31
48.76193	2.22402	1	2009-05-11:10:43:59	31
48.76152	2.22296	1	2009-05-11:10:43:59	31
48.76092	2.22218	1	2009-05-11:10:43:59	31
48.76032	2.22143	1	2009-05-11:10:43:59	31
48.75967	2.2207	1	2009-05-11:10:43:59	31
48.75896	2.22006	1	2009-05-11:10:43:59	31
48.75824	2.21941	1	2009-05-11:10:43:59	31
48.75751	2.21884	1	2009-05-11:10:43:59	31
48.75673	2.2183	1	2009-05-11:10:43:59	31
48.75603	2.21757	1	2009-05-11:10:43:59	31
48.7555	2.2166	1	2009-05-11:10:43:59	31
48.75505	2.21563	1	2009-05-11:10:43:59	31
48.75453	2.21538	1	2009-05-11:10:43:59	31
48.75374	2.21584	1	2009-05-11:10:43:59	31
48.75302	2.21546	1	2009-05-11:10:43:59	31
48.7524	2.21467	1	2009-05-11:10:43:59	31
48.75175	2.21385	1	2009-05-11:10:43:59	31
48.75115	2.21291	1	2009-05-11:10:43:59	31
48.7507	2.21182	1	2009-05-11:10:43:59	31
48.75074	2.21061	1	2009-05-11:10:43:59	31
48.75105	2.20947	1	2009-05-11:10:43:59	31
48.75143	2.2083	1	2009-05-11:10:43:59	31
48.75178	2.20713	1	2009-05-11:10:43:59	31
48.75213	2.20597	1	2009-05-11:10:43:59	31
48.75252	2.20479	1	2009-05-11:10:43:59	31
48.75287	2.20367	1	2009-05-11:10:43:59	31
48.75325	2.20264	1	2009-05-11:10:43:59	31
48.75366	2.20146	1	2009-05-11:10:43:59	31
48.75404	2.2004	1	2009-05-11:10:43:59	31
48.75441	2.19929	1	2009-05-11:10:43:59	31
48.75482	2.1982	1	2009-05-11:10:43:59	31
48.75524	2.19706	1	2009-05-11:10:43:59	31
48.75563	2.19601	1	2009-05-11:10:43:59	31
48.75602	2.1949	1	2009-05-11:10:43:59	31
48.75641	2.19383	1	2009-05-11:10:43:59	31
48.75681	2.19274	1	2009-05-11:10:43:59	31
48.75733	2.19183	1	2009-05-11:10:43:59	31
48.75785	2.19081	1	2009-05-11:10:43:59	31
48.75805	2.19024	1	2009-05-11:10:43:59	31
48.75832	2.1891	1	2009-05-11:10:43:59	31
48.75865	2.18801	1	2009-05-11:10:43:59	31
48.75907	2.18697	1	2009-05-11:10:43:59	31
48.75966	2.18611	1	2009-05-11:10:43:59	31
48.76029	2.18534	1	2009-05-11:10:43:59	31
48.76086	2.18447	1	2009-05-11:10:43:59	31
48.76131	2.18346	1	2009-05-11:10:43:59	31
48.76161	2.18236	1	2009-05-11:10:43:59	31
48.76176	2.18116	1	2009-05-11:10:43:59	31
48.76176	2.1799	1	2009-05-11:10:43:59	31
48.76183	2.17873	1	2009-05-11:10:43:59	31
48.7623	2.17766	1	2009-05-11:10:43:59	31
48.76264	2.17661	1	2009-05-11:10:43:59	31
48.76303	2.17559	1	2009-05-11:10:43:59	31
48.76341	2.17454	1	2009-05-11:10:43:59	31
48.76362	2.17341	1	2009-05-11:10:43:59	31
48.76383	2.17228	1	2009-05-11:10:43:59	31
48.76422	2.17131	1	2009-05-11:10:43:59	31
48.76423	2.17185	1	2009-05-11:10:43:59	31
48.76404	2.17308	1	2009-05-11:10:43:59	31
48.76422	2.17421	1	2009-05-11:10:43:59	31
48.76471	2.1753	1	2009-05-11:10:43:59	31
48.76522	2.17629	1	2009-05-11:10:43:59	31
48.76572	2.17719	1	2009-05-11:10:43:59	31
48.76594	2.17846	1	2009-05-11:10:43:59	31
48.76597	2.17955	1	2009-05-11:10:43:59	31
48.76647	2.18033	1	2009-05-11:10:43:59	31
48.76648	2.18038	1	2009-05-11:10:43:59	31
48.76648	2.18043	1	2009-05-11:10:43:59	31
48.76649	2.18048	1	2009-05-11:10:43:59	31
48.7665	2.18052	1	2009-05-11:10:43:59	31
48.76651	2.18056	1	2009-05-11:10:43:59	31
48.76652	2.1806	1	2009-05-11:10:43:59	31
48.76652	2.18064	1	2009-05-11:10:43:59	31
48.76653	2.18067	1	2009-05-11:10:43:59	31
48.76654	2.18071	1	2009-05-11:10:43:59	31
48.76655	2.18074	1	2009-05-11:10:43:59	31
48.76656	2.18078	1	2009-05-11:10:43:59	31
48.76655	2.18083	1	2009-05-11:10:43:59	31
48.76655	2.18087	1	2009-05-11:10:43:59	31
48.76655	2.18092	1	2009-05-11:10:43:59	31
48.76654	2.18096	1	2009-05-11:10:43:59	31
48.76651	2.18097	1	2009-05-11:10:43:59	31
48.76648	2.18099	1	2009-05-11:10:43:59	31
48.76645	2.181	1	2009-05-11:10:43:59	31
48.76643	2.181	1	2009-05-11:10:43:59	31
48.76642	2.18103	1	2009-05-11:10:43:59	31
48.76642	2.18107	1	2009-05-11:10:43:59	31
48.76642	2.18107	1	2009-05-11:10:43:59	31
48.75764	2.19157	1	2009-05-11:17:11:27	32
48.75685	2.19279	1	2009-05-11:17:11:27	32
48.75638	2.19405	1	2009-05-11:17:11:27	32
48.75595	2.19523	1	2009-05-11:17:11:27	32
48.75553	2.19632	1	2009-05-11:17:11:27	32
48.75515	2.1974	1	2009-05-11:17:11:27	32
48.75468	2.19839	1	2009-05-11:17:11:27	32
48.75426	2.19957	1	2009-05-11:17:11:27	32
48.75386	2.20074	1	2009-05-11:17:11:27	32
48.75348	2.20187	1	2009-05-11:17:11:27	32
48.75302	2.20318	1	2009-05-11:17:11:27	32
48.75254	2.20431	1	2009-05-11:17:11:27	32
48.75217	2.20558	1	2009-05-11:17:11:27	32
48.75179	2.20679	1	2009-05-11:17:11:27	32
48.75146	2.20789	1	2009-05-11:17:11:27	32
48.75114	2.20898	1	2009-05-11:17:11:27	32
48.75082	2.21001	1	2009-05-11:17:11:27	32
48.75047	2.21125	1	2009-05-11:17:11:27	32
48.75081	2.21233	1	2009-05-11:17:11:27	32
48.75154	2.21366	1	2009-05-11:17:11:27	32
48.75239	2.21472	1	2009-05-11:17:11:27	32
48.7532	2.21557	1	2009-05-11:17:11:27	32
48.75392	2.21571	1	2009-05-11:17:11:27	32
48.75472	2.21514	1	2009-05-11:17:11:27	32
48.75538	2.21594	1	2009-05-11:17:11:27	32
48.75585	2.21709	1	2009-05-11:17:11:27	32
48.75657	2.21802	1	2009-05-11:17:11:27	32
48.75742	2.21871	1	2009-05-11:17:11:27	32
48.75827	2.21938	1	2009-05-11:17:11:27	32
48.75904	2.22004	1	2009-05-11:17:11:27	32
48.75987	2.22085	1	2009-05-11:17:11:27	32
48.76056	2.22172	1	2009-05-11:17:11:27	32
48.7611	2.22243	1	2009-05-11:17:11:27	32
48.76159	2.2231	1	2009-05-11:17:11:27	32
48.76205	2.2241	1	2009-05-11:17:11:27	32
48.76277	2.22478	1	2009-05-11:17:11:27	32
48.76333	2.22574	1	2009-05-11:17:11:27	32
48.76395	2.2266	1	2009-05-11:17:11:27	32
48.76463	2.22741	1	2009-05-11:17:11:27	32
48.76539	2.22818	1	2009-05-11:17:11:27	32
48.7661	2.229	1	2009-05-11:17:11:27	32
48.76665	2.23002	1	2009-05-11:17:11:27	32
48.76711	2.23039	1	2009-05-11:17:11:27	32
48.76796	2.23029	1	2009-05-11:17:11:27	32
48.76885	2.23036	1	2009-05-11:17:11:27	32
48.76976	2.23023	1	2009-05-11:17:11:27	32
48.7706	2.22976	1	2009-05-11:17:11:27	32
48.77144	2.22942	1	2009-05-11:17:11:27	32
48.77236	2.22925	1	2009-05-11:17:11:27	32
48.77322	2.22915	1	2009-05-11:17:11:27	32
48.77412	2.229	1	2009-05-11:17:11:27	32
48.77499	2.22885	1	2009-05-11:17:11:27	32
48.77588	2.22896	1	2009-05-11:17:11:27	32
48.77649	2.22985	1	2009-05-11:17:11:27	32
48.77684	2.23096	1	2009-05-11:17:11:27	32
48.77745	2.23196	1	2009-05-11:17:11:27	32
48.77795	2.23298	1	2009-05-11:17:11:27	32
48.77835	2.23405	1	2009-05-11:17:11:27	32
48.77865	2.23529	1	2009-05-11:17:11:27	32
48.77917	2.23636	1	2009-05-11:17:11:27	32
48.77966	2.23747	1	2009-05-11:17:11:27	32
48.78019	2.23859	1	2009-05-11:17:11:27	32
48.7806	2.23969	1	2009-05-11:17:11:27	32
48.78105	2.24081	1	2009-05-11:17:11:27	32
48.78128	2.2414	1	2009-05-11:17:11:27	32
48.78173	2.2425	1	2009-05-11:17:11:27	32
48.78218	2.2435	1	2009-05-11:17:11:27	32
48.78261	2.24454	1	2009-05-11:17:11:27	32
48.78306	2.24564	1	2009-05-11:17:11:27	32
48.78335	2.24664	1	2009-05-11:17:11:27	32
48.78382	2.24776	1	2009-05-11:17:11:27	32
48.78428	2.24876	1	2009-05-11:17:11:27	32
48.78472	2.24982	1	2009-05-11:17:11:27	32
48.78514	2.25084	1	2009-05-11:17:11:27	32
48.78555	2.25197	1	2009-05-11:17:11:27	32
48.78597	2.25311	1	2009-05-11:17:11:27	32
48.7864	2.25415	1	2009-05-11:17:11:27	32
48.78684	2.25514	1	2009-05-11:17:11:27	32
48.7873	2.25616	1	2009-05-11:17:11:27	32
48.78771	2.25717	1	2009-05-11:17:11:27	32
48.78811	2.25822	1	2009-05-11:17:11:27	32
48.78858	2.25931	1	2009-05-11:17:11:27	32
48.78899	2.26036	1	2009-05-11:17:11:27	32
48.78945	2.26146	1	2009-05-11:17:11:27	32
48.78987	2.26254	1	2009-05-11:17:11:27	32
48.7903	2.26361	1	2009-05-11:17:11:27	32
48.79076	2.26466	1	2009-05-11:17:11:27	32
48.79122	2.26573	1	2009-05-11:17:11:27	32
48.79163	2.26678	1	2009-05-11:17:11:27	32
48.79211	2.26787	1	2009-05-11:17:11:27	32
48.79254	2.26894	1	2009-05-11:17:11:27	32
48.79296	2.27002	1	2009-05-11:17:11:27	32
48.7935	2.27112	1	2009-05-11:17:11:27	32
48.79405	2.27207	1	2009-05-11:17:11:27	32
48.79462	2.27306	1	2009-05-11:17:11:27	32
48.79516	2.27401	1	2009-05-11:17:11:27	32
48.79572	2.27496	1	2009-05-11:17:11:27	32
48.79622	2.27597	1	2009-05-11:17:11:27	32
48.79676	2.27685	1	2009-05-11:17:11:27	32
48.79739	2.27784	1	2009-05-11:17:11:27	32
48.79798	2.27885	1	2009-05-11:17:11:27	32
48.79854	2.27981	1	2009-05-11:17:11:27	32
48.7991	2.28074	1	2009-05-11:17:11:27	32
48.79957	2.28166	1	2009-05-11:17:11:27	32
48.80015	2.28258	1	2009-05-11:17:11:27	32
48.80063	2.28362	1	2009-05-11:17:11:27	32
48.80122	2.28439	1	2009-05-11:17:11:27	32
48.80178	2.28531	1	2009-05-11:17:11:27	32
48.80233	2.28618	1	2009-05-11:17:11:27	32
48.80293	2.28714	1	2009-05-11:17:11:27	32
48.80357	2.28796	1	2009-05-11:17:11:27	32
48.80407	2.28893	1	2009-05-11:17:11:27	32
48.80465	2.28982	1	2009-05-11:17:11:27	32
48.80528	2.29071	1	2009-05-11:17:11:27	32
48.80584	2.29165	1	2009-05-11:17:11:27	32
48.80644	2.29266	1	2009-05-11:17:11:27	32
48.80699	2.29369	1	2009-05-11:17:11:27	32
48.80755	2.29464	1	2009-05-11:17:11:27	32
48.80805	2.29563	1	2009-05-11:17:11:27	32
48.80863	2.29658	1	2009-05-11:17:11:27	32
48.80922	2.29742	1	2009-05-11:17:11:27	32
48.80977	2.29837	1	2009-05-11:17:11:27	32
48.81039	2.29916	1	2009-05-11:17:11:27	32
48.81103	2.29995	1	2009-05-11:17:11:27	32
48.81184	2.30081	1	2009-05-11:17:11:27	32
48.81139	2.3019	1	2009-05-11:17:11:27	32
48.81164	2.30345	1	2009-05-11:17:11:27	32
48.8122	2.30434	1	2009-05-11:17:11:27	32
48.81276	2.30523	1	2009-05-11:17:11:27	32
48.81326	2.30621	1	2009-05-11:17:11:27	32
48.81379	2.30714	1	2009-05-11:17:11:27	32
48.81435	2.30808	1	2009-05-11:17:11:27	32
48.8149	2.30903	1	2009-05-11:17:11:27	32
48.81537	2.30999	1	2009-05-11:17:11:27	32
48.81594	2.31075	1	2009-05-11:17:11:27	32
48.81626	2.31182	1	2009-05-11:17:11:27	32
48.81658	2.31297	1	2009-05-11:17:11:27	32
48.81695	2.31408	1	2009-05-11:17:11:27	32
48.81729	2.31524	1	2009-05-11:17:11:27	32
48.81771	2.31617	1	2009-05-11:17:11:27	32
48.81796	2.31735	1	2009-05-11:17:11:27	32
48.81826	2.31855	1	2009-05-11:17:11:27	32
48.81853	2.31967	1	2009-05-11:17:11:27	32
48.81828	2.32094	1	2009-05-11:17:11:27	32
48.81815	2.32214	1	2009-05-11:17:11:27	32
48.81797	2.32331	1	2009-05-11:17:11:27	32
48.81787	2.32451	1	2009-05-11:17:11:27	32
48.8175	2.32554	1	2009-05-11:17:11:27	32
48.81749	2.32679	1	2009-05-11:17:11:27	32
48.81729	2.32804	1	2009-05-11:17:11:27	32
48.81716	2.32933	1	2009-05-11:17:11:27	32
48.81713	2.33077	1	2009-05-11:17:11:27	32
48.81704	2.33211	1	2009-05-11:17:11:27	32
48.8178	2.33242	1	2009-05-11:17:11:27	32
48.81873	2.33296	1	2009-05-11:17:11:27	32
48.81949	2.33344	1	2009-05-11:17:11:27	32
48.82033	2.33381	1	2009-05-11:17:11:27	32
48.82107	2.33424	1	2009-05-11:17:11:27	32
48.82092	2.33541	1	2009-05-11:17:11:27	32
48.82071	2.33656	1	2009-05-11:17:11:27	32
48.82044	2.33777	1	2009-05-11:17:11:27	32
48.82028	2.3383	1	2009-05-11:17:11:27	32
48.82025	2.33838	1	2009-05-11:17:11:27	32
48.82023	2.33847	1	2009-05-11:17:11:27	32
48.82021	2.33855	1	2009-05-11:17:11:27	32
48.82019	2.33864	1	2009-05-11:17:11:27	32
48.82017	2.33872	1	2009-05-11:17:11:27	32
48.82016	2.3388	1	2009-05-11:17:11:27	32
48.82015	2.33888	1	2009-05-11:17:11:27	32
48.82013	2.33896	1	2009-05-11:17:11:27	32
48.82011	2.33904	1	2009-05-11:17:11:27	32
48.82011	2.33913	1	2009-05-11:17:11:27	32
48.8201	2.3392	1	2009-05-11:17:11:27	32
48.82008	2.33927	1	2009-05-11:17:11:27	32
48.82007	2.33933	1	2009-05-11:17:11:27	32
48.82006	2.33939	1	2009-05-11:17:11:27	32
48.82005	2.33945	1	2009-05-11:17:11:27	32
48.82004	2.33952	1	2009-05-11:17:11:27	32
48.82004	2.33957	1	2009-05-11:17:11:27	32
48.82003	2.33962	1	2009-05-11:17:11:27	32
48.82002	2.33966	1	2009-05-11:17:11:27	32
48.82002	2.33969	1	2009-05-11:17:11:27	32
48.82001	2.33972	1	2009-05-11:17:11:27	32
48.82003	2.33973	1	2009-05-11:17:11:27	32
48.81115	2.29974	1	2009-05-12:07:08:48	33
48.81042	2.29879	1	2009-05-12:07:08:48	33
48.80957	2.29806	1	2009-05-12:07:08:48	33
48.80928	2.29693	1	2009-05-12:07:08:48	33
48.80847	2.29618	1	2009-05-12:07:08:48	33
48.80795	2.29518	1	2009-05-12:07:08:48	33
48.80732	2.29409	1	2009-05-12:07:08:48	33
48.80666	2.29285	1	2009-05-12:07:08:48	33
48.80606	2.29182	1	2009-05-12:07:08:48	33
48.80541	2.29051	1	2009-05-12:07:08:48	33
48.80473	2.2896	1	2009-05-12:07:08:48	33
48.80415	2.28829	1	2009-05-12:07:08:48	33
48.80487	2.28755	1	2009-05-12:07:08:48	33
48.80564	2.28685	1	2009-05-12:07:08:48	33
48.80642	2.28612	1	2009-05-12:07:08:48	33
48.80716	2.28533	1	2009-05-12:07:08:48	33
48.80791	2.28463	1	2009-05-12:07:08:48	33
48.80867	2.28382	1	2009-05-12:07:08:48	33
48.80733	2.28517	1	2009-05-12:07:08:48	33
48.80656	2.28598	1	2009-05-12:07:08:48	33
48.80583	2.28653	1	2009-05-12:07:08:48	33
48.80513	2.28747	1	2009-05-12:07:08:48	33
48.80431	2.28819	1	2009-05-12:07:08:48	33
48.80357	2.28795	1	2009-05-12:07:08:48	33
48.80292	2.28698	1	2009-05-12:07:08:48	33
48.80244	2.28589	1	2009-05-12:07:08:48	33
48.80185	2.28496	1	2009-05-12:07:08:48	33
48.80131	2.28398	1	2009-05-12:07:08:48	33
48.80064	2.28308	1	2009-05-12:07:08:48	33
48.79999	2.2821	1	2009-05-12:07:08:48	33
48.79942	2.281	1	2009-05-12:07:08:48	33
48.79889	2.28001	1	2009-05-12:07:08:48	33
48.79841	2.27938	1	2009-05-12:07:08:48	33
48.79788	2.27849	1	2009-05-12:07:08:48	33
48.79736	2.27748	1	2009-05-12:07:08:48	33
48.79684	2.27659	1	2009-05-12:07:08:48	33
48.7963	2.27568	1	2009-05-12:07:08:48	33
48.79568	2.27477	1	2009-05-12:07:08:48	33
48.7952	2.27371	1	2009-05-12:07:08:48	33
48.79459	2.27262	1	2009-05-12:07:08:48	33
48.79397	2.27169	1	2009-05-12:07:08:48	33
48.79346	2.27069	1	2009-05-12:07:08:48	33
48.79299	2.26968	1	2009-05-12:07:08:48	33
48.79249	2.26855	1	2009-05-12:07:08:48	33
48.79208	2.26744	1	2009-05-12:07:08:48	33
48.79166	2.2663	1	2009-05-12:07:08:48	33
48.79117	2.26518	1	2009-05-12:07:08:48	33
48.79073	2.26412	1	2009-05-12:07:08:48	33
48.79027	2.263	1	2009-05-12:07:08:48	33
48.78981	2.26192	1	2009-05-12:07:08:48	33
48.7894	2.26088	1	2009-05-12:07:08:48	33
48.78893	2.25978	1	2009-05-12:07:08:48	33
48.78848	2.25869	1	2009-05-12:07:08:48	33
48.78805	2.25761	1	2009-05-12:07:08:48	33
48.78761	2.25654	1	2009-05-12:07:08:48	33
48.78716	2.25551	1	2009-05-12:07:08:48	33
48.78674	2.25442	1	2009-05-12:07:08:48	33
48.78633	2.2533	1	2009-05-12:07:08:48	33
48.78588	2.25222	1	2009-05-12:07:08:48	33
48.78546	2.25124	1	2009-05-12:07:08:48	33
48.78498	2.25028	1	2009-05-12:07:08:48	33
48.78453	2.24915	1	2009-05-12:07:08:48	33
48.78414	2.24809	1	2009-05-12:07:08:48	33
48.78369	2.24687	1	2009-05-12:07:08:48	33
48.78322	2.24578	1	2009-05-12:07:08:48	33
48.78276	2.24475	1	2009-05-12:07:08:48	33
48.78228	2.2437	1	2009-05-12:07:08:48	33
48.78187	2.24262	1	2009-05-12:07:08:48	33
48.78142	2.24153	1	2009-05-12:07:08:48	33
48.78103	2.24048	1	2009-05-12:07:08:48	33
48.78059	2.23949	1	2009-05-12:07:08:48	33
48.78014	2.2385	1	2009-05-12:07:08:48	33
48.77972	2.2375	1	2009-05-12:07:08:48	33
48.77933	2.23645	1	2009-05-12:07:08:48	33
48.77888	2.23539	1	2009-05-12:07:08:48	33
48.77846	2.23434	1	2009-05-12:07:08:48	33
48.77803	2.23333	1	2009-05-12:07:08:48	33
48.77762	2.23229	1	2009-05-12:07:08:48	33
48.77719	2.23127	1	2009-05-12:07:08:48	33
48.77689	2.2301	1	2009-05-12:07:08:48	33
48.77636	2.22925	1	2009-05-12:07:08:48	33
48.77564	2.22868	1	2009-05-12:07:08:48	33
48.77488	2.22873	1	2009-05-12:07:08:48	33
48.77402	2.22884	1	2009-05-12:07:08:48	33
48.77322	2.22891	1	2009-05-12:07:08:48	33
48.77234	2.22905	1	2009-05-12:07:08:48	33
48.77154	2.22918	1	2009-05-12:07:08:48	33
48.77016	2.22915	1	2009-05-12:07:08:48	33
48.76935	2.22926	1	2009-05-12:07:08:48	33
48.7686	2.22958	1	2009-05-12:07:08:48	33
48.76775	2.22971	1	2009-05-12:07:08:48	33
48.76694	2.22956	1	2009-05-12:07:08:48	33
48.76617	2.22916	1	2009-05-12:07:08:48	33
48.76553	2.22837	1	2009-05-12:07:08:48	33
48.76481	2.22776	1	2009-05-12:07:08:48	33
48.76411	2.22705	1	2009-05-12:07:08:48	33
48.76347	2.22622	1	2009-05-12:07:08:48	33
48.76295	2.22525	1	2009-05-12:07:08:48	33
48.76228	2.22448	1	2009-05-12:07:08:48	33
48.76172	2.22359	1	2009-05-12:07:08:48	33
48.76128	2.22261	1	2009-05-12:07:08:48	33
48.76065	2.2219	1	2009-05-12:07:08:48	33
48.76005	2.22108	1	2009-05-12:07:08:48	33
48.75939	2.22044	1	2009-05-12:07:08:48	33
48.7587	2.21981	1	2009-05-12:07:08:48	33
48.75792	2.21919	1	2009-05-12:07:08:48	33
48.7572	2.21863	1	2009-05-12:07:08:48	33
48.75647	2.21803	1	2009-05-12:07:08:48	33
48.75579	2.21729	1	2009-05-12:07:08:48	33
48.75533	2.2162	1	2009-05-12:07:08:48	33
48.75496	2.21513	1	2009-05-12:07:08:48	33
48.75421	2.21557	1	2009-05-12:07:08:48	33
48.75342	2.21582	1	2009-05-12:07:08:48	33
48.75275	2.21516	1	2009-05-12:07:08:48	33
48.7521	2.2143	1	2009-05-12:07:08:48	33
48.75149	2.21342	1	2009-05-12:07:08:48	33
48.75091	2.21247	1	2009-05-12:07:08:48	33
48.75057	2.21122	1	2009-05-12:07:08:48	33
48.75091	2.21005	1	2009-05-12:07:08:48	33
48.75127	2.20888	1	2009-05-12:07:08:48	33
48.75163	2.20772	1	2009-05-12:07:08:48	33
48.75198	2.20655	1	2009-05-12:07:08:48	33
48.75233	2.20536	1	2009-05-12:07:08:48	33
48.75266	2.20422	1	2009-05-12:07:08:48	33
48.75305	2.20307	1	2009-05-12:07:08:48	33
48.75342	2.20205	1	2009-05-12:07:08:48	33
48.75383	2.20092	1	2009-05-12:07:08:48	33
48.75405	2.2004	1	2009-05-12:07:08:48	33
48.75441	2.19934	1	2009-05-12:07:08:48	33
48.7548	2.19823	1	2009-05-12:07:08:48	33
48.75529	2.19715	1	2009-05-12:07:08:48	33
48.75567	2.19607	1	2009-05-12:07:08:48	33
48.75607	2.19499	1	2009-05-12:07:08:48	33
48.75647	2.19387	1	2009-05-12:07:08:48	33
48.75685	2.19277	1	2009-05-12:07:08:48	33
48.75739	2.19193	1	2009-05-12:07:08:48	33
48.758	2.19119	1	2009-05-12:07:08:48	33
48.75824	2.19004	1	2009-05-12:07:08:48	33
48.7585	2.1888	1	2009-05-12:07:08:48	33
48.75891	2.18771	1	2009-05-12:07:08:48	33
48.75941	2.18676	1	2009-05-12:07:08:48	33
48.76003	2.18594	1	2009-05-12:07:08:48	33
48.76057	2.18507	1	2009-05-12:07:08:48	33
48.76107	2.18417	1	2009-05-12:07:08:48	33
48.7615	2.1831	1	2009-05-12:07:08:48	33
48.76169	2.18186	1	2009-05-12:07:08:48	33
48.76179	2.18064	1	2009-05-12:07:08:48	33
48.7617	2.1794	1	2009-05-12:07:08:48	33
48.76197	2.17824	1	2009-05-12:07:08:48	33
48.76239	2.17715	1	2009-05-12:07:08:48	33
48.76279	2.17609	1	2009-05-12:07:08:48	33
48.76321	2.17501	1	2009-05-12:07:08:48	33
48.76352	2.17392	1	2009-05-12:07:08:48	33
48.76372	2.17272	1	2009-05-12:07:08:48	33
48.76397	2.17156	1	2009-05-12:07:08:48	33
48.76437	2.17141	1	2009-05-12:07:08:48	33
48.76415	2.17257	1	2009-05-12:07:08:48	33
48.7641	2.17378	1	2009-05-12:07:08:48	33
48.76458	2.17491	1	2009-05-12:07:08:48	33
48.76513	2.17586	1	2009-05-12:07:08:48	33
48.76543	2.17692	1	2009-05-12:07:08:48	33
48.7659	2.1781	1	2009-05-12:07:08:48	33
48.76584	2.1793	1	2009-05-12:07:08:48	33
48.76639	2.18018	1	2009-05-12:07:08:48	33
48.76648	2.18074	1	2009-05-12:07:08:48	33
48.76649	2.18077	1	2009-05-12:07:08:48	33
48.7665	2.18081	1	2009-05-12:07:08:48	33
48.76651	2.18085	1	2009-05-12:07:08:48	33
48.76651	2.1809	1	2009-05-12:07:08:48	33
48.7665	2.18094	1	2009-05-12:07:08:48	33
48.76648	2.18097	1	2009-05-12:07:08:48	33
48.76647	2.18099	1	2009-05-12:07:08:48	33
48.76646	2.18101	1	2009-05-12:07:08:48	33
48.76644	2.18103	1	2009-05-12:07:08:48	33
48.76642	2.18106	1	2009-05-12:07:08:48	33
48.76641	2.18108	1	2009-05-12:07:08:48	33
48.76639	2.18111	1	2009-05-12:07:08:48	33
48.7664	2.18113	1	2009-05-12:07:08:48	33
48.76639	2.18116	1	2009-05-12:07:08:48	33
48.7664	2.18118	1	2009-05-12:07:08:48	33
48.7664	2.18122	1	2009-05-12:07:08:48	33
48.76637	2.18127	1	2009-05-12:07:08:48	33
48.76635	2.18129	1	2009-05-12:07:08:48	33
48.76633	2.18129	1	2009-05-12:07:08:48	33
48.76633	2.18127	1	2009-05-12:07:08:48	33
48.76633	2.18124	1	2009-05-12:07:08:48	33
48.76633	2.18124	1	2009-05-12:07:08:48	33
48.75587	2.21705	1	2009-05-12:17:04:56	34
48.75607	2.21762	1	2009-05-12:17:04:56	34
48.75626	2.21782	1	2009-05-12:17:04:56	34
48.75646	2.218	1	2009-05-12:17:04:56	34
48.75671	2.21822	1	2009-05-12:17:04:56	34
48.75692	2.21838	1	2009-05-12:17:04:56	34
48.75713	2.21856	1	2009-05-12:17:04:56	34
48.75732	2.2187	1	2009-05-12:17:04:56	34
48.75752	2.21886	1	2009-05-12:17:04:56	34
48.7577	2.21901	1	2009-05-12:17:04:56	34
48.75793	2.21922	1	2009-05-12:17:04:56	34
48.75814	2.21933	1	2009-05-12:17:04:56	34
48.75833	2.21949	1	2009-05-12:17:04:56	34
48.75852	2.21964	1	2009-05-12:17:04:56	34
48.75872	2.21982	1	2009-05-12:17:04:56	34
48.75892	2.22002	1	2009-05-12:17:04:56	34
48.7591	2.22019	1	2009-05-12:17:04:56	34
48.75931	2.22036	1	2009-05-12:17:04:56	34
48.75951	2.22057	1	2009-05-12:17:04:56	34
48.75971	2.22077	1	2009-05-12:17:04:56	34
48.75994	2.22099	1	2009-05-12:17:04:56	34
48.76012	2.2212	1	2009-05-12:17:04:56	34
48.76027	2.2214	1	2009-05-12:17:04:56	34
48.76049	2.22166	1	2009-05-12:17:04:56	34
48.76067	2.22196	1	2009-05-12:17:04:56	34
48.76084	2.22225	1	2009-05-12:17:04:56	34
48.761	2.22245	1	2009-05-12:17:04:56	34
48.76117	2.22267	1	2009-05-12:17:04:56	34
48.76134	2.22287	1	2009-05-12:17:04:56	34
48.76153	2.22309	1	2009-05-12:17:04:56	34
48.76166	2.22336	1	2009-05-12:17:04:56	34
48.76175	2.22365	1	2009-05-12:17:04:56	34
48.76184	2.22392	1	2009-05-12:17:04:56	34
48.76195	2.22417	1	2009-05-12:17:04:56	34
48.76216	2.22437	1	2009-05-12:17:04:56	34
48.76237	2.22457	1	2009-05-12:17:04:56	34
48.76254	2.22479	1	2009-05-12:17:04:56	34
48.76275	2.22496	1	2009-05-12:17:04:56	34
48.7629	2.22523	1	2009-05-12:17:04:56	34
48.76309	2.22546	1	2009-05-12:17:04:56	34
48.76322	2.22573	1	2009-05-12:17:04:56	34
48.76335	2.22602	1	2009-05-12:17:04:56	34
48.76351	2.22624	1	2009-05-12:17:04:56	34
48.76366	2.22648	1	2009-05-12:17:04:56	34
48.76387	2.22671	1	2009-05-12:17:04:56	34
48.76408	2.22692	1	2009-05-12:17:04:56	34
48.7643	2.22711	1	2009-05-12:17:04:56	34
48.76452	2.22728	1	2009-05-12:17:04:56	34
48.76469	2.22749	1	2009-05-12:17:04:56	34
48.76488	2.22773	1	2009-05-12:17:04:56	34
48.76507	2.22794	1	2009-05-12:17:04:56	34
48.76527	2.22816	1	2009-05-12:17:04:56	34
48.76546	2.22839	1	2009-05-12:17:04:56	34
48.76565	2.22861	1	2009-05-12:17:04:56	34
48.76583	2.22881	1	2009-05-12:17:04:56	34
48.766	2.229	1	2009-05-12:17:04:56	34
48.76619	2.2292	1	2009-05-12:17:04:56	34
48.76638	2.22936	1	2009-05-12:17:04:56	34
48.76656	2.22968	1	2009-05-12:17:04:56	34
48.76649	2.23035	1	2009-05-12:17:04:56	34
48.76662	2.23062	1	2009-05-12:17:04:56	34
48.76685	2.2306	1	2009-05-12:17:04:56	34
48.7671	2.23057	1	2009-05-12:17:04:56	34
48.76734	2.23057	1	2009-05-12:17:04:56	34
48.76757	2.23053	1	2009-05-12:17:04:56	34
48.76779	2.23044	1	2009-05-12:17:04:56	34
48.76806	2.23043	1	2009-05-12:17:04:56	34
48.76829	2.23042	1	2009-05-12:17:04:56	34
48.76855	2.23044	1	2009-05-12:17:04:56	34
48.7688	2.23045	1	2009-05-12:17:04:56	34
48.76904	2.23046	1	2009-05-12:17:04:56	34
48.76929	2.23043	1	2009-05-12:17:04:56	34
48.76951	2.23037	1	2009-05-12:17:04:56	34
48.76975	2.23028	1	2009-05-12:17:04:56	34
48.77001	2.23017	1	2009-05-12:17:04:56	34
48.77025	2.23004	1	2009-05-12:17:04:56	34
48.77048	2.2299	1	2009-05-12:17:04:56	34
48.7707	2.22978	1	2009-05-12:17:04:56	34
48.77091	2.22967	1	2009-05-12:17:04:56	34
48.77111	2.22959	1	2009-05-12:17:04:56	34
48.77136	2.2295	1	2009-05-12:17:04:56	34
48.77158	2.22943	1	2009-05-12:17:04:56	34
48.77184	2.22939	1	2009-05-12:17:04:56	34
48.77209	2.22934	1	2009-05-12:17:04:56	34
48.77234	2.22931	1	2009-05-12:17:04:56	34
48.77259	2.22928	1	2009-05-12:17:04:56	34
48.7728	2.22926	1	2009-05-12:17:04:56	34
48.77304	2.22922	1	2009-05-12:17:04:56	34
48.77329	2.22917	1	2009-05-12:17:04:56	34
48.77352	2.22914	1	2009-05-12:17:04:56	34
48.77376	2.22911	1	2009-05-12:17:04:56	34
48.774	2.22907	1	2009-05-12:17:04:56	34
48.77424	2.22903	1	2009-05-12:17:04:56	34
48.77446	2.22899	1	2009-05-12:17:04:56	34
48.77467	2.22894	1	2009-05-12:17:04:56	34
48.7749	2.22891	1	2009-05-12:17:04:56	34
48.77513	2.22889	1	2009-05-12:17:04:56	34
48.77535	2.22889	1	2009-05-12:17:04:56	34
48.77558	2.22889	1	2009-05-12:17:04:56	34
48.77579	2.22896	1	2009-05-12:17:04:56	34
48.77602	2.22909	1	2009-05-12:17:04:56	34
48.77621	2.22931	1	2009-05-12:17:04:56	34
48.77635	2.2296	1	2009-05-12:17:04:56	34
48.77645	2.2299	1	2009-05-12:17:04:56	34
48.77652	2.23028	1	2009-05-12:17:04:56	34
48.77663	2.23059	1	2009-05-12:17:04:56	34
48.77677	2.23084	1	2009-05-12:17:04:56	34
48.77695	2.23109	1	2009-05-12:17:04:56	34
48.77712	2.23138	1	2009-05-12:17:04:56	34
48.7773	2.23167	1	2009-05-12:17:04:56	34
48.77743	2.23195	1	2009-05-12:17:04:56	34
48.77758	2.23224	1	2009-05-12:17:04:56	34
48.77772	2.23256	1	2009-05-12:17:04:56	34
48.77787	2.23282	1	2009-05-12:17:04:56	34
48.77798	2.23306	1	2009-05-12:17:04:56	34
48.77806	2.23332	1	2009-05-12:17:04:56	34
48.77816	2.23356	1	2009-05-12:17:04:56	34
48.77827	2.23389	1	2009-05-12:17:04:56	34
48.77836	2.23422	1	2009-05-12:17:04:56	34
48.77849	2.23453	1	2009-05-12:17:04:56	34
48.77857	2.23483	1	2009-05-12:17:04:56	34
48.77862	2.23517	1	2009-05-12:17:04:56	34
48.77871	2.23547	1	2009-05-12:17:04:56	34
48.77887	2.23574	1	2009-05-12:17:04:56	34
48.77901	2.23604	1	2009-05-12:17:04:56	34
48.77917	2.23636	1	2009-05-12:17:04:56	34
48.7793	2.23667	1	2009-05-12:17:04:56	34
48.77937	2.23681	1	2009-05-12:17:04:56	34
48.77943	2.23694	1	2009-05-12:17:04:56	34
48.77948	2.23707	1	2009-05-12:17:04:56	34
48.77954	2.23723	1	2009-05-12:17:04:56	34
48.77965	2.23751	1	2009-05-12:17:04:56	34
48.77977	2.23779	1	2009-05-12:17:04:56	34
48.77989	2.23802	1	2009-05-12:17:04:56	34
48.78001	2.23826	1	2009-05-12:17:04:56	34
48.78009	2.23856	1	2009-05-12:17:04:56	34
48.78019	2.23884	1	2009-05-12:17:04:56	34
48.78031	2.23913	1	2009-05-12:17:04:56	34
48.78041	2.23944	1	2009-05-12:17:04:56	34
48.78052	2.23973	1	2009-05-12:17:04:56	34
48.78067	2.23999	1	2009-05-12:17:04:56	34
48.7808	2.24027	1	2009-05-12:17:04:56	34
48.78091	2.24057	1	2009-05-12:17:04:56	34
48.781	2.24082	1	2009-05-12:17:04:56	34
48.7811	2.24107	1	2009-05-12:17:04:56	34
48.7812	2.24133	1	2009-05-12:17:04:56	34
48.78131	2.24158	1	2009-05-12:17:04:56	34
48.78142	2.24184	1	2009-05-12:17:04:56	34
48.78153	2.2421	1	2009-05-12:17:04:56	34
48.78164	2.24236	1	2009-05-12:17:04:56	34
48.78177	2.24266	1	2009-05-12:17:04:56	34
48.78189	2.24295	1	2009-05-12:17:04:56	34
48.78201	2.24324	1	2009-05-12:17:04:56	34
48.78213	2.24353	1	2009-05-12:17:04:56	34
48.78227	2.2438	1	2009-05-12:17:04:56	34
48.78239	2.24412	1	2009-05-12:17:04:56	34
48.7825	2.24441	1	2009-05-12:17:04:56	34
48.78261	2.24469	1	2009-05-12:17:04:56	34
48.7828	2.24485	1	2009-05-12:17:04:56	34
48.78294	2.24509	1	2009-05-12:17:04:56	34
48.78304	2.24536	1	2009-05-12:17:04:56	34
48.7831	2.24566	1	2009-05-12:17:04:56	34
48.78317	2.24595	1	2009-05-12:17:04:56	34
48.78326	2.24627	1	2009-05-12:17:04:56	34
48.78335	2.24659	1	2009-05-12:17:04:56	34
48.78346	2.2469	1	2009-05-12:17:04:56	34
48.7836	2.24716	1	2009-05-12:17:04:56	34
48.78371	2.2474	1	2009-05-12:17:04:56	34
48.78382	2.24766	1	2009-05-12:17:04:56	34
48.78392	2.24793	1	2009-05-12:17:04:56	34
48.78402	2.24817	1	2009-05-12:17:04:56	34
48.78412	2.24843	1	2009-05-12:17:04:56	34
48.78423	2.2487	1	2009-05-12:17:04:56	34
48.78435	2.24899	1	2009-05-12:17:04:56	34
48.78446	2.24926	1	2009-05-12:17:04:56	34
48.78457	2.24954	1	2009-05-12:17:04:56	34
48.78467	2.24981	1	2009-05-12:17:04:56	34
48.78478	2.25008	1	2009-05-12:17:04:56	34
48.7849	2.25036	1	2009-05-12:17:04:56	34
48.78503	2.25064	1	2009-05-12:17:04:56	34
48.78515	2.25092	1	2009-05-12:17:04:56	34
48.78526	2.25122	1	2009-05-12:17:04:56	34
48.78536	2.25151	1	2009-05-12:17:04:56	34
48.78544	2.25178	1	2009-05-12:17:04:56	34
48.78554	2.25204	1	2009-05-12:17:04:56	34
48.78564	2.2523	1	2009-05-12:17:04:56	34
48.78574	2.25256	1	2009-05-12:17:04:56	34
48.78584	2.25283	1	2009-05-12:17:04:56	34
48.78596	2.25311	1	2009-05-12:17:04:56	34
48.78605	2.25334	1	2009-05-12:17:04:56	34
48.78615	2.25359	1	2009-05-12:17:04:56	34
48.78626	2.25384	1	2009-05-12:17:04:56	34
48.78638	2.25409	1	2009-05-12:17:04:56	34
48.78649	2.25435	1	2009-05-12:17:04:56	34
48.78661	2.25461	1	2009-05-12:17:04:56	34
48.78673	2.25488	1	2009-05-12:17:04:56	34
48.78684	2.25515	1	2009-05-12:17:04:56	34
48.78694	2.25543	1	2009-05-12:17:04:56	34
48.78705	2.2557	1	2009-05-12:17:04:56	34
48.78717	2.25599	1	2009-05-12:17:04:56	34
48.7873	2.25627	1	2009-05-12:17:04:56	34
48.78741	2.25654	1	2009-05-12:17:04:56	34
48.78751	2.25681	1	2009-05-12:17:04:56	34
48.78762	2.25707	1	2009-05-12:17:04:56	34
48.78772	2.25732	1	2009-05-12:17:04:56	34
48.78783	2.25759	1	2009-05-12:17:04:56	34
48.78795	2.25785	1	2009-05-12:17:04:56	34
48.78806	2.25814	1	2009-05-12:17:04:56	34
48.78814	2.25825	1	2009-05-12:17:04:56	34
48.78814	2.25826	1	2009-05-12:17:04:56	34
48.78815	2.25828	1	2009-05-12:17:04:56	34
48.78817	2.25831	1	2009-05-12:17:04:56	34
48.78818	2.25834	1	2009-05-12:17:04:56	34
48.78819	2.25837	1	2009-05-12:17:04:56	34
48.7882	2.2584	1	2009-05-12:17:04:56	34
48.78821	2.25844	1	2009-05-12:17:04:56	34
48.78823	2.25848	1	2009-05-12:17:04:56	34
48.78824	2.25851	1	2009-05-12:17:04:56	34
48.78825	2.25855	1	2009-05-12:17:04:56	34
48.78827	2.25858	1	2009-05-12:17:04:56	34
48.78829	2.25861	1	2009-05-12:17:04:56	34
48.7883	2.25865	1	2009-05-12:17:04:56	34
48.78831	2.25869	1	2009-05-12:17:04:56	34
48.78833	2.25872	1	2009-05-12:17:04:56	34
48.78834	2.25876	1	2009-05-12:17:04:56	34
48.78835	2.25879	1	2009-05-12:17:04:56	34
48.78835	2.25881	1	2009-05-12:17:04:56	34
48.78836	2.25883	1	2009-05-12:17:04:56	34
48.78835	2.25885	1	2009-05-12:17:04:56	34
48.78833	2.25885	1	2009-05-12:17:04:56	34
48.78831	2.25885	1	2009-05-12:17:04:56	34
48.80943	2.29802	1	2009-05-12:17:53:45	35
48.80966	2.29851	1	2009-05-12:17:53:45	35
48.80987	2.2987	1	2009-05-12:17:53:45	35
48.81003	2.29887	1	2009-05-12:17:53:45	35
48.81023	2.29909	1	2009-05-12:17:53:45	35
48.81041	2.29929	1	2009-05-12:17:53:45	35
48.8106	2.29953	1	2009-05-12:17:53:45	35
48.81078	2.29973	1	2009-05-12:17:53:45	35
48.81098	2.30001	1	2009-05-12:17:53:45	35
48.81117	2.30026	1	2009-05-12:17:53:45	35
48.81142	2.30041	1	2009-05-12:17:53:45	35
48.81167	2.30059	1	2009-05-12:17:53:45	35
48.81184	2.30094	1	2009-05-12:17:53:45	35
48.81179	2.30121	1	2009-05-12:17:53:45	35
48.81163	2.30143	1	2009-05-12:17:53:45	35
48.81148	2.3017	1	2009-05-12:17:53:45	35
48.81133	2.30194	1	2009-05-12:17:53:45	35
48.81117	2.30222	1	2009-05-12:17:53:45	35
48.81122	2.30254	1	2009-05-12:17:53:45	35
48.81129	2.30285	1	2009-05-12:17:53:45	35
48.81143	2.30308	1	2009-05-12:17:53:45	35
48.81155	2.30342	1	2009-05-12:17:53:45	35
48.81171	2.30373	1	2009-05-12:17:53:45	35
48.81183	2.304	1	2009-05-12:17:53:45	35
48.81199	2.30419	1	2009-05-12:17:53:45	35
48.81213	2.30439	1	2009-05-12:17:53:45	35
48.81229	2.30464	1	2009-05-12:17:53:45	35
48.81242	2.30487	1	2009-05-12:17:53:45	35
48.81256	2.30506	1	2009-05-12:17:53:45	35
48.81268	2.30532	1	2009-05-12:17:53:45	35
48.81285	2.30561	1	2009-05-12:17:53:45	35
48.81301	2.30588	1	2009-05-12:17:53:45	35
48.81315	2.30615	1	2009-05-12:17:53:45	35
48.81331	2.30639	1	2009-05-12:17:53:45	35
48.81349	2.30666	1	2009-05-12:17:53:45	35
48.81363	2.30697	1	2009-05-12:17:53:45	35
48.81379	2.30724	1	2009-05-12:17:53:45	35
48.81398	2.30751	1	2009-05-12:17:53:45	35
48.81417	2.30779	1	2009-05-12:17:53:45	35
48.8143	2.30806	1	2009-05-12:17:53:45	35
48.81441	2.30834	1	2009-05-12:17:53:45	35
48.81456	2.3086	1	2009-05-12:17:53:45	35
48.81472	2.30887	1	2009-05-12:17:53:45	35
48.81492	2.30906	1	2009-05-12:17:53:45	35
48.81501	2.30937	1	2009-05-12:17:53:45	35
48.81518	2.30966	1	2009-05-12:17:53:45	35
48.81532	2.3099	1	2009-05-12:17:53:45	35
48.81549	2.31021	1	2009-05-12:17:53:45	35
48.81568	2.31044	1	2009-05-12:17:53:45	35
48.81586	2.31064	1	2009-05-12:17:53:45	35
48.81606	2.31082	1	2009-05-12:17:53:45	35
48.81609	2.31112	1	2009-05-12:17:53:45	35
48.81603	2.31141	1	2009-05-12:17:53:45	35
48.81611	2.31171	1	2009-05-12:17:53:45	35
48.81626	2.31191	1	2009-05-12:17:53:45	35
48.81635	2.31225	1	2009-05-12:17:53:45	35
48.81637	2.31259	1	2009-05-12:17:53:45	35
48.8165	2.31288	1	2009-05-12:17:53:45	35
48.81656	2.31324	1	2009-05-12:17:53:45	35
48.81666	2.31358	1	2009-05-12:17:53:45	35
48.81676	2.31386	1	2009-05-12:17:53:45	35
48.81691	2.3141	1	2009-05-12:17:53:45	35
48.81703	2.31439	1	2009-05-12:17:53:45	35
48.81711	2.3147	1	2009-05-12:17:53:45	35
48.8172	2.31501	1	2009-05-12:17:53:45	35
48.8173	2.31533	1	2009-05-12:17:53:45	35
48.81739	2.31567	1	2009-05-12:17:53:45	35
48.81751	2.31597	1	2009-05-12:17:53:45	35
48.81759	2.31629	1	2009-05-12:17:53:45	35
48.81765	2.31659	1	2009-05-12:17:53:45	35
48.81777	2.31691	1	2009-05-12:17:53:45	35
48.81787	2.31722	1	2009-05-12:17:53:45	35
48.81793	2.31759	1	2009-05-12:17:53:45	35
48.81803	2.31796	1	2009-05-12:17:53:45	35
48.81811	2.31827	1	2009-05-12:17:53:45	35
48.81818	2.3186	1	2009-05-12:17:53:45	35
48.8183	2.31887	1	2009-05-12:17:53:45	35
48.81835	2.31923	1	2009-05-12:17:53:45	35
48.81841	2.31959	1	2009-05-12:17:53:45	35
48.81838	2.3199	1	2009-05-12:17:53:45	35
48.8184	2.3202	1	2009-05-12:17:53:45	35
48.81827	2.32048	1	2009-05-12:17:53:45	35
48.81817	2.32078	1	2009-05-12:17:53:45	35
48.81818	2.32113	1	2009-05-12:17:53:45	35
48.81819	2.32147	1	2009-05-12:17:53:45	35
48.81811	2.32181	1	2009-05-12:17:53:45	35
48.81802	2.32205	1	2009-05-12:17:53:45	35
48.81788	2.32226	1	2009-05-12:17:53:45	35
48.81769	2.32251	1	2009-05-12:17:53:45	35
48.81763	2.32282	1	2009-05-12:17:53:45	35
48.81759	2.32317	1	2009-05-12:17:53:45	35
48.81756	2.32352	1	2009-05-12:17:53:45	35
48.81756	2.32388	1	2009-05-12:17:53:45	35
48.81763	2.32421	1	2009-05-12:17:53:45	35
48.81769	2.32454	1	2009-05-12:17:53:45	35
48.81772	2.32485	1	2009-05-12:17:53:45	35
48.81766	2.32516	1	2009-05-12:17:53:45	35
48.81749	2.32544	1	2009-05-12:17:53:45	35
48.81741	2.32582	1	2009-05-12:17:53:45	35
48.81743	2.32613	1	2009-05-12:17:53:45	35
48.81744	2.32646	1	2009-05-12:17:53:45	35
48.81737	2.32678	1	2009-05-12:17:53:45	35
48.81724	2.32711	1	2009-05-12:17:53:45	35
48.81724	2.32747	1	2009-05-12:17:53:45	35
48.81716	2.32785	1	2009-05-12:17:53:45	35
48.81712	2.32821	1	2009-05-12:17:53:45	35
48.81713	2.32855	1	2009-05-12:17:53:45	35
48.8172	2.32888	1	2009-05-12:17:53:45	35
48.81715	2.32924	1	2009-05-12:17:53:45	35
48.81717	2.3296	1	2009-05-12:17:53:45	35
48.81715	2.32995	1	2009-05-12:17:53:45	35
48.8171	2.3303	1	2009-05-12:17:53:45	35
48.81706	2.33066	1	2009-05-12:17:53:45	35
48.81701	2.33103	1	2009-05-12:17:53:45	35
48.81697	2.33138	1	2009-05-12:17:53:45	35
48.81697	2.33171	1	2009-05-12:17:53:45	35
48.81696	2.33206	1	2009-05-12:17:53:45	35
48.81714	2.33227	1	2009-05-12:17:53:45	35
48.81734	2.33238	1	2009-05-12:17:53:45	35
48.81758	2.33249	1	2009-05-12:17:53:45	35
48.81778	2.33257	1	2009-05-12:17:53:45	35
48.818	2.33265	1	2009-05-12:17:53:45	35
48.81869	2.3331	1	2009-05-12:17:53:45	35
48.81889	2.3332	1	2009-05-12:17:53:45	35
48.81911	2.33332	1	2009-05-12:17:53:45	35
48.81933	2.33344	1	2009-05-12:17:53:45	35
48.81953	2.33356	1	2009-05-12:17:53:45	35
48.81965	2.33362	1	2009-05-12:17:53:45	35
48.81976	2.33368	1	2009-05-12:17:53:45	35
48.81988	2.33373	1	2009-05-12:17:53:45	35
48.82008	2.33378	1	2009-05-12:17:53:45	35
48.82027	2.33389	1	2009-05-12:17:53:45	35
48.82048	2.33394	1	2009-05-12:17:53:45	35
48.82069	2.33402	1	2009-05-12:17:53:45	35
48.8209	2.33417	1	2009-05-12:17:53:45	35
48.8211	2.33432	1	2009-05-12:17:53:45	35
48.82128	2.33446	1	2009-05-12:17:53:45	35
48.82151	2.33455	1	2009-05-12:17:53:45	35
48.82171	2.33463	1	2009-05-12:17:53:45	35
48.82191	2.33477	1	2009-05-12:17:53:45	35
48.82213	2.33489	1	2009-05-12:17:53:45	35
48.82232	2.335	1	2009-05-12:17:53:45	35
48.82253	2.33517	1	2009-05-12:17:53:45	35
48.82278	2.33535	1	2009-05-12:17:53:45	35
48.82302	2.3355	1	2009-05-12:17:53:45	35
48.82329	2.3356	1	2009-05-12:17:53:45	35
48.82345	2.33575	1	2009-05-12:17:53:45	35
48.82363	2.33588	1	2009-05-12:17:53:45	35
48.82386	2.33604	1	2009-05-12:17:53:45	35
48.82403	2.33614	1	2009-05-12:17:53:45	35
48.8242	2.33625	1	2009-05-12:17:53:45	35
48.82444	2.33631	1	2009-05-12:17:53:45	35
48.82466	2.33625	1	2009-05-12:17:53:45	35
48.82485	2.33616	1	2009-05-12:17:53:45	35
48.82505	2.33612	1	2009-05-12:17:53:45	35
48.82523	2.33603	1	2009-05-12:17:53:45	35
48.82542	2.33596	1	2009-05-12:17:53:45	35
48.82564	2.33593	1	2009-05-12:17:53:45	35
48.82585	2.33583	1	2009-05-12:17:53:45	35
48.82603	2.33576	1	2009-05-12:17:53:45	35
48.82624	2.33568	1	2009-05-12:17:53:45	35
48.82648	2.3356	1	2009-05-12:17:53:45	35
48.8267	2.33547	1	2009-05-12:17:53:45	35
48.82692	2.33541	1	2009-05-12:17:53:45	35
48.82714	2.33534	1	2009-05-12:17:53:45	35
48.82734	2.33539	1	2009-05-12:17:53:45	35
48.82732	2.33569	1	2009-05-12:17:53:45	35
48.82731	2.33602	1	2009-05-12:17:53:45	35
48.82724	2.33631	1	2009-05-12:17:53:45	35
48.82721	2.3366	1	2009-05-12:17:53:45	35
48.82717	2.33691	1	2009-05-12:17:53:45	35
48.82711	2.33723	1	2009-05-12:17:53:45	35
48.82704	2.33755	1	2009-05-12:17:53:45	35
48.82698	2.33785	1	2009-05-12:17:53:45	35
48.82692	2.33819	1	2009-05-12:17:53:45	35
48.82686	2.33855	1	2009-05-12:17:53:45	35
48.82685	2.33887	1	2009-05-12:17:53:45	35
48.82679	2.3392	1	2009-05-12:17:53:45	35
48.82674	2.33954	1	2009-05-12:17:53:45	35
48.8267	2.33985	1	2009-05-12:17:53:45	35
48.82665	2.34018	1	2009-05-12:17:53:45	35
48.82661	2.34052	1	2009-05-12:17:53:45	35
48.82655	2.34088	1	2009-05-12:17:53:45	35
48.82649	2.34125	1	2009-05-12:17:53:45	35
48.82644	2.34153	1	2009-05-12:17:53:45	35
48.82637	2.34189	1	2009-05-12:17:53:45	35
48.82633	2.3422	1	2009-05-12:17:53:45	35
48.82626	2.34256	1	2009-05-12:17:53:45	35
48.8262	2.34291	1	2009-05-12:17:53:45	35
48.82615	2.34325	1	2009-05-12:17:53:45	35
48.8261	2.34352	1	2009-05-12:17:53:45	35
48.82608	2.34382	1	2009-05-12:17:53:45	35
48.82603	2.34414	1	2009-05-12:17:53:45	35
48.82596	2.34443	1	2009-05-12:17:53:45	35
48.82593	2.34473	1	2009-05-12:17:53:45	35
48.82591	2.34507	1	2009-05-12:17:53:45	35
48.82588	2.34537	1	2009-05-12:17:53:45	35
48.82585	2.34571	1	2009-05-12:17:53:45	35
48.8258	2.34602	1	2009-05-12:17:53:45	35
48.82578	2.34636	1	2009-05-12:17:53:45	35
48.82567	2.34662	1	2009-05-12:17:53:45	35
48.82568	2.34692	1	2009-05-12:17:53:45	35
48.82575	2.34721	1	2009-05-12:17:53:45	35
48.82592	2.34742	1	2009-05-12:17:53:45	35
48.82611	2.34751	1	2009-05-12:17:53:45	35
48.82633	2.34761	1	2009-05-12:17:53:45	35
48.82654	2.34766	1	2009-05-12:17:53:45	35
48.82672	2.34787	1	2009-05-12:17:53:45	35
48.82688	2.34806	1	2009-05-12:17:53:45	35
48.82707	2.34821	1	2009-05-12:17:53:45	35
48.82726	2.34841	1	2009-05-12:17:53:45	35
48.82742	2.34869	1	2009-05-12:17:53:45	35
48.82754	2.34897	1	2009-05-12:17:53:45	35
48.82764	2.34927	1	2009-05-12:17:53:45	35
48.82768	2.34961	1	2009-05-12:17:53:45	35
48.82774	2.34993	1	2009-05-12:17:53:45	35
48.82781	2.35023	1	2009-05-12:17:53:45	35
48.82787	2.35056	1	2009-05-12:17:53:45	35
48.8279	2.35087	1	2009-05-12:17:53:45	35
48.82798	2.35119	1	2009-05-12:17:53:45	35
48.828	2.35152	1	2009-05-12:17:53:45	35
48.828	2.35156	1	2009-05-12:17:53:45	35
48.82801	2.3516	1	2009-05-12:17:53:45	35
48.82802	2.35163	1	2009-05-12:17:53:45	35
48.82803	2.35167	1	2009-05-12:17:53:45	35
48.82803	2.3517	1	2009-05-12:17:53:45	35
48.82804	2.35172	1	2009-05-12:17:53:45	35
48.82804	2.35175	1	2009-05-12:17:53:45	35
48.82805	2.35178	1	2009-05-12:17:53:45	35
48.82807	2.35179	1	2009-05-12:17:53:45	35
48.82808	2.35177	1	2009-05-12:17:53:45	35
48.82808	2.35175	1	2009-05-12:17:53:45	35
48.82809	2.35177	1	2009-05-12:17:53:45	35
48.82808	2.35183	1	2009-05-12:17:53:45	35
48.82808	2.35186	1	2009-05-12:17:53:45	35
48.8281	2.35184	1	2009-05-12:17:53:45	35
48.82811	2.35185	1	2009-05-12:17:53:45	35
48.82816	2.35185	1	2009-05-12:17:53:45	35
48.82815	2.35187	1	2009-05-12:17:53:45	35
48.82816	2.35191	1	2009-05-12:17:53:45	35
48.82802	2.35184	1	2009-05-12:17:53:45	35
48.82801	2.35182	1	2009-05-12:17:53:45	35
48.82799	2.35181	1	2009-05-12:17:53:45	35
48.82728	2.35198	1	2009-05-12:17:53:45	35
48.81852	2.32015	1	2009-05-13:06:56:19	36
48.81855	2.31922	1	2009-05-13:06:56:19	36
48.81818	2.31811	1	2009-05-13:06:56:19	36
48.81781	2.31698	1	2009-05-13:06:56:19	36
48.81747	2.3157	1	2009-05-13:06:56:19	36
48.81707	2.31442	1	2009-05-13:06:56:19	36
48.81661	2.31301	1	2009-05-13:06:56:19	36
48.81617	2.31118	1	2009-05-13:06:56:19	36
48.81619	2.30915	1	2009-05-13:06:56:19	36
48.81624	2.30737	1	2009-05-13:06:56:19	36
48.81623	2.30614	1	2009-05-13:06:56:19	36
48.81559	2.30526	1	2009-05-13:06:56:19	36
48.81493	2.30425	1	2009-05-13:06:56:19	36
48.81437	2.30328	1	2009-05-13:06:56:19	36
48.81366	2.30269	1	2009-05-13:06:56:19	36
48.81302	2.30171	1	2009-05-13:06:56:19	36
48.81228	2.30104	1	2009-05-13:06:56:19	36
48.81152	2.30039	1	2009-05-13:06:56:19	36
48.81084	2.29958	1	2009-05-13:06:56:19	36
48.81015	2.29885	1	2009-05-13:06:56:19	36
48.80943	2.29801	1	2009-05-13:06:56:19	36
48.80874	2.29725	1	2009-05-13:06:56:19	36
48.80832	2.29605	1	2009-05-13:06:56:19	36
48.80773	2.29505	1	2009-05-13:06:56:19	36
48.80721	2.29391	1	2009-05-13:06:56:19	36
48.8066	2.29285	1	2009-05-13:06:56:19	36
48.80604	2.29193	1	2009-05-13:06:56:19	36
48.80546	2.2909	1	2009-05-13:06:56:19	36
48.80486	2.28989	1	2009-05-13:06:56:19	36
48.80413	2.28882	1	2009-05-13:06:56:19	36
48.80343	2.28796	1	2009-05-13:06:56:19	36
48.80272	2.28707	1	2009-05-13:06:56:19	36
48.80236	2.28628	1	2009-05-13:06:56:19	36
48.8019	2.2856	1	2009-05-13:06:56:19	36
48.80137	2.28459	1	2009-05-13:06:56:19	36
48.80097	2.28354	1	2009-05-13:06:56:19	36
48.8003	2.28272	1	2009-05-13:06:56:19	36
48.79978	2.2816	1	2009-05-13:06:56:19	36
48.79916	2.28065	1	2009-05-13:06:56:19	36
48.79858	2.27958	1	2009-05-13:06:56:19	36
48.79797	2.27874	1	2009-05-13:06:56:19	36
48.79736	2.27774	1	2009-05-13:06:56:19	36
48.79674	2.27673	1	2009-05-13:06:56:19	36
48.79615	2.27586	1	2009-05-13:06:56:19	36
48.79566	2.27478	1	2009-05-13:06:56:19	36
48.79512	2.27373	1	2009-05-13:06:56:19	36
48.79458	2.27268	1	2009-05-13:06:56:19	36
48.79401	2.27175	1	2009-05-13:06:56:19	36
48.79345	2.27076	1	2009-05-13:06:56:19	36
48.79297	2.26971	1	2009-05-13:06:56:19	36
48.7925	2.26866	1	2009-05-13:06:56:19	36
48.792	2.26741	1	2009-05-13:06:56:19	36
48.79154	2.26635	1	2009-05-13:06:56:19	36
48.79112	2.26527	1	2009-05-13:06:56:19	36
48.79064	2.26417	1	2009-05-13:06:56:19	36
48.79026	2.26312	1	2009-05-13:06:56:19	36
48.78982	2.26199	1	2009-05-13:06:56:19	36
48.7894	2.26095	1	2009-05-13:06:56:19	36
48.78894	2.25985	1	2009-05-13:06:56:19	36
48.7885	2.25883	1	2009-05-13:06:56:19	36
48.78807	2.25775	1	2009-05-13:06:56:19	36
48.78762	2.25665	1	2009-05-13:06:56:19	36
48.78714	2.25557	1	2009-05-13:06:56:19	36
48.78669	2.25444	1	2009-05-13:06:56:19	36
48.78652	2.25389	1	2009-05-13:06:56:19	36
48.78619	2.25306	1	2009-05-13:06:56:19	36
48.78577	2.25203	1	2009-05-13:06:56:19	36
48.78532	2.25095	1	2009-05-13:06:56:19	36
48.78485	2.24987	1	2009-05-13:06:56:19	36
48.78434	2.24884	1	2009-05-13:06:56:19	36
48.78396	2.24775	1	2009-05-13:06:56:19	36
48.78356	2.24655	1	2009-05-13:06:56:19	36
48.78314	2.24551	1	2009-05-13:06:56:19	36
48.7826	2.24486	1	2009-05-13:06:56:19	36
48.78237	2.24365	1	2009-05-13:06:56:19	36
48.78205	2.24257	1	2009-05-13:06:56:19	36
48.78149	2.24166	1	2009-05-13:06:56:19	36
48.78109	2.24058	1	2009-05-13:06:56:19	36
48.7806	2.23945	1	2009-05-13:06:56:19	36
48.78015	2.23837	1	2009-05-13:06:56:19	36
48.77972	2.23727	1	2009-05-13:06:56:19	36
48.77929	2.23623	1	2009-05-13:06:56:19	36
48.77878	2.23515	1	2009-05-13:06:56:19	36
48.77841	2.23405	1	2009-05-13:06:56:19	36
48.77799	2.23302	1	2009-05-13:06:56:19	36
48.77755	2.23197	1	2009-05-13:06:56:19	36
48.77714	2.23091	1	2009-05-13:06:56:19	36
48.77668	2.22994	1	2009-05-13:06:56:19	36
48.77611	2.22892	1	2009-05-13:06:56:19	36
48.77537	2.22867	1	2009-05-13:06:56:19	36
48.77448	2.22877	1	2009-05-13:06:56:19	36
48.77358	2.22889	1	2009-05-13:06:56:19	36
48.77274	2.22898	1	2009-05-13:06:56:19	36
48.77195	2.22914	1	2009-05-13:06:56:19	36
48.77121	2.22919	1	2009-05-13:06:56:19	36
48.77012	2.22908	1	2009-05-13:06:56:19	36
48.76936	2.22925	1	2009-05-13:06:56:19	36
48.76855	2.22958	1	2009-05-13:06:56:19	36
48.76773	2.22969	1	2009-05-13:06:56:19	36
48.76696	2.22953	1	2009-05-13:06:56:19	36
48.76616	2.22915	1	2009-05-13:06:56:19	36
48.76548	2.22842	1	2009-05-13:06:56:19	36
48.7648	2.22771	1	2009-05-13:06:56:19	36
48.76418	2.227	1	2009-05-13:06:56:19	36
48.76353	2.22623	1	2009-05-13:06:56:19	36
48.76296	2.22528	1	2009-05-13:06:56:19	36
48.76224	2.22448	1	2009-05-13:06:56:19	36
48.76176	2.22362	1	2009-05-13:06:56:19	36
48.76127	2.22262	1	2009-05-13:06:56:19	36
48.76067	2.22187	1	2009-05-13:06:56:19	36
48.76004	2.22114	1	2009-05-13:06:56:19	36
48.75941	2.22046	1	2009-05-13:06:56:19	36
48.75871	2.21983	1	2009-05-13:06:56:19	36
48.75799	2.21925	1	2009-05-13:06:56:19	36
48.75727	2.21864	1	2009-05-13:06:56:19	36
48.75656	2.21809	1	2009-05-13:06:56:19	36
48.75591	2.21741	1	2009-05-13:06:56:19	36
48.75541	2.21638	1	2009-05-13:06:56:19	36
48.75498	2.21536	1	2009-05-13:06:56:19	36
48.7544	2.2156	1	2009-05-13:06:56:19	36
48.75359	2.21587	1	2009-05-13:06:56:19	36
48.75286	2.21525	1	2009-05-13:06:56:19	36
48.75221	2.21452	1	2009-05-13:06:56:19	36
48.75164	2.21372	1	2009-05-13:06:56:19	36
48.75103	2.21279	1	2009-05-13:06:56:19	36
48.75053	2.21167	1	2009-05-13:06:56:19	36
48.75071	2.21052	1	2009-05-13:06:56:19	36
48.7509	2.20994	1	2009-05-13:06:56:19	36
48.75123	2.2088	1	2009-05-13:06:56:19	36
48.75155	2.20773	1	2009-05-13:06:56:19	36
48.75188	2.20662	1	2009-05-13:06:56:19	36
48.75221	2.20549	1	2009-05-13:06:56:19	36
48.75254	2.20439	1	2009-05-13:06:56:19	36
48.75288	2.20321	1	2009-05-13:06:56:19	36
48.75331	2.20211	1	2009-05-13:06:56:19	36
48.75371	2.20108	1	2009-05-13:06:56:19	36
48.75409	2.20005	1	2009-05-13:06:56:19	36
48.75447	2.19893	1	2009-05-13:06:56:19	36
48.75488	2.1979	1	2009-05-13:06:56:19	36
48.75523	2.19681	1	2009-05-13:06:56:19	36
48.75562	2.19577	1	2009-05-13:06:56:19	36
48.75604	2.19474	1	2009-05-13:06:56:19	36
48.75642	2.19365	1	2009-05-13:06:56:19	36
48.75679	2.19262	1	2009-05-13:06:56:19	36
48.75731	2.1917	1	2009-05-13:06:56:19	36
48.75786	2.19076	1	2009-05-13:06:56:19	36
48.75816	2.18966	1	2009-05-13:06:56:19	36
48.75844	2.18848	1	2009-05-13:06:56:19	36
48.75883	2.18736	1	2009-05-13:06:56:19	36
48.75937	2.18643	1	2009-05-13:06:56:19	36
48.75994	2.18567	1	2009-05-13:06:56:19	36
48.76055	2.18488	1	2009-05-13:06:56:19	36
48.76105	2.18402	1	2009-05-13:06:56:19	36
48.76141	2.18292	1	2009-05-13:06:56:19	36
48.76168	2.18175	1	2009-05-13:06:56:19	36
48.76177	2.18053	1	2009-05-13:06:56:19	36
48.76169	2.17927	1	2009-05-13:06:56:19	36
48.76206	2.17813	1	2009-05-13:06:56:19	36
48.7624	2.17707	1	2009-05-13:06:56:19	36
48.76279	2.17602	1	2009-05-13:06:56:19	36
48.7632	2.17499	1	2009-05-13:06:56:19	36
48.7635	2.17391	1	2009-05-13:06:56:19	36
48.76369	2.17278	1	2009-05-13:06:56:19	36
48.7639	2.17164	1	2009-05-13:06:56:19	36
48.76456	2.17119	1	2009-05-13:06:56:19	36
48.76418	2.17232	1	2009-05-13:06:56:19	36
48.76411	2.17358	1	2009-05-13:06:56:19	36
48.76446	2.17464	1	2009-05-13:06:56:19	36
48.76511	2.17562	1	2009-05-13:06:56:19	36
48.76541	2.17673	1	2009-05-13:06:56:19	36
48.76585	2.17785	1	2009-05-13:06:56:19	36
48.76586	2.17906	1	2009-05-13:06:56:19	36
48.76633	2.17999	1	2009-05-13:06:56:19	36
48.76648	2.18054	1	2009-05-13:06:56:19	36
48.76649	2.18057	1	2009-05-13:06:56:19	36
48.76649	2.1806	1	2009-05-13:06:56:19	36
48.7665	2.18064	1	2009-05-13:06:56:19	36
48.7665	2.18068	1	2009-05-13:06:56:19	36
48.7665	2.18072	1	2009-05-13:06:56:19	36
48.76651	2.18076	1	2009-05-13:06:56:19	36
48.76651	2.18081	1	2009-05-13:06:56:19	36
48.76651	2.18085	1	2009-05-13:06:56:19	36
48.76652	2.18088	1	2009-05-13:06:56:19	36
48.76653	2.18092	1	2009-05-13:06:56:19	36
48.76652	2.18096	1	2009-05-13:06:56:19	36
48.76651	2.18099	1	2009-05-13:06:56:19	36
48.76649	2.181	1	2009-05-13:06:56:19	36
48.76647	2.18104	1	2009-05-13:06:56:19	36
48.76649	2.18108	1	2009-05-13:06:56:19	36
48.76648	2.1811	1	2009-05-13:06:56:19	36
48.76648	2.18112	1	2009-05-13:06:56:19	36
48.76647	2.18114	1	2009-05-13:06:56:19	36
48.76645	2.18115	1	2009-05-13:06:56:19	36
48.76641	2.18112	1	2009-05-13:06:56:19	36
48.76641	2.1811	1	2009-05-13:06:56:19	36
48.76641	2.18109	1	2009-05-13:06:56:19	36
48.76646	2.18101	1	2009-05-13:16:31:56	37
48.76599	2.17949	1	2009-05-13:16:31:56	37
48.76531	2.17849	1	2009-05-13:16:31:56	37
48.7653	2.17707	1	2009-05-13:16:31:56	37
48.76514	2.17576	1	2009-05-13:16:31:56	37
48.76437	2.17449	1	2009-05-13:16:31:56	37
48.76405	2.17311	1	2009-05-13:16:31:56	37
48.76432	2.17189	1	2009-05-13:16:31:56	37
48.76427	2.17115	1	2009-05-13:16:31:56	37
48.76381	2.17211	1	2009-05-13:16:31:56	37
48.76353	2.17371	1	2009-05-13:16:31:56	37
48.76313	2.1751	1	2009-05-13:16:31:56	37
48.76269	2.17625	1	2009-05-13:16:31:56	37
48.7623	2.17736	1	2009-05-13:16:31:56	37
48.76182	2.1785	1	2009-05-13:16:31:56	37
48.7617	2.17981	1	2009-05-13:16:31:56	37
48.76166	2.18139	1	2009-05-13:16:31:56	37
48.76152	2.183	1	2009-05-13:16:31:56	37
48.76095	2.18443	1	2009-05-13:16:31:56	37
48.76009	2.1858	1	2009-05-13:16:31:56	37
48.7593	2.18689	1	2009-05-13:16:31:56	37
48.7587	2.18827	1	2009-05-13:16:31:56	37
48.75825	2.18965	1	2009-05-13:16:31:56	37
48.75794	2.19131	1	2009-05-13:16:31:56	37
48.75724	2.19201	1	2009-05-13:16:31:56	37
48.75666	2.1932	1	2009-05-13:16:31:56	37
48.75616	2.19462	1	2009-05-13:16:31:56	37
48.75565	2.19603	1	2009-05-13:16:31:56	37
48.75517	2.1974	1	2009-05-13:16:31:56	37
48.75472	2.19845	1	2009-05-13:16:31:56	37
48.75429	2.19955	1	2009-05-13:16:31:56	37
48.75383	2.20083	1	2009-05-13:16:31:56	37
48.75349	2.20179	1	2009-05-13:16:31:56	37
48.75325	2.20245	1	2009-05-13:16:31:56	37
48.7529	2.20337	1	2009-05-13:16:31:56	37
48.75246	2.20472	1	2009-05-13:16:31:56	37
48.75213	2.206	1	2009-05-13:16:31:56	37
48.75173	2.20721	1	2009-05-13:16:31:56	37
48.75133	2.20846	1	2009-05-13:16:31:56	37
48.75098	2.20963	1	2009-05-13:16:31:56	37
48.75066	2.21077	1	2009-05-13:16:31:56	37
48.75066	2.21204	1	2009-05-13:16:31:56	37
48.75123	2.21315	1	2009-05-13:16:31:56	37
48.75197	2.21424	1	2009-05-13:16:31:56	37
48.75266	2.21513	1	2009-05-13:16:31:56	37
48.75337	2.21587	1	2009-05-13:16:31:56	37
48.75427	2.21566	1	2009-05-13:16:31:56	37
48.75503	2.21558	1	2009-05-13:16:31:56	37
48.75555	2.21662	1	2009-05-13:16:31:56	37
48.75612	2.21771	1	2009-05-13:16:31:56	37
48.7569	2.21846	1	2009-05-13:16:31:56	37
48.75769	2.21908	1	2009-05-13:16:31:56	37
48.75846	2.21971	1	2009-05-13:16:31:56	37
48.75924	2.22036	1	2009-05-13:16:31:56	37
48.75995	2.221	1	2009-05-13:16:31:56	37
48.7606	2.22182	1	2009-05-13:16:31:56	37
48.76126	2.2227	1	2009-05-13:16:31:56	37
48.76179	2.22371	1	2009-05-13:16:31:56	37
48.76241	2.22463	1	2009-05-13:16:31:56	37
48.76308	2.22547	1	2009-05-13:16:31:56	37
48.76361	2.22642	1	2009-05-13:16:31:56	37
48.7643	2.22715	1	2009-05-13:16:31:56	37
48.76505	2.22795	1	2009-05-13:16:31:56	37
48.76574	2.22872	1	2009-05-13:16:31:56	37
48.7661	2.22912	1	2009-05-13:16:31:56	37
48.76655	2.22972	1	2009-05-13:16:31:56	37
48.76684	2.23062	1	2009-05-13:16:31:56	37
48.76774	2.23048	1	2009-05-13:16:31:56	37
48.76859	2.23042	1	2009-05-13:16:31:56	37
48.76945	2.23042	1	2009-05-13:16:31:56	37
48.77024	2.23009	1	2009-05-13:16:31:56	37
48.77103	2.22965	1	2009-05-13:16:31:56	37
48.77186	2.22939	1	2009-05-13:16:31:56	37
48.77269	2.22927	1	2009-05-13:16:31:56	37
48.77351	2.22916	1	2009-05-13:16:31:56	37
48.77435	2.22904	1	2009-05-13:16:31:56	37
48.77521	2.2289	1	2009-05-13:16:31:56	37
48.77606	2.22913	1	2009-05-13:16:31:56	37
48.77652	2.23012	1	2009-05-13:16:31:56	37
48.77691	2.23071	1	2009-05-13:16:31:56	37
48.77674	2.23096	1	2009-05-13:16:31:56	37
48.77732	2.23186	1	2009-05-13:16:31:56	37
48.77781	2.23292	1	2009-05-13:16:31:56	37
48.77824	2.23404	1	2009-05-13:16:31:56	37
48.7786	2.23517	1	2009-05-13:16:31:56	37
48.77908	2.23618	1	2009-05-13:16:31:56	37
48.77957	2.23723	1	2009-05-13:16:31:56	37
48.77999	2.23828	1	2009-05-13:16:31:56	37
48.78038	2.23938	1	2009-05-13:16:31:56	37
48.78085	2.24038	1	2009-05-13:16:31:56	37
48.78129	2.24144	1	2009-05-13:16:31:56	37
48.78171	2.24251	1	2009-05-13:16:31:56	37
48.78214	2.24356	1	2009-05-13:16:31:56	37
48.78257	2.24463	1	2009-05-13:16:31:56	37
48.78301	2.24573	1	2009-05-13:16:31:56	37
48.78345	2.24685	1	2009-05-13:16:31:56	37
48.7839	2.24791	1	2009-05-13:16:31:56	37
48.78436	2.24899	1	2009-05-13:16:31:56	37
48.7848	2.25007	1	2009-05-13:16:31:56	37
48.78523	2.25116	1	2009-05-13:16:31:56	37
48.78566	2.25227	1	2009-05-13:16:31:56	37
48.7861	2.25336	1	2009-05-13:16:31:56	37
48.78654	2.2544	1	2009-05-13:16:31:56	37
48.78699	2.25542	1	2009-05-13:16:31:56	37
48.78743	2.25649	1	2009-05-13:16:31:56	37
48.78786	2.25755	1	2009-05-13:16:31:56	37
48.78826	2.25869	1	2009-05-13:16:31:56	37
48.7887	2.25976	1	2009-05-13:16:31:56	37
48.78917	2.26083	1	2009-05-13:16:31:56	37
48.78962	2.26195	1	2009-05-13:16:31:56	37
48.79006	2.26295	1	2009-05-13:16:31:56	37
48.79048	2.26399	1	2009-05-13:16:31:56	37
48.79093	2.26507	1	2009-05-13:16:31:56	37
48.79139	2.26618	1	2009-05-13:16:31:56	37
48.7918	2.26724	1	2009-05-13:16:31:56	37
48.79222	2.26833	1	2009-05-13:16:31:56	37
48.79267	2.2694	1	2009-05-13:16:31:56	37
48.79315	2.27041	1	2009-05-13:16:31:56	37
48.79369	2.2715	1	2009-05-13:16:31:56	37
48.79428	2.27244	1	2009-05-13:16:31:56	37
48.79482	2.2734	1	2009-05-13:16:31:56	37
48.79533	2.27433	1	2009-05-13:16:31:56	37
48.79588	2.27524	1	2009-05-13:16:31:56	37
48.79642	2.27616	1	2009-05-13:16:31:56	37
48.797	2.27708	1	2009-05-13:16:31:56	37
48.79753	2.27799	1	2009-05-13:16:31:56	37
48.79806	2.27891	1	2009-05-13:16:31:56	37
48.79832	2.27936	1	2009-05-13:16:31:56	37
48.7986	2.27986	1	2009-05-13:16:31:56	37
48.79912	2.2808	1	2009-05-13:16:31:56	37
48.79959	2.28175	1	2009-05-13:16:31:56	37
48.80018	2.2826	1	2009-05-13:16:31:56	37
48.80059	2.28353	1	2009-05-13:16:31:56	37
48.80114	2.28435	1	2009-05-13:16:31:56	37
48.80168	2.28521	1	2009-05-13:16:31:56	37
48.80233	2.28603	1	2009-05-13:16:31:56	37
48.80291	2.2869	1	2009-05-13:16:31:56	37
48.80347	2.2878	1	2009-05-13:16:31:56	37
48.80394	2.28873	1	2009-05-13:16:31:56	37
48.80454	2.28956	1	2009-05-13:16:31:56	37
48.80509	2.29041	1	2009-05-13:16:31:56	37
48.80563	2.29129	1	2009-05-13:16:31:56	37
48.80617	2.29219	1	2009-05-13:16:31:56	37
48.80664	2.29312	1	2009-05-13:16:31:56	37
48.80713	2.2941	1	2009-05-13:16:31:56	37
48.80765	2.29508	1	2009-05-13:16:31:56	37
48.80821	2.29596	1	2009-05-13:16:31:56	37
48.80881	2.29672	1	2009-05-13:16:31:56	37
48.80937	2.29749	1	2009-05-13:16:31:56	37
48.80988	2.29844	1	2009-05-13:16:31:56	37
48.81047	2.29927	1	2009-05-13:16:31:56	37
48.81112	2.30001	1	2009-05-13:16:31:56	37
48.81184	2.30044	1	2009-05-13:16:31:56	37
48.8116	2.30142	1	2009-05-13:16:31:56	37
48.81114	2.3024	1	2009-05-13:16:31:56	37
48.8115	2.30333	1	2009-05-13:16:31:56	37
48.81201	2.30426	1	2009-05-13:16:31:56	37
48.81253	2.30515	1	2009-05-13:16:31:56	37
48.81309	2.30599	1	2009-05-13:16:31:56	37
48.81363	2.30688	1	2009-05-13:16:31:56	37
48.81417	2.30781	1	2009-05-13:16:31:56	37
48.81468	2.30878	1	2009-05-13:16:31:56	37
48.8152	2.30975	1	2009-05-13:16:31:56	37
48.81585	2.31045	1	2009-05-13:16:31:56	37
48.81621	2.31143	1	2009-05-13:16:31:56	37
48.81654	2.31249	1	2009-05-13:16:31:56	37
48.81667	2.3136	1	2009-05-13:16:31:56	37
48.81707	2.31464	1	2009-05-13:16:31:56	37
48.81744	2.31577	1	2009-05-13:16:31:56	37
48.81766	2.31658	1	2009-05-13:16:31:56	37
48.81813	2.31753	1	2009-05-13:16:31:56	37
48.81841	2.31849	1	2009-05-13:16:31:56	37
48.81833	2.31953	1	2009-05-13:16:31:56	37
48.81812	2.32072	1	2009-05-13:16:31:56	37
48.81795	2.32193	1	2009-05-13:16:31:56	37
48.81777	2.32307	1	2009-05-13:16:31:56	37
48.81769	2.32431	1	2009-05-13:16:31:56	37
48.81742	2.32537	1	2009-05-13:16:31:56	37
48.81727	2.32664	1	2009-05-13:16:31:56	37
48.81721	2.32789	1	2009-05-13:16:31:56	37
48.81712	2.32914	1	2009-05-13:16:31:56	37
48.81706	2.33037	1	2009-05-13:16:31:56	37
48.81692	2.33136	1	2009-05-13:16:31:56	37
48.81706	2.3323	1	2009-05-13:16:31:56	37
48.81793	2.3326	1	2009-05-13:16:31:56	37
48.81876	2.33306	1	2009-05-13:16:31:56	37
48.81949	2.3335	1	2009-05-13:16:31:56	37
48.82028	2.33393	1	2009-05-13:16:31:56	37
48.82106	2.3343	1	2009-05-13:16:31:56	37
48.82088	2.3355	1	2009-05-13:16:31:56	37
48.82062	2.33669	1	2009-05-13:16:31:56	37
48.82033	2.33794	1	2009-05-13:16:31:56	37
48.82005	2.3391	1	2009-05-13:16:31:56	37
48.82004	2.33915	1	2009-05-13:16:31:56	37
48.82003	2.3392	1	2009-05-13:16:31:56	37
48.82003	2.33924	1	2009-05-13:16:31:56	37
48.82003	2.33927	1	2009-05-13:16:31:56	37
48.82002	2.3393	1	2009-05-13:16:31:56	37
48.82002	2.33933	1	2009-05-13:16:31:56	37
48.82003	2.33937	1	2009-05-13:16:31:56	37
48.82002	2.33942	1	2009-05-13:16:31:56	37
48.82003	2.33947	1	2009-05-13:16:31:56	37
48.82002	2.33953	1	2009-05-13:16:31:56	37
48.82	2.33958	1	2009-05-13:16:31:56	37
48.81999	2.33963	1	2009-05-13:16:31:56	37
48.81998	2.33966	1	2009-05-13:16:31:56	37
48.81997	2.33969	1	2009-05-13:16:31:56	37
48.81996	2.33971	1	2009-05-13:16:31:56	37
48.81992	2.3397	1	2009-05-13:16:31:56	37
48.8199	2.33971	1	2009-05-13:16:31:56	37
48.81991	2.33973	1	2009-05-13:16:31:56	37
48.81993	2.33974	1	2009-05-13:16:31:56	37
48.82005	2.33976	1	2009-05-13:16:31:56	37
48.82005	2.33974	1	2009-05-13:16:31:56	37
48.82002	2.33917	1	2009-05-13:16:31:56	37
48.81617	2.30795	1	2009-05-14:08:25:13	38
48.81635	2.30657	1	2009-05-14:08:25:13	38
48.81601	2.30559	1	2009-05-14:08:25:13	38
48.81525	2.30477	1	2009-05-14:08:25:13	38
48.81461	2.30388	1	2009-05-14:08:25:13	38
48.814	2.30285	1	2009-05-14:08:25:13	38
48.81324	2.30197	1	2009-05-14:08:25:13	38
48.81248	2.30127	1	2009-05-14:08:25:13	38
48.81121	2.30018	1	2009-05-14:08:25:13	38
48.81074	2.29944	1	2009-05-14:08:25:13	38
48.81001	2.29873	1	2009-05-14:08:25:13	38
48.80932	2.29797	1	2009-05-14:08:25:13	38
48.80877	2.29682	1	2009-05-14:08:25:13	38
48.80817	2.29573	1	2009-05-14:08:25:13	38
48.80764	2.29461	1	2009-05-14:08:25:13	38
48.80699	2.29353	1	2009-05-14:08:25:13	38
48.80636	2.29242	1	2009-05-14:08:25:13	38
48.80571	2.29133	1	2009-05-14:08:25:13	38
48.80511	2.29041	1	2009-05-14:08:25:13	38
48.80449	2.28955	1	2009-05-14:08:25:13	38
48.80403	2.2885	1	2009-05-14:08:25:13	38
48.80323	2.28794	1	2009-05-14:08:25:13	38
48.80271	2.28675	1	2009-05-14:08:25:13	38
48.80214	2.28565	1	2009-05-14:08:25:13	38
48.80149	2.28459	1	2009-05-14:08:25:13	38
48.80097	2.28347	1	2009-05-14:08:25:13	38
48.80024	2.28258	1	2009-05-14:08:25:13	38
48.79968	2.2815	1	2009-05-14:08:25:13	38
48.79909	2.28051	1	2009-05-14:08:25:13	38
48.79852	2.27948	1	2009-05-14:08:25:13	38
48.79782	2.27867	1	2009-05-14:08:25:13	38
48.79725	2.27755	1	2009-05-14:08:25:13	38
48.79679	2.27668	1	2009-05-14:08:25:13	38
48.79628	2.27585	1	2009-05-14:08:25:13	38
48.79572	2.27485	1	2009-05-14:08:25:13	38
48.79514	2.27389	1	2009-05-14:08:25:13	38
48.79461	2.27285	1	2009-05-14:08:25:13	38
48.79405	2.27188	1	2009-05-14:08:25:13	38
48.79348	2.27093	1	2009-05-14:08:25:13	38
48.79296	2.26985	1	2009-05-14:08:25:13	38
48.79252	2.26883	1	2009-05-14:08:25:13	38
48.79204	2.26769	1	2009-05-14:08:25:13	38
48.79158	2.26658	1	2009-05-14:08:25:13	38
48.79114	2.26544	1	2009-05-14:08:25:13	38
48.79069	2.26429	1	2009-05-14:08:25:13	38
48.79028	2.26313	1	2009-05-14:08:25:13	38
48.78976	2.26207	1	2009-05-14:08:25:13	38
48.78932	2.26093	1	2009-05-14:08:25:13	38
48.7889	2.2599	1	2009-05-14:08:25:13	38
48.78842	2.2588	1	2009-05-14:08:25:13	38
48.78797	2.25765	1	2009-05-14:08:25:13	38
48.78749	2.25648	1	2009-05-14:08:25:13	38
48.78701	2.25535	1	2009-05-14:08:25:13	38
48.78658	2.25417	1	2009-05-14:08:25:13	38
48.78615	2.253	1	2009-05-14:08:25:13	38
48.78572	2.25198	1	2009-05-14:08:25:13	38
48.78526	2.25104	1	2009-05-14:08:25:13	38
48.78484	2.24992	1	2009-05-14:08:25:13	38
48.78433	2.24895	1	2009-05-14:08:25:13	38
48.78398	2.24774	1	2009-05-14:08:25:13	38
48.78354	2.24656	1	2009-05-14:08:25:13	38
48.78303	2.24547	1	2009-05-14:08:25:13	38
48.78252	2.2445	1	2009-05-14:08:25:13	38
48.78208	2.24339	1	2009-05-14:08:25:13	38
48.78187	2.24285	1	2009-05-14:08:25:13	38
48.78144	2.24174	1	2009-05-14:08:25:13	38
48.78104	2.24063	1	2009-05-14:08:25:13	38
48.78059	2.23954	1	2009-05-14:08:25:13	38
48.78011	2.2385	1	2009-05-14:08:25:13	38
48.77969	2.23741	1	2009-05-14:08:25:13	38
48.77924	2.23637	1	2009-05-14:08:25:13	38
48.77882	2.23524	1	2009-05-14:08:25:13	38
48.77837	2.23421	1	2009-05-14:08:25:13	38
48.77793	2.23314	1	2009-05-14:08:25:13	38
48.77751	2.232	1	2009-05-14:08:25:13	38
48.77711	2.23095	1	2009-05-14:08:25:13	38
48.77677	2.23005	1	2009-05-14:08:25:13	38
48.77621	2.22906	1	2009-05-14:08:25:13	38
48.77546	2.22864	1	2009-05-14:08:25:13	38
48.77466	2.22873	1	2009-05-14:08:25:13	38
48.77385	2.22884	1	2009-05-14:08:25:13	38
48.77301	2.22894	1	2009-05-14:08:25:13	38
48.77219	2.22912	1	2009-05-14:08:25:13	38
48.77134	2.22919	1	2009-05-14:08:25:13	38
48.77025	2.22919	1	2009-05-14:08:25:13	38
48.76946	2.22919	1	2009-05-14:08:25:13	38
48.76868	2.22957	1	2009-05-14:08:25:13	38
48.76782	2.22971	1	2009-05-14:08:25:13	38
48.76698	2.2296	1	2009-05-14:08:25:13	38
48.7662	2.22916	1	2009-05-14:08:25:13	38
48.76555	2.22841	1	2009-05-14:08:25:13	38
48.76487	2.22764	1	2009-05-14:08:25:13	38
48.76419	2.22696	1	2009-05-14:08:25:13	38
48.76352	2.22617	1	2009-05-14:08:25:13	38
48.76299	2.22525	1	2009-05-14:08:25:13	38
48.76237	2.22455	1	2009-05-14:08:25:13	38
48.76182	2.22364	1	2009-05-14:08:25:13	38
48.76131	2.22267	1	2009-05-14:08:25:13	38
48.76069	2.22195	1	2009-05-14:08:25:13	38
48.76004	2.22118	1	2009-05-14:08:25:13	38
48.75934	2.22046	1	2009-05-14:08:25:13	38
48.75866	2.2198	1	2009-05-14:08:25:13	38
48.75794	2.21922	1	2009-05-14:08:25:13	38
48.75722	2.21864	1	2009-05-14:08:25:13	38
48.75649	2.21808	1	2009-05-14:08:25:13	38
48.75583	2.21725	1	2009-05-14:08:25:13	38
48.75538	2.21619	1	2009-05-14:08:25:13	38
48.75499	2.21507	1	2009-05-14:08:25:13	38
48.75435	2.2155	1	2009-05-14:08:25:13	38
48.75357	2.21584	1	2009-05-14:08:25:13	38
48.75289	2.21523	1	2009-05-14:08:25:13	38
48.75224	2.21451	1	2009-05-14:08:25:13	38
48.75166	2.21362	1	2009-05-14:08:25:13	38
48.75104	2.21267	1	2009-05-14:08:25:13	38
48.75058	2.21159	1	2009-05-14:08:25:13	38
48.75082	2.21039	1	2009-05-14:08:25:13	38
48.75119	2.20918	1	2009-05-14:08:25:13	38
48.75154	2.208	1	2009-05-14:08:25:13	38
48.75189	2.2068	1	2009-05-14:08:25:13	38
48.75224	2.20559	1	2009-05-14:08:25:13	38
48.75259	2.2044	1	2009-05-14:08:25:13	38
48.75302	2.20328	1	2009-05-14:08:25:13	38
48.75339	2.2022	1	2009-05-14:08:25:13	38
48.75379	2.2011	1	2009-05-14:08:25:13	38
48.75418	2.20006	1	2009-05-14:08:25:13	38
48.75457	2.19895	1	2009-05-14:08:25:13	38
48.75496	2.19783	1	2009-05-14:08:25:13	38
48.75537	2.1967	1	2009-05-14:08:25:13	38
48.75576	2.19563	1	2009-05-14:08:25:13	38
48.75613	2.19457	1	2009-05-14:08:25:13	38
48.75654	2.19347	1	2009-05-14:08:25:13	38
48.75694	2.19243	1	2009-05-14:08:25:13	38
48.7575	2.19153	1	2009-05-14:08:25:13	38
48.75799	2.19048	1	2009-05-14:08:25:13	38
48.75825	2.18926	1	2009-05-14:08:25:13	38
48.75858	2.18818	1	2009-05-14:08:25:13	38
48.75901	2.18717	1	2009-05-14:08:25:13	38
48.75953	2.18631	1	2009-05-14:08:25:13	38
48.76016	2.1855	1	2009-05-14:08:25:13	38
48.76075	2.18467	1	2009-05-14:08:25:13	38
48.76123	2.18369	1	2009-05-14:08:25:13	38
48.76156	2.18253	1	2009-05-14:08:25:13	38
48.76176	2.18135	1	2009-05-14:08:25:13	38
48.76179	2.1801	1	2009-05-14:08:25:13	38
48.76176	2.17887	1	2009-05-14:08:25:13	38
48.7622	2.17785	1	2009-05-14:08:25:13	38
48.76257	2.17677	1	2009-05-14:08:25:13	38
48.76296	2.17575	1	2009-05-14:08:25:13	38
48.76335	2.17466	1	2009-05-14:08:25:13	38
48.76362	2.17348	1	2009-05-14:08:25:13	38
48.76385	2.1723	1	2009-05-14:08:25:13	38
48.76424	2.17122	1	2009-05-14:08:25:13	38
48.76423	2.17191	1	2009-05-14:08:25:13	38
48.76397	2.17307	1	2009-05-14:08:25:13	38
48.76419	2.1742	1	2009-05-14:08:25:13	38
48.76469	2.17528	1	2009-05-14:08:25:13	38
48.76518	2.17625	1	2009-05-14:08:25:13	38
48.76568	2.17721	1	2009-05-14:08:25:13	38
48.76591	2.1784	1	2009-05-14:08:25:13	38
48.76596	2.17952	1	2009-05-14:08:25:13	38
48.76642	2.1803	1	2009-05-14:08:25:13	38
48.76642	2.18036	1	2009-05-14:08:25:13	38
48.76643	2.18041	1	2009-05-14:08:25:13	38
48.76643	2.18046	1	2009-05-14:08:25:13	38
48.76643	2.18051	1	2009-05-14:08:25:13	38
48.76643	2.18056	1	2009-05-14:08:25:13	38
48.76643	2.1806	1	2009-05-14:08:25:13	38
48.76643	2.18064	1	2009-05-14:08:25:13	38
48.76643	2.18067	1	2009-05-14:08:25:13	38
48.76644	2.1807	1	2009-05-14:08:25:13	38
48.76644	2.18073	1	2009-05-14:08:25:13	38
48.76645	2.18076	1	2009-05-14:08:25:13	38
48.76646	2.18079	1	2009-05-14:08:25:13	38
48.76646	2.18083	1	2009-05-14:08:25:13	38
48.76647	2.18087	1	2009-05-14:08:25:13	38
48.76646	2.18092	1	2009-05-14:08:25:13	38
48.76645	2.18096	1	2009-05-14:08:25:13	38
48.76644	2.18098	1	2009-05-14:08:25:13	38
48.76643	2.181	1	2009-05-14:08:25:13	38
48.76642	2.18102	1	2009-05-14:08:25:13	38
48.7664	2.18104	1	2009-05-14:08:25:13	38
48.7664	2.18106	1	2009-05-14:08:25:13	38
48.7664	2.18105	1	2009-05-14:08:25:13	38
48.76637	2.18071	1	2009-05-14:16:54:51	39
48.76591	2.17942	1	2009-05-14:16:54:51	39
48.76537	2.17853	1	2009-05-14:16:54:51	39
48.7653	2.17715	1	2009-05-14:16:54:51	39
48.76517	2.17597	1	2009-05-14:16:54:51	39
48.76453	2.17484	1	2009-05-14:16:54:51	39
48.7641	2.17363	1	2009-05-14:16:54:51	39
48.76433	2.17227	1	2009-05-14:16:54:51	39
48.76471	2.17093	1	2009-05-14:16:54:51	39
48.76407	2.1713	1	2009-05-14:16:54:51	39
48.76372	2.17256	1	2009-05-14:16:54:51	39
48.76349	2.17393	1	2009-05-14:16:54:51	39
48.76299	2.17523	1	2009-05-14:16:54:51	39
48.76264	2.17633	1	2009-05-14:16:54:51	39
48.7623	2.1776	1	2009-05-14:16:54:51	39
48.76176	2.1787	1	2009-05-14:16:54:51	39
48.76164	2.18	1	2009-05-14:16:54:51	39
48.7616	2.18142	1	2009-05-14:16:54:51	39
48.76151	2.18272	1	2009-05-14:16:54:51	39
48.76114	2.18392	1	2009-05-14:16:54:51	39
48.76058	2.18501	1	2009-05-14:16:54:51	39
48.75978	2.18621	1	2009-05-14:16:54:51	39
48.75912	2.1872	1	2009-05-14:16:54:51	39
48.75856	2.1883	1	2009-05-14:16:54:51	39
48.75819	2.18963	1	2009-05-14:16:54:51	39
48.75796	2.19098	1	2009-05-14:16:54:51	39
48.75727	2.19192	1	2009-05-14:16:54:51	39
48.75675	2.19305	1	2009-05-14:16:54:51	39
48.75626	2.19429	1	2009-05-14:16:54:51	39
48.7558	2.19547	1	2009-05-14:16:54:51	39
48.75537	2.19669	1	2009-05-14:16:54:51	39
48.7549	2.19791	1	2009-05-14:16:54:51	39
48.75455	2.1989	1	2009-05-14:16:54:51	39
48.75427	2.19949	1	2009-05-14:16:54:51	39
48.75385	2.20047	1	2009-05-14:16:54:51	39
48.75354	2.2017	1	2009-05-14:16:54:51	39
48.75298	2.20309	1	2009-05-14:16:54:51	39
48.75255	2.20416	1	2009-05-14:16:54:51	39
48.75225	2.2053	1	2009-05-14:16:54:51	39
48.75196	2.20639	1	2009-05-14:16:54:51	39
48.75163	2.20747	1	2009-05-14:16:54:51	39
48.75124	2.20864	1	2009-05-14:16:54:51	39
48.75094	2.20981	1	2009-05-14:16:54:51	39
48.75055	2.21096	1	2009-05-14:16:54:51	39
48.75068	2.21212	1	2009-05-14:16:54:51	39
48.75122	2.21318	1	2009-05-14:16:54:51	39
48.75184	2.21407	1	2009-05-14:16:54:51	39
48.7525	2.21487	1	2009-05-14:16:54:51	39
48.75316	2.2156	1	2009-05-14:16:54:51	39
48.75398	2.21578	1	2009-05-14:16:54:51	39
48.7547	2.21521	1	2009-05-14:16:54:51	39
48.75533	2.21595	1	2009-05-14:16:54:51	39
48.75582	2.21701	1	2009-05-14:16:54:51	39
48.75639	2.21798	1	2009-05-14:16:54:51	39
48.75714	2.21859	1	2009-05-14:16:54:51	39
48.75787	2.21915	1	2009-05-14:16:54:51	39
48.75864	2.21977	1	2009-05-14:16:54:51	39
48.75938	2.22043	1	2009-05-14:16:54:51	39
48.76012	2.22117	1	2009-05-14:16:54:51	39
48.76075	2.22201	1	2009-05-14:16:54:51	39
48.76141	2.22284	1	2009-05-14:16:54:51	39
48.76186	2.22392	1	2009-05-14:16:54:51	39
48.76253	2.2247	1	2009-05-14:16:54:51	39
48.76316	2.2256	1	2009-05-14:16:54:51	39
48.76344	2.22613	1	2009-05-14:16:54:51	39
48.7641	2.22694	1	2009-05-14:16:54:51	39
48.76479	2.22767	1	2009-05-14:16:54:51	39
48.7655	2.22843	1	2009-05-14:16:54:51	39
48.7662	2.2292	1	2009-05-14:16:54:51	39
48.76647	2.23033	1	2009-05-14:16:54:51	39
48.76725	2.23045	1	2009-05-14:16:54:51	39
48.7681	2.23032	1	2009-05-14:16:54:51	39
48.76893	2.2304	1	2009-05-14:16:54:51	39
48.76978	2.23024	1	2009-05-14:16:54:51	39
48.77062	2.22986	1	2009-05-14:16:54:51	39
48.77142	2.22944	1	2009-05-14:16:54:51	39
48.77223	2.2293	1	2009-05-14:16:54:51	39
48.77307	2.22918	1	2009-05-14:16:54:51	39
48.77387	2.22906	1	2009-05-14:16:54:51	39
48.77469	2.2289	1	2009-05-14:16:54:51	39
48.77551	2.22883	1	2009-05-14:16:54:51	39
48.77626	2.22941	1	2009-05-14:16:54:51	39
48.7766	2.23054	1	2009-05-14:16:54:51	39
48.77718	2.23152	1	2009-05-14:16:54:51	39
48.77766	2.23262	1	2009-05-14:16:54:51	39
48.77812	2.23369	1	2009-05-14:16:54:51	39
48.77851	2.23482	1	2009-05-14:16:54:51	39
48.77894	2.23592	1	2009-05-14:16:54:51	39
48.77942	2.23693	1	2009-05-14:16:54:51	39
48.77986	2.23797	1	2009-05-14:16:54:51	39
48.78025	2.23909	1	2009-05-14:16:54:51	39
48.78075	2.24012	1	2009-05-14:16:54:51	39
48.78117	2.24115	1	2009-05-14:16:54:51	39
48.78159	2.24225	1	2009-05-14:16:54:51	39
48.78203	2.24333	1	2009-05-14:16:54:51	39
48.78248	2.24443	1	2009-05-14:16:54:51	39
48.78296	2.24546	1	2009-05-14:16:54:51	39
48.78331	2.24661	1	2009-05-14:16:54:51	39
48.78375	2.24762	1	2009-05-14:16:54:51	39
48.78421	2.24866	1	2009-05-14:16:54:51	39
48.78468	2.24975	1	2009-05-14:16:54:51	39
48.7851	2.2508	1	2009-05-14:16:54:51	39
48.78551	2.25189	1	2009-05-14:16:54:51	39
48.78595	2.25295	1	2009-05-14:16:54:51	39
48.78638	2.25401	1	2009-05-14:16:54:51	39
48.78682	2.25502	1	2009-05-14:16:54:51	39
48.78724	2.25608	1	2009-05-14:16:54:51	39
48.78768	2.2571	1	2009-05-14:16:54:51	39
48.78809	2.2581	1	2009-05-14:16:54:51	39
48.78855	2.25927	1	2009-05-14:16:54:51	39
48.78901	2.26035	1	2009-05-14:16:54:51	39
48.78946	2.26149	1	2009-05-14:16:54:51	39
48.78988	2.26261	1	2009-05-14:16:54:51	39
48.79032	2.26376	1	2009-05-14:16:54:51	39
48.79076	2.26477	1	2009-05-14:16:54:51	39
48.79122	2.26583	1	2009-05-14:16:54:51	39
48.79165	2.26684	1	2009-05-14:16:54:51	39
48.79204	2.2679	1	2009-05-14:16:54:51	39
48.79244	2.26892	1	2009-05-14:16:54:51	39
48.79291	2.26996	1	2009-05-14:16:54:51	39
48.7934	2.27094	1	2009-05-14:16:54:51	39
48.79391	2.27189	1	2009-05-14:16:54:51	39
48.79443	2.27278	1	2009-05-14:16:54:51	39
48.79499	2.27369	1	2009-05-14:16:54:51	39
48.79549	2.27468	1	2009-05-14:16:54:51	39
48.79602	2.27558	1	2009-05-14:16:54:51	39
48.79658	2.27648	1	2009-05-14:16:54:51	39
48.79685	2.27694	1	2009-05-14:16:54:51	39
48.79712	2.27739	1	2009-05-14:16:54:51	39
48.79763	2.2783	1	2009-05-14:16:54:51	39
48.79814	2.27919	1	2009-05-14:16:54:51	39
48.7987	2.28014	1	2009-05-14:16:54:51	39
48.79924	2.28109	1	2009-05-14:16:54:51	39
48.79975	2.28207	1	2009-05-14:16:54:51	39
48.80031	2.2829	1	2009-05-14:16:54:51	39
48.80075	2.28384	1	2009-05-14:16:54:51	39
48.80135	2.28463	1	2009-05-14:16:54:51	39
48.80189	2.28548	1	2009-05-14:16:54:51	39
48.80242	2.28634	1	2009-05-14:16:54:51	39
48.80294	2.28726	1	2009-05-14:16:54:51	39
48.80361	2.28789	1	2009-05-14:16:54:51	39
48.80402	2.28889	1	2009-05-14:16:54:51	39
48.80447	2.28974	1	2009-05-14:16:54:51	39
48.80511	2.29057	1	2009-05-14:16:54:51	39
48.80567	2.29149	1	2009-05-14:16:54:51	39
48.80622	2.29236	1	2009-05-14:16:54:51	39
48.80673	2.29335	1	2009-05-14:16:54:51	39
48.80728	2.29435	1	2009-05-14:16:54:51	39
48.80775	2.29529	1	2009-05-14:16:54:51	39
48.80821	2.29615	1	2009-05-14:16:54:51	39
48.80873	2.29696	1	2009-05-14:16:54:51	39
48.80926	2.29794	1	2009-05-14:16:54:51	39
48.80986	2.29869	1	2009-05-14:16:54:51	39
48.81049	2.29936	1	2009-05-14:16:54:51	39
48.81113	2.30015	1	2009-05-14:16:54:51	39
48.81171	2.30064	1	2009-05-14:16:54:51	39
48.81143	2.30167	1	2009-05-14:16:54:51	39
48.81124	2.30273	1	2009-05-14:16:54:51	39
48.81172	2.30378	1	2009-05-14:16:54:51	39
48.81231	2.30466	1	2009-05-14:16:54:51	39
48.81285	2.30557	1	2009-05-14:16:54:51	39
48.81337	2.30654	1	2009-05-14:16:54:51	39
48.81389	2.30747	1	2009-05-14:16:54:51	39
48.81438	2.30835	1	2009-05-14:16:54:51	39
48.8149	2.30928	1	2009-05-14:16:54:51	39
48.81547	2.3101	1	2009-05-14:16:54:51	39
48.81599	2.31102	1	2009-05-14:16:54:51	39
48.81631	2.31209	1	2009-05-14:16:54:51	39
48.81664	2.31326	1	2009-05-14:16:54:51	39
48.81701	2.31436	1	2009-05-14:16:54:51	39
48.81735	2.31545	1	2009-05-14:16:54:51	39
48.81762	2.3166	1	2009-05-14:16:54:51	39
48.81793	2.31768	1	2009-05-14:16:54:51	39
48.8183	2.31875	1	2009-05-14:16:54:51	39
48.81847	2.31987	1	2009-05-14:16:54:51	39
48.81822	2.32107	1	2009-05-14:16:54:51	39
48.81798	2.32218	1	2009-05-14:16:54:51	39
48.81787	2.32334	1	2009-05-14:16:54:51	39
48.81783	2.32453	1	2009-05-14:16:54:51	39
48.81756	2.32557	1	2009-05-14:16:54:51	39
48.8174	2.32675	1	2009-05-14:16:54:51	39
48.8172	2.32792	1	2009-05-14:16:54:51	39
48.81714	2.32913	1	2009-05-14:16:54:51	39
48.8171	2.33048	1	2009-05-14:16:54:51	39
48.81704	2.33169	1	2009-05-14:16:54:51	39
48.81754	2.33245	1	2009-05-14:16:54:51	39
48.8187	2.33305	1	2009-05-14:16:54:51	39
48.81945	2.33347	1	2009-05-14:16:54:51	39
48.82024	2.33387	1	2009-05-14:16:54:51	39
48.82101	2.33423	1	2009-05-14:16:54:51	39
48.82084	2.33538	1	2009-05-14:16:54:51	39
48.82059	2.33661	1	2009-05-14:16:54:51	39
48.82037	2.33778	1	2009-05-14:16:54:51	39
48.82019	2.33856	1	2009-05-14:16:54:51	39
48.82017	2.33862	1	2009-05-14:16:54:51	39
48.82016	2.33868	1	2009-05-14:16:54:51	39
48.82016	2.33874	1	2009-05-14:16:54:51	39
48.82014	2.33881	1	2009-05-14:16:54:51	39
48.82012	2.33887	1	2009-05-14:16:54:51	39
48.82011	2.33893	1	2009-05-14:16:54:51	39
48.82009	2.33899	1	2009-05-14:16:54:51	39
48.82008	2.33904	1	2009-05-14:16:54:51	39
48.82006	2.3391	1	2009-05-14:16:54:51	39
48.82005	2.33915	1	2009-05-14:16:54:51	39
48.82004	2.33921	1	2009-05-14:16:54:51	39
48.82003	2.33927	1	2009-05-14:16:54:51	39
48.82002	2.33932	1	2009-05-14:16:54:51	39
48.82001	2.33943	1	2009-05-14:16:54:51	39
48.82001	2.33952	1	2009-05-14:16:54:51	39
48.82	2.33956	1	2009-05-14:16:54:51	39
48.81999	2.33959	1	2009-05-14:16:54:51	39
48.81998	2.33962	1	2009-05-14:16:54:51	39
48.81997	2.33964	1	2009-05-14:16:54:51	39
48.81998	2.33966	1	2009-05-14:16:54:51	39
48.81997	2.33968	1	2009-05-14:16:54:51	39
48.81997	2.33968	1	2009-05-14:16:54:51	39
48.8174	2.33131	1	2009-05-18:07:12:45	40
48.8175	2.32959	1	2009-05-18:07:12:45	40
48.81747	2.32854	1	2009-05-18:07:12:45	40
48.81737	2.32807	1	2009-05-18:07:12:45	40
48.81753	2.32668	1	2009-05-18:07:12:45	40
48.8175	2.32561	1	2009-05-18:07:12:45	40
48.8183	2.32234	1	2009-05-18:07:12:45	40
48.81828	2.32095	1	2009-05-18:07:12:45	40
48.81844	2.32003	1	2009-05-18:07:12:45	40
48.81802	2.3187	1	2009-05-18:07:12:45	40
48.81754	2.31768	1	2009-05-18:07:12:45	40
48.81665	2.31334	1	2009-05-18:07:12:45	40
48.81632	2.31221	1	2009-05-18:07:12:45	40
48.81651	2.31065	1	2009-05-18:07:12:45	40
48.81608	2.30732	1	2009-05-18:07:12:45	40
48.81614	2.30638	1	2009-05-18:07:12:45	40
48.81545	2.30545	1	2009-05-18:07:12:45	40
48.81513	2.30383	1	2009-05-18:07:12:45	40
48.81414	2.30285	1	2009-05-18:07:12:45	40
48.81341	2.30196	1	2009-05-18:07:12:45	40
48.81258	2.30143	1	2009-05-18:07:12:45	40
48.81189	2.30065	1	2009-05-18:07:12:45	40
48.81111	2.30027	1	2009-05-18:07:12:45	40
48.81044	2.29954	1	2009-05-18:07:12:45	40
48.80977	2.29881	1	2009-05-18:07:12:45	40
48.80951	2.29786	1	2009-05-18:07:12:45	40
48.80875	2.29718	1	2009-05-18:07:12:45	40
48.80846	2.29606	1	2009-05-18:07:12:45	40
48.8079	2.29495	1	2009-05-18:07:12:45	40
48.80727	2.294	1	2009-05-18:07:12:45	40
48.80671	2.29307	1	2009-05-18:07:12:45	40
48.80616	2.292	1	2009-05-18:07:12:45	40
48.80572	2.29124	1	2009-05-18:07:12:45	40
48.80543	2.29072	1	2009-05-18:07:12:45	40
48.8048	2.28981	1	2009-05-18:07:12:45	40
48.80425	2.28888	1	2009-05-18:07:12:45	40
48.80366	2.28808	1	2009-05-18:07:12:45	40
48.80297	2.28737	1	2009-05-18:07:12:45	40
48.8024	2.28634	1	2009-05-18:07:12:45	40
48.80189	2.28536	1	2009-05-18:07:12:45	40
48.80137	2.28442	1	2009-05-18:07:12:45	40
48.80085	2.28341	1	2009-05-18:07:12:45	40
48.80024	2.28242	1	2009-05-18:07:12:45	40
48.79969	2.28142	1	2009-05-18:07:12:45	40
48.79907	2.28046	1	2009-05-18:07:12:45	40
48.79855	2.27943	1	2009-05-18:07:12:45	40
48.79799	2.27842	1	2009-05-18:07:12:45	40
48.79737	2.27755	1	2009-05-18:07:12:45	40
48.79674	2.27659	1	2009-05-18:07:12:45	40
48.79619	2.27551	1	2009-05-18:07:12:45	40
48.7956	2.27456	1	2009-05-18:07:12:45	40
48.79509	2.27356	1	2009-05-18:07:12:45	40
48.79454	2.27261	1	2009-05-18:07:12:45	40
48.79394	2.27159	1	2009-05-18:07:12:45	40
48.79336	2.27056	1	2009-05-18:07:12:45	40
48.79292	2.26957	1	2009-05-18:07:12:45	40
48.79247	2.26853	1	2009-05-18:07:12:45	40
48.79202	2.26738	1	2009-05-18:07:12:45	40
48.79157	2.26629	1	2009-05-18:07:12:45	40
48.79111	2.26513	1	2009-05-18:07:12:45	40
48.7907	2.26411	1	2009-05-18:07:12:45	40
48.79022	2.26301	1	2009-05-18:07:12:45	40
48.78977	2.26188	1	2009-05-18:07:12:45	40
48.78935	2.26082	1	2009-05-18:07:12:45	40
48.78913	2.26029	1	2009-05-18:07:12:45	40
48.78868	2.25919	1	2009-05-18:07:12:45	40
48.78827	2.25812	1	2009-05-18:07:12:45	40
48.78783	2.25707	1	2009-05-18:07:12:45	40
48.78739	2.25605	1	2009-05-18:07:12:45	40
48.78694	2.25497	1	2009-05-18:07:12:45	40
48.78655	2.2539	1	2009-05-18:07:12:45	40
48.78612	2.25285	1	2009-05-18:07:12:45	40
48.78566	2.25174	1	2009-05-18:07:12:45	40
48.78514	2.25078	1	2009-05-18:07:12:45	40
48.78476	2.24969	1	2009-05-18:07:12:45	40
48.78435	2.24865	1	2009-05-18:07:12:45	40
48.78396	2.24753	1	2009-05-18:07:12:45	40
48.78349	2.24642	1	2009-05-18:07:12:45	40
48.78306	2.24539	1	2009-05-18:07:12:45	40
48.78264	2.24435	1	2009-05-18:07:12:45	40
48.78217	2.24333	1	2009-05-18:07:12:45	40
48.78176	2.24229	1	2009-05-18:07:12:45	40
48.78123	2.24134	1	2009-05-18:07:12:45	40
48.78083	2.24035	1	2009-05-18:07:12:45	40
48.78047	2.23929	1	2009-05-18:07:12:45	40
48.78006	2.23818	1	2009-05-18:07:12:45	40
48.77964	2.23721	1	2009-05-18:07:12:45	40
48.77921	2.23615	1	2009-05-18:07:12:45	40
48.77875	2.23513	1	2009-05-18:07:12:45	40
48.77835	2.23404	1	2009-05-18:07:12:45	40
48.77794	2.23303	1	2009-05-18:07:12:45	40
48.7775	2.23208	1	2009-05-18:07:12:45	40
48.77711	2.23102	1	2009-05-18:07:12:45	40
48.77671	2.22998	1	2009-05-18:07:12:45	40
48.77619	2.22903	1	2009-05-18:07:12:45	40
48.77547	2.22868	1	2009-05-18:07:12:45	40
48.77465	2.22874	1	2009-05-18:07:12:45	40
48.77379	2.22886	1	2009-05-18:07:12:45	40
48.77298	2.22894	1	2009-05-18:07:12:45	40
48.77218	2.22908	1	2009-05-18:07:12:45	40
48.77144	2.22913	1	2009-05-18:07:12:45	40
48.77007	2.22895	1	2009-05-18:07:12:45	40
48.76923	2.22927	1	2009-05-18:07:12:45	40
48.76843	2.22957	1	2009-05-18:07:12:45	40
48.76757	2.22966	1	2009-05-18:07:12:45	40
48.76682	2.22948	1	2009-05-18:07:12:45	40
48.7661	2.22908	1	2009-05-18:07:12:45	40
48.76543	2.22831	1	2009-05-18:07:12:45	40
48.76479	2.22762	1	2009-05-18:07:12:45	40
48.7641	2.22692	1	2009-05-18:07:12:45	40
48.76348	2.22614	1	2009-05-18:07:12:45	40
48.76293	2.22525	1	2009-05-18:07:12:45	40
48.76227	2.22449	1	2009-05-18:07:12:45	40
48.76169	2.22365	1	2009-05-18:07:12:45	40
48.76126	2.22263	1	2009-05-18:07:12:45	40
48.7606	2.22195	1	2009-05-18:07:12:45	40
48.76	2.22114	1	2009-05-18:07:12:45	40
48.75933	2.22042	1	2009-05-18:07:12:45	40
48.7586	2.21978	1	2009-05-18:07:12:45	40
48.75785	2.21918	1	2009-05-18:07:12:45	40
48.75713	2.21858	1	2009-05-18:07:12:45	40
48.7564	2.21801	1	2009-05-18:07:12:45	40
48.75581	2.21722	1	2009-05-18:07:12:45	40
48.75534	2.21612	1	2009-05-18:07:12:45	40
48.7549	2.21517	1	2009-05-18:07:12:45	40
48.75415	2.21565	1	2009-05-18:07:12:45	40
48.75304	2.21554	1	2009-05-18:07:12:45	40
48.75272	2.21506	1	2009-05-18:07:12:45	40
48.75238	2.2147	1	2009-05-18:07:12:45	40
48.75203	2.21431	1	2009-05-18:07:12:45	40
48.7515	2.21348	1	2009-05-18:07:12:45	40
48.75095	2.21255	1	2009-05-18:07:12:45	40
48.75052	2.21144	1	2009-05-18:07:12:45	40
48.7508	2.21031	1	2009-05-18:07:12:45	40
48.75116	2.20917	1	2009-05-18:07:12:45	40
48.75151	2.20803	1	2009-05-18:07:12:45	40
48.75184	2.2069	1	2009-05-18:07:12:45	40
48.75217	2.20588	1	2009-05-18:07:12:45	40
48.75247	2.20481	1	2009-05-18:07:12:45	40
48.75284	2.20373	1	2009-05-18:07:12:45	40
48.75323	2.20261	1	2009-05-18:07:12:45	40
48.75361	2.20152	1	2009-05-18:07:12:45	40
48.754	2.20046	1	2009-05-18:07:12:45	40
48.75437	2.19938	1	2009-05-18:07:12:45	40
48.75475	2.19835	1	2009-05-18:07:12:45	40
48.75512	2.19729	1	2009-05-18:07:12:45	40
48.75552	2.19621	1	2009-05-18:07:12:45	40
48.75591	2.19513	1	2009-05-18:07:12:45	40
48.75628	2.19406	1	2009-05-18:07:12:45	40
48.75665	2.193	1	2009-05-18:07:12:45	40
48.75713	2.19199	1	2009-05-18:07:12:45	40
48.75769	2.19113	1	2009-05-18:07:12:45	40
48.75805	2.19005	1	2009-05-18:07:12:45	40
48.75835	2.18887	1	2009-05-18:07:12:45	40
48.75873	2.18777	1	2009-05-18:07:12:45	40
48.75917	2.18681	1	2009-05-18:07:12:45	40
48.75978	2.18593	1	2009-05-18:07:12:45	40
48.76035	2.18515	1	2009-05-18:07:12:45	40
48.76092	2.18432	1	2009-05-18:07:12:45	40
48.76135	2.18327	1	2009-05-18:07:12:45	40
48.76164	2.18212	1	2009-05-18:07:12:45	40
48.76177	2.18091	1	2009-05-18:07:12:45	40
48.76172	2.17964	1	2009-05-18:07:12:45	40
48.76194	2.17853	1	2009-05-18:07:12:45	40
48.76235	2.17744	1	2009-05-18:07:12:45	40
48.76272	2.17634	1	2009-05-18:07:12:45	40
48.76311	2.17528	1	2009-05-18:07:12:45	40
48.76345	2.17416	1	2009-05-18:07:12:45	40
48.76366	2.17301	1	2009-05-18:07:12:45	40
48.76388	2.17183	1	2009-05-18:07:12:45	40
48.76404	2.1714	1	2009-05-18:07:12:45	40
48.76439	2.17159	1	2009-05-18:07:12:45	40
48.76405	2.17268	1	2009-05-18:07:12:45	40
48.76412	2.17389	1	2009-05-18:07:12:45	40
48.76455	2.17494	1	2009-05-18:07:12:45	40
48.76516	2.17577	1	2009-05-18:07:12:45	40
48.76529	2.17701	1	2009-05-18:07:12:45	40
48.7653	2.17827	1	2009-05-18:07:12:45	40
48.76563	2.17945	1	2009-05-18:07:12:45	40
48.76616	2.17978	1	2009-05-18:07:12:45	40
48.76619	2.17982	1	2009-05-18:07:12:45	40
48.76621	2.17986	1	2009-05-18:07:12:45	40
48.76623	2.17989	1	2009-05-18:07:12:45	40
48.76624	2.17992	1	2009-05-18:07:12:45	40
48.76626	2.17995	1	2009-05-18:07:12:45	40
48.76628	2.17996	1	2009-05-18:07:12:45	40
48.76627	2.17998	1	2009-05-18:07:12:45	40
48.76627	2.18	1	2009-05-18:07:12:45	40
48.76626	2.18003	1	2009-05-18:07:12:45	40
48.76624	2.18003	1	2009-05-18:07:12:45	40
48.76624	2.18	1	2009-05-18:07:12:45	40
48.76626	2.18001	1	2009-05-18:07:12:45	40
48.76627	2.18003	1	2009-05-18:07:12:45	40
48.76628	2.17996	1	2009-05-18:07:12:45	40
48.76628	2.17994	1	2009-05-18:07:12:45	40
48.76625	2.18	1	2009-05-18:07:12:45	40
48.76624	2.18002	1	2009-05-18:07:12:45	40
48.76624	2.18004	1	2009-05-18:07:12:45	40
48.76625	2.18006	1	2009-05-18:07:12:45	40
48.76624	2.18008	1	2009-05-18:07:12:45	40
48.76626	2.18004	1	2009-05-18:07:12:45	40
48.76614	2.18031	1	2009-05-18:07:12:45	40
48.82119	2.33435	1	2009-05-19:07:16:30	41
48.8201	2.33363	1	2009-05-19:07:16:30	41
48.81925	2.33311	1	2009-05-19:07:16:30	41
48.81753	2.33264	1	2009-05-19:07:16:30	41
48.81722	2.33173	1	2009-05-19:07:16:30	41
48.817	2.33003	1	2009-05-19:07:16:30	41
48.81702	2.32886	1	2009-05-19:07:16:30	41
48.81727	2.32789	1	2009-05-19:07:16:30	41
48.81722	2.3264	1	2009-05-19:07:16:30	41
48.81754	2.32535	1	2009-05-19:07:16:30	41
48.81771	2.324	1	2009-05-19:07:16:30	41
48.81781	2.32271	1	2009-05-19:07:16:30	41
48.8181	2.32173	1	2009-05-19:07:16:30	41
48.81818	2.32035	1	2009-05-19:07:16:30	41
48.81857	2.31916	1	2009-05-19:07:16:30	41
48.81804	2.31797	1	2009-05-19:07:16:30	41
48.81772	2.31669	1	2009-05-19:07:16:30	41
48.81721	2.31551	1	2009-05-19:07:16:30	41
48.81693	2.31412	1	2009-05-19:07:16:30	41
48.81657	2.31276	1	2009-05-19:07:16:30	41
48.81622	2.31141	1	2009-05-19:07:16:30	41
48.81605	2.30997	1	2009-05-19:07:16:30	41
48.81598	2.30853	1	2009-05-19:07:16:30	41
48.81609	2.30726	1	2009-05-19:07:16:30	41
48.81621	2.30585	1	2009-05-19:07:16:30	41
48.81553	2.30489	1	2009-05-19:07:16:30	41
48.8149	2.30398	1	2009-05-19:07:16:30	41
48.81416	2.30299	1	2009-05-19:07:16:30	41
48.81346	2.30212	1	2009-05-19:07:16:30	41
48.81265	2.30145	1	2009-05-19:07:16:30	41
48.81191	2.30048	1	2009-05-19:07:16:30	41
48.81105	2.29984	1	2009-05-19:07:16:30	41
48.81051	2.29928	1	2009-05-19:07:16:30	41
48.81014	2.29874	1	2009-05-19:07:16:30	41
48.8096	2.29824	1	2009-05-19:07:16:30	41
48.80902	2.2974	1	2009-05-19:07:16:30	41
48.8084	2.29661	1	2009-05-19:07:16:30	41
48.80793	2.29557	1	2009-05-19:07:16:30	41
48.8075	2.2945	1	2009-05-19:07:16:30	41
48.80731	2.29377	1	2009-05-19:07:16:30	41
48.8067	2.29292	1	2009-05-19:07:16:30	41
48.80614	2.29201	1	2009-05-19:07:16:30	41
48.80557	2.29096	1	2009-05-19:07:16:30	41
48.80498	2.29002	1	2009-05-19:07:16:30	41
48.80446	2.28912	1	2009-05-19:07:16:30	41
48.80393	2.28803	1	2009-05-19:07:16:30	41
48.80323	2.28738	1	2009-05-19:07:16:30	41
48.80276	2.28664	1	2009-05-19:07:16:30	41
48.80222	2.28564	1	2009-05-19:07:16:30	41
48.80163	2.2847	1	2009-05-19:07:16:30	41
48.80114	2.28367	1	2009-05-19:07:16:30	41
48.80057	2.28276	1	2009-05-19:07:16:30	41
48.8	2.28175	1	2009-05-19:07:16:30	41
48.79938	2.28085	1	2009-05-19:07:16:30	41
48.79887	2.27987	1	2009-05-19:07:16:30	41
48.79824	2.27904	1	2009-05-19:07:16:30	41
48.79773	2.27807	1	2009-05-19:07:16:30	41
48.79709	2.2773	1	2009-05-19:07:16:30	41
48.79661	2.27623	1	2009-05-19:07:16:30	41
48.79608	2.27523	1	2009-05-19:07:16:30	41
48.7955	2.27424	1	2009-05-19:07:16:30	41
48.79491	2.27318	1	2009-05-19:07:16:30	41
48.79432	2.27222	1	2009-05-19:07:16:30	41
48.79372	2.27123	1	2009-05-19:07:16:30	41
48.79344	2.2707	1	2009-05-19:07:16:30	41
48.79306	2.26995	1	2009-05-19:07:16:30	41
48.79261	2.2689	1	2009-05-19:07:16:30	41
48.79221	2.26778	1	2009-05-19:07:16:30	41
48.79178	2.26673	1	2009-05-19:07:16:30	41
48.79133	2.26565	1	2009-05-19:07:16:30	41
48.79091	2.26462	1	2009-05-19:07:16:30	41
48.79047	2.26358	1	2009-05-19:07:16:30	41
48.79005	2.26255	1	2009-05-19:07:16:30	41
48.78962	2.26148	1	2009-05-19:07:16:30	41
48.78919	2.26045	1	2009-05-19:07:16:30	41
48.78871	2.25941	1	2009-05-19:07:16:30	41
48.78832	2.25834	1	2009-05-19:07:16:30	41
48.7879	2.2573	1	2009-05-19:07:16:30	41
48.78749	2.25631	1	2009-05-19:07:16:30	41
48.78706	2.25527	1	2009-05-19:07:16:30	41
48.78665	2.2542	1	2009-05-19:07:16:30	41
48.78621	2.25308	1	2009-05-19:07:16:30	41
48.78578	2.25203	1	2009-05-19:07:16:30	41
48.78531	2.25094	1	2009-05-19:07:16:30	41
48.78485	2.24994	1	2009-05-19:07:16:30	41
48.78443	2.24887	1	2009-05-19:07:16:30	41
48.78408	2.24785	1	2009-05-19:07:16:30	41
48.7837	2.24679	1	2009-05-19:07:16:30	41
48.78323	2.2458	1	2009-05-19:07:16:30	41
48.78278	2.2448	1	2009-05-19:07:16:30	41
48.78233	2.24363	1	2009-05-19:07:16:30	41
48.7819	2.24261	1	2009-05-19:07:16:30	41
48.78146	2.24154	1	2009-05-19:07:16:30	41
48.78099	2.24051	1	2009-05-19:07:16:30	41
48.78065	2.23947	1	2009-05-19:07:16:30	41
48.78038	2.23887	1	2009-05-19:07:16:30	41
48.77991	2.23784	1	2009-05-19:07:16:30	41
48.7795	2.23677	1	2009-05-19:07:16:30	41
48.77904	2.23574	1	2009-05-19:07:16:30	41
48.77862	2.23465	1	2009-05-19:07:16:30	41
48.77819	2.23364	1	2009-05-19:07:16:30	41
48.7778	2.2326	1	2009-05-19:07:16:30	41
48.77733	2.23158	1	2009-05-19:07:16:30	41
48.77702	2.23043	1	2009-05-19:07:16:30	41
48.77648	2.22953	1	2009-05-19:07:16:30	41
48.77585	2.22872	1	2009-05-19:07:16:30	41
48.77506	2.22869	1	2009-05-19:07:16:30	41
48.77417	2.2288	1	2009-05-19:07:16:30	41
48.7733	2.2289	1	2009-05-19:07:16:30	41
48.77245	2.22904	1	2009-05-19:07:16:30	41
48.77162	2.22914	1	2009-05-19:07:16:30	41
48.7708	2.22914	1	2009-05-19:07:16:30	41
48.76959	2.22919	1	2009-05-19:07:16:30	41
48.76876	2.22956	1	2009-05-19:07:16:30	41
48.76791	2.22963	1	2009-05-19:07:16:30	41
48.76705	2.22954	1	2009-05-19:07:16:30	41
48.76621	2.22917	1	2009-05-19:07:16:30	41
48.76552	2.22841	1	2009-05-19:07:16:30	41
48.76479	2.22761	1	2009-05-19:07:16:30	41
48.7642	2.22693	1	2009-05-19:07:16:30	41
48.76348	2.22611	1	2009-05-19:07:16:30	41
48.76291	2.22504	1	2009-05-19:07:16:30	41
48.76227	2.2244	1	2009-05-19:07:16:30	41
48.76172	2.22348	1	2009-05-19:07:16:30	41
48.76119	2.22251	1	2009-05-19:07:16:30	41
48.76055	2.22174	1	2009-05-19:07:16:30	41
48.75989	2.22093	1	2009-05-19:07:16:30	41
48.75954	2.22057	1	2009-05-19:07:16:30	41
48.75886	2.21997	1	2009-05-19:07:16:30	41
48.75816	2.21935	1	2009-05-19:07:16:30	41
48.75744	2.21876	1	2009-05-19:07:16:30	41
48.75672	2.21821	1	2009-05-19:07:16:30	41
48.75604	2.21758	1	2009-05-19:07:16:30	41
48.75552	2.21666	1	2009-05-19:07:16:30	41
48.75504	2.21568	1	2009-05-19:07:16:30	41
48.75462	2.21522	1	2009-05-19:07:16:30	41
48.75396	2.21583	1	2009-05-19:07:16:30	41
48.75318	2.21558	1	2009-05-19:07:16:30	41
48.75256	2.21483	1	2009-05-19:07:16:30	41
48.75196	2.21414	1	2009-05-19:07:16:30	41
48.75141	2.2133	1	2009-05-19:07:16:30	41
48.75082	2.2123	1	2009-05-19:07:16:30	41
48.75061	2.2111	1	2009-05-19:07:16:30	41
48.75092	2.21001	1	2009-05-19:07:16:30	41
48.75126	2.20885	1	2009-05-19:07:16:30	41
48.7516	2.20775	1	2009-05-19:07:16:30	41
48.75193	2.20664	1	2009-05-19:07:16:30	41
48.75225	2.20552	1	2009-05-19:07:16:30	41
48.75258	2.20443	1	2009-05-19:07:16:30	41
48.75295	2.20338	1	2009-05-19:07:16:30	41
48.75334	2.20232	1	2009-05-19:07:16:30	41
48.75373	2.20123	1	2009-05-19:07:16:30	41
48.75412	2.20018	1	2009-05-19:07:16:30	41
48.7545	2.19913	1	2009-05-19:07:16:30	41
48.75488	2.19807	1	2009-05-19:07:16:30	41
48.75526	2.19695	1	2009-05-19:07:16:30	41
48.75565	2.19588	1	2009-05-19:07:16:30	41
48.75604	2.19479	1	2009-05-19:07:16:30	41
48.75642	2.19375	1	2009-05-19:07:16:30	41
48.75679	2.19272	1	2009-05-19:07:16:30	41
48.75729	2.19183	1	2009-05-19:07:16:30	41
48.75782	2.19093	1	2009-05-19:07:16:30	41
48.75814	2.18977	1	2009-05-19:07:16:30	41
48.75841	2.18864	1	2009-05-19:07:16:30	41
48.75882	2.18756	1	2009-05-19:07:16:30	41
48.75932	2.18663	1	2009-05-19:07:16:30	41
48.75989	2.18582	1	2009-05-19:07:16:30	41
48.76051	2.18505	1	2009-05-19:07:16:30	41
48.76101	2.18415	1	2009-05-19:07:16:30	41
48.76143	2.18308	1	2009-05-19:07:16:30	41
48.76167	2.18195	1	2009-05-19:07:16:30	41
48.76179	2.1807	1	2009-05-19:07:16:30	41
48.76175	2.17946	1	2009-05-19:07:16:30	41
48.76199	2.17834	1	2009-05-19:07:16:30	41
48.76239	2.17729	1	2009-05-19:07:16:30	41
48.76279	2.17621	1	2009-05-19:07:16:30	41
48.76318	2.17517	1	2009-05-19:07:16:30	41
48.76352	2.17403	1	2009-05-19:07:16:30	41
48.7637	2.17287	1	2009-05-19:07:16:30	41
48.76392	2.17165	1	2009-05-19:07:16:30	41
48.76441	2.17143	1	2009-05-19:07:16:30	41
48.76406	2.17253	1	2009-05-19:07:16:30	41
48.76405	2.17374	1	2009-05-19:07:16:30	41
48.76448	2.17477	1	2009-05-19:07:16:30	41
48.76513	2.17567	1	2009-05-19:07:16:30	41
48.76525	2.17694	1	2009-05-19:07:16:30	41
48.76529	2.17823	1	2009-05-19:07:16:30	41
48.76561	2.17943	1	2009-05-19:07:16:30	41
48.76601	2.1796	1	2009-05-19:07:16:30	41
48.76603	2.17962	1	2009-05-19:07:16:30	41
48.76605	2.17964	1	2009-05-19:07:16:30	41
48.76607	2.17966	1	2009-05-19:07:16:30	41
48.76608	2.17969	1	2009-05-19:07:16:30	41
48.76609	2.17971	1	2009-05-19:07:16:30	41
48.76609	2.17974	1	2009-05-19:07:16:30	41
48.7661	2.17977	1	2009-05-19:07:16:30	41
48.76612	2.17981	1	2009-05-19:07:16:30	41
48.76613	2.17983	1	2009-05-19:07:16:30	41
48.76616	2.17986	1	2009-05-19:07:16:30	41
48.76618	2.17988	1	2009-05-19:07:16:30	41
48.7662	2.17991	1	2009-05-19:07:16:30	41
48.76622	2.17993	1	2009-05-19:07:16:30	41
48.76624	2.17996	1	2009-05-19:07:16:30	41
48.76625	2.17998	1	2009-05-19:07:16:30	41
48.76625	2.18001	1	2009-05-19:07:16:30	41
48.76624	2.18003	1	2009-05-19:07:16:30	41
48.76626	2.18008	1	2009-05-19:07:16:30	41
48.76623	2.18011	1	2009-05-19:07:16:30	41
48.76625	2.18003	1	2009-05-19:07:16:30	41
48.76626	2.18	1	2009-05-19:07:16:30	41
48.76627	2.17997	1	2009-05-19:07:16:30	41
48.76634	2.18011	1	2009-05-19:17:16:32	42
48.76544	2.17921	1	2009-05-19:17:16:32	42
48.76528	2.17759	1	2009-05-19:17:16:32	42
48.76527	2.17615	1	2009-05-19:17:16:32	42
48.76463	2.17505	1	2009-05-19:17:16:32	42
48.76405	2.17377	1	2009-05-19:17:16:32	42
48.76415	2.17235	1	2009-05-19:17:16:32	42
48.76453	2.17099	1	2009-05-19:17:16:32	42
48.76387	2.17185	1	2009-05-19:17:16:32	42
48.7636	2.17356	1	2009-05-19:17:16:32	42
48.76327	2.17509	1	2009-05-19:17:16:32	42
48.76273	2.17644	1	2009-05-19:17:16:32	42
48.76228	2.17776	1	2009-05-19:17:16:32	42
48.76184	2.17886	1	2009-05-19:17:16:32	42
48.76168	2.18024	1	2009-05-19:17:16:32	42
48.76156	2.18212	1	2009-05-19:17:16:32	42
48.76104	2.18388	1	2009-05-19:17:16:32	42
48.76014	2.1854	1	2009-05-19:17:16:32	42
48.75926	2.18657	1	2009-05-19:17:16:32	42
48.75859	2.18794	1	2009-05-19:17:16:32	42
48.75821	2.18927	1	2009-05-19:17:16:32	42
48.75792	2.19052	1	2009-05-19:17:16:32	42
48.7572	2.19192	1	2009-05-19:17:16:32	42
48.75649	2.19349	1	2009-05-19:17:16:32	42
48.75586	2.19519	1	2009-05-19:17:16:32	42
48.75524	2.19686	1	2009-05-19:17:16:32	42
48.75462	2.19862	1	2009-05-19:17:16:32	42
48.75398	2.2002	1	2009-05-19:17:16:32	42
48.75343	2.20196	1	2009-05-19:17:16:32	42
48.75287	2.20355	1	2009-05-19:17:16:32	42
48.75235	2.20521	1	2009-05-19:17:16:32	42
48.75184	2.20692	1	2009-05-19:17:16:32	42
48.75142	2.20822	1	2009-05-19:17:16:32	42
48.75116	2.20899	1	2009-05-19:17:16:32	42
48.75088	2.2099	1	2009-05-19:17:16:32	42
48.75053	2.21115	1	2009-05-19:17:16:32	42
48.75076	2.2123	1	2009-05-19:17:16:32	42
48.75138	2.21337	1	2009-05-19:17:16:32	42
48.75198	2.21427	1	2009-05-19:17:16:32	42
48.75264	2.21507	1	2009-05-19:17:16:32	42
48.75333	2.21585	1	2009-05-19:17:16:32	42
48.75413	2.2157	1	2009-05-19:17:16:32	42
48.75491	2.21527	1	2009-05-19:17:16:32	42
48.75543	2.21632	1	2009-05-19:17:16:32	42
48.75594	2.21744	1	2009-05-19:17:16:32	42
48.75667	2.21819	1	2009-05-19:17:16:32	42
48.75744	2.21886	1	2009-05-19:17:16:32	42
48.75813	2.21941	1	2009-05-19:17:16:32	42
48.75889	2.22003	1	2009-05-19:17:16:32	42
48.75969	2.22075	1	2009-05-19:17:16:32	42
48.76044	2.2216	1	2009-05-19:17:16:32	42
48.7611	2.22244	1	2009-05-19:17:16:32	42
48.76163	2.22336	1	2009-05-19:17:16:32	42
48.7621	2.22429	1	2009-05-19:17:16:32	42
48.76276	2.22499	1	2009-05-19:17:16:32	42
48.76335	2.22603	1	2009-05-19:17:16:32	42
48.76399	2.22679	1	2009-05-19:17:16:32	42
48.76467	2.2275	1	2009-05-19:17:16:32	42
48.76532	2.22822	1	2009-05-19:17:16:32	42
48.76598	2.22895	1	2009-05-19:17:16:32	42
48.7666	2.22985	1	2009-05-19:17:16:32	42
48.76712	2.23048	1	2009-05-19:17:16:32	42
48.76801	2.23036	1	2009-05-19:17:16:32	42
48.76886	2.23039	1	2009-05-19:17:16:32	42
48.76926	2.23037	1	2009-05-19:17:16:32	42
48.7699	2.2302	1	2009-05-19:17:16:32	42
48.7707	2.22975	1	2009-05-19:17:16:32	42
48.77153	2.22944	1	2009-05-19:17:16:32	42
48.77234	2.22929	1	2009-05-19:17:16:32	42
48.77316	2.22918	1	2009-05-19:17:16:32	42
48.774	2.22905	1	2009-05-19:17:16:32	42
48.77484	2.22891	1	2009-05-19:17:16:32	42
48.77568	2.22886	1	2009-05-19:17:16:32	42
48.77637	2.22959	1	2009-05-19:17:16:32	42
48.77674	2.23073	1	2009-05-19:17:16:32	42
48.77728	2.23175	1	2009-05-19:17:16:32	42
48.77774	2.23281	1	2009-05-19:17:16:32	42
48.77817	2.23386	1	2009-05-19:17:16:32	42
48.7786	2.235	1	2009-05-19:17:16:32	42
48.77905	2.23607	1	2009-05-19:17:16:32	42
48.77953	2.23708	1	2009-05-19:17:16:32	42
48.77996	2.23816	1	2009-05-19:17:16:32	42
48.78037	2.23929	1	2009-05-19:17:16:32	42
48.7808	2.24027	1	2009-05-19:17:16:32	42
48.7812	2.24124	1	2009-05-19:17:16:32	42
48.78162	2.24225	1	2009-05-19:17:16:32	42
48.78202	2.24324	1	2009-05-19:17:16:32	42
48.78245	2.24426	1	2009-05-19:17:16:32	42
48.78284	2.24532	1	2009-05-19:17:16:32	42
48.78328	2.24644	1	2009-05-19:17:16:32	42
48.78373	2.2475	1	2009-05-19:17:16:32	42
48.78418	2.24859	1	2009-05-19:17:16:32	42
48.78463	2.24964	1	2009-05-19:17:16:32	42
48.78507	2.25069	1	2009-05-19:17:16:32	42
48.78548	2.25177	1	2009-05-19:17:16:32	42
48.78591	2.25284	1	2009-05-19:17:16:32	42
48.7863	2.2538	1	2009-05-19:17:16:32	42
48.78671	2.25477	1	2009-05-19:17:16:32	42
48.78714	2.25581	1	2009-05-19:17:16:32	42
48.78756	2.2568	1	2009-05-19:17:16:32	42
48.78802	2.25795	1	2009-05-19:17:16:32	42
48.78844	2.259	1	2009-05-19:17:16:32	42
48.78888	2.26002	1	2009-05-19:17:16:32	42
48.78932	2.26106	1	2009-05-19:17:16:32	42
48.78974	2.26218	1	2009-05-19:17:16:32	42
48.79016	2.26325	1	2009-05-19:17:16:32	42
48.79063	2.26433	1	2009-05-19:17:16:32	42
48.79105	2.26533	1	2009-05-19:17:16:32	42
48.7915	2.26646	1	2009-05-19:17:16:32	42
48.7919	2.26741	1	2009-05-19:17:16:32	42
48.79236	2.26855	1	2009-05-19:17:16:32	42
48.79276	2.2695	1	2009-05-19:17:16:32	42
48.79324	2.27051	1	2009-05-19:17:16:32	42
48.79374	2.27154	1	2009-05-19:17:16:32	42
48.79427	2.27249	1	2009-05-19:17:16:32	42
48.79483	2.27342	1	2009-05-19:17:16:32	42
48.79537	2.27435	1	2009-05-19:17:16:32	42
48.79592	2.2753	1	2009-05-19:17:16:32	42
48.79652	2.27635	1	2009-05-19:17:16:32	42
48.79706	2.2772	1	2009-05-19:17:16:32	42
48.7976	2.27816	1	2009-05-19:17:16:32	42
48.79818	2.27914	1	2009-05-19:17:16:32	42
48.79871	2.28004	1	2009-05-19:17:16:32	42
48.79926	2.28098	1	2009-05-19:17:16:32	42
48.79982	2.28201	1	2009-05-19:17:16:32	42
48.80034	2.28287	1	2009-05-19:17:16:32	42
48.80075	2.28385	1	2009-05-19:17:16:32	42
48.80111	2.28421	1	2009-05-19:17:16:32	42
48.80163	2.28506	1	2009-05-19:17:16:32	42
48.80216	2.28587	1	2009-05-19:17:16:32	42
48.8027	2.28668	1	2009-05-19:17:16:32	42
48.80327	2.28761	1	2009-05-19:17:16:32	42
48.8038	2.28854	1	2009-05-19:17:16:32	42
48.80436	2.28942	1	2009-05-19:17:16:32	42
48.80494	2.29028	1	2009-05-19:17:16:32	42
48.80553	2.29112	1	2009-05-19:17:16:32	42
48.80609	2.29205	1	2009-05-19:17:16:32	42
48.80664	2.29303	1	2009-05-19:17:16:32	42
48.80716	2.29405	1	2009-05-19:17:16:32	42
48.80766	2.29502	1	2009-05-19:17:16:32	42
48.80817	2.29598	1	2009-05-19:17:16:32	42
48.80864	2.29674	1	2009-05-19:17:16:32	42
48.80915	2.29765	1	2009-05-19:17:16:32	42
48.80964	2.29852	1	2009-05-19:17:16:32	42
48.81035	2.29914	1	2009-05-19:17:16:32	42
48.81082	2.29995	1	2009-05-19:17:16:32	42
48.81152	2.30053	1	2009-05-19:17:16:32	42
48.81157	2.30128	1	2009-05-19:17:16:32	42
48.8111	2.30227	1	2009-05-19:17:16:32	42
48.81149	2.30321	1	2009-05-19:17:16:32	42
48.81201	2.30412	1	2009-05-19:17:16:32	42
48.81252	2.30503	1	2009-05-19:17:16:32	42
48.81304	2.30593	1	2009-05-19:17:16:32	42
48.8136	2.30692	1	2009-05-19:17:16:32	42
48.81415	2.30779	1	2009-05-19:17:16:32	42
48.81464	2.30879	1	2009-05-19:17:16:32	42
48.8152	2.30972	1	2009-05-19:17:16:32	42
48.81576	2.31062	1	2009-05-19:17:16:32	42
48.81614	2.31163	1	2009-05-19:17:16:32	42
48.81656	2.31267	1	2009-05-19:17:16:32	42
48.81683	2.31386	1	2009-05-19:17:16:32	42
48.81716	2.31495	1	2009-05-19:17:16:32	42
48.81752	2.31604	1	2009-05-19:17:16:32	42
48.81788	2.31717	1	2009-05-19:17:16:32	42
48.81824	2.31829	1	2009-05-19:17:16:32	42
48.81847	2.31943	1	2009-05-19:17:16:32	42
48.81835	2.32063	1	2009-05-19:17:16:32	42
48.81814	2.32183	1	2009-05-19:17:16:32	42
48.81801	2.32303	1	2009-05-19:17:16:32	42
48.81779	2.3242	1	2009-05-19:17:16:32	42
48.81764	2.32536	1	2009-05-19:17:16:32	42
48.81752	2.3265	1	2009-05-19:17:16:32	42
48.81745	2.32766	1	2009-05-19:17:16:32	42
48.81721	2.32879	1	2009-05-19:17:16:32	42
48.81723	2.33005	1	2009-05-19:17:16:32	42
48.81706	2.33125	1	2009-05-19:17:16:32	42
48.81726	2.3323	1	2009-05-19:17:16:32	42
48.81803	2.33263	1	2009-05-19:17:16:32	42
48.81876	2.33309	1	2009-05-19:17:16:32	42
48.81955	2.33347	1	2009-05-19:17:16:32	42
48.8203	2.33388	1	2009-05-19:17:16:32	42
48.82102	2.33438	1	2009-05-19:17:16:32	42
48.82093	2.3356	1	2009-05-19:17:16:32	42
48.82067	2.33677	1	2009-05-19:17:16:32	42
48.82044	2.33788	1	2009-05-19:17:16:32	42
48.82025	2.33857	1	2009-05-19:17:16:32	42
48.82024	2.33863	1	2009-05-19:17:16:32	42
48.82023	2.33869	1	2009-05-19:17:16:32	42
48.82024	2.33874	1	2009-05-19:17:16:32	42
48.82022	2.33881	1	2009-05-19:17:16:32	42
48.82021	2.33887	1	2009-05-19:17:16:32	42
48.82019	2.33894	1	2009-05-19:17:16:32	42
48.82018	2.339	1	2009-05-19:17:16:32	42
48.82017	2.33906	1	2009-05-19:17:16:32	42
48.82016	2.33911	1	2009-05-19:17:16:32	42
48.82014	2.33917	1	2009-05-19:17:16:32	42
48.82015	2.33924	1	2009-05-19:17:16:32	42
48.82014	2.33931	1	2009-05-19:17:16:32	42
48.82013	2.33938	1	2009-05-19:17:16:32	42
48.82013	2.33945	1	2009-05-19:17:16:32	42
48.82013	2.33951	1	2009-05-19:17:16:32	42
48.82014	2.33956	1	2009-05-19:17:16:32	42
48.82016	2.3396	1	2009-05-19:17:16:32	42
48.82016	2.33963	1	2009-05-19:17:16:32	42
48.82017	2.33966	1	2009-05-19:17:16:32	42
48.82017	2.33968	1	2009-05-19:17:16:32	42
48.82018	2.3397	1	2009-05-19:17:16:32	42
48.82019	2.33971	1	2009-05-19:17:16:32	42
48.82001	2.33974	1	2009-05-20:08:14:40	43
48.82015	2.33814	1	2009-05-20:08:14:40	43
48.82047	2.33678	1	2009-05-20:08:14:40	43
48.82065	2.33547	1	2009-05-20:08:14:40	43
48.82104	2.33417	1	2009-05-20:08:14:40	43
48.82017	2.33371	1	2009-05-20:08:14:40	43
48.81942	2.33332	1	2009-05-20:08:14:40	43
48.81794	2.33258	1	2009-05-20:08:14:40	43
48.81715	2.33233	1	2009-05-20:08:14:40	43
48.81713	2.33099	1	2009-05-20:08:14:40	43
48.81727	2.32951	1	2009-05-20:08:14:40	43
48.81726	2.32823	1	2009-05-20:08:14:40	43
48.81741	2.32684	1	2009-05-20:08:14:40	43
48.81757	2.32548	1	2009-05-20:08:14:40	43
48.81779	2.32403	1	2009-05-20:08:14:40	43
48.81804	2.3226	1	2009-05-20:08:14:40	43
48.81827	2.32126	1	2009-05-20:08:14:40	43
48.81847	2.32002	1	2009-05-20:08:14:40	43
48.81837	2.31886	1	2009-05-20:08:14:40	43
48.81795	2.31762	1	2009-05-20:08:14:40	43
48.81763	2.31632	1	2009-05-20:08:14:40	43
48.81729	2.31521	1	2009-05-20:08:14:40	43
48.81693	2.31404	1	2009-05-20:08:14:40	43
48.81656	2.31277	1	2009-05-20:08:14:40	43
48.8162	2.31148	1	2009-05-20:08:14:40	43
48.81626	2.31009	1	2009-05-20:08:14:40	43
48.81626	2.30872	1	2009-05-20:08:14:40	43
48.81628	2.3074	1	2009-05-20:08:14:40	43
48.8164	2.3063	1	2009-05-20:08:14:40	43
48.8158	2.3052	1	2009-05-20:08:14:40	43
48.81515	2.30421	1	2009-05-20:08:14:40	43
48.81445	2.30343	1	2009-05-20:08:14:40	43
48.81393	2.30277	1	2009-05-20:08:14:40	43
48.81349	2.30222	1	2009-05-20:08:14:40	43
48.81275	2.30152	1	2009-05-20:08:14:40	43
48.81205	2.30073	1	2009-05-20:08:14:40	43
48.81146	2.30001	1	2009-05-20:08:14:40	43
48.81063	2.29933	1	2009-05-20:08:14:40	43
48.80996	2.2986	1	2009-05-20:08:14:40	43
48.80926	2.29778	1	2009-05-20:08:14:40	43
48.80871	2.29674	1	2009-05-20:08:14:40	43
48.80817	2.29578	1	2009-05-20:08:14:40	43
48.80752	2.29502	1	2009-05-20:08:14:40	43
48.80711	2.29387	1	2009-05-20:08:14:40	43
48.8066	2.29282	1	2009-05-20:08:14:40	43
48.80605	2.29195	1	2009-05-20:08:14:40	43
48.80556	2.29098	1	2009-05-20:08:14:40	43
48.80495	2.29006	1	2009-05-20:08:14:40	43
48.80436	2.28913	1	2009-05-20:08:14:40	43
48.80378	2.28819	1	2009-05-20:08:14:40	43
48.80318	2.28737	1	2009-05-20:08:14:40	43
48.80263	2.28642	1	2009-05-20:08:14:40	43
48.80197	2.28545	1	2009-05-20:08:14:40	43
48.80138	2.28442	1	2009-05-20:08:14:40	43
48.80079	2.28334	1	2009-05-20:08:14:40	43
48.80016	2.28243	1	2009-05-20:08:14:40	43
48.79964	2.28142	1	2009-05-20:08:14:40	43
48.7991	2.28054	1	2009-05-20:08:14:40	43
48.79852	2.27953	1	2009-05-20:08:14:40	43
48.79798	2.27859	1	2009-05-20:08:14:40	43
48.79738	2.2777	1	2009-05-20:08:14:40	43
48.79685	2.27675	1	2009-05-20:08:14:40	43
48.79629	2.2758	1	2009-05-20:08:14:40	43
48.79577	2.27484	1	2009-05-20:08:14:40	43
48.79533	2.27419	1	2009-05-20:08:14:40	43
48.79482	2.27315	1	2009-05-20:08:14:40	43
48.79427	2.2722	1	2009-05-20:08:14:40	43
48.79367	2.27124	1	2009-05-20:08:14:40	43
48.7932	2.27027	1	2009-05-20:08:14:40	43
48.79273	2.26926	1	2009-05-20:08:14:40	43
48.79232	2.26825	1	2009-05-20:08:14:40	43
48.79188	2.26716	1	2009-05-20:08:14:40	43
48.79147	2.26612	1	2009-05-20:08:14:40	43
48.79104	2.26508	1	2009-05-20:08:14:40	43
48.79059	2.26396	1	2009-05-20:08:14:40	43
48.79013	2.26282	1	2009-05-20:08:14:40	43
48.78968	2.2618	1	2009-05-20:08:14:40	43
48.78926	2.26078	1	2009-05-20:08:14:40	43
48.78883	2.25971	1	2009-05-20:08:14:40	43
48.78838	2.25863	1	2009-05-20:08:14:40	43
48.78794	2.25752	1	2009-05-20:08:14:40	43
48.78751	2.25644	1	2009-05-20:08:14:40	43
48.78708	2.25539	1	2009-05-20:08:14:40	43
48.78665	2.2543	1	2009-05-20:08:14:40	43
48.78625	2.25323	1	2009-05-20:08:14:40	43
48.78582	2.25215	1	2009-05-20:08:14:40	43
48.78537	2.25115	1	2009-05-20:08:14:40	43
48.78489	2.25005	1	2009-05-20:08:14:40	43
48.78445	2.24899	1	2009-05-20:08:14:40	43
48.78404	2.24784	1	2009-05-20:08:14:40	43
48.7836	2.24668	1	2009-05-20:08:14:40	43
48.78313	2.24556	1	2009-05-20:08:14:40	43
48.78263	2.2445	1	2009-05-20:08:14:40	43
48.78218	2.24338	1	2009-05-20:08:14:40	43
48.78176	2.24227	1	2009-05-20:08:14:40	43
48.78127	2.24122	1	2009-05-20:08:14:40	43
48.78078	2.24032	1	2009-05-20:08:14:40	43
48.78042	2.23916	1	2009-05-20:08:14:40	43
48.77998	2.23802	1	2009-05-20:08:14:40	43
48.77956	2.23697	1	2009-05-20:08:14:40	43
48.7791	2.23587	1	2009-05-20:08:14:40	43
48.77866	2.23486	1	2009-05-20:08:14:40	43
48.77825	2.23378	1	2009-05-20:08:14:40	43
48.77782	2.23276	1	2009-05-20:08:14:40	43
48.77736	2.23171	1	2009-05-20:08:14:40	43
48.77706	2.23053	1	2009-05-20:08:14:40	43
48.77649	2.22962	1	2009-05-20:08:14:40	43
48.77587	2.2288	1	2009-05-20:08:14:40	43
48.775	2.22873	1	2009-05-20:08:14:40	43
48.77408	2.22884	1	2009-05-20:08:14:40	43
48.77317	2.22893	1	2009-05-20:08:14:40	43
48.77226	2.22908	1	2009-05-20:08:14:40	43
48.77141	2.22917	1	2009-05-20:08:14:40	43
48.77013	2.22907	1	2009-05-20:08:14:40	43
48.76927	2.2293	1	2009-05-20:08:14:40	43
48.76849	2.22962	1	2009-05-20:08:14:40	43
48.76769	2.22965	1	2009-05-20:08:14:40	43
48.76689	2.22952	1	2009-05-20:08:14:40	43
48.76612	2.2291	1	2009-05-20:08:14:40	43
48.76541	2.22829	1	2009-05-20:08:14:40	43
48.76471	2.22751	1	2009-05-20:08:14:40	43
48.76405	2.2268	1	2009-05-20:08:14:40	43
48.76341	2.22605	1	2009-05-20:08:14:40	43
48.76281	2.22502	1	2009-05-20:08:14:40	43
48.76216	2.22437	1	2009-05-20:08:14:40	43
48.76167	2.22337	1	2009-05-20:08:14:40	43
48.76112	2.22245	1	2009-05-20:08:14:40	43
48.76081	2.22207	1	2009-05-20:08:14:40	43
48.76017	2.22131	1	2009-05-20:08:14:40	43
48.75951	2.22057	1	2009-05-20:08:14:40	43
48.75882	2.21996	1	2009-05-20:08:14:40	43
48.75811	2.21937	1	2009-05-20:08:14:40	43
48.75742	2.21881	1	2009-05-20:08:14:40	43
48.75672	2.21828	1	2009-05-20:08:14:40	43
48.75605	2.21766	1	2009-05-20:08:14:40	43
48.75554	2.21671	1	2009-05-20:08:14:40	43
48.75509	2.21574	1	2009-05-20:08:14:40	43
48.75468	2.21526	1	2009-05-20:08:14:40	43
48.75394	2.21578	1	2009-05-20:08:14:40	43
48.75317	2.21565	1	2009-05-20:08:14:40	43
48.75255	2.2149	1	2009-05-20:08:14:40	43
48.75193	2.21416	1	2009-05-20:08:14:40	43
48.75138	2.21329	1	2009-05-20:08:14:40	43
48.75083	2.21237	1	2009-05-20:08:14:40	43
48.75051	2.21126	1	2009-05-20:08:14:40	43
48.75084	2.21019	1	2009-05-20:08:14:40	43
48.75117	2.2091	1	2009-05-20:08:14:40	43
48.75152	2.20795	1	2009-05-20:08:14:40	43
48.75187	2.2068	1	2009-05-20:08:14:40	43
48.75218	2.20571	1	2009-05-20:08:14:40	43
48.75251	2.2046	1	2009-05-20:08:14:40	43
48.7529	2.20344	1	2009-05-20:08:14:40	43
48.75326	2.20239	1	2009-05-20:08:14:40	43
48.75365	2.20126	1	2009-05-20:08:14:40	43
48.75406	2.20018	1	2009-05-20:08:14:40	43
48.75444	2.19914	1	2009-05-20:08:14:40	43
48.75486	2.19804	1	2009-05-20:08:14:40	43
48.75527	2.19697	1	2009-05-20:08:14:40	43
48.75564	2.19591	1	2009-05-20:08:14:40	43
48.75603	2.19486	1	2009-05-20:08:14:40	43
48.75641	2.19378	1	2009-05-20:08:14:40	43
48.75679	2.19271	1	2009-05-20:08:14:40	43
48.75733	2.19177	1	2009-05-20:08:14:40	43
48.75786	2.19077	1	2009-05-20:08:14:40	43
48.75814	2.1896	1	2009-05-20:08:14:40	43
48.75846	2.18844	1	2009-05-20:08:14:40	43
48.7589	2.18735	1	2009-05-20:08:14:40	43
48.75943	2.18641	1	2009-05-20:08:14:40	43
48.75998	2.18567	1	2009-05-20:08:14:40	43
48.7606	2.18485	1	2009-05-20:08:14:40	43
48.7611	2.18391	1	2009-05-20:08:14:40	43
48.76145	2.18285	1	2009-05-20:08:14:40	43
48.76166	2.1817	1	2009-05-20:08:14:40	43
48.76175	2.18052	1	2009-05-20:08:14:40	43
48.76169	2.17931	1	2009-05-20:08:14:40	43
48.76202	2.17823	1	2009-05-20:08:14:40	43
48.76242	2.17715	1	2009-05-20:08:14:40	43
48.7628	2.17606	1	2009-05-20:08:14:40	43
48.76317	2.17502	1	2009-05-20:08:14:40	43
48.7635	2.17387	1	2009-05-20:08:14:40	43
48.76371	2.17266	1	2009-05-20:08:14:40	43
48.76395	2.1715	1	2009-05-20:08:14:40	43
48.76443	2.17142	1	2009-05-20:08:14:40	43
48.76409	2.17247	1	2009-05-20:08:14:40	43
48.76407	2.17367	1	2009-05-20:08:14:40	43
48.76447	2.17473	1	2009-05-20:08:14:40	43
48.76508	2.17563	1	2009-05-20:08:14:40	43
48.76526	2.17683	1	2009-05-20:08:14:40	43
48.76531	2.17808	1	2009-05-20:08:14:40	43
48.76557	2.17927	1	2009-05-20:08:14:40	43
48.76597	2.17952	1	2009-05-20:08:14:40	43
48.76599	2.17953	1	2009-05-20:08:14:40	43
48.76602	2.17955	1	2009-05-20:08:14:40	43
48.76604	2.17956	1	2009-05-20:08:14:40	43
48.76606	2.17958	1	2009-05-20:08:14:40	43
48.76608	2.1796	1	2009-05-20:08:14:40	43
48.7661	2.17962	1	2009-05-20:08:14:40	43
48.76611	2.17965	1	2009-05-20:08:14:40	43
48.76612	2.17969	1	2009-05-20:08:14:40	43
48.76613	2.17972	1	2009-05-20:08:14:40	43
48.76614	2.17975	1	2009-05-20:08:14:40	43
48.76615	2.17978	1	2009-05-20:08:14:40	43
48.76617	2.17981	1	2009-05-20:08:14:40	43
48.76618	2.17983	1	2009-05-20:08:14:40	43
48.7662	2.17985	1	2009-05-20:08:14:40	43
48.76621	2.17988	1	2009-05-20:08:14:40	43
48.76623	2.1799	1	2009-05-20:08:14:40	43
48.76624	2.17993	1	2009-05-20:08:14:40	43
48.76625	2.17995	1	2009-05-20:08:14:40	43
48.76627	2.17998	1	2009-05-20:08:14:40	43
48.76628	2.18	1	2009-05-20:08:14:40	43
48.76627	2.18002	1	2009-05-20:08:14:40	43
48.76625	2.18007	1	2009-05-20:08:14:40	43
48.76632	2.18004	1	2009-05-20:16:12:12	44
48.76556	2.17916	1	2009-05-20:16:12:12	44
48.76531	2.17762	1	2009-05-20:16:12:12	44
48.76521	2.17612	1	2009-05-20:16:12:12	44
48.76458	2.17498	1	2009-05-20:16:12:12	44
48.76407	2.17372	1	2009-05-20:16:12:12	44
48.76406	2.17233	1	2009-05-20:16:12:12	44
48.76417	2.17123	1	2009-05-20:16:12:12	44
48.76375	2.17234	1	2009-05-20:16:12:12	44
48.76352	2.17374	1	2009-05-20:16:12:12	44
48.76316	2.17501	1	2009-05-20:16:12:12	44
48.76273	2.17621	1	2009-05-20:16:12:12	44
48.76231	2.17734	1	2009-05-20:16:12:12	44
48.76184	2.17843	1	2009-05-20:16:12:12	44
48.76169	2.17978	1	2009-05-20:16:12:12	44
48.76169	2.1812	1	2009-05-20:16:12:12	44
48.76141	2.1829	1	2009-05-20:16:12:12	44
48.76081	2.18443	1	2009-05-20:16:12:12	44
48.75992	2.1857	1	2009-05-20:16:12:12	44
48.75909	2.18685	1	2009-05-20:16:12:12	44
48.75859	2.18795	1	2009-05-20:16:12:12	44
48.75825	2.18908	1	2009-05-20:16:12:12	44
48.75796	2.19023	1	2009-05-20:16:12:12	44
48.75736	2.19158	1	2009-05-20:16:12:12	44
48.75659	2.19311	1	2009-05-20:16:12:12	44
48.75599	2.19472	1	2009-05-20:16:12:12	44
48.7554	2.19636	1	2009-05-20:16:12:12	44
48.75481	2.19798	1	2009-05-20:16:12:12	44
48.75426	2.19951	1	2009-05-20:16:12:12	44
48.75371	2.20103	1	2009-05-20:16:12:12	44
48.75318	2.20257	1	2009-05-20:16:12:12	44
48.75265	2.20411	1	2009-05-20:16:12:12	44
48.75232	2.20524	1	2009-05-20:16:12:12	44
48.75207	2.20599	1	2009-05-20:16:12:12	44
48.75171	2.20725	1	2009-05-20:16:12:12	44
48.75138	2.20835	1	2009-05-20:16:12:12	44
48.751	2.20962	1	2009-05-20:16:12:12	44
48.75064	2.21083	1	2009-05-20:16:12:12	44
48.75069	2.2121	1	2009-05-20:16:12:12	44
48.75126	2.21321	1	2009-05-20:16:12:12	44
48.75181	2.21404	1	2009-05-20:16:12:12	44
48.75243	2.21485	1	2009-05-20:16:12:12	44
48.75313	2.21567	1	2009-05-20:16:12:12	44
48.75398	2.21574	1	2009-05-20:16:12:12	44
48.75476	2.21525	1	2009-05-20:16:12:12	44
48.7553	2.21612	1	2009-05-20:16:12:12	44
48.7558	2.2172	1	2009-05-20:16:12:12	44
48.75646	2.21803	1	2009-05-20:16:12:12	44
48.75726	2.21872	1	2009-05-20:16:12:12	44
48.75802	2.21932	1	2009-05-20:16:12:12	44
48.75878	2.21996	1	2009-05-20:16:12:12	44
48.75952	2.22058	1	2009-05-20:16:12:12	44
48.76017	2.22132	1	2009-05-20:16:12:12	44
48.76084	2.22219	1	2009-05-20:16:12:12	44
48.76149	2.22304	1	2009-05-20:16:12:12	44
48.76193	2.22413	1	2009-05-20:16:12:12	44
48.76262	2.22486	1	2009-05-20:16:12:12	44
48.76322	2.22587	1	2009-05-20:16:12:12	44
48.76391	2.2267	1	2009-05-20:16:12:12	44
48.7646	2.22748	1	2009-05-20:16:12:12	44
48.76529	2.22819	1	2009-05-20:16:12:12	44
48.76601	2.22901	1	2009-05-20:16:12:12	44
48.7665	2.23004	1	2009-05-20:16:12:12	44
48.7671	2.23051	1	2009-05-20:16:12:12	44
48.76777	2.23033	1	2009-05-20:16:12:12	44
48.76862	2.23039	1	2009-05-20:16:12:12	44
48.76946	2.23035	1	2009-05-20:16:12:12	44
48.77023	2.23006	1	2009-05-20:16:12:12	44
48.77102	2.22962	1	2009-05-20:16:12:12	44
48.77181	2.22938	1	2009-05-20:16:12:12	44
48.77261	2.22927	1	2009-05-20:16:12:12	44
48.7734	2.22916	1	2009-05-20:16:12:12	44
48.77417	2.22905	1	2009-05-20:16:12:12	44
48.77502	2.2289	1	2009-05-20:16:12:12	44
48.77585	2.22896	1	2009-05-20:16:12:12	44
48.77643	2.22977	1	2009-05-20:16:12:12	44
48.77685	2.23081	1	2009-05-20:16:12:12	44
48.77738	2.23183	1	2009-05-20:16:12:12	44
48.77784	2.23286	1	2009-05-20:16:12:12	44
48.77824	2.2339	1	2009-05-20:16:12:12	44
48.77863	2.23502	1	2009-05-20:16:12:12	44
48.77909	2.23606	1	2009-05-20:16:12:12	44
48.77956	2.23716	1	2009-05-20:16:12:12	44
48.77999	2.23823	1	2009-05-20:16:12:12	44
48.78043	2.23942	1	2009-05-20:16:12:12	44
48.78089	2.24044	1	2009-05-20:16:12:12	44
48.7813	2.24145	1	2009-05-20:16:12:12	44
48.78174	2.24251	1	2009-05-20:16:12:12	44
48.78218	2.24362	1	2009-05-20:16:12:12	44
48.78261	2.24465	1	2009-05-20:16:12:12	44
48.78305	2.24575	1	2009-05-20:16:12:12	44
48.7835	2.24685	1	2009-05-20:16:12:12	44
48.78395	2.24793	1	2009-05-20:16:12:12	44
48.78439	2.24901	1	2009-05-20:16:12:12	44
48.78482	2.25005	1	2009-05-20:16:12:12	44
48.78526	2.2511	1	2009-05-20:16:12:12	44
48.78568	2.25222	1	2009-05-20:16:12:12	44
48.78612	2.25334	1	2009-05-20:16:12:12	44
48.78656	2.25441	1	2009-05-20:16:12:12	44
48.78699	2.25543	1	2009-05-20:16:12:12	44
48.78745	2.2565	1	2009-05-20:16:12:12	44
48.78791	2.25762	1	2009-05-20:16:12:12	44
48.78836	2.25874	1	2009-05-20:16:12:12	44
48.78879	2.25976	1	2009-05-20:16:12:12	44
48.78925	2.26088	1	2009-05-20:16:12:12	44
48.78968	2.26197	1	2009-05-20:16:12:12	44
48.79015	2.26311	1	2009-05-20:16:12:12	44
48.79059	2.26418	1	2009-05-20:16:12:12	44
48.79102	2.26523	1	2009-05-20:16:12:12	44
48.79144	2.26628	1	2009-05-20:16:12:12	44
48.7919	2.26739	1	2009-05-20:16:12:12	44
48.79233	2.26845	1	2009-05-20:16:12:12	44
48.79275	2.26946	1	2009-05-20:16:12:12	44
48.79321	2.27049	1	2009-05-20:16:12:12	44
48.79371	2.27151	1	2009-05-20:16:12:12	44
48.79422	2.2724	1	2009-05-20:16:12:12	44
48.79476	2.27332	1	2009-05-20:16:12:12	44
48.79531	2.27425	1	2009-05-20:16:12:12	44
48.79585	2.27515	1	2009-05-20:16:12:12	44
48.79638	2.27615	1	2009-05-20:16:12:12	44
48.79703	2.27719	1	2009-05-20:16:12:12	44
48.79759	2.27817	1	2009-05-20:16:12:12	44
48.79821	2.27929	1	2009-05-20:16:12:12	44
48.79873	2.28014	1	2009-05-20:16:12:12	44
48.79929	2.28115	1	2009-05-20:16:12:12	44
48.79984	2.28206	1	2009-05-20:16:12:12	44
48.80037	2.28299	1	2009-05-20:16:12:12	44
48.80082	2.28391	1	2009-05-20:16:12:12	44
48.80143	2.2847	1	2009-05-20:16:12:12	44
48.80201	2.28558	1	2009-05-20:16:12:12	44
48.80255	2.28643	1	2009-05-20:16:12:12	44
48.80305	2.2873	1	2009-05-20:16:12:12	44
48.80361	2.28814	1	2009-05-20:16:12:12	44
48.80413	2.28903	1	2009-05-20:16:12:12	44
48.80472	2.28992	1	2009-05-20:16:12:12	44
48.80529	2.29077	1	2009-05-20:16:12:12	44
48.80585	2.2916	1	2009-05-20:16:12:12	44
48.80637	2.29252	1	2009-05-20:16:12:12	44
48.80687	2.29339	1	2009-05-20:16:12:12	44
48.80734	2.29439	1	2009-05-20:16:12:12	44
48.80781	2.29533	1	2009-05-20:16:12:12	44
48.80833	2.29625	1	2009-05-20:16:12:12	44
48.80886	2.29714	1	2009-05-20:16:12:12	44
48.80936	2.29802	1	2009-05-20:16:12:12	44
48.80996	2.29876	1	2009-05-20:16:12:12	44
48.81059	2.29945	1	2009-05-20:16:12:12	44
48.81118	2.30017	1	2009-05-20:16:12:12	44
48.81189	2.30073	1	2009-05-20:16:12:12	44
48.81146	2.30173	1	2009-05-20:16:12:12	44
48.81117	2.30276	1	2009-05-20:16:12:12	44
48.81175	2.30367	1	2009-05-20:16:12:12	44
48.81224	2.30454	1	2009-05-20:16:12:12	44
48.81275	2.30551	1	2009-05-20:16:12:12	44
48.81326	2.3064	1	2009-05-20:16:12:12	44
48.8138	2.30725	1	2009-05-20:16:12:12	44
48.81436	2.3082	1	2009-05-20:16:12:12	44
48.81489	2.30907	1	2009-05-20:16:12:12	44
48.81539	2.30998	1	2009-05-20:16:12:12	44
48.81598	2.31074	1	2009-05-20:16:12:12	44
48.81625	2.31172	1	2009-05-20:16:12:12	44
48.81658	2.3128	1	2009-05-20:16:12:12	44
48.81686	2.31395	1	2009-05-20:16:12:12	44
48.81722	2.31506	1	2009-05-20:16:12:12	44
48.8176	2.31616	1	2009-05-20:16:12:12	44
48.81797	2.31728	1	2009-05-20:16:12:12	44
48.81828	2.31835	1	2009-05-20:16:12:12	44
48.8185	2.31955	1	2009-05-20:16:12:12	44
48.8183	2.32075	1	2009-05-20:16:12:12	44
48.81805	2.32189	1	2009-05-20:16:12:12	44
48.81785	2.32303	1	2009-05-20:16:12:12	44
48.81766	2.3243	1	2009-05-20:16:12:12	44
48.81746	2.32557	1	2009-05-20:16:12:12	44
48.8173	2.3268	1	2009-05-20:16:12:12	44
48.81719	2.32805	1	2009-05-20:16:12:12	44
48.81712	2.32948	1	2009-05-20:16:12:12	44
48.81707	2.33072	1	2009-05-20:16:12:12	44
48.81695	2.33203	1	2009-05-20:16:12:12	44
48.81768	2.33248	1	2009-05-20:16:12:12	44
48.81882	2.333	1	2009-05-20:16:12:12	44
48.81953	2.33349	1	2009-05-20:16:12:12	44
48.82028	2.33383	1	2009-05-20:16:12:12	44
48.82104	2.33419	1	2009-05-20:16:12:12	44
48.82093	2.33538	1	2009-05-20:16:12:12	44
48.82067	2.33651	1	2009-05-20:16:12:12	44
48.82041	2.33764	1	2009-05-20:16:12:12	44
48.82023	2.33843	1	2009-05-20:16:12:12	44
48.82022	2.33849	1	2009-05-20:16:12:12	44
48.8202	2.33855	1	2009-05-20:16:12:12	44
48.82019	2.33862	1	2009-05-20:16:12:12	44
48.82018	2.33868	1	2009-05-20:16:12:12	44
48.82016	2.33875	1	2009-05-20:16:12:12	44
48.82014	2.33882	1	2009-05-20:16:12:12	44
48.82013	2.33889	1	2009-05-20:16:12:12	44
48.82012	2.33897	1	2009-05-20:16:12:12	44
48.8201	2.33904	1	2009-05-20:16:12:12	44
48.82008	2.33913	1	2009-05-20:16:12:12	44
48.82006	2.33921	1	2009-05-20:16:12:12	44
48.82004	2.33929	1	2009-05-20:16:12:12	44
48.82002	2.33936	1	2009-05-20:16:12:12	44
48.82	2.33944	1	2009-05-20:16:12:12	44
48.81998	2.33951	1	2009-05-20:16:12:12	44
48.81996	2.33957	1	2009-05-20:16:12:12	44
48.81994	2.33962	1	2009-05-20:16:12:12	44
48.81992	2.33966	1	2009-05-20:16:12:12	44
48.81993	2.33968	1	2009-05-20:16:12:12	44
48.81995	2.33969	1	2009-05-20:16:12:12	44
48.81997	2.33969	1	2009-05-20:16:12:12	44
48.81992	2.33971	1	2009-05-20:16:12:12	44
48.94596	2.15634	1	2009-05-21:10:39:03	45
48.94551	2.15698	1	2009-05-21:10:39:03	45
48.94494	2.15807	1	2009-05-21:10:39:03	45
48.94436	2.15913	1	2009-05-21:10:39:03	45
48.94378	2.16035	1	2009-05-21:10:39:03	45
48.94323	2.16081	1	2009-05-21:10:39:03	45
48.94241	2.15973	1	2009-05-21:10:39:03	45
48.94199	2.15864	1	2009-05-21:10:39:03	45
48.94259	2.15761	1	2009-05-21:10:39:03	45
48.94323	2.15772	1	2009-05-21:10:39:03	45
48.94389	2.15872	1	2009-05-21:10:39:03	45
48.94455	2.15967	1	2009-05-21:10:39:03	45
48.94522	2.16064	1	2009-05-21:10:39:03	45
48.94581	2.16164	1	2009-05-21:10:39:03	45
48.94637	2.16267	1	2009-05-21:10:39:03	45
48.94687	2.16365	1	2009-05-21:10:39:03	45
48.9474	2.16472	1	2009-05-21:10:39:03	45
48.94802	2.16605	1	2009-05-21:10:39:03	45
48.94856	2.16734	1	2009-05-21:10:39:03	45
48.94865	2.16861	1	2009-05-21:10:39:03	45
48.94808	2.16972	1	2009-05-21:10:39:03	45
48.94749	2.17094	1	2009-05-21:10:39:03	45
48.94801	2.17182	1	2009-05-21:10:39:03	45
48.94872	2.17264	1	2009-05-21:10:39:03	45
48.94944	2.17345	1	2009-05-21:10:39:03	45
48.95022	2.17418	1	2009-05-21:10:39:03	45
48.95095	2.17481	1	2009-05-21:10:39:03	45
48.95172	2.17545	1	2009-05-21:10:39:03	45
48.95268	2.17627	1	2009-05-21:10:39:03	45
48.95353	2.17702	1	2009-05-21:10:39:03	45
48.95427	2.17772	1	2009-05-21:10:39:03	45
48.95504	2.17837	1	2009-05-21:10:39:03	45
48.95561	2.17879	1	2009-05-21:10:39:03	45
48.9561	2.17903	1	2009-05-21:10:39:03	45
48.95679	2.17947	1	2009-05-21:10:39:03	45
48.95757	2.17989	1	2009-05-21:10:39:03	45
48.95842	2.18036	1	2009-05-21:10:39:03	45
48.95924	2.18077	1	2009-05-21:10:39:03	45
48.96004	2.18112	1	2009-05-21:10:39:03	45
48.96085	2.18144	1	2009-05-21:10:39:03	45
48.96168	2.18159	1	2009-05-21:10:39:03	45
48.96251	2.18166	1	2009-05-21:10:39:03	45
48.96334	2.18188	1	2009-05-21:10:39:03	45
48.96417	2.18194	1	2009-05-21:10:39:03	45
48.96503	2.18198	1	2009-05-21:10:39:03	45
48.9659	2.18193	1	2009-05-21:10:39:03	45
48.96675	2.18186	1	2009-05-21:10:39:03	45
48.96759	2.18171	1	2009-05-21:10:39:03	45
48.96844	2.18139	1	2009-05-21:10:39:03	45
48.96923	2.18113	1	2009-05-21:10:39:03	45
48.97	2.1808	1	2009-05-21:10:39:03	45
48.97076	2.18028	1	2009-05-21:10:39:03	45
48.9715	2.17967	1	2009-05-21:10:39:03	45
48.97225	2.17912	1	2009-05-21:10:39:03	45
48.97303	2.17873	1	2009-05-21:10:39:03	45
48.97381	2.17821	1	2009-05-21:10:39:03	45
48.97459	2.17773	1	2009-05-21:10:39:03	45
48.97541	2.17727	1	2009-05-21:10:39:03	45
48.97617	2.17682	1	2009-05-21:10:39:03	45
48.97696	2.17631	1	2009-05-21:10:39:03	45
48.97771	2.17578	1	2009-05-21:10:39:03	45
48.97845	2.17518	1	2009-05-21:10:39:03	45
48.97918	2.17448	1	2009-05-21:10:39:03	45
48.97987	2.1737	1	2009-05-21:10:39:03	45
48.98021	2.17326	1	2009-05-21:10:39:03	45
48.98084	2.17241	1	2009-05-21:10:39:03	45
48.9815	2.17165	1	2009-05-21:10:39:03	45
48.98209	2.17072	1	2009-05-21:10:39:03	45
48.98265	2.16978	1	2009-05-21:10:39:03	45
48.9832	2.1689	1	2009-05-21:10:39:03	45
48.9838	2.16794	1	2009-05-21:10:39:03	45
48.98435	2.16695	1	2009-05-21:10:39:03	45
48.98484	2.16594	1	2009-05-21:10:39:03	45
48.98532	2.16489	1	2009-05-21:10:39:03	45
48.98576	2.16386	1	2009-05-21:10:39:03	45
48.98606	2.16267	1	2009-05-21:10:39:03	45
48.98631	2.16149	1	2009-05-21:10:39:03	45
48.98657	2.16027	1	2009-05-21:10:39:03	45
48.98676	2.15899	1	2009-05-21:10:39:03	45
48.9869	2.15777	1	2009-05-21:10:39:03	45
48.98754	2.15819	1	2009-05-21:10:39:03	45
48.98808	2.15919	1	2009-05-21:10:39:03	45
48.98851	2.16039	1	2009-05-21:10:39:03	45
48.98881	2.16159	1	2009-05-21:10:39:03	45
48.9885	2.16173	1	2009-05-21:10:39:03	45
48.98797	2.1606	1	2009-05-21:10:39:03	45
48.98746	2.15958	1	2009-05-21:10:39:03	45
48.9878	2.16037	1	2009-05-21:10:39:03	45
48.98738	2.16046	1	2009-05-21:10:39:03	45
48.98708	2.16058	1	2009-05-21:10:39:03	45
48.98772	2.16034	1	2009-05-21:10:39:03	45
48.98751	2.16075	1	2009-05-21:10:39:03	45
48.98744	2.16084	1	2009-05-21:10:39:03	45
48.98749	2.16107	1	2009-05-21:10:39:03	45
48.9875	2.16076	1	2009-05-21:10:39:03	45
48.98755	2.16097	1	2009-05-21:10:39:03	45
48.98752	2.16095	1	2009-05-21:10:39:03	45
48.9879	2.16037	1	2009-05-21:10:39:03	45
48.9884	2.1614	1	2009-05-21:10:39:03	45
48.98889	2.16218	1	2009-05-21:10:39:03	45
48.98857	2.16096	1	2009-05-21:10:39:03	45
48.98831	2.15974	1	2009-05-21:10:39:03	45
48.98792	2.1588	1	2009-05-21:10:39:03	45
48.98727	2.15793	1	2009-05-21:10:39:03	45
48.98683	2.15847	1	2009-05-21:10:39:03	45
48.9867	2.15966	1	2009-05-21:10:39:03	45
48.98648	2.16083	1	2009-05-21:10:39:03	45
48.98621	2.16198	1	2009-05-21:10:39:03	45
48.98596	2.16319	1	2009-05-21:10:39:03	45
48.98554	2.16429	1	2009-05-21:10:39:03	45
48.98512	2.16538	1	2009-05-21:10:39:03	45
48.98462	2.16638	1	2009-05-21:10:39:03	45
48.98411	2.16736	1	2009-05-21:10:39:03	45
48.98361	2.16829	1	2009-05-21:10:39:03	45
48.98304	2.16916	1	2009-05-21:10:39:03	45
48.98249	2.17009	1	2009-05-21:10:39:03	45
48.98193	2.17099	1	2009-05-21:10:39:03	45
48.98132	2.17187	1	2009-05-21:10:39:03	45
48.9807	2.17264	1	2009-05-21:10:39:03	45
48.98007	2.17348	1	2009-05-21:10:39:03	45
48.97942	2.17418	1	2009-05-21:10:39:03	45
48.97875	2.17489	1	2009-05-21:10:39:03	45
48.97808	2.17547	1	2009-05-21:10:39:03	45
48.97734	2.17608	1	2009-05-21:10:39:03	45
48.97659	2.17656	1	2009-05-21:10:39:03	45
48.97579	2.17704	1	2009-05-21:10:39:03	45
48.975	2.17754	1	2009-05-21:10:39:03	45
48.97422	2.17795	1	2009-05-21:10:39:03	45
48.97347	2.17847	1	2009-05-21:10:39:03	45
48.97274	2.17912	1	2009-05-21:10:39:03	45
48.97196	2.17949	1	2009-05-21:10:39:03	45
48.97119	2.17992	1	2009-05-21:10:39:03	45
48.97049	2.18053	1	2009-05-21:10:39:03	45
48.96972	2.18096	1	2009-05-21:10:39:03	45
48.96891	2.18127	1	2009-05-21:10:39:03	45
48.96811	2.18152	1	2009-05-21:10:39:03	45
48.96728	2.18166	1	2009-05-21:10:39:03	45
48.96651	2.18181	1	2009-05-21:10:39:03	45
48.96569	2.1819	1	2009-05-21:10:39:03	45
48.96488	2.18193	1	2009-05-21:10:39:03	45
48.96407	2.18191	1	2009-05-21:10:39:03	45
48.9633	2.18182	1	2009-05-21:10:39:03	45
48.96252	2.18181	1	2009-05-21:10:39:03	45
48.96174	2.1816	1	2009-05-21:10:39:03	45
48.96095	2.18134	1	2009-05-21:10:39:03	45
48.96015	2.18105	1	2009-05-21:10:39:03	45
48.95935	2.18072	1	2009-05-21:10:39:03	45
48.95858	2.18032	1	2009-05-21:10:39:03	45
48.95783	2.17996	1	2009-05-21:10:39:03	45
48.95707	2.17956	1	2009-05-21:10:39:03	45
48.9563	2.17916	1	2009-05-21:10:39:03	45
48.95555	2.17866	1	2009-05-21:10:39:03	45
48.95482	2.17809	1	2009-05-21:10:39:03	45
48.95412	2.17748	1	2009-05-21:10:39:03	45
48.9534	2.17684	1	2009-05-21:10:39:03	45
48.95272	2.17623	1	2009-05-21:10:39:03	45
48.95202	2.17563	1	2009-05-21:10:39:03	45
48.95132	2.17504	1	2009-05-21:10:39:03	45
48.95064	2.17438	1	2009-05-21:10:39:03	45
48.94991	2.17377	1	2009-05-21:10:39:03	45
48.94924	2.17311	1	2009-05-21:10:39:03	45
48.94857	2.1724	1	2009-05-21:10:39:03	45
48.94795	2.1717	1	2009-05-21:10:39:03	45
48.94736	2.17119	1	2009-05-21:10:39:03	45
48.94688	2.17231	1	2009-05-21:10:39:03	45
48.94641	2.17341	1	2009-05-21:10:39:03	45
48.94577	2.17372	1	2009-05-21:10:39:03	45
48.94507	2.17295	1	2009-05-21:10:39:03	45
48.94442	2.1722	1	2009-05-21:10:39:03	45
48.94382	2.1715	1	2009-05-21:10:39:03	45
48.94317	2.17071	1	2009-05-21:10:39:03	45
48.94254	2.16995	1	2009-05-21:10:39:03	45
48.94192	2.16915	1	2009-05-21:10:39:03	45
48.9413	2.16836	1	2009-05-21:10:39:03	45
48.9407	2.16755	1	2009-05-21:10:39:03	45
48.94049	2.16663	1	2009-05-21:10:39:03	45
48.94104	2.16562	1	2009-05-21:10:39:03	45
48.94151	2.16465	1	2009-05-21:10:39:03	45
48.94204	2.16373	1	2009-05-21:10:39:03	45
48.94237	2.16277	1	2009-05-21:10:39:03	45
48.94166	2.16227	1	2009-05-21:10:39:03	45
48.94121	2.16136	1	2009-05-21:10:39:03	45
48.94063	2.16055	1	2009-05-21:10:39:03	45
48.94004	2.15975	1	2009-05-21:10:39:03	45
48.93948	2.15893	1	2009-05-21:10:39:03	45
48.93886	2.15813	1	2009-05-21:10:39:03	45
48.93812	2.15755	1	2009-05-21:10:39:03	45
48.93808	2.15733	1	2009-05-21:10:39:03	45
48.93809	2.15731	1	2009-05-21:10:39:03	45
48.93813	2.15727	1	2009-05-21:10:39:03	45
48.93815	2.15725	1	2009-05-21:10:39:03	45
48.93816	2.15723	1	2009-05-21:10:39:03	45
48.93816	2.15721	1	2009-05-21:10:39:03	45
48.93819	2.15715	1	2009-05-21:10:39:03	45
48.93816	2.15714	1	2009-05-21:10:39:03	45
48.93814	2.15714	1	2009-05-21:10:39:03	45
48.93812	2.15714	1	2009-05-21:10:39:03	45
48.9381	2.15714	1	2009-05-21:10:39:03	45
48.93808	2.15714	1	2009-05-21:10:39:03	45
48.93805	2.15714	1	2009-05-21:10:39:03	45
48.93788	2.15698	1	2009-05-21:10:39:03	45
48.93784	2.15688	1	2009-05-21:10:39:03	45
48.93782	2.15683	1	2009-05-21:10:39:03	45
48.93775	2.15678	1	2009-05-21:10:39:03	45
48.93769	2.15673	1	2009-05-21:10:39:03	45
48.93766	2.15669	1	2009-05-21:10:39:03	45
48.93764	2.15667	1	2009-05-21:10:39:03	45
48.93762	2.15665	1	2009-05-21:10:39:03	45
48.93759	2.15665	1	2009-05-21:10:39:03	45
48.93759	2.15665	1	2009-05-21:10:39:03	45
48.93759	2.15665	1	2009-05-21:15:09:59	46
48.93625	2.15481	1	2009-05-21:15:09:59	46
48.93486	2.15313	1	2009-05-21:15:09:59	46
48.93367	2.15096	1	2009-05-21:15:09:59	46
48.93268	2.14899	1	2009-05-21:15:09:59	46
48.93159	2.14687	1	2009-05-21:15:09:59	46
48.93043	2.14476	1	2009-05-21:15:09:59	46
48.92917	2.14303	1	2009-05-21:15:09:59	46
48.9278	2.14115	1	2009-05-21:15:09:59	46
48.92656	2.13923	1	2009-05-21:15:09:59	46
48.92533	2.13738	1	2009-05-21:15:09:59	46
48.92388	2.13528	1	2009-05-21:15:09:59	46
48.92268	2.13349	1	2009-05-21:15:09:59	46
48.92148	2.13164	1	2009-05-21:15:09:59	46
48.92015	2.13019	1	2009-05-21:15:09:59	46
48.91891	2.12876	1	2009-05-21:15:09:59	46
48.91774	2.12753	1	2009-05-21:15:09:59	46
48.91676	2.12653	1	2009-05-21:15:09:59	46
48.91548	2.12503	1	2009-05-21:15:09:59	46
48.91409	2.12347	1	2009-05-21:15:09:59	46
48.9126	2.12185	1	2009-05-21:15:09:59	46
48.91125	2.12032	1	2009-05-21:15:09:59	46
48.9098	2.11885	1	2009-05-21:15:09:59	46
48.90832	2.11729	1	2009-05-21:15:09:59	46
48.90678	2.116	1	2009-05-21:15:09:59	46
48.90526	2.11551	1	2009-05-21:15:09:59	46
48.90361	2.11496	1	2009-05-21:15:09:59	46
48.90187	2.11444	1	2009-05-21:15:09:59	46
48.9003	2.11393	1	2009-05-21:15:09:59	46
48.89859	2.11369	1	2009-05-21:15:09:59	46
48.89708	2.11486	1	2009-05-21:15:09:59	46
48.89578	2.11663	1	2009-05-21:15:09:59	46
48.89481	2.11783	1	2009-05-21:15:09:59	46
48.89373	2.11931	1	2009-05-21:15:09:59	46
48.89244	2.12106	1	2009-05-21:15:09:59	46
48.89118	2.12273	1	2009-05-21:15:09:59	46
48.88992	2.12449	1	2009-05-21:15:09:59	46
48.88865	2.12617	1	2009-05-21:15:09:59	46
48.8874	2.12789	1	2009-05-21:15:09:59	46
48.88618	2.12955	1	2009-05-21:15:09:59	46
48.88492	2.13124	1	2009-05-21:15:09:59	46
48.88389	2.13327	1	2009-05-21:15:09:59	46
48.8833	2.13545	1	2009-05-21:15:09:59	46
48.8826	2.13774	1	2009-05-21:15:09:59	46
48.88202	2.14012	1	2009-05-21:15:09:59	46
48.88139	2.14246	1	2009-05-21:15:09:59	46
48.88085	2.14481	1	2009-05-21:15:09:59	46
48.88032	2.14719	1	2009-05-21:15:09:59	46
48.87977	2.14959	1	2009-05-21:15:09:59	46
48.8811	2.15096	1	2009-05-21:15:09:59	46
48.8801	2.153	1	2009-05-21:15:09:59	46
48.87987	2.15474	1	2009-05-21:15:09:59	46
48.8814	2.15557	1	2009-05-21:15:09:59	46
48.88293	2.15651	1	2009-05-21:15:09:59	46
48.88446	2.15748	1	2009-05-21:15:09:59	46
48.88576	2.15688	1	2009-05-21:15:09:59	46
48.88683	2.15569	1	2009-05-21:15:09:59	46
48.88776	2.15797	1	2009-05-21:15:09:59	46
48.88879	2.15974	1	2009-05-21:15:09:59	46
48.88837	2.16214	1	2009-05-21:15:09:59	46
48.88794	2.1646	1	2009-05-21:15:09:59	46
48.88751	2.16704	1	2009-05-21:15:09:59	46
48.8871	2.16942	1	2009-05-21:15:09:59	46
48.88616	2.17037	1	2009-05-21:15:09:59	46
48.88512	2.16932	1	2009-05-21:15:09:59	46
48.88393	2.1705	1	2009-05-21:15:09:59	46
48.88272	2.17206	1	2009-05-21:15:09:59	46
48.88147	2.17369	1	2009-05-21:15:09:59	46
48.88024	2.17534	1	2009-05-21:15:09:59	46
48.87907	2.17708	1	2009-05-21:15:09:59	46
48.87928	2.17886	1	2009-05-21:15:09:59	46
48.88012	2.18093	1	2009-05-21:15:09:59	46
48.88072	2.18317	1	2009-05-21:15:09:59	46
48.88056	2.18526	1	2009-05-21:15:09:59	46
48.87906	2.18635	1	2009-05-21:15:09:59	46
48.87751	2.18674	1	2009-05-21:15:09:59	46
48.87617	2.18561	1	2009-05-21:15:09:59	46
48.87499	2.18402	1	2009-05-21:15:09:59	46
48.87358	2.18293	1	2009-05-21:15:09:59	46
48.87209	2.18308	1	2009-05-21:15:09:59	46
48.87066	2.18424	1	2009-05-21:15:09:59	46
48.86946	2.18583	1	2009-05-21:15:09:59	46
48.86877	2.1879	1	2009-05-21:15:09:59	46
48.86848	2.19026	1	2009-05-21:15:09:59	46
48.86814	2.19262	1	2009-05-21:15:09:59	46
48.86791	2.19505	1	2009-05-21:15:09:59	46
48.86751	2.19749	1	2009-05-21:15:09:59	46
48.86708	2.19942	1	2009-05-21:15:09:59	46
48.86637	2.20176	1	2009-05-21:15:09:59	46
48.86537	2.20377	1	2009-05-21:15:09:59	46
48.8649	2.20627	1	2009-05-21:15:09:59	46
48.86424	2.20839	1	2009-05-21:15:09:59	46
48.86307	2.20997	1	2009-05-21:15:09:59	46
48.86204	2.21167	1	2009-05-21:15:09:59	46
48.86075	2.21303	1	2009-05-21:15:09:59	46
48.85949	2.21396	1	2009-05-21:15:09:59	46
48.86071	2.21535	1	2009-05-21:15:09:59	46
48.86214	2.21633	1	2009-05-21:15:09:59	46
48.86298	2.21831	1	2009-05-21:15:09:59	46
48.86452	2.21889	1	2009-05-21:15:09:59	46
48.86592	2.22009	1	2009-05-21:15:09:59	46
48.86726	2.22135	1	2009-05-21:15:09:59	46
48.86831	2.22309	1	2009-05-21:15:09:59	46
48.86808	2.22533	1	2009-05-21:15:09:59	46
48.86736	2.22748	1	2009-05-21:15:09:59	46
48.86674	2.22981	1	2009-05-21:15:09:59	46
48.86648	2.23061	1	2009-05-21:15:09:59	46
48.86554	2.23235	1	2009-05-21:15:09:59	46
48.86392	2.23253	1	2009-05-21:15:09:59	46
48.86268	2.23085	1	2009-05-21:15:09:59	46
48.86115	2.22989	1	2009-05-21:15:09:59	46
48.85953	2.2294	1	2009-05-21:15:09:59	46
48.85797	2.22881	1	2009-05-21:15:09:59	46
48.85637	2.22846	1	2009-05-21:15:09:59	46
48.85478	2.2289	1	2009-05-21:15:09:59	46
48.85329	2.2299	1	2009-05-21:15:09:59	46
48.85218	2.23147	1	2009-05-21:15:09:59	46
48.85163	2.23374	1	2009-05-21:15:09:59	46
48.85137	2.23616	1	2009-05-21:15:09:59	46
48.85055	2.23781	1	2009-05-21:15:09:59	46
48.84894	2.2374	1	2009-05-21:15:09:59	46
48.84734	2.23701	1	2009-05-21:15:09:59	46
48.84567	2.2371	1	2009-05-21:15:09:59	46
48.84414	2.23781	1	2009-05-21:15:09:59	46
48.84265	2.23851	1	2009-05-21:15:09:59	46
48.84136	2.23924	1	2009-05-21:15:09:59	46
48.8398	2.23998	1	2009-05-21:15:09:59	46
48.8395	2.24225	1	2009-05-21:15:09:59	46
48.83933	2.24463	1	2009-05-21:15:09:59	46
48.83909	2.24703	1	2009-05-21:15:09:59	46
48.83892	2.24942	1	2009-05-21:15:09:59	46
48.83864	2.25178	1	2009-05-21:15:09:59	46
48.83836	2.25401	1	2009-05-21:15:09:59	46
48.83799	2.25629	1	2009-05-21:15:09:59	46
48.83741	2.25823	1	2009-05-21:15:09:59	46
48.83734	2.26045	1	2009-05-21:15:09:59	46
48.83854	2.26195	1	2009-05-21:15:09:59	46
48.83984	2.26325	1	2009-05-21:15:09:59	46
48.84058	2.26528	1	2009-05-21:15:09:59	46
48.8397	2.26734	1	2009-05-21:15:09:59	46
48.83883	2.2693	1	2009-05-21:15:09:59	46
48.83802	2.27142	1	2009-05-21:15:09:59	46
48.83732	2.2735	1	2009-05-21:15:09:59	46
48.83664	2.2757	1	2009-05-21:15:09:59	46
48.83613	2.27794	1	2009-05-21:15:09:59	46
48.83552	2.28022	1	2009-05-21:15:09:59	46
48.83487	2.28245	1	2009-05-21:15:09:59	46
48.83403	2.28456	1	2009-05-21:15:09:59	46
48.83328	2.28671	1	2009-05-21:15:09:59	46
48.83233	2.28859	1	2009-05-21:15:09:59	46
48.83149	2.29085	1	2009-05-21:15:09:59	46
48.8305	2.29312	1	2009-05-21:15:09:59	46
48.82977	2.29548	1	2009-05-21:15:09:59	46
48.82927	2.29773	1	2009-05-21:15:09:59	46
48.82878	2.30007	1	2009-05-21:15:09:59	46
48.82825	2.30245	1	2009-05-21:15:09:59	46
48.8279	2.30464	1	2009-05-21:15:09:59	46
48.82727	2.30667	1	2009-05-21:15:09:59	46
48.82712	2.30864	1	2009-05-21:15:09:59	46
48.8266	2.31077	1	2009-05-21:15:09:59	46
48.82622	2.31285	1	2009-05-21:15:09:59	46
48.82566	2.31505	1	2009-05-21:15:09:59	46
48.82512	2.31721	1	2009-05-21:15:09:59	46
48.82451	2.3194	1	2009-05-21:15:09:59	46
48.824	2.32166	1	2009-05-21:15:09:59	46
48.82341	2.32393	1	2009-05-21:15:09:59	46
48.82264	2.32573	1	2009-05-21:15:09:59	46
48.82259	2.32754	1	2009-05-21:15:09:59	46
48.82217	2.32993	1	2009-05-21:15:09:59	46
48.82164	2.33225	1	2009-05-21:15:09:59	46
48.8211	2.33463	1	2009-05-21:15:09:59	46
48.82055	2.3369	1	2009-05-21:15:09:59	46
48.82007	2.3388	1	2009-05-21:15:09:59	46
48.82005	2.33886	1	2009-05-21:15:09:59	46
48.82004	2.33894	1	2009-05-21:15:09:59	46
48.82002	2.33901	1	2009-05-21:15:09:59	46
48.82001	2.33909	1	2009-05-21:15:09:59	46
48.81999	2.33916	1	2009-05-21:15:09:59	46
48.81998	2.33923	1	2009-05-21:15:09:59	46
48.81996	2.33931	1	2009-05-21:15:09:59	46
48.81995	2.33939	1	2009-05-21:15:09:59	46
48.81993	2.33946	1	2009-05-21:15:09:59	46
48.81992	2.33953	1	2009-05-21:15:09:59	46
48.81991	2.33959	1	2009-05-21:15:09:59	46
48.8199	2.33963	1	2009-05-21:15:09:59	46
48.81988	2.33966	1	2009-05-21:15:09:59	46
48.81988	2.33968	1	2009-05-21:15:09:59	46
48.81987	2.3397	1	2009-05-21:15:09:59	46
48.81985	2.33971	1	2009-05-21:15:09:59	46
48.81985	2.33973	1	2009-05-21:15:09:59	46
48.81985	2.33975	1	2009-05-21:15:09:59	46
48.81987	2.33976	1	2009-05-21:15:09:59	46
48.81987	2.3398	1	2009-05-21:15:09:59	46
48.81987	2.33982	1	2009-05-21:15:09:59	46
48.81967	2.33946	1	2009-05-21:15:09:59	46
48.82129	2.33498	1	2009-05-22:09:04:06	47
48.82158	2.33361	1	2009-05-22:09:04:06	47
48.82177	2.3324	1	2009-05-22:09:04:06	47
48.822	2.33111	1	2009-05-22:09:04:06	47
48.82237	2.32982	1	2009-05-22:09:04:06	47
48.82264	2.32854	1	2009-05-22:09:04:06	47
48.82291	2.32717	1	2009-05-22:09:04:06	47
48.82318	2.32585	1	2009-05-22:09:04:06	47
48.82413	2.32566	1	2009-05-22:09:04:06	47
48.82512	2.32598	1	2009-05-22:09:04:06	47
48.82626	2.32627	1	2009-05-22:09:04:06	47
48.82738	2.32637	1	2009-05-22:09:04:06	47
48.82827	2.32667	1	2009-05-22:09:04:06	47
48.82931	2.32614	1	2009-05-22:09:04:06	47
48.83028	2.32565	1	2009-05-22:09:04:06	47
48.83134	2.32522	1	2009-05-22:09:04:06	47
48.83233	2.32511	1	2009-05-22:09:04:06	47
48.83318	2.3247	1	2009-05-22:09:04:06	47
48.83404	2.3242	1	2009-05-22:09:04:06	47
48.8349	2.32378	1	2009-05-22:09:04:06	47
48.83575	2.32342	1	2009-05-22:09:04:06	47
48.83654	2.32311	1	2009-05-22:09:04:06	47
48.83749	2.32291	1	2009-05-22:09:04:06	47
48.8384	2.32257	1	2009-05-22:09:04:06	47
48.83924	2.3219	1	2009-05-22:09:04:06	47
48.84002	2.32108	1	2009-05-22:09:04:06	47
48.841	2.32083	1	2009-05-22:09:04:06	47
48.84167	2.31998	1	2009-05-22:09:04:06	47
48.84152	2.3188	1	2009-05-22:09:04:06	47
48.84096	2.31736	1	2009-05-22:09:04:06	47
48.84054	2.31578	1	2009-05-22:09:04:06	47
48.84088	2.31472	1	2009-05-22:09:04:06	47
48.84142	2.31411	1	2009-05-22:09:04:06	47
48.84189	2.31368	1	2009-05-22:09:04:06	47
48.84242	2.3132	1	2009-05-22:09:04:06	47
48.84317	2.3126	1	2009-05-22:09:04:06	47
48.84391	2.31205	1	2009-05-22:09:04:06	47
48.84468	2.3115	1	2009-05-22:09:04:06	47
48.84536	2.31084	1	2009-05-22:09:04:06	47
48.84581	2.30983	1	2009-05-22:09:04:06	47
48.84612	2.30872	1	2009-05-22:09:04:06	47
48.84636	2.30744	1	2009-05-22:09:04:06	47
48.8467	2.30625	1	2009-05-22:09:04:06	47
48.84704	2.30509	1	2009-05-22:09:04:06	47
48.84743	2.30387	1	2009-05-22:09:04:06	47
48.84789	2.30267	1	2009-05-22:09:04:06	47
48.8481	2.3015	1	2009-05-22:09:04:06	47
48.8485	2.30043	1	2009-05-22:09:04:06	47
48.84893	2.29928	1	2009-05-22:09:04:06	47
48.84915	2.29813	1	2009-05-22:09:04:06	47
48.84954	2.29692	1	2009-05-22:09:04:06	47
48.84993	2.2958	1	2009-05-22:09:04:06	47
48.85023	2.29466	1	2009-05-22:09:04:06	47
48.8507	2.29357	1	2009-05-22:09:04:06	47
48.85105	2.29244	1	2009-05-22:09:04:06	47
48.85128	2.29144	1	2009-05-22:09:04:06	47
48.85138	2.2911	1	2009-05-22:09:04:06	47
48.85177	2.28998	1	2009-05-22:09:04:06	47
48.85252	2.29048	1	2009-05-22:09:04:06	47
48.85311	2.29113	1	2009-05-22:09:04:06	47
48.85381	2.29194	1	2009-05-22:09:04:06	47
48.85425	2.29307	1	2009-05-22:09:04:06	47
48.85387	2.29422	1	2009-05-22:09:04:06	47
48.85355	2.29536	1	2009-05-22:09:04:06	47
48.8534	2.29593	1	2009-05-22:09:04:06	47
48.85322	2.29675	1	2009-05-22:09:04:06	47
48.85282	2.29772	1	2009-05-22:09:04:06	47
48.85248	2.29868	1	2009-05-22:09:04:06	47
48.8519	2.29924	1	2009-05-22:09:04:06	47
48.85136	2.30024	1	2009-05-22:09:04:06	47
48.85094	2.30129	1	2009-05-22:09:04:06	47
48.85038	2.30224	1	2009-05-22:09:04:06	47
48.84983	2.30316	1	2009-05-22:09:04:06	47
48.84924	2.30406	1	2009-05-22:09:04:06	47
48.84868	2.30498	1	2009-05-22:09:04:06	47
48.84809	2.3059	1	2009-05-22:09:04:06	47
48.84751	2.30682	1	2009-05-22:09:04:06	47
48.84697	2.30775	1	2009-05-22:09:04:06	47
48.84636	2.30857	1	2009-05-22:09:04:06	47
48.84654	2.30876	1	2009-05-22:09:04:06	47
48.8469	2.30979	1	2009-05-22:09:04:06	47
48.84716	2.31084	1	2009-05-22:09:04:06	47
48.84698	2.31198	1	2009-05-22:09:04:06	47
48.84637	2.31284	1	2009-05-22:09:04:06	47
48.84601	2.31383	1	2009-05-22:09:04:06	47
48.84639	2.3149	1	2009-05-22:09:04:06	47
48.8467	2.31613	1	2009-05-22:09:04:06	47
48.84704	2.31714	1	2009-05-22:09:04:06	47
48.8475	2.31814	1	2009-05-22:09:04:06	47
48.84791	2.31922	1	2009-05-22:09:04:06	47
48.84831	2.3202	1	2009-05-22:09:04:06	47
48.84882	2.32103	1	2009-05-22:09:04:06	47
48.84936	2.32197	1	2009-05-22:09:04:06	47
48.84985	2.32293	1	2009-05-22:09:04:06	47
48.85031	2.32392	1	2009-05-22:09:04:06	47
48.8507	2.32506	1	2009-05-22:09:04:06	47
48.85121	2.326	1	2009-05-22:09:04:06	47
48.85169	2.32698	1	2009-05-22:09:04:06	47
48.85194	2.32814	1	2009-05-22:09:04:06	47
48.85212	2.32935	1	2009-05-22:09:04:06	47
48.85242	2.33054	1	2009-05-22:09:04:06	47
48.85236	2.33163	1	2009-05-22:09:04:06	47
48.85274	2.33266	1	2009-05-22:09:04:06	47
48.85278	2.33386	1	2009-05-22:09:04:06	47
48.85307	2.33503	1	2009-05-22:09:04:06	47
48.85323	2.33606	1	2009-05-22:09:04:06	47
48.8529	2.33723	1	2009-05-22:09:04:06	47
48.85259	2.33841	1	2009-05-22:09:04:06	47
48.85234	2.33957	1	2009-05-22:09:04:06	47
48.85203	2.3407	1	2009-05-22:09:04:06	47
48.85181	2.34188	1	2009-05-22:09:04:06	47
48.85153	2.34296	1	2009-05-22:09:04:06	47
48.85119	2.34408	1	2009-05-22:09:04:06	47
48.85093	2.34532	1	2009-05-22:09:04:06	47
48.85063	2.34646	1	2009-05-22:09:04:06	47
48.85079	2.34591	1	2009-05-22:09:04:06	47
48.85063	2.34705	1	2009-05-22:09:04:06	47
48.85015	2.34788	1	2009-05-22:09:04:06	47
48.84986	2.34897	1	2009-05-22:09:04:06	47
48.84959	2.35018	1	2009-05-22:09:04:06	47
48.84958	2.35143	1	2009-05-22:09:04:06	47
48.84952	2.35273	1	2009-05-22:09:04:06	47
48.84945	2.35402	1	2009-05-22:09:04:06	47
48.84939	2.3553	1	2009-05-22:09:04:06	47
48.84935	2.35657	1	2009-05-22:09:04:06	47
48.84967	2.35771	1	2009-05-22:09:04:06	47
48.85005	2.35881	1	2009-05-22:09:04:06	47
48.85022	2.35934	1	2009-05-22:09:04:06	47
48.85038	2.35985	1	2009-05-22:09:04:06	47
48.85071	2.36098	1	2009-05-22:09:04:06	47
48.85101	2.36211	1	2009-05-22:09:04:06	47
48.85136	2.36322	1	2009-05-22:09:04:06	47
48.8517	2.36429	1	2009-05-22:09:04:06	47
48.85202	2.36538	1	2009-05-22:09:04:06	47
48.85245	2.36651	1	2009-05-22:09:04:06	47
48.85274	2.3676	1	2009-05-22:09:04:06	47
48.85276	2.36878	1	2009-05-22:09:04:06	47
48.85305	2.36976	1	2009-05-22:09:04:06	47
48.85291	2.37078	1	2009-05-22:09:04:06	47
48.85242	2.37177	1	2009-05-22:09:04:06	47
48.85208	2.37288	1	2009-05-22:09:04:06	47
48.85176	2.37398	1	2009-05-22:09:04:06	47
48.85143	2.3751	1	2009-05-22:09:04:06	47
48.85118	2.3762	1	2009-05-22:09:04:06	47
48.85098	2.37738	1	2009-05-22:09:04:06	47
48.85065	2.37851	1	2009-05-22:09:04:06	47
48.85046	2.37879	1	2009-05-22:09:04:06	47
48.8504	2.37882	1	2009-05-22:09:04:06	47
48.85035	2.37886	1	2009-05-22:09:04:06	47
48.85031	2.3789	1	2009-05-22:09:04:06	47
48.85027	2.37894	1	2009-05-22:09:04:06	47
48.85023	2.37897	1	2009-05-22:09:04:06	47
48.85019	2.37899	1	2009-05-22:09:04:06	47
48.85015	2.37902	1	2009-05-22:09:04:06	47
48.85011	2.37904	1	2009-05-22:09:04:06	47
48.85008	2.37906	1	2009-05-22:09:04:06	47
48.85006	2.37907	1	2009-05-22:09:04:06	47
48.85004	2.37909	1	2009-05-22:09:04:06	47
48.85001	2.37912	1	2009-05-22:09:04:06	47
48.84999	2.37914	1	2009-05-22:09:04:06	47
48.84996	2.37916	1	2009-05-22:09:04:06	47
48.84994	2.37916	1	2009-05-22:09:04:06	47
48.84988	2.37913	1	2009-05-22:09:04:06	47
48.84984	2.37912	1	2009-05-22:09:04:06	47
48.84984	2.37911	1	2009-05-22:09:04:06	47
48.84984	2.37909	1	2009-05-22:09:04:06	47
48.84986	2.37908	1	2009-05-22:09:04:06	47
48.84985	2.37906	1	2009-05-22:09:04:06	47
48.84985	2.37908	1	2009-05-22:09:04:06	47
48.85142	2.36315	1	2009-05-22:11:50:59	48
48.85128	2.3626	1	2009-05-22:11:50:59	48
48.85115	2.3623	1	2009-05-22:11:50:59	48
48.85111	2.36205	1	2009-05-22:11:50:59	48
48.85102	2.36172	1	2009-05-22:11:50:59	48
48.85091	2.36141	1	2009-05-22:11:50:59	48
48.85082	2.36109	1	2009-05-22:11:50:59	48
48.8507	2.36075	1	2009-05-22:11:50:59	48
48.85059	2.36038	1	2009-05-22:11:50:59	48
48.85051	2.36011	1	2009-05-22:11:50:59	48
48.85042	2.35981	1	2009-05-22:11:50:59	48
48.85035	2.35952	1	2009-05-22:11:50:59	48
48.85026	2.35916	1	2009-05-22:11:50:59	48
48.8502	2.3589	1	2009-05-22:11:50:59	48
48.85009	2.35855	1	2009-05-22:11:50:59	48
48.84999	2.35827	1	2009-05-22:11:50:59	48
48.84989	2.35798	1	2009-05-22:11:50:59	48
48.84978	2.35768	1	2009-05-22:11:50:59	48
48.84967	2.35737	1	2009-05-22:11:50:59	48
48.84958	2.35708	1	2009-05-22:11:50:59	48
48.84946	2.35679	1	2009-05-22:11:50:59	48
48.84948	2.35645	1	2009-05-22:11:50:59	48
48.84956	2.35614	1	2009-05-22:11:50:59	48
48.84943	2.35591	1	2009-05-22:11:50:59	48
48.84919	2.3558	1	2009-05-22:11:50:59	48
48.84899	2.35562	1	2009-05-22:11:50:59	48
48.84884	2.35536	1	2009-05-22:11:50:59	48
48.84863	2.35515	1	2009-05-22:11:50:59	48
48.84842	2.35494	1	2009-05-22:11:50:59	48
48.84825	2.35473	1	2009-05-22:11:50:59	48
48.84806	2.35447	1	2009-05-22:11:50:59	48
48.84789	2.35427	1	2009-05-22:11:50:59	48
48.84769	2.35414	1	2009-05-22:11:50:59	48
48.8475	2.35396	1	2009-05-22:11:50:59	48
48.84735	2.35369	1	2009-05-22:11:50:59	48
48.84738	2.35328	1	2009-05-22:11:50:59	48
48.84743	2.35335	1	2009-05-22:11:50:59	48
48.84728	2.35359	1	2009-05-22:11:50:59	48
48.84711	2.3539	1	2009-05-22:11:50:59	48
48.84693	2.35418	1	2009-05-22:11:50:59	48
48.84674	2.35446	1	2009-05-22:11:50:59	48
48.84658	2.35465	1	2009-05-22:11:50:59	48
48.8464	2.35481	1	2009-05-22:11:50:59	48
48.84622	2.35496	1	2009-05-22:11:50:59	48
48.84596	2.35507	1	2009-05-22:11:50:59	48
48.84576	2.35503	1	2009-05-22:11:50:59	48
48.84554	2.35502	1	2009-05-22:11:50:59	48
48.84532	2.35495	1	2009-05-22:11:50:59	48
48.84509	2.35489	1	2009-05-22:11:50:59	48
48.84487	2.35495	1	2009-05-22:11:50:59	48
48.84464	2.35498	1	2009-05-22:11:50:59	48
48.84439	2.35505	1	2009-05-22:11:50:59	48
48.84416	2.35509	1	2009-05-22:11:50:59	48
48.84393	2.35515	1	2009-05-22:11:50:59	48
48.84375	2.35501	1	2009-05-22:11:50:59	48
48.84378	2.35467	1	2009-05-22:11:50:59	48
48.84373	2.35437	1	2009-05-22:11:50:59	48
48.84372	2.35401	1	2009-05-22:11:50:59	48
48.84372	2.35372	1	2009-05-22:11:50:59	48
48.84382	2.35344	1	2009-05-22:11:50:59	48
48.84377	2.35307	1	2009-05-22:11:50:59	48
48.84375	2.35265	1	2009-05-22:11:50:59	48
48.84379	2.35236	1	2009-05-22:11:50:59	48
48.84369	2.35215	1	2009-05-22:11:50:59	48
48.84346	2.35219	1	2009-05-22:11:50:59	48
48.84323	2.35218	1	2009-05-22:11:50:59	48
48.84296	2.35222	1	2009-05-22:11:50:59	48
48.84274	2.35219	1	2009-05-22:11:50:59	48
48.84251	2.35226	1	2009-05-22:11:50:59	48
48.84229	2.35233	1	2009-05-22:11:50:59	48
48.84208	2.35232	1	2009-05-22:11:50:59	48
48.84184	2.35228	1	2009-05-22:11:50:59	48
48.84164	2.35222	1	2009-05-22:11:50:59	48
48.84139	2.35216	1	2009-05-22:11:50:59	48
48.84116	2.35214	1	2009-05-22:11:50:59	48
48.8409	2.35208	1	2009-05-22:11:50:59	48
48.84066	2.35191	1	2009-05-22:11:50:59	48
48.84041	2.35173	1	2009-05-22:11:50:59	48
48.8401	2.35154	1	2009-05-22:11:50:59	48
48.8398	2.35137	1	2009-05-22:11:50:59	48
48.83952	2.35119	1	2009-05-22:11:50:59	48
48.83924	2.35111	1	2009-05-22:11:50:59	48
48.83901	2.35099	1	2009-05-22:11:50:59	48
48.83882	2.35088	1	2009-05-22:11:50:59	48
48.83884	2.35056	1	2009-05-22:11:50:59	48
48.83864	2.35049	1	2009-05-22:11:50:59	48
48.83842	2.35065	1	2009-05-22:11:50:59	48
48.83821	2.35082	1	2009-05-22:11:50:59	48
48.83804	2.35097	1	2009-05-22:11:50:59	48
48.83784	2.3511	1	2009-05-22:11:50:59	48
48.83765	2.35122	1	2009-05-22:11:50:59	48
48.83746	2.35143	1	2009-05-22:11:50:59	48
48.83726	2.3516	1	2009-05-22:11:50:59	48
48.83703	2.35169	1	2009-05-22:11:50:59	48
48.83682	2.35169	1	2009-05-22:11:50:59	48
48.83661	2.35182	1	2009-05-22:11:50:59	48
48.83642	2.35199	1	2009-05-22:11:50:59	48
48.83622	2.35218	1	2009-05-22:11:50:59	48
48.836	2.35237	1	2009-05-22:11:50:59	48
48.83581	2.35243	1	2009-05-22:11:50:59	48
48.8356	2.35254	1	2009-05-22:11:50:59	48
48.83542	2.3527	1	2009-05-22:11:50:59	48
48.83521	2.35286	1	2009-05-22:11:50:59	48
48.835	2.35299	1	2009-05-22:11:50:59	48
48.83479	2.3531	1	2009-05-22:11:50:59	48
48.83459	2.35328	1	2009-05-22:11:50:59	48
48.83441	2.35346	1	2009-05-22:11:50:59	48
48.8342	2.35362	1	2009-05-22:11:50:59	48
48.834	2.35377	1	2009-05-22:11:50:59	48
48.83381	2.35391	1	2009-05-22:11:50:59	48
48.83359	2.35409	1	2009-05-22:11:50:59	48
48.83341	2.35429	1	2009-05-22:11:50:59	48
48.83318	2.35429	1	2009-05-22:11:50:59	48
48.83299	2.35442	1	2009-05-22:11:50:59	48
48.83276	2.35452	1	2009-05-22:11:50:59	48
48.83253	2.35465	1	2009-05-22:11:50:59	48
48.83229	2.3548	1	2009-05-22:11:50:59	48
48.83209	2.3549	1	2009-05-22:11:50:59	48
48.83188	2.35498	1	2009-05-22:11:50:59	48
48.83169	2.35482	1	2009-05-22:11:50:59	48
48.83147	2.35471	1	2009-05-22:11:50:59	48
48.83131	2.35447	1	2009-05-22:11:50:59	48
48.83121	2.35412	1	2009-05-22:11:50:59	48
48.83112	2.35382	1	2009-05-22:11:50:59	48
48.83105	2.35348	1	2009-05-22:11:50:59	48
48.83098	2.35318	1	2009-05-22:11:50:59	48
48.83088	2.35291	1	2009-05-22:11:50:59	48
48.83082	2.35278	1	2009-05-22:11:50:59	48
48.83072	2.35266	1	2009-05-22:11:50:59	48
48.83062	2.35258	1	2009-05-22:11:50:59	48
48.83046	2.35265	1	2009-05-22:11:50:59	48
48.83033	2.3527	1	2009-05-22:11:50:59	48
48.83023	2.35273	1	2009-05-22:11:50:59	48
48.83002	2.35282	1	2009-05-22:11:50:59	48
48.82979	2.35287	1	2009-05-22:11:50:59	48
48.82958	2.35281	1	2009-05-22:11:50:59	48
48.82937	2.35279	1	2009-05-22:11:50:59	48
48.82917	2.35281	1	2009-05-22:11:50:59	48
48.82894	2.35286	1	2009-05-22:11:50:59	48
48.82872	2.3529	1	2009-05-22:11:50:59	48
48.82848	2.35286	1	2009-05-22:11:50:59	48
48.82828	2.35288	1	2009-05-22:11:50:59	48
48.8281	2.35286	1	2009-05-22:11:50:59	48
48.82799	2.35259	1	2009-05-22:11:50:59	48
48.82779	2.35242	1	2009-05-22:11:50:59	48
48.8276	2.35217	1	2009-05-22:11:50:59	48
48.82735	2.3521	1	2009-05-22:11:50:59	48
48.82715	2.35196	1	2009-05-22:11:50:59	48
48.827	2.35171	1	2009-05-22:11:50:59	48
48.82687	2.35144	1	2009-05-22:11:50:59	48
48.82667	2.3512	1	2009-05-22:11:50:59	48
48.82643	2.35106	1	2009-05-22:11:50:59	48
48.82623	2.35083	1	2009-05-22:11:50:59	48
48.826	2.35064	1	2009-05-22:11:50:59	48
48.8258	2.35043	1	2009-05-22:11:50:59	48
48.82562	2.35021	1	2009-05-22:11:50:59	48
48.82541	2.35008	1	2009-05-22:11:50:59	48
48.82519	2.34994	1	2009-05-22:11:50:59	48
48.82504	2.34969	1	2009-05-22:11:50:59	48
48.82485	2.34953	1	2009-05-22:11:50:59	48
48.82461	2.34944	1	2009-05-22:11:50:59	48
48.82444	2.34926	1	2009-05-22:11:50:59	48
48.82426	2.34906	1	2009-05-22:11:50:59	48
48.82404	2.3489	1	2009-05-22:11:50:59	48
48.82385	2.34872	1	2009-05-22:11:50:59	48
48.82367	2.34855	1	2009-05-22:11:50:59	48
48.82348	2.34837	1	2009-05-22:11:50:59	48
48.82329	2.34821	1	2009-05-22:11:50:59	48
48.82309	2.34809	1	2009-05-22:11:50:59	48
48.8229	2.34792	1	2009-05-22:11:50:59	48
48.8227	2.34773	1	2009-05-22:11:50:59	48
48.82254	2.34753	1	2009-05-22:11:50:59	48
48.82252	2.3474	1	2009-05-22:11:50:59	48
48.8225	2.34729	1	2009-05-22:11:50:59	48
48.82248	2.34718	1	2009-05-22:11:50:59	48
48.82247	2.34707	1	2009-05-22:11:50:59	48
48.82246	2.34695	1	2009-05-22:11:50:59	48
48.82246	2.34687	1	2009-05-22:11:50:59	48
48.82247	2.34676	1	2009-05-22:11:50:59	48
48.82248	2.34665	1	2009-05-22:11:50:59	48
48.82248	2.34658	1	2009-05-22:11:50:59	48
48.82246	2.34654	1	2009-05-22:11:50:59	48
48.82243	2.34648	1	2009-05-22:11:50:59	48
48.82241	2.34642	1	2009-05-22:11:50:59	48
48.82239	2.34637	1	2009-05-22:11:50:59	48
48.82238	2.34635	1	2009-05-22:11:50:59	48
48.82238	2.34633	1	2009-05-22:11:50:59	48
48.82238	2.34635	1	2009-05-22:11:50:59	48
48.82239	2.34637	1	2009-05-22:11:50:59	48
48.82236	2.3464	1	2009-05-22:11:50:59	48
48.82235	2.34643	1	2009-05-22:11:50:59	48
48.82232	2.34657	1	2009-05-22:11:50:59	48
48.82231	2.34661	1	2009-05-22:11:50:59	48
48.82244	2.34631	1	2009-05-22:11:50:59	48
48.76586	2.17995	1	2009-05-25:16:22:05	49
48.76587	2.179	1	2009-05-25:16:22:05	49
48.7659	2.17767	1	2009-05-25:16:22:05	49
48.7654	2.17649	1	2009-05-25:16:22:05	49
48.76482	2.17527	1	2009-05-25:16:22:05	49
48.76431	2.17402	1	2009-05-25:16:22:05	49
48.76407	2.17275	1	2009-05-25:16:22:05	49
48.7643	2.17164	1	2009-05-25:16:22:05	49
48.76387	2.17148	1	2009-05-25:16:22:05	49
48.7636	2.17281	1	2009-05-25:16:22:05	49
48.76344	2.17416	1	2009-05-25:16:22:05	49
48.76307	2.17542	1	2009-05-25:16:22:05	49
48.76252	2.17659	1	2009-05-25:16:22:05	49
48.7621	2.17788	1	2009-05-25:16:22:05	49
48.76155	2.17877	1	2009-05-25:16:22:05	49
48.76173	2.18	1	2009-05-25:16:22:05	49
48.76175	2.18144	1	2009-05-25:16:22:05	49
48.76145	2.18291	1	2009-05-25:16:22:05	49
48.76086	2.18409	1	2009-05-25:16:22:05	49
48.76025	2.18519	1	2009-05-25:16:22:05	49
48.75943	2.18634	1	2009-05-25:16:22:05	49
48.75876	2.18727	1	2009-05-25:16:22:05	49
48.75838	2.18859	1	2009-05-25:16:22:05	49
48.75809	2.18977	1	2009-05-25:16:22:05	49
48.75775	2.19092	1	2009-05-25:16:22:05	49
48.75719	2.19183	1	2009-05-25:16:22:05	49
48.75673	2.19291	1	2009-05-25:16:22:05	49
48.75617	2.19425	1	2009-05-25:16:22:05	49
48.75574	2.19557	1	2009-05-25:16:22:05	49
48.75533	2.19688	1	2009-05-25:16:22:05	49
48.75502	2.19813	1	2009-05-25:16:22:05	49
48.75444	2.19932	1	2009-05-25:16:22:05	49
48.754	2.20023	1	2009-05-25:16:22:05	49
48.75388	2.20092	1	2009-05-25:16:22:05	49
48.75346	2.20182	1	2009-05-25:16:22:05	49
48.75299	2.20288	1	2009-05-25:16:22:05	49
48.75263	2.20419	1	2009-05-25:16:22:05	49
48.75243	2.20533	1	2009-05-25:16:22:05	49
48.75196	2.20646	1	2009-05-25:16:22:05	49
48.75163	2.20766	1	2009-05-25:16:22:05	49
48.7512	2.20872	1	2009-05-25:16:22:05	49
48.75082	2.20993	1	2009-05-25:16:22:05	49
48.7505	2.21104	1	2009-05-25:16:22:05	49
48.75071	2.21219	1	2009-05-25:16:22:05	49
48.7513	2.21331	1	2009-05-25:16:22:05	49
48.75199	2.21434	1	2009-05-25:16:22:05	49
48.75274	2.21525	1	2009-05-25:16:22:05	49
48.75352	2.2159	1	2009-05-25:16:22:05	49
48.75438	2.21557	1	2009-05-25:16:22:05	49
48.75488	2.21543	1	2009-05-25:16:22:05	49
48.75534	2.21639	1	2009-05-25:16:22:05	49
48.75585	2.21728	1	2009-05-25:16:22:05	49
48.75647	2.21811	1	2009-05-25:16:22:05	49
48.75727	2.21872	1	2009-05-25:16:22:05	49
48.75804	2.21932	1	2009-05-25:16:22:05	49
48.75882	2.21999	1	2009-05-25:16:22:05	49
48.75961	2.2207	1	2009-05-25:16:22:05	49
48.76033	2.22153	1	2009-05-25:16:22:05	49
48.76098	2.22237	1	2009-05-25:16:22:05	49
48.76163	2.22331	1	2009-05-25:16:22:05	49
48.76216	2.22441	1	2009-05-25:16:22:05	49
48.76287	2.22516	1	2009-05-25:16:22:05	49
48.76339	2.2261	1	2009-05-25:16:22:05	49
48.76408	2.22695	1	2009-05-25:16:22:05	49
48.76444	2.22732	1	2009-05-25:16:22:05	49
48.76514	2.22804	1	2009-05-25:16:22:05	49
48.76585	2.22883	1	2009-05-25:16:22:05	49
48.76652	2.22963	1	2009-05-25:16:22:05	49
48.76682	2.23062	1	2009-05-25:16:22:05	49
48.76762	2.23044	1	2009-05-25:16:22:05	49
48.76846	2.2304	1	2009-05-25:16:22:05	49
48.76927	2.23039	1	2009-05-25:16:22:05	49
48.77009	2.23015	1	2009-05-25:16:22:05	49
48.77089	2.22969	1	2009-05-25:16:22:05	49
48.77171	2.2294	1	2009-05-25:16:22:05	49
48.77255	2.22926	1	2009-05-25:16:22:05	49
48.77335	2.22915	1	2009-05-25:16:22:05	49
48.77415	2.22904	1	2009-05-25:16:22:05	49
48.77499	2.22889	1	2009-05-25:16:22:05	49
48.77584	2.22895	1	2009-05-25:16:22:05	49
48.77646	2.22984	1	2009-05-25:16:22:05	49
48.77689	2.23093	1	2009-05-25:16:22:05	49
48.77734	2.2319	1	2009-05-25:16:22:05	49
48.77778	2.23297	1	2009-05-25:16:22:05	49
48.77824	2.23403	1	2009-05-25:16:22:05	49
48.77865	2.23522	1	2009-05-25:16:22:05	49
48.77913	2.23622	1	2009-05-25:16:22:05	49
48.77956	2.23723	1	2009-05-25:16:22:05	49
48.77998	2.23834	1	2009-05-25:16:22:05	49
48.78038	2.23942	1	2009-05-25:16:22:05	49
48.78085	2.24039	1	2009-05-25:16:22:05	49
48.78127	2.24139	1	2009-05-25:16:22:05	49
48.78169	2.24243	1	2009-05-25:16:22:05	49
48.78214	2.24355	1	2009-05-25:16:22:05	49
48.78257	2.24457	1	2009-05-25:16:22:05	49
48.78297	2.24565	1	2009-05-25:16:22:05	49
48.78339	2.24674	1	2009-05-25:16:22:05	49
48.78385	2.24783	1	2009-05-25:16:22:05	49
48.78427	2.2488	1	2009-05-25:16:22:05	49
48.78471	2.24987	1	2009-05-25:16:22:05	49
48.78514	2.25091	1	2009-05-25:16:22:05	49
48.78556	2.25203	1	2009-05-25:16:22:05	49
48.78598	2.25306	1	2009-05-25:16:22:05	49
48.78645	2.25417	1	2009-05-25:16:22:05	49
48.78691	2.25518	1	2009-05-25:16:22:05	49
48.78733	2.25622	1	2009-05-25:16:22:05	49
48.78778	2.25731	1	2009-05-25:16:22:05	49
48.7882	2.25836	1	2009-05-25:16:22:05	49
48.78861	2.25938	1	2009-05-25:16:22:05	49
48.78904	2.26046	1	2009-05-25:16:22:05	49
48.78947	2.26152	1	2009-05-25:16:22:05	49
48.7899	2.26265	1	2009-05-25:16:22:05	49
48.79033	2.26365	1	2009-05-25:16:22:05	49
48.79076	2.26468	1	2009-05-25:16:22:05	49
48.7912	2.26572	1	2009-05-25:16:22:05	49
48.79163	2.26677	1	2009-05-25:16:22:05	49
48.79203	2.26782	1	2009-05-25:16:22:05	49
48.79248	2.26888	1	2009-05-25:16:22:05	49
48.79288	2.26984	1	2009-05-25:16:22:05	49
48.79339	2.27085	1	2009-05-25:16:22:05	49
48.79393	2.27187	1	2009-05-25:16:22:05	49
48.79449	2.27284	1	2009-05-25:16:22:05	49
48.79502	2.27374	1	2009-05-25:16:22:05	49
48.79556	2.27468	1	2009-05-25:16:22:05	49
48.79609	2.27566	1	2009-05-25:16:22:05	49
48.79669	2.27663	1	2009-05-25:16:22:05	49
48.79727	2.27762	1	2009-05-25:16:22:05	49
48.79752	2.27806	1	2009-05-25:16:22:05	49
48.79778	2.2785	1	2009-05-25:16:22:05	49
48.79803	2.27894	1	2009-05-25:16:22:05	49
48.79828	2.27937	1	2009-05-25:16:22:05	49
48.79861	2.27993	1	2009-05-25:16:22:05	49
48.79916	2.28087	1	2009-05-25:16:22:05	49
48.79965	2.28178	1	2009-05-25:16:22:05	49
48.80022	2.28267	1	2009-05-25:16:22:05	49
48.80049	2.28348	1	2009-05-25:16:22:05	49
48.80112	2.28429	1	2009-05-25:16:22:05	49
48.80167	2.28513	1	2009-05-25:16:22:05	49
48.80221	2.28599	1	2009-05-25:16:22:05	49
48.80277	2.28689	1	2009-05-25:16:22:05	49
48.80338	2.28774	1	2009-05-25:16:22:05	49
48.80386	2.28868	1	2009-05-25:16:22:05	49
48.80442	2.28964	1	2009-05-25:16:22:05	49
48.80507	2.29049	1	2009-05-25:16:22:05	49
48.80566	2.29135	1	2009-05-25:16:22:05	49
48.80617	2.29229	1	2009-05-25:16:22:05	49
48.80668	2.29326	1	2009-05-25:16:22:05	49
48.80719	2.2942	1	2009-05-25:16:22:05	49
48.80764	2.29517	1	2009-05-25:16:22:05	49
48.80815	2.29607	1	2009-05-25:16:22:05	49
48.80872	2.29697	1	2009-05-25:16:22:05	49
48.80918	2.298	1	2009-05-25:16:22:05	49
48.80983	2.2987	1	2009-05-25:16:22:05	49
48.81049	2.29947	1	2009-05-25:16:22:05	49
48.81111	2.30017	1	2009-05-25:16:22:05	49
48.81184	2.30061	1	2009-05-25:16:22:05	49
48.81145	2.30162	1	2009-05-25:16:22:05	49
48.81106	2.30267	1	2009-05-25:16:22:05	49
48.81162	2.30359	1	2009-05-25:16:22:05	49
48.81216	2.30448	1	2009-05-25:16:22:05	49
48.8127	2.30541	1	2009-05-25:16:22:05	49
48.81328	2.3064	1	2009-05-25:16:22:05	49
48.81381	2.30729	1	2009-05-25:16:22:05	49
48.81433	2.30822	1	2009-05-25:16:22:05	49
48.81486	2.30911	1	2009-05-25:16:22:05	49
48.81532	2.31002	1	2009-05-25:16:22:05	49
48.81585	2.31089	1	2009-05-25:16:22:05	49
48.81621	2.3119	1	2009-05-25:16:22:05	49
48.81663	2.313	1	2009-05-25:16:22:05	49
48.81693	2.31415	1	2009-05-25:16:22:05	49
48.81729	2.31524	1	2009-05-25:16:22:05	49
48.81774	2.31647	1	2009-05-25:16:22:05	49
48.81802	2.31766	1	2009-05-25:16:22:05	49
48.81831	2.31882	1	2009-05-25:16:22:05	49
48.81842	2.32004	1	2009-05-25:16:22:05	49
48.81823	2.32134	1	2009-05-25:16:22:05	49
48.81811	2.32241	1	2009-05-25:16:22:05	49
48.81795	2.32361	1	2009-05-25:16:22:05	49
48.81779	2.32479	1	2009-05-25:16:22:05	49
48.81744	2.32584	1	2009-05-25:16:22:05	49
48.81732	2.32702	1	2009-05-25:16:22:05	49
48.81719	2.32824	1	2009-05-25:16:22:05	49
48.81716	2.32943	1	2009-05-25:16:22:05	49
48.81712	2.33072	1	2009-05-25:16:22:05	49
48.81699	2.33196	1	2009-05-25:16:22:05	49
48.8177	2.33246	1	2009-05-25:16:22:05	49
48.8185	2.33283	1	2009-05-25:16:22:05	49
48.81922	2.33325	1	2009-05-25:16:22:05	49
48.82	2.33369	1	2009-05-25:16:22:05	49
48.82078	2.33402	1	2009-05-25:16:22:05	49
48.82099	2.33495	1	2009-05-25:16:22:05	49
48.82078	2.3361	1	2009-05-25:16:22:05	49
48.82052	2.33721	1	2009-05-25:16:22:05	49
48.82021	2.33837	1	2009-05-25:16:22:05	49
48.82018	2.33854	1	2009-05-25:16:22:05	49
48.82016	2.33863	1	2009-05-25:16:22:05	49
48.82014	2.33871	1	2009-05-25:16:22:05	49
48.82011	2.3388	1	2009-05-25:16:22:05	49
48.82009	2.33889	1	2009-05-25:16:22:05	49
48.82007	2.33897	1	2009-05-25:16:22:05	49
48.82007	2.33906	1	2009-05-25:16:22:05	49
48.82006	2.33914	1	2009-05-25:16:22:05	49
48.82004	2.33923	1	2009-05-25:16:22:05	49
48.82002	2.33932	1	2009-05-25:16:22:05	49
48.82001	2.33941	1	2009-05-25:16:22:05	49
48.81999	2.33949	1	2009-05-25:16:22:05	49
48.81997	2.33958	1	2009-05-25:16:22:05	49
48.81996	2.33964	1	2009-05-25:16:22:05	49
48.81994	2.33969	1	2009-05-25:16:22:05	49
48.81994	2.33971	1	2009-05-25:16:22:05	49
48.81994	2.33973	1	2009-05-25:16:22:05	49
48.81994	2.33975	1	2009-05-25:16:22:05	49
48.81996	2.33974	1	2009-05-25:16:22:05	49
48.81998	2.33972	1	2009-05-25:16:22:05	49
48.81999	2.3397	1	2009-05-25:16:22:05	49
48.82001	2.33969	1	2009-05-25:16:22:05	49
48.81973	2.33985	1	2009-05-25:16:22:05	49
48.84438	2.35224	1	2009-05-25:18:21:16	50
48.84461	2.35316	1	2009-05-25:18:21:16	50
48.84472	2.35359	1	2009-05-25:18:21:16	50
48.84505	2.35402	1	2009-05-25:18:21:16	50
48.84484	2.35467	1	2009-05-25:18:21:16	50
48.84507	2.35506	1	2009-05-25:18:21:16	50
48.84537	2.35556	1	2009-05-25:18:21:16	50
48.84558	2.35624	1	2009-05-25:18:21:16	50
48.84558	2.35691	1	2009-05-25:18:21:16	50
48.8452	2.35743	1	2009-05-25:18:21:16	50
48.84546	2.35783	1	2009-05-25:18:21:16	50
48.84569	2.35846	1	2009-05-25:18:21:16	50
48.846	2.35905	1	2009-05-25:18:21:16	50
48.84632	2.35966	1	2009-05-25:18:21:16	50
48.84664	2.36019	1	2009-05-25:18:21:16	50
48.84689	2.36077	1	2009-05-25:18:21:16	50
48.84724	2.36048	1	2009-05-25:18:21:16	50
48.84757	2.36002	1	2009-05-25:18:21:16	50
48.84778	2.35989	1	2009-05-25:18:21:16	50
48.84748	2.36041	1	2009-05-25:18:21:16	50
48.84717	2.36092	1	2009-05-25:18:21:16	50
48.84699	2.36148	1	2009-05-25:18:21:16	50
48.84675	2.36204	1	2009-05-25:18:21:16	50
48.84648	2.3626	1	2009-05-25:18:21:16	50
48.8461	2.36299	1	2009-05-25:18:21:16	50
48.8457	2.36332	1	2009-05-25:18:21:16	50
48.84571	2.3633	1	2009-05-25:18:21:16	50
48.84611	2.36295	1	2009-05-25:18:21:16	50
48.84645	2.36266	1	2009-05-25:18:21:16	50
48.84681	2.36208	1	2009-05-25:18:21:16	50
48.84705	2.36149	1	2009-05-25:18:21:16	50
48.84745	2.36118	1	2009-05-25:18:21:16	50
48.84772	2.36076	1	2009-05-25:18:21:16	50
48.84806	2.36025	1	2009-05-25:18:21:16	50
48.8484	2.35976	1	2009-05-25:18:21:16	50
48.8487	2.35926	1	2009-05-25:18:21:16	50
48.84902	2.35876	1	2009-05-25:18:21:16	50
48.84916	2.35809	1	2009-05-25:18:21:16	50
48.8491	2.35739	1	2009-05-25:18:21:16	50
48.84935	2.3569	1	2009-05-25:18:21:16	50
48.84959	2.35624	1	2009-05-25:18:21:16	50
48.8498	2.35563	1	2009-05-25:18:21:16	50
48.84999	2.35497	1	2009-05-25:18:21:16	50
48.85018	2.35436	1	2009-05-25:18:21:16	50
48.8504	2.35368	1	2009-05-25:18:21:16	50
48.85062	2.35293	1	2009-05-25:18:21:16	50
48.85085	2.3522	1	2009-05-25:18:21:16	50
48.85101	2.35158	1	2009-05-25:18:21:16	50
48.85123	2.35092	1	2009-05-25:18:21:16	50
48.85147	2.3504	1	2009-05-25:18:21:16	50
48.85172	2.3498	1	2009-05-25:18:21:16	50
48.85202	2.34923	1	2009-05-25:18:21:16	50
48.8523	2.34862	1	2009-05-25:18:21:16	50
48.85261	2.34794	1	2009-05-25:18:21:16	50
48.85289	2.34733	1	2009-05-25:18:21:16	50
48.85314	2.34674	1	2009-05-25:18:21:16	50
48.85334	2.3461	1	2009-05-25:18:21:16	50
48.8535	2.3455	1	2009-05-25:18:21:16	50
48.85365	2.34486	1	2009-05-25:18:21:16	50
48.85374	2.34414	1	2009-05-25:18:21:16	50
48.85343	2.34362	1	2009-05-25:18:21:16	50
48.85317	2.34306	1	2009-05-25:18:21:16	50
48.85291	2.34258	1	2009-05-25:18:21:16	50
48.85271	2.34199	1	2009-05-25:18:21:16	50
48.85259	2.34168	1	2009-05-25:18:21:16	50
48.85246	2.34148	1	2009-05-25:18:21:16	50
48.85233	2.34118	1	2009-05-25:18:21:16	50
48.85223	2.3407	1	2009-05-25:18:21:16	50
48.85208	2.34008	1	2009-05-25:18:21:16	50
48.8519	2.33952	1	2009-05-25:18:21:16	50
48.85162	2.33911	1	2009-05-25:18:21:16	50
48.85174	2.33863	1	2009-05-25:18:21:16	50
48.85175	2.33803	1	2009-05-25:18:21:16	50
48.85179	2.33739	1	2009-05-25:18:21:16	50
48.85177	2.33675	1	2009-05-25:18:21:16	50
48.85177	2.3361	1	2009-05-25:18:21:16	50
48.85169	2.33549	1	2009-05-25:18:21:16	50
48.85131	2.3353	1	2009-05-25:18:21:16	50
48.85128	2.33467	1	2009-05-25:18:21:16	50
48.85128	2.33406	1	2009-05-25:18:21:16	50
48.85112	2.33354	1	2009-05-25:18:21:16	50
48.85102	2.33303	1	2009-05-25:18:21:16	50
48.85067	2.33318	1	2009-05-25:18:21:16	50
48.85073	2.33352	1	2009-05-25:18:21:16	50
48.851	2.33366	1	2009-05-25:18:21:16	50
48.85105	2.33326	1	2009-05-25:18:21:16	50
48.85083	2.33289	1	2009-05-25:18:21:16	50
48.85092	2.33275	1	2009-05-25:18:21:16	50
48.8512	2.33286	1	2009-05-25:18:21:16	50
48.85128	2.3329	1	2009-05-25:18:21:16	50
48.85088	2.33288	1	2009-05-25:18:21:16	50
48.85044	2.33269	1	2009-05-25:18:21:16	50
48.85003	2.33258	1	2009-05-25:18:21:16	50
48.84961	2.33273	1	2009-05-25:18:21:16	50
48.8492	2.33284	1	2009-05-25:18:21:16	50
48.8488	2.33297	1	2009-05-25:18:21:16	50
48.84848	2.33292	1	2009-05-25:18:21:16	50
48.84814	2.33258	1	2009-05-25:18:21:16	50
48.84772	2.3325	1	2009-05-25:18:21:16	50
48.84731	2.33243	1	2009-05-25:18:21:16	50
48.84689	2.33245	1	2009-05-25:18:21:16	50
48.84649	2.3324	1	2009-05-25:18:21:16	50
48.84609	2.33241	1	2009-05-25:18:21:16	50
48.84565	2.33232	1	2009-05-25:18:21:16	50
48.84523	2.33237	1	2009-05-25:18:21:16	50
48.84505	2.33257	1	2009-05-25:18:21:16	50
48.84469	2.33299	1	2009-05-25:18:21:16	50
48.84427	2.33316	1	2009-05-25:18:21:16	50
48.84391	2.33345	1	2009-05-25:18:21:16	50
48.8435	2.33361	1	2009-05-25:18:21:16	50
48.84337	2.33423	1	2009-05-25:18:21:16	50
48.84304	2.3346	1	2009-05-25:18:21:16	50
48.84267	2.33485	1	2009-05-25:18:21:16	50
48.84231	2.33516	1	2009-05-25:18:21:16	50
48.84189	2.33547	1	2009-05-25:18:21:16	50
48.84149	2.3358	1	2009-05-25:18:21:16	50
48.84112	2.33599	1	2009-05-25:18:21:16	50
48.8407	2.33608	1	2009-05-25:18:21:16	50
48.84029	2.33639	1	2009-05-25:18:21:16	50
48.83991	2.33651	1	2009-05-25:18:21:16	50
48.83948	2.33642	1	2009-05-25:18:21:16	50
48.83925	2.33693	1	2009-05-25:18:21:16	50
48.83915	2.33776	1	2009-05-25:18:21:16	50
48.839	2.3384	1	2009-05-25:18:21:16	50
48.83891	2.33899	1	2009-05-25:18:21:16	50
48.83867	2.33959	1	2009-05-25:18:21:16	50
48.83825	2.33972	1	2009-05-25:18:21:16	50
48.83812	2.3395	1	2009-05-25:18:21:16	50
48.83791	2.33935	1	2009-05-25:18:21:16	50
48.83775	2.33914	1	2009-05-25:18:21:16	50
48.83743	2.3388	1	2009-05-25:18:21:16	50
48.83707	2.33855	1	2009-05-25:18:21:16	50
48.8367	2.33822	1	2009-05-25:18:21:16	50
48.8363	2.33799	1	2009-05-25:18:21:16	50
48.83593	2.33779	1	2009-05-25:18:21:16	50
48.83555	2.33763	1	2009-05-25:18:21:16	50
48.83515	2.33743	1	2009-05-25:18:21:16	50
48.83481	2.33717	1	2009-05-25:18:21:16	50
48.83445	2.33681	1	2009-05-25:18:21:16	50
48.83407	2.33653	1	2009-05-25:18:21:16	50
48.83364	2.33635	1	2009-05-25:18:21:16	50
48.83326	2.33614	1	2009-05-25:18:21:16	50
48.83289	2.33588	1	2009-05-25:18:21:16	50
48.83251	2.33566	1	2009-05-25:18:21:16	50
48.83208	2.33555	1	2009-05-25:18:21:16	50
48.83169	2.33528	1	2009-05-25:18:21:16	50
48.8314	2.33497	1	2009-05-25:18:21:16	50
48.83111	2.33463	1	2009-05-25:18:21:16	50
48.83074	2.33435	1	2009-05-25:18:21:16	50
48.83038	2.3341	1	2009-05-25:18:21:16	50
48.82998	2.33391	1	2009-05-25:18:21:16	50
48.82955	2.33419	1	2009-05-25:18:21:16	50
48.82903	2.3343	1	2009-05-25:18:21:16	50
48.82873	2.33455	1	2009-05-25:18:21:16	50
48.82824	2.33465	1	2009-05-25:18:21:16	50
48.82785	2.33458	1	2009-05-25:18:21:16	50
48.82747	2.33476	1	2009-05-25:18:21:16	50
48.82706	2.33485	1	2009-05-25:18:21:16	50
48.82662	2.33512	1	2009-05-25:18:21:16	50
48.82624	2.33544	1	2009-05-25:18:21:16	50
48.82584	2.33553	1	2009-05-25:18:21:16	50
48.82544	2.33552	1	2009-05-25:18:21:16	50
48.82502	2.33562	1	2009-05-25:18:21:16	50
48.82461	2.33582	1	2009-05-25:18:21:16	50
48.82419	2.33595	1	2009-05-25:18:21:16	50
48.82375	2.33585	1	2009-05-25:18:21:16	50
48.82336	2.33571	1	2009-05-25:18:21:16	50
48.82295	2.33542	1	2009-05-25:18:21:16	50
48.82256	2.33506	1	2009-05-25:18:21:16	50
48.82216	2.33483	1	2009-05-25:18:21:16	50
48.82174	2.33472	1	2009-05-25:18:21:16	50
48.8214	2.33445	1	2009-05-25:18:21:16	50
48.82119	2.33493	1	2009-05-25:18:21:16	50
48.82098	2.3355	1	2009-05-25:18:21:16	50
48.82087	2.33604	1	2009-05-25:18:21:16	50
48.82074	2.33659	1	2009-05-25:18:21:16	50
48.82054	2.3372	1	2009-05-25:18:21:16	50
48.82037	2.33774	1	2009-05-25:18:21:16	50
48.82029	2.33833	1	2009-05-25:18:21:16	50
48.82015	2.33893	1	2009-05-25:18:21:16	50
48.82013	2.339	1	2009-05-25:18:21:16	50
48.82011	2.33907	1	2009-05-25:18:21:16	50
48.8201	2.33913	1	2009-05-25:18:21:16	50
48.82009	2.3392	1	2009-05-25:18:21:16	50
48.82008	2.33927	1	2009-05-25:18:21:16	50
48.82008	2.33935	1	2009-05-25:18:21:16	50
48.82009	2.33943	1	2009-05-25:18:21:16	50
48.82008	2.33949	1	2009-05-25:18:21:16	50
48.82008	2.33952	1	2009-05-25:18:21:16	50
48.82008	2.33956	1	2009-05-25:18:21:16	50
48.82009	2.33961	1	2009-05-25:18:21:16	50
48.8201	2.33963	1	2009-05-25:18:21:16	50
48.82009	2.33965	1	2009-05-25:18:21:16	50
48.82008	2.33968	1	2009-05-25:18:21:16	50
48.82006	2.33968	1	2009-05-25:18:21:16	50
48.82004	2.3397	1	2009-05-25:18:21:16	50
48.82004	2.33972	1	2009-05-25:18:21:16	50
48.82003	2.33974	1	2009-05-25:18:21:16	50
48.82004	2.33977	1	2009-05-25:18:21:16	50
48.82004	2.33978	1	2009-05-25:18:21:16	50
48.82012	2.33977	1	2009-05-25:18:21:16	50
48.81991	2.33944	1	2009-05-25:18:21:16	50
48.8199	2.33949	1	2009-05-25:18:21:16	50
48.76636	2.18084	1	2009-05-26:17:46:35	51
48.76581	2.17758	1	2009-05-26:17:46:35	51
48.76456	2.17473	1	2009-05-26:17:46:35	51
48.76418	2.17167	1	2009-05-26:17:46:35	51
48.76368	2.17262	1	2009-05-26:17:46:35	51
48.76279	2.17572	1	2009-05-26:17:46:35	51
48.76199	2.17813	1	2009-05-26:17:46:35	51
48.76172	2.18074	1	2009-05-26:17:46:35	51
48.76093	2.18413	1	2009-05-26:17:46:35	51
48.7596	2.18608	1	2009-05-26:17:46:35	51
48.75834	2.18874	1	2009-05-26:17:46:35	51
48.75753	2.19126	1	2009-05-26:17:46:35	51
48.75629	2.19392	1	2009-05-26:17:46:35	51
48.75513	2.19706	1	2009-05-26:17:46:35	51
48.754	2.20027	1	2009-05-26:17:46:35	51
48.75289	2.20337	1	2009-05-26:17:46:35	51
48.75209	2.20594	1	2009-05-26:17:46:35	51
48.75155	2.20774	1	2009-05-26:17:46:35	51
48.7509	2.20991	1	2009-05-26:17:46:35	51
48.75079	2.21229	1	2009-05-26:17:46:35	51
48.752	2.21426	1	2009-05-26:17:46:35	51
48.75339	2.21587	1	2009-05-26:17:46:35	51
48.75501	2.21542	1	2009-05-26:17:46:35	51
48.756	2.21748	1	2009-05-26:17:46:35	51
48.7574	2.21882	1	2009-05-26:17:46:35	51
48.75886	2.22001	1	2009-05-26:17:46:35	51
48.76029	2.22145	1	2009-05-26:17:46:35	51
48.76167	2.22328	1	2009-05-26:17:46:35	51
48.76281	2.22495	1	2009-05-26:17:46:35	51
48.76405	2.22683	1	2009-05-26:17:46:35	51
48.76544	2.22838	1	2009-05-26:17:46:35	51
48.76664	2.23054	1	2009-05-26:17:46:35	51
48.76812	2.23056	1	2009-05-26:17:46:35	51
48.76982	2.23024	1	2009-05-26:17:46:35	51
48.7715	2.22942	1	2009-05-26:17:46:35	51
48.77319	2.22911	1	2009-05-26:17:46:35	51
48.77487	2.22886	1	2009-05-26:17:46:35	51
48.77643	2.22972	1	2009-05-26:17:46:35	51
48.77731	2.23183	1	2009-05-26:17:46:35	51
48.77821	2.23393	1	2009-05-26:17:46:35	51
48.77903	2.23616	1	2009-05-26:17:46:35	51
48.77994	2.23822	1	2009-05-26:17:46:35	51
48.78081	2.24026	1	2009-05-26:17:46:35	51
48.78167	2.24239	1	2009-05-26:17:46:35	51
48.7825	2.24449	1	2009-05-26:17:46:35	51
48.78332	2.24651	1	2009-05-26:17:46:35	51
48.7842	2.24864	1	2009-05-26:17:46:35	51
48.78507	2.25074	1	2009-05-26:17:46:35	51
48.7859	2.25296	1	2009-05-26:17:46:35	51
48.78678	2.25499	1	2009-05-26:17:46:35	51
48.78765	2.25706	1	2009-05-26:17:46:35	51
48.78845	2.25914	1	2009-05-26:17:46:35	51
48.78934	2.26126	1	2009-05-26:17:46:35	51
48.79019	2.26332	1	2009-05-26:17:46:35	51
48.79104	2.26538	1	2009-05-26:17:46:35	51
48.79186	2.26745	1	2009-05-26:17:46:35	51
48.79274	2.26952	1	2009-05-26:17:46:35	51
48.79373	2.27156	1	2009-05-26:17:46:35	51
48.79482	2.27343	1	2009-05-26:17:46:35	51
48.79597	2.27537	1	2009-05-26:17:46:35	51
48.797	2.27728	1	2009-05-26:17:46:35	51
48.79817	2.2793	1	2009-05-26:17:46:35	51
48.79933	2.28139	1	2009-05-26:17:46:35	51
48.80043	2.28331	1	2009-05-26:17:46:35	51
48.80139	2.28483	1	2009-05-26:17:46:35	51
48.80242	2.28649	1	2009-05-26:17:46:35	51
48.80356	2.28813	1	2009-05-26:17:46:35	51
48.80468	2.28995	1	2009-05-26:17:46:35	51
48.80583	2.29171	1	2009-05-26:17:46:35	51
48.80693	2.29359	1	2009-05-26:17:46:35	51
48.80788	2.29547	1	2009-05-26:17:46:35	51
48.80889	2.2973	1	2009-05-26:17:46:35	51
48.81002	2.29893	1	2009-05-26:17:46:35	51
48.81122	2.30038	1	2009-05-26:17:46:35	51
48.81156	2.30173	1	2009-05-26:17:46:35	51
48.81171	2.30368	1	2009-05-26:17:46:35	51
48.81276	2.30556	1	2009-05-26:17:46:35	51
48.81373	2.30716	1	2009-05-26:17:46:35	51
48.81484	2.30906	1	2009-05-26:17:46:35	51
48.81599	2.31086	1	2009-05-26:17:46:35	51
48.8166	2.31307	1	2009-05-26:17:46:35	51
48.81729	2.31529	1	2009-05-26:17:46:35	51
48.81805	2.31739	1	2009-05-26:17:46:35	51
48.81851	2.31968	1	2009-05-26:17:46:35	51
48.81812	2.32204	1	2009-05-26:17:46:35	51
48.81783	2.32428	1	2009-05-26:17:46:35	51
48.81747	2.32654	1	2009-05-26:17:46:35	51
48.81725	2.32883	1	2009-05-26:17:46:35	51
48.81698	2.33128	1	2009-05-26:17:46:35	51
48.8187	2.33299	1	2009-05-26:17:46:35	51
48.82021	2.33382	1	2009-05-26:17:46:35	51
48.8209	2.33537	1	2009-05-26:17:46:35	51
48.82045	2.33778	1	2009-05-26:17:46:35	51
48.81998	2.34014	1	2009-05-26:17:46:35	51
48.82043	2.34143	1	2009-05-26:17:46:35	51
48.82132	2.34232	1	2009-05-26:17:46:35	51
48.82193	2.34448	1	2009-05-26:17:46:35	51
48.82226	2.34688	1	2009-05-26:17:46:35	51
48.82361	2.34795	1	2009-05-26:17:46:35	51
48.82489	2.34939	1	2009-05-26:17:46:35	51
48.82624	2.35066	1	2009-05-26:17:46:35	51
48.82757	2.35191	1	2009-05-26:17:46:35	51
48.82864	2.35319	1	2009-05-26:17:46:35	51
48.83005	2.35438	1	2009-05-26:17:46:35	51
48.8311	2.356	1	2009-05-26:17:46:35	51
48.8326	2.35643	1	2009-05-26:17:46:35	51
48.83405	2.35744	1	2009-05-26:17:46:35	51
48.83549	2.35857	1	2009-05-26:17:46:35	51
48.83691	2.35959	1	2009-05-26:17:46:35	51
48.83834	2.36063	1	2009-05-26:17:46:35	51
48.83974	2.36169	1	2009-05-26:17:46:35	51
48.84114	2.36264	1	2009-05-26:17:46:35	51
48.84252	2.36379	1	2009-05-26:17:46:35	51
48.84395	2.36499	1	2009-05-26:17:46:35	51
48.84518	2.36663	1	2009-05-26:17:46:35	51
48.84631	2.36834	1	2009-05-26:17:46:35	51
48.84736	2.37002	1	2009-05-26:17:46:35	51
48.84849	2.37191	1	2009-05-26:17:46:35	51
48.84938	2.37378	1	2009-05-26:17:46:35	51
48.8505	2.37532	1	2009-05-26:17:46:35	51
48.85188	2.37648	1	2009-05-26:17:46:35	51
48.85341	2.37724	1	2009-05-26:17:46:35	51
48.85494	2.37813	1	2009-05-26:17:46:35	51
48.85635	2.37912	1	2009-05-26:17:46:35	51
48.85781	2.37959	1	2009-05-26:17:46:35	51
48.85904	2.37821	1	2009-05-26:17:46:35	51
48.86006	2.37788	1	2009-05-26:17:46:35	51
48.86007	2.3779	1	2009-05-26:17:46:35	51
48.86009	2.37793	1	2009-05-26:17:46:35	51
48.86009	2.37797	1	2009-05-26:17:46:35	51
48.86011	2.37802	1	2009-05-26:17:46:35	51
48.86014	2.37805	1	2009-05-26:17:46:35	51
48.86017	2.37808	1	2009-05-26:17:46:35	51
48.86016	2.37811	1	2009-05-26:17:46:35	51
48.86015	2.37813	1	2009-05-26:17:46:35	51
48.86015	2.37816	1	2009-05-26:17:46:35	51
48.86016	2.3782	1	2009-05-26:17:46:35	51
48.86018	2.37825	1	2009-05-26:17:46:35	51
48.8602	2.37829	1	2009-05-26:17:46:35	51
48.8602	2.37833	1	2009-05-26:17:46:35	51
48.86021	2.37836	1	2009-05-26:17:46:35	51
48.86023	2.37842	1	2009-05-26:17:46:35	51
48.86026	2.37844	1	2009-05-26:17:46:35	51
48.86028	2.37846	1	2009-05-26:17:46:35	51
48.86032	2.37849	1	2009-05-26:17:46:35	51
48.86034	2.37851	1	2009-05-26:17:46:35	51
48.86038	2.37853	1	2009-05-26:17:46:35	51
48.86039	2.37855	1	2009-05-26:17:46:35	51
48.86039	2.37855	1	2009-05-26:17:46:35	51
48.81943	2.33989	1	2009-05-27:06:59:24	52
48.8201	2.33875	1	2009-05-27:06:59:24	52
48.82058	2.33766	1	2009-05-27:06:59:24	52
48.82078	2.33624	1	2009-05-27:06:59:24	52
48.82109	2.33489	1	2009-05-27:06:59:24	52
48.82071	2.33402	1	2009-05-27:06:59:24	52
48.81986	2.33359	1	2009-05-27:06:59:24	52
48.81897	2.33309	1	2009-05-27:06:59:24	52
48.8174	2.33268	1	2009-05-27:06:59:24	52
48.81702	2.33173	1	2009-05-27:06:59:24	52
48.81721	2.33036	1	2009-05-27:06:59:24	52
48.81749	2.32901	1	2009-05-27:06:59:24	52
48.81753	2.32768	1	2009-05-27:06:59:24	52
48.81762	2.32636	1	2009-05-27:06:59:24	52
48.81768	2.32506	1	2009-05-27:06:59:24	52
48.81796	2.32373	1	2009-05-27:06:59:24	52
48.81814	2.32249	1	2009-05-27:06:59:24	52
48.81841	2.32116	1	2009-05-27:06:59:24	52
48.81855	2.31979	1	2009-05-27:06:59:24	52
48.81827	2.31858	1	2009-05-27:06:59:24	52
48.81798	2.31734	1	2009-05-27:06:59:24	52
48.81753	2.31617	1	2009-05-27:06:59:24	52
48.8172	2.31488	1	2009-05-27:06:59:24	52
48.81682	2.31368	1	2009-05-27:06:59:24	52
48.81647	2.31247	1	2009-05-27:06:59:24	52
48.81622	2.3113	1	2009-05-27:06:59:24	52
48.81631	2.3098	1	2009-05-27:06:59:24	52
48.81627	2.30852	1	2009-05-27:06:59:24	52
48.8163	2.30711	1	2009-05-27:06:59:24	52
48.81617	2.30588	1	2009-05-27:06:59:24	52
48.81542	2.30498	1	2009-05-27:06:59:24	52
48.8149	2.30387	1	2009-05-27:06:59:24	52
48.81439	2.30332	1	2009-05-27:06:59:24	52
48.814	2.303	1	2009-05-27:06:59:24	52
48.81349	2.30226	1	2009-05-27:06:59:24	52
48.81279	2.30158	1	2009-05-27:06:59:24	52
48.81212	2.30092	1	2009-05-27:06:59:24	52
48.81135	2.30055	1	2009-05-27:06:59:24	52
48.81067	2.2995	1	2009-05-27:06:59:24	52
48.80994	2.2989	1	2009-05-27:06:59:24	52
48.80933	2.29808	1	2009-05-27:06:59:24	52
48.80873	2.29712	1	2009-05-27:06:59:24	52
48.80824	2.2961	1	2009-05-27:06:59:24	52
48.80761	2.29538	1	2009-05-27:06:59:24	52
48.80716	2.2944	1	2009-05-27:06:59:24	52
48.80684	2.29327	1	2009-05-27:06:59:24	52
48.80629	2.29237	1	2009-05-27:06:59:24	52
48.80571	2.29146	1	2009-05-27:06:59:24	52
48.80518	2.29043	1	2009-05-27:06:59:24	52
48.80456	2.28964	1	2009-05-27:06:59:24	52
48.80411	2.2886	1	2009-05-27:06:59:24	52
48.80346	2.28785	1	2009-05-27:06:59:24	52
48.80286	2.2869	1	2009-05-27:06:59:24	52
48.80234	2.28593	1	2009-05-27:06:59:24	52
48.80177	2.28496	1	2009-05-27:06:59:24	52
48.80117	2.28401	1	2009-05-27:06:59:24	52
48.80062	2.28305	1	2009-05-27:06:59:24	52
48.80004	2.28213	1	2009-05-27:06:59:24	52
48.79948	2.2811	1	2009-05-27:06:59:24	52
48.79886	2.28007	1	2009-05-27:06:59:24	52
48.79824	2.27909	1	2009-05-27:06:59:24	52
48.79769	2.27815	1	2009-05-27:06:59:24	52
48.79708	2.27734	1	2009-05-27:06:59:24	52
48.79658	2.27627	1	2009-05-27:06:59:24	52
48.7962	2.27556	1	2009-05-27:06:59:24	52
48.79565	2.27469	1	2009-05-27:06:59:24	52
48.7951	2.27367	1	2009-05-27:06:59:24	52
48.79462	2.27258	1	2009-05-27:06:59:24	52
48.79419	2.27201	1	2009-05-27:06:59:24	52
48.79358	2.2711	1	2009-05-27:06:59:24	52
48.79311	2.27006	1	2009-05-27:06:59:24	52
48.79264	2.26907	1	2009-05-27:06:59:24	52
48.79218	2.26796	1	2009-05-27:06:59:24	52
48.7918	2.26684	1	2009-05-27:06:59:24	52
48.79135	2.26579	1	2009-05-27:06:59:24	52
48.79092	2.2647	1	2009-05-27:06:59:24	52
48.79049	2.2636	1	2009-05-27:06:59:24	52
48.79002	2.26251	1	2009-05-27:06:59:24	52
48.78959	2.26144	1	2009-05-27:06:59:24	52
48.78914	2.26039	1	2009-05-27:06:59:24	52
48.78867	2.2593	1	2009-05-27:06:59:24	52
48.78823	2.2582	1	2009-05-27:06:59:24	52
48.78782	2.25713	1	2009-05-27:06:59:24	52
48.7874	2.25611	1	2009-05-27:06:59:24	52
48.78694	2.2551	1	2009-05-27:06:59:24	52
48.78654	2.254	1	2009-05-27:06:59:24	52
48.78614	2.2529	1	2009-05-27:06:59:24	52
48.78567	2.25183	1	2009-05-27:06:59:24	52
48.78516	2.25086	1	2009-05-27:06:59:24	52
48.78478	2.24975	1	2009-05-27:06:59:24	52
48.7843	2.24878	1	2009-05-27:06:59:24	52
48.78394	2.24758	1	2009-05-27:06:59:24	52
48.78352	2.24646	1	2009-05-27:06:59:24	52
48.78309	2.24544	1	2009-05-27:06:59:24	52
48.7826	2.24447	1	2009-05-27:06:59:24	52
48.78217	2.24338	1	2009-05-27:06:59:24	52
48.78173	2.24228	1	2009-05-27:06:59:24	52
48.78127	2.24121	1	2009-05-27:06:59:24	52
48.78088	2.24006	1	2009-05-27:06:59:24	52
48.78044	2.23906	1	2009-05-27:06:59:24	52
48.78003	2.23798	1	2009-05-27:06:59:24	52
48.77963	2.23691	1	2009-05-27:06:59:24	52
48.77914	2.23585	1	2009-05-27:06:59:24	52
48.77866	2.23483	1	2009-05-27:06:59:24	52
48.77823	2.23371	1	2009-05-27:06:59:24	52
48.77777	2.23266	1	2009-05-27:06:59:24	52
48.77739	2.23157	1	2009-05-27:06:59:24	52
48.77704	2.23046	1	2009-05-27:06:59:24	52
48.77653	2.22949	1	2009-05-27:06:59:24	52
48.77592	2.22875	1	2009-05-27:06:59:24	52
48.77506	2.22869	1	2009-05-27:06:59:24	52
48.77417	2.2288	1	2009-05-27:06:59:24	52
48.77331	2.2289	1	2009-05-27:06:59:24	52
48.77244	2.22904	1	2009-05-27:06:59:24	52
48.77165	2.22916	1	2009-05-27:06:59:24	52
48.77081	2.22919	1	2009-05-27:06:59:24	52
48.76968	2.22913	1	2009-05-27:06:59:24	52
48.76889	2.22951	1	2009-05-27:06:59:24	52
48.76808	2.22962	1	2009-05-27:06:59:24	52
48.7673	2.22968	1	2009-05-27:06:59:24	52
48.76653	2.2294	1	2009-05-27:06:59:24	52
48.76586	2.22871	1	2009-05-27:06:59:24	52
48.76521	2.22798	1	2009-05-27:06:59:24	52
48.76462	2.22732	1	2009-05-27:06:59:24	52
48.76398	2.22667	1	2009-05-27:06:59:24	52
48.76333	2.22599	1	2009-05-27:06:59:24	52
48.76284	2.22498	1	2009-05-27:06:59:24	52
48.76246	2.22455	1	2009-05-27:06:59:24	52
48.76213	2.22424	1	2009-05-27:06:59:24	52
48.76161	2.22327	1	2009-05-27:06:59:24	52
48.76104	2.22247	1	2009-05-27:06:59:24	52
48.76048	2.22162	1	2009-05-27:06:59:24	52
48.75985	2.22082	1	2009-05-27:06:59:24	52
48.75918	2.22019	1	2009-05-27:06:59:24	52
48.75849	2.21962	1	2009-05-27:06:59:24	52
48.75778	2.21905	1	2009-05-27:06:59:24	52
48.75707	2.21844	1	2009-05-27:06:59:24	52
48.7564	2.21787	1	2009-05-27:06:59:24	52
48.75575	2.21709	1	2009-05-27:06:59:24	52
48.75529	2.21601	1	2009-05-27:06:59:24	52
48.7549	2.21501	1	2009-05-27:06:59:24	52
48.75403	2.21568	1	2009-05-27:06:59:24	52
48.75327	2.2157	1	2009-05-27:06:59:24	52
48.75264	2.215	1	2009-05-27:06:59:24	52
48.75203	2.21422	1	2009-05-27:06:59:24	52
48.75143	2.21339	1	2009-05-27:06:59:24	52
48.75086	2.21242	1	2009-05-27:06:59:24	52
48.75053	2.21133	1	2009-05-27:06:59:24	52
48.75087	2.21012	1	2009-05-27:06:59:24	52
48.7512	2.20903	1	2009-05-27:06:59:24	52
48.75153	2.20795	1	2009-05-27:06:59:24	52
48.75185	2.20684	1	2009-05-27:06:59:24	52
48.75222	2.20565	1	2009-05-27:06:59:24	52
48.75256	2.20453	1	2009-05-27:06:59:24	52
48.75291	2.20347	1	2009-05-27:06:59:24	52
48.75329	2.20242	1	2009-05-27:06:59:24	52
48.75368	2.20138	1	2009-05-27:06:59:24	52
48.75406	2.20033	1	2009-05-27:06:59:24	52
48.75445	2.19925	1	2009-05-27:06:59:24	52
48.7548	2.1982	1	2009-05-27:06:59:24	52
48.75518	2.19718	1	2009-05-27:06:59:24	52
48.75556	2.19608	1	2009-05-27:06:59:24	52
48.75595	2.19503	1	2009-05-27:06:59:24	52
48.75633	2.19399	1	2009-05-27:06:59:24	52
48.75671	2.19292	1	2009-05-27:06:59:24	52
48.7572	2.19194	1	2009-05-27:06:59:24	52
48.75773	2.19106	1	2009-05-27:06:59:24	52
48.7581	2.18991	1	2009-05-27:06:59:24	52
48.75838	2.18871	1	2009-05-27:06:59:24	52
48.75873	2.18766	1	2009-05-27:06:59:24	52
48.7592	2.18668	1	2009-05-27:06:59:24	52
48.75983	2.18585	1	2009-05-27:06:59:24	52
48.76043	2.18511	1	2009-05-27:06:59:24	52
48.76096	2.18422	1	2009-05-27:06:59:24	52
48.76134	2.18321	1	2009-05-27:06:59:24	52
48.76162	2.18205	1	2009-05-27:06:59:24	52
48.76178	2.18087	1	2009-05-27:06:59:24	52
48.76174	2.17966	1	2009-05-27:06:59:24	52
48.76183	2.17862	1	2009-05-27:06:59:24	52
48.76225	2.17752	1	2009-05-27:06:59:24	52
48.76264	2.17648	1	2009-05-27:06:59:24	52
48.76303	2.17547	1	2009-05-27:06:59:24	52
48.7634	2.17441	1	2009-05-27:06:59:24	52
48.76365	2.17322	1	2009-05-27:06:59:24	52
48.76384	2.17203	1	2009-05-27:06:59:24	52
48.76435	2.1711	1	2009-05-27:06:59:24	52
48.76418	2.17202	1	2009-05-27:06:59:24	52
48.76408	2.17313	1	2009-05-27:06:59:24	52
48.76423	2.17431	1	2009-05-27:06:59:24	52
48.76472	2.17536	1	2009-05-27:06:59:24	52
48.7652	2.17629	1	2009-05-27:06:59:24	52
48.76567	2.17729	1	2009-05-27:06:59:24	52
48.76596	2.17852	1	2009-05-27:06:59:24	52
48.76594	2.17946	1	2009-05-27:06:59:24	52
48.76595	2.17949	1	2009-05-27:06:59:24	52
48.76598	2.17952	1	2009-05-27:06:59:24	52
48.76601	2.17952	1	2009-05-27:06:59:24	52
48.76605	2.17954	1	2009-05-27:06:59:24	52
48.76608	2.17959	1	2009-05-27:06:59:24	52
48.7661	2.17965	1	2009-05-27:06:59:24	52
48.76612	2.17971	1	2009-05-27:06:59:24	52
48.76613	2.17977	1	2009-05-27:06:59:24	52
48.76615	2.17982	1	2009-05-27:06:59:24	52
48.76618	2.17986	1	2009-05-27:06:59:24	52
48.76621	2.17989	1	2009-05-27:06:59:24	52
48.76624	2.17993	1	2009-05-27:06:59:24	52
48.76626	2.17995	1	2009-05-27:06:59:24	52
48.76628	2.17996	1	2009-05-27:06:59:24	52
48.76629	2.17998	1	2009-05-27:06:59:24	52
48.76629	2.18	1	2009-05-27:06:59:24	52
48.7663	2.17993	1	2009-05-27:06:59:24	52
48.76633	2.17996	1	2009-05-27:06:59:24	52
48.76631	2.17999	1	2009-05-27:06:59:24	52
48.76632	2.18001	1	2009-05-27:06:59:24	52
48.76632	2.18003	1	2009-05-27:06:59:24	52
48.76633	2.18	1	2009-05-27:06:59:24	52
48.76626	2.18015	1	2009-05-27:16:39:11	53
48.76595	2.1787	1	2009-05-27:16:39:11	53
48.76586	2.17743	1	2009-05-27:16:39:11	53
48.76521	2.17609	1	2009-05-27:16:39:11	53
48.76456	2.17494	1	2009-05-27:16:39:11	53
48.76408	2.17381	1	2009-05-27:16:39:11	53
48.7642	2.17229	1	2009-05-27:16:39:11	53
48.7646	2.17104	1	2009-05-27:16:39:11	53
48.76385	2.17174	1	2009-05-27:16:39:11	53
48.76354	2.17331	1	2009-05-27:16:39:11	53
48.76319	2.17485	1	2009-05-27:16:39:11	53
48.76275	2.17611	1	2009-05-27:16:39:11	53
48.7623	2.1774	1	2009-05-27:16:39:11	53
48.7618	2.17864	1	2009-05-27:16:39:11	53
48.76168	2.18001	1	2009-05-27:16:39:11	53
48.76158	2.18168	1	2009-05-27:16:39:11	53
48.76145	2.18336	1	2009-05-27:16:39:11	53
48.76091	2.18458	1	2009-05-27:16:39:11	53
48.76017	2.18574	1	2009-05-27:16:39:11	53
48.75939	2.18679	1	2009-05-27:16:39:11	53
48.75871	2.18813	1	2009-05-27:16:39:11	53
48.75831	2.18934	1	2009-05-27:16:39:11	53
48.75809	2.19075	1	2009-05-27:16:39:11	53
48.75753	2.19177	1	2009-05-27:16:39:11	53
48.75688	2.19284	1	2009-05-27:16:39:11	53
48.75635	2.19418	1	2009-05-27:16:39:11	53
48.75579	2.19516	1	2009-05-27:16:39:11	53
48.75539	2.19637	1	2009-05-27:16:39:11	53
48.75498	2.19758	1	2009-05-27:16:39:11	53
48.75443	2.19906	1	2009-05-27:16:39:11	53
48.75388	2.20062	1	2009-05-27:16:39:11	53
48.75334	2.20197	1	2009-05-27:16:39:11	53
48.75278	2.20352	1	2009-05-27:16:39:11	53
48.75257	2.20423	1	2009-05-27:16:39:11	53
48.75234	2.20501	1	2009-05-27:16:39:11	53
48.75195	2.20617	1	2009-05-27:16:39:11	53
48.7516	2.20736	1	2009-05-27:16:39:11	53
48.7512	2.20865	1	2009-05-27:16:39:11	53
48.75083	2.20989	1	2009-05-27:16:39:11	53
48.75048	2.21106	1	2009-05-27:16:39:11	53
48.7507	2.21224	1	2009-05-27:16:39:11	53
48.75126	2.21328	1	2009-05-27:16:39:11	53
48.75187	2.21421	1	2009-05-27:16:39:11	53
48.75256	2.21504	1	2009-05-27:16:39:11	53
48.75331	2.21585	1	2009-05-27:16:39:11	53
48.75422	2.2157	1	2009-05-27:16:39:11	53
48.75494	2.21539	1	2009-05-27:16:39:11	53
48.75545	2.21651	1	2009-05-27:16:39:11	53
48.756	2.21755	1	2009-05-27:16:39:11	53
48.75672	2.21827	1	2009-05-27:16:39:11	53
48.75748	2.21894	1	2009-05-27:16:39:11	53
48.7582	2.21947	1	2009-05-27:16:39:11	53
48.75892	2.22007	1	2009-05-27:16:39:11	53
48.75962	2.2207	1	2009-05-27:16:39:11	53
48.7603	2.22144	1	2009-05-27:16:39:11	53
48.7609	2.22223	1	2009-05-27:16:39:11	53
48.76148	2.22301	1	2009-05-27:16:39:11	53
48.76197	2.22421	1	2009-05-27:16:39:11	53
48.76266	2.22487	1	2009-05-27:16:39:11	53
48.76323	2.22579	1	2009-05-27:16:39:11	53
48.76385	2.22666	1	2009-05-27:16:39:11	53
48.76456	2.22742	1	2009-05-27:16:39:11	53
48.76526	2.22818	1	2009-05-27:16:39:11	53
48.76595	2.22895	1	2009-05-27:16:39:11	53
48.76632	2.22933	1	2009-05-27:16:39:11	53
48.76666	2.23025	1	2009-05-27:16:39:11	53
48.76718	2.23053	1	2009-05-27:16:39:11	53
48.76804	2.23036	1	2009-05-27:16:39:11	53
48.76892	2.23038	1	2009-05-27:16:39:11	53
48.76974	2.23028	1	2009-05-27:16:39:11	53
48.77058	2.22985	1	2009-05-27:16:39:11	53
48.77139	2.22949	1	2009-05-27:16:39:11	53
48.77223	2.22931	1	2009-05-27:16:39:11	53
48.77305	2.2292	1	2009-05-27:16:39:11	53
48.77387	2.22908	1	2009-05-27:16:39:11	53
48.77471	2.22895	1	2009-05-27:16:39:11	53
48.77555	2.22883	1	2009-05-27:16:39:11	53
48.77629	2.22942	1	2009-05-27:16:39:11	53
48.77668	2.23064	1	2009-05-27:16:39:11	53
48.77723	2.23157	1	2009-05-27:16:39:11	53
48.77768	2.23261	1	2009-05-27:16:39:11	53
48.7781	2.23366	1	2009-05-27:16:39:11	53
48.7785	2.2348	1	2009-05-27:16:39:11	53
48.77888	2.23582	1	2009-05-27:16:39:11	53
48.77937	2.23681	1	2009-05-27:16:39:11	53
48.77981	2.23788	1	2009-05-27:16:39:11	53
48.78023	2.23901	1	2009-05-27:16:39:11	53
48.7807	2.24012	1	2009-05-27:16:39:11	53
48.78112	2.24109	1	2009-05-27:16:39:11	53
48.78157	2.24214	1	2009-05-27:16:39:11	53
48.782	2.2432	1	2009-05-27:16:39:11	53
48.78238	2.24426	1	2009-05-27:16:39:11	53
48.78282	2.24528	1	2009-05-27:16:39:11	53
48.78325	2.24634	1	2009-05-27:16:39:11	53
48.78368	2.24738	1	2009-05-27:16:39:11	53
48.78411	2.2484	1	2009-05-27:16:39:11	53
48.78452	2.24939	1	2009-05-27:16:39:11	53
48.78497	2.25045	1	2009-05-27:16:39:11	53
48.78538	2.25152	1	2009-05-27:16:39:11	53
48.78577	2.25256	1	2009-05-27:16:39:11	53
48.7862	2.25359	1	2009-05-27:16:39:11	53
48.78666	2.25462	1	2009-05-27:16:39:11	53
48.78711	2.25573	1	2009-05-27:16:39:11	53
48.78755	2.25679	1	2009-05-27:16:39:11	53
48.78798	2.25788	1	2009-05-27:16:39:11	53
48.78838	2.25887	1	2009-05-27:16:39:11	53
48.78884	2.25991	1	2009-05-27:16:39:11	53
48.78926	2.26099	1	2009-05-27:16:39:11	53
48.78969	2.26204	1	2009-05-27:16:39:11	53
48.79011	2.26315	1	2009-05-27:16:39:11	53
48.79056	2.26421	1	2009-05-27:16:39:11	53
48.79098	2.2652	1	2009-05-27:16:39:11	53
48.79142	2.26627	1	2009-05-27:16:39:11	53
48.79183	2.26734	1	2009-05-27:16:39:11	53
48.79232	2.26846	1	2009-05-27:16:39:11	53
48.79274	2.26952	1	2009-05-27:16:39:11	53
48.79321	2.27051	1	2009-05-27:16:39:11	53
48.79373	2.27154	1	2009-05-27:16:39:11	53
48.79426	2.27247	1	2009-05-27:16:39:11	53
48.79481	2.27339	1	2009-05-27:16:39:11	53
48.79536	2.27437	1	2009-05-27:16:39:11	53
48.79594	2.27536	1	2009-05-27:16:39:11	53
48.79644	2.27632	1	2009-05-27:16:39:11	53
48.79709	2.27737	1	2009-05-27:16:39:11	53
48.79765	2.27833	1	2009-05-27:16:39:11	53
48.79818	2.27924	1	2009-05-27:16:39:11	53
48.79877	2.28016	1	2009-05-27:16:39:11	53
48.79904	2.28061	1	2009-05-27:16:39:11	53
48.79929	2.28118	1	2009-05-27:16:39:11	53
48.79982	2.28208	1	2009-05-27:16:39:11	53
48.80033	2.283	1	2009-05-27:16:39:11	53
48.80086	2.28395	1	2009-05-27:16:39:11	53
48.80143	2.2848	1	2009-05-27:16:39:11	53
48.80199	2.28565	1	2009-05-27:16:39:11	53
48.80252	2.28651	1	2009-05-27:16:39:11	53
48.80306	2.28735	1	2009-05-27:16:39:11	53
48.80365	2.28813	1	2009-05-27:16:39:11	53
48.80411	2.2891	1	2009-05-27:16:39:11	53
48.80467	2.28997	1	2009-05-27:16:39:11	53
48.80528	2.29081	1	2009-05-27:16:39:11	53
48.80584	2.29174	1	2009-05-27:16:39:11	53
48.80636	2.2926	1	2009-05-27:16:39:11	53
48.80686	2.29363	1	2009-05-27:16:39:11	53
48.80742	2.29457	1	2009-05-27:16:39:11	53
48.8079	2.29555	1	2009-05-27:16:39:11	53
48.8084	2.29647	1	2009-05-27:16:39:11	53
48.80893	2.29736	1	2009-05-27:16:39:11	53
48.80943	2.29827	1	2009-05-27:16:39:11	53
48.81013	2.29888	1	2009-05-27:16:39:11	53
48.81074	2.29966	1	2009-05-27:16:39:11	53
48.81133	2.30037	1	2009-05-27:16:39:11	53
48.81158	2.30116	1	2009-05-27:16:39:11	53
48.81112	2.30214	1	2009-05-27:16:39:11	53
48.81145	2.30323	1	2009-05-27:16:39:11	53
48.81201	2.3042	1	2009-05-27:16:39:11	53
48.81255	2.3051	1	2009-05-27:16:39:11	53
48.81304	2.30603	1	2009-05-27:16:39:11	53
48.81362	2.30694	1	2009-05-27:16:39:11	53
48.8142	2.30784	1	2009-05-27:16:39:11	53
48.8147	2.30876	1	2009-05-27:16:39:11	53
48.81519	2.30969	1	2009-05-27:16:39:11	53
48.81573	2.31054	1	2009-05-27:16:39:11	53
48.81603	2.31147	1	2009-05-27:16:39:11	53
48.81643	2.31248	1	2009-05-27:16:39:11	53
48.81676	2.31364	1	2009-05-27:16:39:11	53
48.81714	2.31482	1	2009-05-27:16:39:11	53
48.8175	2.31593	1	2009-05-27:16:39:11	53
48.81787	2.31697	1	2009-05-27:16:39:11	53
48.8182	2.31807	1	2009-05-27:16:39:11	53
48.8184	2.31935	1	2009-05-27:16:39:11	53
48.81829	2.32055	1	2009-05-27:16:39:11	53
48.81811	2.3218	1	2009-05-27:16:39:11	53
48.81803	2.32297	1	2009-05-27:16:39:11	53
48.8178	2.32412	1	2009-05-27:16:39:11	53
48.81773	2.32531	1	2009-05-27:16:39:11	53
48.81754	2.32642	1	2009-05-27:16:39:11	53
48.81737	2.32755	1	2009-05-27:16:39:11	53
48.8172	2.32867	1	2009-05-27:16:39:11	53
48.81721	2.32996	1	2009-05-27:16:39:11	53
48.81703	2.33121	1	2009-05-27:16:39:11	53
48.81718	2.33227	1	2009-05-27:16:39:11	53
48.81793	2.33256	1	2009-05-27:16:39:11	53
48.81864	2.33295	1	2009-05-27:16:39:11	53
48.81939	2.33345	1	2009-05-27:16:39:11	53
48.82019	2.33387	1	2009-05-27:16:39:11	53
48.82097	2.33415	1	2009-05-27:16:39:11	53
48.82093	2.33533	1	2009-05-27:16:39:11	53
48.82067	2.33644	1	2009-05-27:16:39:11	53
48.82042	2.33765	1	2009-05-27:16:39:11	53
48.82017	2.33881	1	2009-05-27:16:39:11	53
48.82016	2.33886	1	2009-05-27:16:39:11	53
48.82015	2.33891	1	2009-05-27:16:39:11	53
48.82014	2.33896	1	2009-05-27:16:39:11	53
48.82013	2.33901	1	2009-05-27:16:39:11	53
48.82012	2.33905	1	2009-05-27:16:39:11	53
48.82011	2.33909	1	2009-05-27:16:39:11	53
48.82009	2.33914	1	2009-05-27:16:39:11	53
48.82008	2.33919	1	2009-05-27:16:39:11	53
48.82007	2.33924	1	2009-05-27:16:39:11	53
48.82007	2.33931	1	2009-05-27:16:39:11	53
48.82006	2.33939	1	2009-05-27:16:39:11	53
48.82004	2.33946	1	2009-05-27:16:39:11	53
48.82003	2.33953	1	2009-05-27:16:39:11	53
48.82002	2.33959	1	2009-05-27:16:39:11	53
48.82001	2.33964	1	2009-05-27:16:39:11	53
48.82	2.33968	1	2009-05-27:16:39:11	53
48.82	2.3397	1	2009-05-27:16:39:11	53
48.82002	2.33972	1	2009-05-27:16:39:11	53
48.82004	2.33972	1	2009-05-27:16:39:11	53
48.82006	2.33973	1	2009-05-27:16:39:11	53
48.82009	2.33975	1	2009-05-27:16:39:11	53
48.82007	2.33977	1	2009-05-27:16:39:11	53
48.81976	2.33915	1	2009-05-27:16:39:11	53
48.82015	2.33941	1	2009-05-28:08:25:08	54
48.82035	2.33827	1	2009-05-28:08:25:08	54
48.82076	2.33696	1	2009-05-28:08:25:08	54
48.82105	2.33568	1	2009-05-28:08:25:08	54
48.82123	2.3345	1	2009-05-28:08:25:08	54
48.82071	2.3341	1	2009-05-28:08:25:08	54
48.81987	2.3338	1	2009-05-28:08:25:08	54
48.8187	2.33297	1	2009-05-28:08:25:08	54
48.81721	2.33255	1	2009-05-28:08:25:08	54
48.8171	2.33167	1	2009-05-28:08:25:08	54
48.81691	2.33054	1	2009-05-28:08:25:08	54
48.81713	2.32919	1	2009-05-28:08:25:08	54
48.81724	2.32774	1	2009-05-28:08:25:08	54
48.81736	2.32658	1	2009-05-28:08:25:08	54
48.81788	2.32474	1	2009-05-28:08:25:08	54
48.81761	2.32536	1	2009-05-28:08:25:08	54
48.81769	2.32439	1	2009-05-28:08:25:08	54
48.81782	2.32339	1	2009-05-28:08:25:08	54
48.81808	2.3222	1	2009-05-28:08:25:08	54
48.8183	2.32086	1	2009-05-28:08:25:08	54
48.81847	2.31936	1	2009-05-28:08:25:08	54
48.81809	2.31817	1	2009-05-28:08:25:08	54
48.81777	2.31706	1	2009-05-28:08:25:08	54
48.81742	2.31599	1	2009-05-28:08:25:08	54
48.8171	2.31471	1	2009-05-28:08:25:08	54
48.81681	2.31338	1	2009-05-28:08:25:08	54
48.81642	2.31212	1	2009-05-28:08:25:08	54
48.81624	2.31087	1	2009-05-28:08:25:08	54
48.81625	2.30931	1	2009-05-28:08:25:08	54
48.816	2.30815	1	2009-05-28:08:25:08	54
48.81605	2.30712	1	2009-05-28:08:25:08	54
48.81633	2.30556	1	2009-05-28:08:25:08	54
48.81595	2.30477	1	2009-05-28:08:25:08	54
48.81548	2.30449	1	2009-05-28:08:25:08	54
48.81501	2.30361	1	2009-05-28:08:25:08	54
48.81447	2.30303	1	2009-05-28:08:25:08	54
48.81381	2.30229	1	2009-05-28:08:25:08	54
48.81315	2.30149	1	2009-05-28:08:25:08	54
48.81248	2.30069	1	2009-05-28:08:25:08	54
48.81178	2.30054	1	2009-05-28:08:25:08	54
48.81121	2.29967	1	2009-05-28:08:25:08	54
48.81047	2.299	1	2009-05-28:08:25:08	54
48.80996	2.29829	1	2009-05-28:08:25:08	54
48.80939	2.29775	1	2009-05-28:08:25:08	54
48.80897	2.29673	1	2009-05-28:08:25:08	54
48.80835	2.29587	1	2009-05-28:08:25:08	54
48.80784	2.29496	1	2009-05-28:08:25:08	54
48.80727	2.29398	1	2009-05-28:08:25:08	54
48.80676	2.29299	1	2009-05-28:08:25:08	54
48.80621	2.292	1	2009-05-28:08:25:08	54
48.80565	2.29106	1	2009-05-28:08:25:08	54
48.80521	2.29023	1	2009-05-28:08:25:08	54
48.80456	2.28939	1	2009-05-28:08:25:08	54
48.80403	2.28848	1	2009-05-28:08:25:08	54
48.80336	2.28776	1	2009-05-28:08:25:08	54
48.80289	2.28679	1	2009-05-28:08:25:08	54
48.80239	2.28586	1	2009-05-28:08:25:08	54
48.80178	2.28495	1	2009-05-28:08:25:08	54
48.80126	2.28388	1	2009-05-28:08:25:08	54
48.80074	2.28303	1	2009-05-28:08:25:08	54
48.80015	2.28209	1	2009-05-28:08:25:08	54
48.79958	2.28113	1	2009-05-28:08:25:08	54
48.79908	2.28015	1	2009-05-28:08:25:08	54
48.7986	2.27911	1	2009-05-28:08:25:08	54
48.7982	2.2784	1	2009-05-28:08:25:08	54
48.7976	2.27756	1	2009-05-28:08:25:08	54
48.79705	2.27667	1	2009-05-28:08:25:08	54
48.79648	2.27577	1	2009-05-28:08:25:08	54
48.79593	2.27482	1	2009-05-28:08:25:08	54
48.79533	2.27393	1	2009-05-28:08:25:08	54
48.79479	2.27297	1	2009-05-28:08:25:08	54
48.79427	2.27204	1	2009-05-28:08:25:08	54
48.79368	2.27113	1	2009-05-28:08:25:08	54
48.79323	2.27015	1	2009-05-28:08:25:08	54
48.79278	2.26911	1	2009-05-28:08:25:08	54
48.79239	2.26804	1	2009-05-28:08:25:08	54
48.79196	2.26703	1	2009-05-28:08:25:08	54
48.79156	2.26605	1	2009-05-28:08:25:08	54
48.79114	2.26494	1	2009-05-28:08:25:08	54
48.79068	2.26399	1	2009-05-28:08:25:08	54
48.79026	2.26296	1	2009-05-28:08:25:08	54
48.78986	2.26191	1	2009-05-28:08:25:08	54
48.78944	2.26085	1	2009-05-28:08:25:08	54
48.78899	2.25975	1	2009-05-28:08:25:08	54
48.78862	2.25886	1	2009-05-28:08:25:08	54
48.7882	2.25777	1	2009-05-28:08:25:08	54
48.78774	2.25675	1	2009-05-28:08:25:08	54
48.7873	2.25577	1	2009-05-28:08:25:08	54
48.78685	2.25469	1	2009-05-28:08:25:08	54
48.78641	2.25355	1	2009-05-28:08:25:08	54
48.78597	2.25246	1	2009-05-28:08:25:08	54
48.78552	2.2514	1	2009-05-28:08:25:08	54
48.78509	2.25039	1	2009-05-28:08:25:08	54
48.78467	2.24938	1	2009-05-28:08:25:08	54
48.78424	2.24834	1	2009-05-28:08:25:08	54
48.78384	2.24723	1	2009-05-28:08:25:08	54
48.78338	2.24613	1	2009-05-28:08:25:08	54
48.7829	2.2451	1	2009-05-28:08:25:08	54
48.78248	2.24404	1	2009-05-28:08:25:08	54
48.78203	2.24295	1	2009-05-28:08:25:08	54
48.78158	2.24181	1	2009-05-28:08:25:08	54
48.78116	2.24075	1	2009-05-28:08:25:08	54
48.7807	2.23979	1	2009-05-28:08:25:08	54
48.78042	2.23888	1	2009-05-28:08:25:08	54
48.77997	2.23791	1	2009-05-28:08:25:08	54
48.77959	2.23691	1	2009-05-28:08:25:08	54
48.77916	2.23587	1	2009-05-28:08:25:08	54
48.77872	2.23484	1	2009-05-28:08:25:08	54
48.7783	2.23382	1	2009-05-28:08:25:08	54
48.77788	2.23279	1	2009-05-28:08:25:08	54
48.77743	2.2317	1	2009-05-28:08:25:08	54
48.7771	2.23063	1	2009-05-28:08:25:08	54
48.77658	2.22951	1	2009-05-28:08:25:08	54
48.77591	2.22872	1	2009-05-28:08:25:08	54
48.77509	2.22867	1	2009-05-28:08:25:08	54
48.77425	2.22879	1	2009-05-28:08:25:08	54
48.77326	2.22892	1	2009-05-28:08:25:08	54
48.77234	2.22907	1	2009-05-28:08:25:08	54
48.77155	2.22917	1	2009-05-28:08:25:08	54
48.77075	2.2292	1	2009-05-28:08:25:08	54
48.76954	2.2292	1	2009-05-28:08:25:08	54
48.76881	2.22953	1	2009-05-28:08:25:08	54
48.76799	2.22961	1	2009-05-28:08:25:08	54
48.76713	2.22961	1	2009-05-28:08:25:08	54
48.76633	2.22927	1	2009-05-28:08:25:08	54
48.76565	2.22852	1	2009-05-28:08:25:08	54
48.76496	2.22774	1	2009-05-28:08:25:08	54
48.76466	2.22739	1	2009-05-28:08:25:08	54
48.76434	2.22705	1	2009-05-28:08:25:08	54
48.7637	2.2263	1	2009-05-28:08:25:08	54
48.76315	2.2255	1	2009-05-28:08:25:08	54
48.76258	2.22465	1	2009-05-28:08:25:08	54
48.76193	2.22395	1	2009-05-28:08:25:08	54
48.76151	2.22297	1	2009-05-28:08:25:08	54
48.76094	2.22221	1	2009-05-28:08:25:08	54
48.76032	2.2214	1	2009-05-28:08:25:08	54
48.7597	2.22065	1	2009-05-28:08:25:08	54
48.75899	2.22003	1	2009-05-28:08:25:08	54
48.7583	2.21947	1	2009-05-28:08:25:08	54
48.7576	2.21891	1	2009-05-28:08:25:08	54
48.7569	2.21833	1	2009-05-28:08:25:08	54
48.75619	2.21771	1	2009-05-28:08:25:08	54
48.75567	2.21673	1	2009-05-28:08:25:08	54
48.75512	2.21587	1	2009-05-28:08:25:08	54
48.75482	2.21506	1	2009-05-28:08:25:08	54
48.75418	2.21565	1	2009-05-28:08:25:08	54
48.75343	2.21577	1	2009-05-28:08:25:08	54
48.75277	2.21516	1	2009-05-28:08:25:08	54
48.75217	2.21435	1	2009-05-28:08:25:08	54
48.7516	2.21355	1	2009-05-28:08:25:08	54
48.75104	2.21267	1	2009-05-28:08:25:08	54
48.75059	2.21168	1	2009-05-28:08:25:08	54
48.75078	2.21049	1	2009-05-28:08:25:08	54
48.75112	2.2094	1	2009-05-28:08:25:08	54
48.75142	2.20835	1	2009-05-28:08:25:08	54
48.75174	2.20725	1	2009-05-28:08:25:08	54
48.75207	2.20616	1	2009-05-28:08:25:08	54
48.75234	2.20517	1	2009-05-28:08:25:08	54
48.75272	2.20408	1	2009-05-28:08:25:08	54
48.75311	2.2029	1	2009-05-28:08:25:08	54
48.75357	2.20174	1	2009-05-28:08:25:08	54
48.75395	2.20067	1	2009-05-28:08:25:08	54
48.75433	2.19957	1	2009-05-28:08:25:08	54
48.75472	2.19855	1	2009-05-28:08:25:08	54
48.75512	2.1975	1	2009-05-28:08:25:08	54
48.75546	2.19646	1	2009-05-28:08:25:08	54
48.75585	2.19537	1	2009-05-28:08:25:08	54
48.75624	2.19432	1	2009-05-28:08:25:08	54
48.75662	2.1932	1	2009-05-28:08:25:08	54
48.75706	2.19217	1	2009-05-28:08:25:08	54
48.75764	2.19125	1	2009-05-28:08:25:08	54
48.75806	2.19015	1	2009-05-28:08:25:08	54
48.75831	2.18899	1	2009-05-28:08:25:08	54
48.75868	2.18785	1	2009-05-28:08:25:08	54
48.75915	2.18687	1	2009-05-28:08:25:08	54
48.75974	2.18597	1	2009-05-28:08:25:08	54
48.76036	2.18521	1	2009-05-28:08:25:08	54
48.76091	2.18431	1	2009-05-28:08:25:08	54
48.76136	2.18325	1	2009-05-28:08:25:08	54
48.76164	2.18204	1	2009-05-28:08:25:08	54
48.76177	2.18085	1	2009-05-28:08:25:08	54
48.76179	2.17965	1	2009-05-28:08:25:08	54
48.76195	2.17848	1	2009-05-28:08:25:08	54
48.76236	2.17744	1	2009-05-28:08:25:08	54
48.76274	2.17623	1	2009-05-28:08:25:08	54
48.76316	2.17519	1	2009-05-28:08:25:08	54
48.7635	2.17407	1	2009-05-28:08:25:08	54
48.76371	2.1729	1	2009-05-28:08:25:08	54
48.76393	2.17174	1	2009-05-28:08:25:08	54
48.76434	2.17123	1	2009-05-28:08:25:08	54
48.764	2.1723	1	2009-05-28:08:25:08	54
48.76405	2.17347	1	2009-05-28:08:25:08	54
48.76435	2.17451	1	2009-05-28:08:25:08	54
48.76489	2.17552	1	2009-05-28:08:25:08	54
48.76526	2.17655	1	2009-05-28:08:25:08	54
48.76577	2.1776	1	2009-05-28:08:25:08	54
48.76593	2.17879	1	2009-05-28:08:25:08	54
48.76614	2.17965	1	2009-05-28:08:25:08	54
48.76619	2.17997	1	2009-05-28:08:25:08	54
48.76617	2.17996	1	2009-05-28:08:25:08	54
48.76616	2.17994	1	2009-05-28:08:25:08	54
48.76622	2.17993	1	2009-05-28:08:25:08	54
48.76622	2.17998	1	2009-05-28:08:25:08	54
48.76619	2.17993	1	2009-05-28:08:25:08	54
48.76616	2.17995	1	2009-05-28:08:25:08	54
48.76613	2.17998	1	2009-05-28:08:25:08	54
48.76614	2.18004	1	2009-05-28:08:25:08	54
48.76616	2.18004	1	2009-05-28:08:25:08	54
48.76622	2.18004	1	2009-05-28:08:25:08	54
48.76625	2.18005	1	2009-05-28:08:25:08	54
48.76625	2.18004	1	2009-05-28:08:25:08	54
48.76624	2.18006	1	2009-05-28:08:25:08	54
48.76628	2.18007	1	2009-05-28:08:25:08	54
48.7663	2.18006	1	2009-05-28:08:25:08	54
48.7663	2.18004	1	2009-05-28:08:25:08	54
48.76629	2.18001	1	2009-05-28:08:25:08	54
48.76626	2.18001	1	2009-05-28:08:25:08	54
48.76625	2.18005	1	2009-05-28:08:25:08	54
48.76624	2.18008	1	2009-05-28:08:25:08	54
48.76622	2.18009	1	2009-05-28:08:25:08	54
48.76619	2.18007	1	2009-05-28:08:25:08	54
48.75761	2.19165	1	2009-05-28:18:53:51	55
48.75683	2.19268	1	2009-05-28:18:53:51	55
48.75646	2.1938	1	2009-05-28:18:53:51	55
48.75604	2.19488	1	2009-05-28:18:53:51	55
48.75553	2.19595	1	2009-05-28:18:53:51	55
48.75505	2.19723	1	2009-05-28:18:53:51	55
48.75461	2.19853	1	2009-05-28:18:53:51	55
48.75419	2.19966	1	2009-05-28:18:53:51	55
48.75369	2.20111	1	2009-05-28:18:53:51	55
48.75319	2.20246	1	2009-05-28:18:53:51	55
48.75264	2.20397	1	2009-05-28:18:53:51	55
48.75225	2.2052	1	2009-05-28:18:53:51	55
48.75187	2.20646	1	2009-05-28:18:53:51	55
48.75146	2.20787	1	2009-05-28:18:53:51	55
48.75109	2.20911	1	2009-05-28:18:53:51	55
48.75071	2.21035	1	2009-05-28:18:53:51	55
48.7505	2.21158	1	2009-05-28:18:53:51	55
48.75107	2.21291	1	2009-05-28:18:53:51	55
48.75172	2.21389	1	2009-05-28:18:53:51	55
48.75242	2.21481	1	2009-05-28:18:53:51	55
48.75316	2.21572	1	2009-05-28:18:53:51	55
48.75402	2.21581	1	2009-05-28:18:53:51	55
48.75486	2.21522	1	2009-05-28:18:53:51	55
48.75545	2.21617	1	2009-05-28:18:53:51	55
48.75592	2.21739	1	2009-05-28:18:53:51	55
48.75667	2.21817	1	2009-05-28:18:53:51	55
48.75747	2.21886	1	2009-05-28:18:53:51	55
48.75829	2.21954	1	2009-05-28:18:53:51	55
48.75912	2.22022	1	2009-05-28:18:53:51	55
48.75996	2.22102	1	2009-05-28:18:53:51	55
48.76063	2.22186	1	2009-05-28:18:53:51	55
48.76129	2.22272	1	2009-05-28:18:53:51	55
48.76166	2.22353	1	2009-05-28:18:53:51	55
48.7619	2.22408	1	2009-05-28:18:53:51	55
48.76239	2.22462	1	2009-05-28:18:53:51	55
48.76305	2.22546	1	2009-05-28:18:53:51	55
48.76364	2.22641	1	2009-05-28:18:53:51	55
48.76431	2.22713	1	2009-05-28:18:53:51	55
48.765	2.22784	1	2009-05-28:18:53:51	55
48.76568	2.22853	1	2009-05-28:18:53:51	55
48.76634	2.22933	1	2009-05-28:18:53:51	55
48.76677	2.23065	1	2009-05-28:18:53:51	55
48.76764	2.23052	1	2009-05-28:18:53:51	55
48.76856	2.23038	1	2009-05-28:18:53:51	55
48.76943	2.23035	1	2009-05-28:18:53:51	55
48.77026	2.22998	1	2009-05-28:18:53:51	55
48.77112	2.2295	1	2009-05-28:18:53:51	55
48.77201	2.22929	1	2009-05-28:18:53:51	55
48.77285	2.22922	1	2009-05-28:18:53:51	55
48.77365	2.2291	1	2009-05-28:18:53:51	55
48.77445	2.22894	1	2009-05-28:18:53:51	55
48.77533	2.22882	1	2009-05-28:18:53:51	55
48.77616	2.22925	1	2009-05-28:18:53:51	55
48.77652	2.23041	1	2009-05-28:18:53:51	55
48.77706	2.23143	1	2009-05-28:18:53:51	55
48.77757	2.23245	1	2009-05-28:18:53:51	55
48.77801	2.23368	1	2009-05-28:18:53:51	55
48.7785	2.23484	1	2009-05-28:18:53:51	55
48.77889	2.23597	1	2009-05-28:18:53:51	55
48.7794	2.23701	1	2009-05-28:18:53:51	55
48.77993	2.23814	1	2009-05-28:18:53:51	55
48.78032	2.23926	1	2009-05-28:18:53:51	55
48.78078	2.24037	1	2009-05-28:18:53:51	55
48.78129	2.24148	1	2009-05-28:18:53:51	55
48.7815	2.24208	1	2009-05-28:18:53:51	55
48.78183	2.24286	1	2009-05-28:18:53:51	55
48.78221	2.2439	1	2009-05-28:18:53:51	55
48.78265	2.24494	1	2009-05-28:18:53:51	55
48.78304	2.24593	1	2009-05-28:18:53:51	55
48.78347	2.24703	1	2009-05-28:18:53:51	55
48.78393	2.24804	1	2009-05-28:18:53:51	55
48.78436	2.2491	1	2009-05-28:18:53:51	55
48.78481	2.25012	1	2009-05-28:18:53:51	55
48.78524	2.25113	1	2009-05-28:18:53:51	55
48.78564	2.25225	1	2009-05-28:18:53:51	55
48.78606	2.2533	1	2009-05-28:18:53:51	55
48.7865	2.25432	1	2009-05-28:18:53:51	55
48.78691	2.25536	1	2009-05-28:18:53:51	55
48.78736	2.25641	1	2009-05-28:18:53:51	55
48.78778	2.25748	1	2009-05-28:18:53:51	55
48.78821	2.2585	1	2009-05-28:18:53:51	55
48.78868	2.25954	1	2009-05-28:18:53:51	55
48.78907	2.26062	1	2009-05-28:18:53:51	55
48.7895	2.26165	1	2009-05-28:18:53:51	55
48.78992	2.26272	1	2009-05-28:18:53:51	55
48.79037	2.26377	1	2009-05-28:18:53:51	55
48.79079	2.26481	1	2009-05-28:18:53:51	55
48.79123	2.26585	1	2009-05-28:18:53:51	55
48.79167	2.26698	1	2009-05-28:18:53:51	55
48.79206	2.26811	1	2009-05-28:18:53:51	55
48.79252	2.26913	1	2009-05-28:18:53:51	55
48.79298	2.27014	1	2009-05-28:18:53:51	55
48.79343	2.2712	1	2009-05-28:18:53:51	55
48.794	2.27212	1	2009-05-28:18:53:51	55
48.79455	2.27298	1	2009-05-28:18:53:51	55
48.79511	2.274	1	2009-05-28:18:53:51	55
48.79566	2.27499	1	2009-05-28:18:53:51	55
48.79615	2.276	1	2009-05-28:18:53:51	55
48.79674	2.27678	1	2009-05-28:18:53:51	55
48.79732	2.27769	1	2009-05-28:18:53:51	55
48.79788	2.27869	1	2009-05-28:18:53:51	55
48.79851	2.27974	1	2009-05-28:18:53:51	55
48.79911	2.28079	1	2009-05-28:18:53:51	55
48.79963	2.28177	1	2009-05-28:18:53:51	55
48.8002	2.28279	1	2009-05-28:18:53:51	55
48.8008	2.28382	1	2009-05-28:18:53:51	55
48.80145	2.28474	1	2009-05-28:18:53:51	55
48.80202	2.28568	1	2009-05-28:18:53:51	55
48.80262	2.28659	1	2009-05-28:18:53:51	55
48.80319	2.28751	1	2009-05-28:18:53:51	55
48.80379	2.28841	1	2009-05-28:18:53:51	55
48.8043	2.28936	1	2009-05-28:18:53:51	55
48.8049	2.29026	1	2009-05-28:18:53:51	55
48.80546	2.29123	1	2009-05-28:18:53:51	55
48.80604	2.29208	1	2009-05-28:18:53:51	55
48.80663	2.29303	1	2009-05-28:18:53:51	55
48.80704	2.29399	1	2009-05-28:18:53:51	55
48.80752	2.29497	1	2009-05-28:18:53:51	55
48.80805	2.2959	1	2009-05-28:18:53:51	55
48.80864	2.29685	1	2009-05-28:18:53:51	55
48.80927	2.29767	1	2009-05-28:18:53:51	55
48.80976	2.29855	1	2009-05-28:18:53:51	55
48.81051	2.29915	1	2009-05-28:18:53:51	55
48.81115	2.30007	1	2009-05-28:18:53:51	55
48.81187	2.30054	1	2009-05-28:18:53:51	55
48.8117	2.30151	1	2009-05-28:18:53:51	55
48.81111	2.30227	1	2009-05-28:18:53:51	55
48.81145	2.3032	1	2009-05-28:18:53:51	55
48.81185	2.3042	1	2009-05-28:18:53:51	55
48.81237	2.30517	1	2009-05-28:18:53:51	55
48.81299	2.30581	1	2009-05-28:18:53:51	55
48.81345	2.30675	1	2009-05-28:18:53:51	55
48.81412	2.30741	1	2009-05-28:18:53:51	55
48.81466	2.30831	1	2009-05-28:18:53:51	55
48.81511	2.30927	1	2009-05-28:18:53:51	55
48.81556	2.31026	1	2009-05-28:18:53:51	55
48.81586	2.31138	1	2009-05-28:18:53:51	55
48.81637	2.31229	1	2009-05-28:18:53:51	55
48.81657	2.31342	1	2009-05-28:18:53:51	55
48.81695	2.31451	1	2009-05-28:18:53:51	55
48.81728	2.31563	1	2009-05-28:18:53:51	55
48.81762	2.3167	1	2009-05-28:18:53:51	55
48.8181	2.31767	1	2009-05-28:18:53:51	55
48.81843	2.31881	1	2009-05-28:18:53:51	55
48.81844	2.32	1	2009-05-28:18:53:51	55
48.81808	2.32108	1	2009-05-28:18:53:51	55
48.81797	2.32207	1	2009-05-28:18:53:51	55
48.81803	2.32321	1	2009-05-28:18:53:51	55
48.81799	2.32431	1	2009-05-28:18:53:51	55
48.81766	2.32521	1	2009-05-28:18:53:51	55
48.81747	2.32631	1	2009-05-28:18:53:51	55
48.81741	2.32742	1	2009-05-28:18:53:51	55
48.8175	2.32846	1	2009-05-28:18:53:51	55
48.81727	2.3296	1	2009-05-28:18:53:51	55
48.81719	2.33073	1	2009-05-28:18:53:51	55
48.817	2.33182	1	2009-05-28:18:53:51	55
48.81755	2.33252	1	2009-05-28:18:53:51	55
48.81853	2.33295	1	2009-05-28:18:53:51	55
48.81927	2.33345	1	2009-05-28:18:53:51	55
48.82003	2.33387	1	2009-05-28:18:53:51	55
48.82086	2.33413	1	2009-05-28:18:53:51	55
48.82094	2.33525	1	2009-05-28:18:53:51	55
48.82068	2.33644	1	2009-05-28:18:53:51	55
48.82035	2.33753	1	2009-05-28:18:53:51	55
48.82014	2.33865	1	2009-05-28:18:53:51	55
48.82007	2.33914	1	2009-05-28:18:53:51	55
48.82006	2.33918	1	2009-05-28:18:53:51	55
48.82006	2.33924	1	2009-05-28:18:53:51	55
48.82007	2.33931	1	2009-05-28:18:53:51	55
48.8201	2.33935	1	2009-05-28:18:53:51	55
48.82011	2.33941	1	2009-05-28:18:53:51	55
48.82011	2.33948	1	2009-05-28:18:53:51	55
48.82013	2.33952	1	2009-05-28:18:53:51	55
48.82014	2.33954	1	2009-05-28:18:53:51	55
48.82013	2.33957	1	2009-05-28:18:53:51	55
48.82014	2.33959	1	2009-05-28:18:53:51	55
48.8202	2.33958	1	2009-05-28:18:53:51	55
48.82021	2.3396	1	2009-05-28:18:53:51	55
48.8202	2.33962	1	2009-05-28:18:53:51	55
48.82021	2.33966	1	2009-05-28:18:53:51	55
48.82021	2.33969	1	2009-05-28:18:53:51	55
48.8202	2.33972	1	2009-05-28:18:53:51	55
48.82021	2.33974	1	2009-05-28:18:53:51	55
48.82022	2.33987	1	2009-05-28:18:53:51	55
48.82021	2.33989	1	2009-05-28:18:53:51	55
48.82018	2.33992	1	2009-05-28:18:53:51	55
48.82016	2.33994	1	2009-05-28:18:53:51	55
48.82016	2.33994	1	2009-05-28:18:53:51	55
48.83716	2.35965	1	2009-05-30:07:22:36	56
48.83688	2.35962	1	2009-05-30:07:22:36	56
48.83676	2.35957	1	2009-05-30:07:22:36	56
48.83664	2.35953	1	2009-05-30:07:22:36	56
48.83657	2.35937	1	2009-05-30:07:22:36	56
48.8365	2.35926	1	2009-05-30:07:22:36	56
48.83638	2.35919	1	2009-05-30:07:22:36	56
48.83629	2.35906	1	2009-05-30:07:22:36	56
48.83617	2.35896	1	2009-05-30:07:22:36	56
48.83603	2.35891	1	2009-05-30:07:22:36	56
48.83596	2.35882	1	2009-05-30:07:22:36	56
48.83588	2.35872	1	2009-05-30:07:22:36	56
48.83578	2.35863	1	2009-05-30:07:22:36	56
48.83567	2.35856	1	2009-05-30:07:22:36	56
48.83559	2.3585	1	2009-05-30:07:22:36	56
48.83548	2.35843	1	2009-05-30:07:22:36	56
48.83539	2.3583	1	2009-05-30:07:22:36	56
48.83527	2.35821	1	2009-05-30:07:22:36	56
48.83516	2.35812	1	2009-05-30:07:22:36	56
48.83506	2.35807	1	2009-05-30:07:22:36	56
48.83496	2.358	1	2009-05-30:07:22:36	56
48.83486	2.35792	1	2009-05-30:07:22:36	56
48.83476	2.35787	1	2009-05-30:07:22:36	56
48.83464	2.35778	1	2009-05-30:07:22:36	56
48.83456	2.35769	1	2009-05-30:07:22:36	56
48.83447	2.3576	1	2009-05-30:07:22:36	56
48.83437	2.35752	1	2009-05-30:07:22:36	56
48.83427	2.35742	1	2009-05-30:07:22:36	56
48.83417	2.35734	1	2009-05-30:07:22:36	56
48.83407	2.35723	1	2009-05-30:07:22:36	56
48.83397	2.35708	1	2009-05-30:07:22:36	56
48.83388	2.35698	1	2009-05-30:07:22:36	56
48.83377	2.35691	1	2009-05-30:07:22:36	56
48.83369	2.35681	1	2009-05-30:07:22:36	56
48.83361	2.35665	1	2009-05-30:07:22:36	56
48.8335	2.35656	1	2009-05-30:07:22:36	56
48.8334	2.35651	1	2009-05-30:07:22:36	56
48.83327	2.35646	1	2009-05-30:07:22:36	56
48.83315	2.35642	1	2009-05-30:07:22:36	56
48.83305	2.3564	1	2009-05-30:07:22:36	56
48.83297	2.3564	1	2009-05-30:07:22:36	56
48.83291	2.35628	1	2009-05-30:07:22:36	56
48.83283	2.3562	1	2009-05-30:07:22:36	56
48.8327	2.35611	1	2009-05-30:07:22:36	56
48.83261	2.35599	1	2009-05-30:07:22:36	56
48.83251	2.35595	1	2009-05-30:07:22:36	56
48.83239	2.35586	1	2009-05-30:07:22:36	56
48.83229	2.35578	1	2009-05-30:07:22:36	56
48.83218	2.35573	1	2009-05-30:07:22:36	56
48.83208	2.35564	1	2009-05-30:07:22:36	56
48.83202	2.35552	1	2009-05-30:07:22:36	56
48.83195	2.35533	1	2009-05-30:07:22:36	56
48.83192	2.35513	1	2009-05-30:07:22:36	56
48.8319	2.35496	1	2009-05-30:07:22:36	56
48.8318	2.35488	1	2009-05-30:07:22:36	56
48.8317	2.35486	1	2009-05-30:07:22:36	56
48.83158	2.35484	1	2009-05-30:07:22:36	56
48.83145	2.3548	1	2009-05-30:07:22:36	56
48.83133	2.35474	1	2009-05-30:07:22:36	56
48.83126	2.35461	1	2009-05-30:07:22:36	56
48.83119	2.35446	1	2009-05-30:07:22:36	56
48.83116	2.3543	1	2009-05-30:07:22:36	56
48.83109	2.35413	1	2009-05-30:07:22:36	56
48.83105	2.35392	1	2009-05-30:07:22:36	56
48.831	2.35375	1	2009-05-30:07:22:36	56
48.83096	2.35351	1	2009-05-30:07:22:36	56
48.83092	2.3533	1	2009-05-30:07:22:36	56
48.83086	2.35315	1	2009-05-30:07:22:36	56
48.8308	2.35303	1	2009-05-30:07:22:36	56
48.83073	2.35292	1	2009-05-30:07:22:36	56
48.83071	2.35287	1	2009-05-30:07:22:36	56
48.83061	2.35294	1	2009-05-30:07:22:36	56
48.83054	2.35305	1	2009-05-30:07:22:36	56
48.83062	2.35295	1	2009-05-30:07:22:36	56
48.83053	2.35286	1	2009-05-30:07:22:36	56
48.83043	2.35278	1	2009-05-30:07:22:36	56
48.83033	2.35278	1	2009-05-30:07:22:36	56
48.83018	2.35273	1	2009-05-30:07:22:36	56
48.83003	2.35274	1	2009-05-30:07:22:36	56
48.82991	2.35281	1	2009-05-30:07:22:36	56
48.82982	2.35273	1	2009-05-30:07:22:36	56
48.82969	2.35269	1	2009-05-30:07:22:36	56
48.82957	2.35272	1	2009-05-30:07:22:36	56
48.82944	2.35272	1	2009-05-30:07:22:36	56
48.82932	2.35272	1	2009-05-30:07:22:36	56
48.8292	2.35276	1	2009-05-30:07:22:36	56
48.8291	2.35275	1	2009-05-30:07:22:36	56
48.82899	2.35277	1	2009-05-30:07:22:36	56
48.82889	2.3527	1	2009-05-30:07:22:36	56
48.82878	2.35267	1	2009-05-30:07:22:36	56
48.82867	2.35269	1	2009-05-30:07:22:36	56
48.82858	2.35273	1	2009-05-30:07:22:36	56
48.82848	2.35279	1	2009-05-30:07:22:36	56
48.8284	2.35279	1	2009-05-30:07:22:36	56
48.82827	2.35279	1	2009-05-30:07:22:36	56
48.8283	2.35278	1	2009-05-30:07:22:36	56
48.8283	2.35273	1	2009-05-30:07:22:36	56
48.82819	2.35277	1	2009-05-30:07:22:36	56
48.8281	2.35273	1	2009-05-30:07:22:36	56
48.828	2.35271	1	2009-05-30:07:22:36	56
48.82786	2.35266	1	2009-05-30:07:22:36	56
48.82775	2.3526	1	2009-05-30:07:22:36	56
48.82766	2.35257	1	2009-05-30:07:22:36	56
48.82755	2.35245	1	2009-05-30:07:22:36	56
48.82745	2.35234	1	2009-05-30:07:22:36	56
48.82735	2.35228	1	2009-05-30:07:22:36	56
48.82725	2.35219	1	2009-05-30:07:22:36	56
48.82715	2.35207	1	2009-05-30:07:22:36	56
48.82704	2.35191	1	2009-05-30:07:22:36	56
48.82693	2.3517	1	2009-05-30:07:22:36	56
48.82682	2.35161	1	2009-05-30:07:22:36	56
48.82669	2.35155	1	2009-05-30:07:22:36	56
48.82661	2.35143	1	2009-05-30:07:22:36	56
48.8265	2.35134	1	2009-05-30:07:22:36	56
48.8265	2.3512	1	2009-05-30:07:22:36	56
48.8264	2.35103	1	2009-05-30:07:22:36	56
48.8263	2.35089	1	2009-05-30:07:22:36	56
48.82624	2.35077	1	2009-05-30:07:22:36	56
48.82614	2.35071	1	2009-05-30:07:22:36	56
48.82606	2.35064	1	2009-05-30:07:22:36	56
48.82595	2.35062	1	2009-05-30:07:22:36	56
48.82584	2.35061	1	2009-05-30:07:22:36	56
48.82579	2.35047	1	2009-05-30:07:22:36	56
48.82574	2.35034	1	2009-05-30:07:22:36	56
48.82569	2.35018	1	2009-05-30:07:22:36	56
48.82565	2.35003	1	2009-05-30:07:22:36	56
48.82555	2.34997	1	2009-05-30:07:22:36	56
48.82542	2.34993	1	2009-05-30:07:22:36	56
48.8253	2.34987	1	2009-05-30:07:22:36	56
48.82519	2.34977	1	2009-05-30:07:22:36	56
48.82507	2.3496	1	2009-05-30:07:22:36	56
48.82496	2.34945	1	2009-05-30:07:22:36	56
48.82486	2.34932	1	2009-05-30:07:22:36	56
48.82478	2.34921	1	2009-05-30:07:22:36	56
48.82471	2.34909	1	2009-05-30:07:22:36	56
48.82461	2.34898	1	2009-05-30:07:22:36	56
48.82449	2.34886	1	2009-05-30:07:22:36	56
48.82438	2.34873	1	2009-05-30:07:22:36	56
48.82418	2.34859	1	2009-05-30:07:22:36	56
48.82409	2.34865	1	2009-05-30:07:22:36	56
48.82401	2.34857	1	2009-05-30:07:22:36	56
48.82394	2.34841	1	2009-05-30:07:22:36	56
48.82372	2.34814	1	2009-05-30:07:22:36	56
48.82361	2.34811	1	2009-05-30:07:22:36	56
48.82349	2.34804	1	2009-05-30:07:22:36	56
48.82337	2.34792	1	2009-05-30:07:22:36	56
48.82327	2.34781	1	2009-05-30:07:22:36	56
48.82318	2.34771	1	2009-05-30:07:22:36	56
48.8231	2.34762	1	2009-05-30:07:22:36	56
48.82302	2.34754	1	2009-05-30:07:22:36	56
48.8229	2.34745	1	2009-05-30:07:22:36	56
48.82277	2.34736	1	2009-05-30:07:22:36	56
48.82266	2.34732	1	2009-05-30:07:22:36	56
48.82261	2.34719	1	2009-05-30:07:22:36	56
48.82249	2.34706	1	2009-05-30:07:22:36	56
48.82245	2.34721	1	2009-05-30:07:22:36	56
48.82241	2.34709	1	2009-05-30:07:22:36	56
48.82247	2.34695	1	2009-05-30:07:22:36	56
48.82249	2.34679	1	2009-05-30:07:22:36	56
48.82248	2.34662	1	2009-05-30:07:22:36	56
48.82251	2.34648	1	2009-05-30:07:22:36	56
48.82243	2.34642	1	2009-05-30:07:22:36	56
48.82234	2.34633	1	2009-05-30:07:22:36	56
48.82224	2.34634	1	2009-05-30:07:22:36	56
48.82219	2.34617	1	2009-05-30:07:22:36	56
48.82218	2.34602	1	2009-05-30:07:22:36	56
48.82217	2.34584	1	2009-05-30:07:22:36	56
48.82213	2.34565	1	2009-05-30:07:22:36	56
48.8221	2.34548	1	2009-05-30:07:22:36	56
48.82206	2.34529	1	2009-05-30:07:22:36	56
48.82203	2.34514	1	2009-05-30:07:22:36	56
48.82199	2.34495	1	2009-05-30:07:22:36	56
48.82194	2.3448	1	2009-05-30:07:22:36	56
48.8219	2.34465	1	2009-05-30:07:22:36	56
48.82188	2.3445	1	2009-05-30:07:22:36	56
48.82187	2.34435	1	2009-05-30:07:22:36	56
48.82186	2.34416	1	2009-05-30:07:22:36	56
48.82184	2.34397	1	2009-05-30:07:22:36	56
48.82181	2.34381	1	2009-05-30:07:22:36	56
48.82179	2.34365	1	2009-05-30:07:22:36	56
48.82176	2.34349	1	2009-05-30:07:22:36	56
48.82172	2.34334	1	2009-05-30:07:22:36	56
48.82167	2.3432	1	2009-05-30:07:22:36	56
48.8216	2.34307	1	2009-05-30:07:22:36	56
48.82151	2.34304	1	2009-05-30:07:22:36	56
48.82152	2.34288	1	2009-05-30:07:22:36	56
48.82168	2.34258	1	2009-05-30:07:22:36	56
48.82159	2.34246	1	2009-05-30:07:22:36	56
48.82147	2.3425	1	2009-05-30:07:22:36	56
48.82135	2.34254	1	2009-05-30:07:22:36	56
48.82124	2.34257	1	2009-05-30:07:22:36	56
48.82113	2.34266	1	2009-05-30:07:22:36	56
48.82101	2.34271	1	2009-05-30:07:22:36	56
48.82091	2.34271	1	2009-05-30:07:22:36	56
48.82079	2.34272	1	2009-05-30:07:22:36	56
48.82068	2.3427	1	2009-05-30:07:22:36	56
48.82059	2.34278	1	2009-05-30:07:22:36	56
48.82048	2.34277	1	2009-05-30:07:22:36	56
48.82036	2.3427	1	2009-05-30:07:22:36	56
48.82025	2.34268	1	2009-05-30:07:22:36	56
48.82014	2.34273	1	2009-05-30:07:22:36	56
48.82003	2.34275	1	2009-05-30:07:22:36	56
48.81993	2.34273	1	2009-05-30:07:22:36	56
48.81983	2.34273	1	2009-05-30:07:22:36	56
48.81974	2.34272	1	2009-05-30:07:22:36	56
48.81975	2.34255	1	2009-05-30:07:22:36	56
48.81977	2.34237	1	2009-05-30:07:22:36	56
48.81978	2.34219	1	2009-05-30:07:22:36	56
48.81983	2.34203	1	2009-05-30:07:22:36	56
48.81989	2.34195	1	2009-05-30:07:22:36	56
48.81986	2.34181	1	2009-05-30:07:22:36	56
48.81991	2.34164	1	2009-05-30:07:22:36	56
48.81991	2.34148	1	2009-05-30:07:22:36	56
48.81982	2.34133	1	2009-05-30:07:22:36	56
48.81983	2.34115	1	2009-05-30:07:22:36	56
48.81985	2.34099	1	2009-05-30:07:22:36	56
48.81991	2.34087	1	2009-05-30:07:22:36	56
48.81994	2.34072	1	2009-05-30:07:22:36	56
48.8199	2.34055	1	2009-05-30:07:22:36	56
48.81991	2.34041	1	2009-05-30:07:22:36	56
48.81995	2.34023	1	2009-05-30:07:22:36	56
48.81995	2.34014	1	2009-05-30:07:22:36	56
48.81996	2.34011	1	2009-05-30:07:22:36	56
48.81997	2.34006	1	2009-05-30:07:22:36	56
48.81999	2.34002	1	2009-05-30:07:22:36	56
48.82	2.33999	1	2009-05-30:07:22:36	56
48.82002	2.33996	1	2009-05-30:07:22:36	56
48.82003	2.33994	1	2009-05-30:07:22:36	56
48.82004	2.3399	1	2009-05-30:07:22:36	56
48.82007	2.33986	1	2009-05-30:07:22:36	56
48.82009	2.33982	1	2009-05-30:07:22:36	56
48.82011	2.33978	1	2009-05-30:07:22:36	56
48.82014	2.33975	1	2009-05-30:07:22:36	56
48.82015	2.33973	1	2009-05-30:07:22:36	56
48.82018	2.3397	1	2009-05-30:07:22:36	56
48.8202	2.33968	1	2009-05-30:07:22:36	56
48.82025	2.33969	1	2009-05-30:07:22:36	56
48.8203	2.33968	1	2009-05-30:07:22:36	56
48.82033	2.33967	1	2009-05-30:07:22:36	56
48.82035	2.33965	1	2009-05-30:07:22:36	56
48.82037	2.33964	1	2009-05-30:07:22:36	56
48.82038	2.33969	1	2009-05-30:07:22:36	56
48.82038	2.3397	1	2009-05-30:07:22:36	56
48.82028	2.33964	1	2009-05-30:07:22:36	56
48.82006	2.33979	1	2009-05-30:08:29:31	57
48.81965	2.34307	1	2009-05-30:08:29:31	57
48.81962	2.3458	1	2009-05-30:08:29:31	57
48.82031	2.34829	1	2009-05-30:08:29:31	57
48.82099	2.35086	1	2009-05-30:08:29:31	57
48.82098	2.35392	1	2009-05-30:08:29:31	57
48.82016	2.35626	1	2009-05-30:08:29:31	57
48.81895	2.35842	1	2009-05-30:08:29:31	57
48.81915	2.36109	1	2009-05-30:08:29:31	57
48.81973	2.36355	1	2009-05-30:08:29:31	57
48.82045	2.36571	1	2009-05-30:08:29:31	57
48.82121	2.36807	1	2009-05-30:08:29:31	57
48.821	2.37042	1	2009-05-30:08:29:31	57
48.81983	2.37256	1	2009-05-30:08:29:31	57
48.81849	2.37431	1	2009-05-30:08:29:31	57
48.81709	2.37405	1	2009-05-30:08:29:31	57
48.81572	2.37523	1	2009-05-30:08:29:31	57
48.81441	2.37639	1	2009-05-30:08:29:31	57
48.8129	2.37778	1	2009-05-30:08:29:31	57
48.81144	2.37923	1	2009-05-30:08:29:31	57
48.80992	2.38032	1	2009-05-30:08:29:31	57
48.81036	2.38219	1	2009-05-30:08:29:31	57
48.81136	2.3843	1	2009-05-30:08:29:31	57
48.81225	2.38633	1	2009-05-30:08:29:31	57
48.81328	2.38844	1	2009-05-30:08:29:31	57
48.81447	2.39035	1	2009-05-30:08:29:31	57
48.81538	2.39261	1	2009-05-30:08:29:31	57
48.81635	2.39477	1	2009-05-30:08:29:31	57
48.8174	2.3967	1	2009-05-30:08:29:31	57
48.81751	2.39872	1	2009-05-30:08:29:31	57
48.81619	2.40031	1	2009-05-30:08:29:31	57
48.81479	2.4019	1	2009-05-30:08:29:31	57
48.81457	2.40343	1	2009-05-30:08:29:31	57
48.81454	2.40557	1	2009-05-30:08:29:31	57
48.81444	2.40804	1	2009-05-30:08:29:31	57
48.81448	2.41068	1	2009-05-30:08:29:31	57
48.81461	2.4132	1	2009-05-30:08:29:31	57
48.81459	2.41573	1	2009-05-30:08:29:31	57
48.81505	2.41813	1	2009-05-30:08:29:31	57
48.8153	2.42055	1	2009-05-30:08:29:31	57
48.81459	2.42266	1	2009-05-30:08:29:31	57
48.81392	2.42498	1	2009-05-30:08:29:31	57
48.81305	2.42712	1	2009-05-30:08:29:31	57
48.81194	2.42907	1	2009-05-30:08:29:31	57
48.81096	2.43109	1	2009-05-30:08:29:31	57
48.80988	2.43285	1	2009-05-30:08:29:31	57
48.80885	2.43484	1	2009-05-30:08:29:31	57
48.80789	2.43694	1	2009-05-30:08:29:31	57
48.80684	2.43883	1	2009-05-30:08:29:31	57
48.80573	2.44076	1	2009-05-30:08:29:31	57
48.80475	2.44268	1	2009-05-30:08:29:31	57
48.80364	2.44463	1	2009-05-30:08:29:31	57
48.80179	2.44586	1	2009-05-30:08:29:31	57
48.80027	2.44618	1	2009-05-30:08:29:31	57
48.79957	2.44837	1	2009-05-30:08:29:31	57
48.79924	2.45091	1	2009-05-30:08:29:31	57
48.79899	2.45329	1	2009-05-30:08:29:31	57
48.79809	2.4553	1	2009-05-30:08:29:31	57
48.79688	2.45704	1	2009-05-30:08:29:31	57
48.7956	2.45869	1	2009-05-30:08:29:31	57
48.79433	2.46036	1	2009-05-30:08:29:31	57
48.7928	2.46146	1	2009-05-30:08:29:31	57
48.79134	2.46242	1	2009-05-30:08:29:31	57
48.79017	2.46416	1	2009-05-30:08:29:31	57
48.78933	2.46551	1	2009-05-30:08:29:31	57
48.78826	2.46735	1	2009-05-30:08:29:31	57
48.78698	2.46884	1	2009-05-30:08:29:31	57
48.78562	2.4702	1	2009-05-30:08:29:31	57
48.78429	2.47154	1	2009-05-30:08:29:31	57
48.78296	2.4728	1	2009-05-30:08:29:31	57
48.7816	2.47426	1	2009-05-30:08:29:31	57
48.7803	2.47557	1	2009-05-30:08:29:31	57
48.77895	2.47692	1	2009-05-30:08:29:31	57
48.77764	2.47833	1	2009-05-30:08:29:31	57
48.7763	2.47968	1	2009-05-30:08:29:31	57
48.77493	2.48114	1	2009-05-30:08:29:31	57
48.77359	2.48252	1	2009-05-30:08:29:31	57
48.77229	2.48385	1	2009-05-30:08:29:31	57
48.77096	2.48517	1	2009-05-30:08:29:31	57
48.76961	2.48646	1	2009-05-30:08:29:31	57
48.76819	2.4873	1	2009-05-30:08:29:31	57
48.76708	2.4889	1	2009-05-30:08:29:31	57
48.7658	2.49032	1	2009-05-30:08:29:31	57
48.76462	2.49219	1	2009-05-30:08:29:31	57
48.76333	2.49385	1	2009-05-30:08:29:31	57
48.76213	2.49553	1	2009-05-30:08:29:31	57
48.76083	2.49712	1	2009-05-30:08:29:31	57
48.75973	2.49911	1	2009-05-30:08:29:31	57
48.75862	2.50092	1	2009-05-30:08:29:31	57
48.75754	2.50269	1	2009-05-30:08:29:31	57
48.75641	2.50443	1	2009-05-30:08:29:31	57
48.75482	2.50529	1	2009-05-30:08:29:31	57
48.75348	2.50652	1	2009-05-30:08:29:31	57
48.75177	2.50679	1	2009-05-30:08:29:31	57
48.75029	2.50785	1	2009-05-30:08:29:31	57
48.74876	2.50888	1	2009-05-30:08:29:31	57
48.74731	2.50998	1	2009-05-30:08:29:31	57
48.74579	2.51088	1	2009-05-30:08:29:31	57
48.7443	2.51195	1	2009-05-30:08:29:31	57
48.74288	2.51311	1	2009-05-30:08:29:31	57
48.74146	2.51428	1	2009-05-30:08:29:31	57
48.74007	2.51542	1	2009-05-30:08:29:31	57
48.73864	2.51661	1	2009-05-30:08:29:31	57
48.73724	2.51773	1	2009-05-30:08:29:31	57
48.7358	2.51888	1	2009-05-30:08:29:31	57
48.73438	2.52008	1	2009-05-30:08:29:31	57
48.73302	2.52147	1	2009-05-30:08:29:31	57
48.73179	2.5229	1	2009-05-30:08:29:31	57
48.73075	2.52483	1	2009-05-30:08:29:31	57
48.72964	2.52668	1	2009-05-30:08:29:31	57
48.72858	2.52855	1	2009-05-30:08:29:31	57
48.72758	2.53047	1	2009-05-30:08:29:31	57
48.72612	2.53128	1	2009-05-30:08:29:31	57
48.72455	2.53113	1	2009-05-30:08:29:31	57
48.72318	2.53213	1	2009-05-30:08:29:31	57
48.72201	2.53361	1	2009-05-30:08:29:31	57
48.72044	2.53327	1	2009-05-30:08:29:31	57
48.7192	2.53409	1	2009-05-30:08:29:31	57
48.71789	2.53518	1	2009-05-30:08:29:31	57
48.71677	2.53696	1	2009-05-30:08:29:31	57
48.7152	2.53721	1	2009-05-30:08:29:31	57
48.7135	2.53776	1	2009-05-30:08:29:31	57
48.71191	2.53873	1	2009-05-30:08:29:31	57
48.71042	2.53961	1	2009-05-30:08:29:31	57
48.70904	2.54086	1	2009-05-30:08:29:31	57
48.7077	2.54214	1	2009-05-30:08:29:31	57
48.70664	2.54375	1	2009-05-30:08:29:31	57
48.7055	2.5454	1	2009-05-30:08:29:31	57
48.70395	2.54547	1	2009-05-30:08:29:31	57
48.70262	2.54513	1	2009-05-30:08:29:31	57
48.70298	2.54743	1	2009-05-30:08:29:31	57
48.7035	2.54972	1	2009-05-30:08:29:31	57
48.70456	2.55157	1	2009-05-30:08:29:31	57
48.7057	2.55323	1	2009-05-30:08:29:31	57
48.70492	2.55505	1	2009-05-30:08:29:31	57
48.70391	2.55684	1	2009-05-30:08:29:31	57
48.70296	2.55875	1	2009-05-30:08:29:31	57
48.70321	2.56066	1	2009-05-30:08:29:31	57
48.7044	2.56239	1	2009-05-30:08:29:31	57
48.70456	2.56253	1	2009-05-30:08:29:31	57
48.70457	2.56251	1	2009-05-30:08:29:31	57
48.70458	2.56252	1	2009-05-30:08:29:31	57
48.70458	2.56252	1	2009-05-30:08:29:31	57
48.70456	2.56249	1	2009-05-30:08:29:31	57
48.70455	2.56251	1	2009-05-30:08:29:31	57
48.70458	2.56251	1	2009-05-30:08:29:31	57
48.7046	2.5625	1	2009-05-30:08:29:31	57
48.7046	2.56248	1	2009-05-30:08:29:31	57
48.7046	2.56245	1	2009-05-30:08:29:31	57
48.70459	2.56243	1	2009-05-30:08:29:31	57
48.7046	2.5624	1	2009-05-30:08:29:31	57
48.7046	2.56238	1	2009-05-30:08:29:31	57
48.70461	2.56236	1	2009-05-30:08:29:31	57
48.70462	2.56234	1	2009-05-30:08:29:31	57
48.70463	2.56232	1	2009-05-30:08:29:31	57
48.70464	2.5623	1	2009-05-30:08:29:31	57
48.70463	2.56228	1	2009-05-30:08:29:31	57
48.70463	2.56226	1	2009-05-30:08:29:31	57
48.70461	2.56226	1	2009-05-30:08:29:31	57
48.7046	2.56228	1	2009-05-30:08:29:31	57
48.70459	2.5623	1	2009-05-30:08:29:31	57
48.70458	2.56231	1	2009-05-30:08:29:31	57
48.70453	2.55576	1	2009-05-30:14:48:13	58
48.70584	2.55356	1	2009-05-30:14:48:13	58
48.70448	2.55137	1	2009-05-30:14:48:13	58
48.70307	2.54801	1	2009-05-30:14:48:13	58
48.70294	2.54485	1	2009-05-30:14:48:13	58
48.70454	2.54576	1	2009-05-30:14:48:13	58
48.70619	2.54451	1	2009-05-30:14:48:13	58
48.70709	2.54319	1	2009-05-30:14:48:13	58
48.7087	2.54135	1	2009-05-30:14:48:13	58
48.71064	2.53951	1	2009-05-30:14:48:13	58
48.71279	2.5383	1	2009-05-30:14:48:13	58
48.71466	2.53728	1	2009-05-30:14:48:13	58
48.71661	2.53722	1	2009-05-30:14:48:13	58
48.71799	2.5352	1	2009-05-30:14:48:13	58
48.71952	2.53403	1	2009-05-30:14:48:13	58
48.72081	2.53341	1	2009-05-30:14:48:13	58
48.72247	2.53346	1	2009-05-30:14:48:13	58
48.7232	2.53227	1	2009-05-30:14:48:13	58
48.72477	2.53109	1	2009-05-30:14:48:13	58
48.72663	2.53111	1	2009-05-30:14:48:13	58
48.72796	2.52996	1	2009-05-30:14:48:13	58
48.72905	2.52796	1	2009-05-30:14:48:13	58
48.73022	2.52588	1	2009-05-30:14:48:13	58
48.73135	2.52386	1	2009-05-30:14:48:13	58
48.73255	2.52212	1	2009-05-30:14:48:13	58
48.73416	2.52081	1	2009-05-30:14:48:13	58
48.73577	2.51956	1	2009-05-30:14:48:13	58
48.73715	2.5184	1	2009-05-30:14:48:13	58
48.7386	2.51711	1	2009-05-30:14:48:13	58
48.74009	2.51588	1	2009-05-30:14:48:13	58
48.74148	2.5147	1	2009-05-30:14:48:13	58
48.74288	2.5135	1	2009-05-30:14:48:13	58
48.74402	2.51256	1	2009-05-30:14:48:13	58
48.74503	2.51164	1	2009-05-30:14:48:13	58
48.74647	2.51057	1	2009-05-30:14:48:13	58
48.74801	2.50945	1	2009-05-30:14:48:13	58
48.74954	2.50842	1	2009-05-30:14:48:13	58
48.75098	2.50728	1	2009-05-30:14:48:13	58
48.75261	2.50668	1	2009-05-30:14:48:13	58
48.75425	2.50632	1	2009-05-30:14:48:13	58
48.75566	2.505	1	2009-05-30:14:48:13	58
48.75729	2.50443	1	2009-05-30:14:48:13	58
48.75845	2.50279	1	2009-05-30:14:48:13	58
48.75926	2.50067	1	2009-05-30:14:48:13	58
48.7602	2.49873	1	2009-05-30:14:48:13	58
48.76134	2.49677	1	2009-05-30:14:48:13	58
48.76254	2.49515	1	2009-05-30:14:48:13	58
48.76373	2.49351	1	2009-05-30:14:48:13	58
48.765	2.4919	1	2009-05-30:14:48:13	58
48.76625	2.49022	1	2009-05-30:14:48:13	58
48.76756	2.48875	1	2009-05-30:14:48:13	58
48.76885	2.48747	1	2009-05-30:14:48:13	58
48.77015	2.4861	1	2009-05-30:14:48:13	58
48.77152	2.4847	1	2009-05-30:14:48:13	58
48.77289	2.48327	1	2009-05-30:14:48:13	58
48.7743	2.48186	1	2009-05-30:14:48:13	58
48.7757	2.48042	1	2009-05-30:14:48:13	58
48.7771	2.47911	1	2009-05-30:14:48:13	58
48.77844	2.47775	1	2009-05-30:14:48:13	58
48.77982	2.47632	1	2009-05-30:14:48:13	58
48.7811	2.47496	1	2009-05-30:14:48:13	58
48.78247	2.47362	1	2009-05-30:14:48:13	58
48.78389	2.47212	1	2009-05-30:14:48:13	58
48.78526	2.47071	1	2009-05-30:14:48:13	58
48.78626	2.46963	1	2009-05-30:14:48:13	58
48.78765	2.46827	1	2009-05-30:14:48:13	58
48.7889	2.46675	1	2009-05-30:14:48:13	58
48.78975	2.46473	1	2009-05-30:14:48:13	58
48.7908	2.46289	1	2009-05-30:14:48:13	58
48.79225	2.46192	1	2009-05-30:14:48:13	58
48.79382	2.46115	1	2009-05-30:14:48:13	58
48.79501	2.45949	1	2009-05-30:14:48:13	58
48.79628	2.45807	1	2009-05-30:14:48:13	58
48.79747	2.45653	1	2009-05-30:14:48:13	58
48.79856	2.45478	1	2009-05-30:14:48:13	58
48.79961	2.45286	1	2009-05-30:14:48:13	58
48.80061	2.45091	1	2009-05-30:14:48:13	58
48.80166	2.44901	1	2009-05-30:14:48:13	58
48.80267	2.44704	1	2009-05-30:14:48:13	58
48.80371	2.44514	1	2009-05-30:14:48:13	58
48.80464	2.44325	1	2009-05-30:14:48:13	58
48.80567	2.44144	1	2009-05-30:14:48:13	58
48.80661	2.43955	1	2009-05-30:14:48:13	58
48.80759	2.43769	1	2009-05-30:14:48:13	58
48.80855	2.43588	1	2009-05-30:14:48:13	58
48.80951	2.43403	1	2009-05-30:14:48:13	58
48.81051	2.43218	1	2009-05-30:14:48:13	58
48.81152	2.4303	1	2009-05-30:14:48:13	58
48.81251	2.42846	1	2009-05-30:14:48:13	58
48.81351	2.42663	1	2009-05-30:14:48:13	58
48.8142	2.4245	1	2009-05-30:14:48:13	58
48.81484	2.42231	1	2009-05-30:14:48:13	58
48.81579	2.42032	1	2009-05-30:14:48:13	58
48.8174	2.41985	1	2009-05-30:14:48:13	58
48.81903	2.41963	1	2009-05-30:14:48:13	58
48.82063	2.41975	1	2009-05-30:14:48:13	58
48.8223	2.41987	1	2009-05-30:14:48:13	58
48.82388	2.41999	1	2009-05-30:14:48:13	58
48.82547	2.42001	1	2009-05-30:14:48:13	58
48.82708	2.41962	1	2009-05-30:14:48:13	58
48.82864	2.41934	1	2009-05-30:14:48:13	58
48.83013	2.41842	1	2009-05-30:14:48:13	58
48.83135	2.41698	1	2009-05-30:14:48:13	58
48.83245	2.41538	1	2009-05-30:14:48:13	58
48.8334	2.41341	1	2009-05-30:14:48:13	58
48.83408	2.41129	1	2009-05-30:14:48:13	58
48.83471	2.40914	1	2009-05-30:14:48:13	58
48.83561	2.40716	1	2009-05-30:14:48:13	58
48.83704	2.40815	1	2009-05-30:14:48:13	58
48.83861	2.4087	1	2009-05-30:14:48:13	58
48.84019	2.40916	1	2009-05-30:14:48:13	58
48.84186	2.4097	1	2009-05-30:14:48:13	58
48.84345	2.41006	1	2009-05-30:14:48:13	58
48.84485	2.41043	1	2009-05-30:14:48:13	58
48.8465	2.41089	1	2009-05-30:14:48:13	58
48.84805	2.4113	1	2009-05-30:14:48:13	58
48.84961	2.41126	1	2009-05-30:14:48:13	58
48.85123	2.4111	1	2009-05-30:14:48:13	58
48.85281	2.41082	1	2009-05-30:14:48:13	58
48.85446	2.41042	1	2009-05-30:14:48:13	58
48.85613	2.41027	1	2009-05-30:14:48:13	58
48.85773	2.40985	1	2009-05-30:14:48:13	58
48.859	2.40983	1	2009-05-30:14:48:13	58
48.86062	2.40951	1	2009-05-30:14:48:13	58
48.86197	2.40907	1	2009-05-30:14:48:13	58
48.86357	2.40898	1	2009-05-30:14:48:13	58
48.86565	2.40894	1	2009-05-30:14:48:13	58
48.86731	2.40904	1	2009-05-30:14:48:13	58
48.86895	2.409	1	2009-05-30:14:48:13	58
48.87033	2.40865	1	2009-05-30:14:48:13	58
48.87196	2.40875	1	2009-05-30:14:48:13	58
48.87339	2.40856	1	2009-05-30:14:48:13	58
48.87495	2.40801	1	2009-05-30:14:48:13	58
48.87629	2.40724	1	2009-05-30:14:48:13	58
48.87759	2.40639	1	2009-05-30:14:48:13	58
48.87801	2.40433	1	2009-05-30:14:48:13	58
48.87842	2.40218	1	2009-05-30:14:48:13	58
48.8797	2.40102	1	2009-05-30:14:48:13	58
48.88117	2.4003	1	2009-05-30:14:48:13	58
48.88252	2.40026	1	2009-05-30:14:48:13	58
48.8829	2.39808	1	2009-05-30:14:48:13	58
48.88411	2.39673	1	2009-05-30:14:48:13	58
48.88568	2.3967	1	2009-05-30:14:48:13	58
48.88628	2.39538	1	2009-05-30:14:48:13	58
48.88593	2.39375	1	2009-05-30:14:48:13	58
48.88474	2.39221	1	2009-05-30:14:48:13	58
48.88396	2.39021	1	2009-05-30:14:48:13	58
48.88319	2.3882	1	2009-05-30:14:48:13	58
48.88284	2.38596	1	2009-05-30:14:48:13	58
48.88393	2.38448	1	2009-05-30:14:48:13	58
48.8852	2.38369	1	2009-05-30:14:48:13	58
48.88613	2.38279	1	2009-05-30:14:48:13	58
48.88551	2.38045	1	2009-05-30:14:48:13	58
48.88497	2.37848	1	2009-05-30:14:48:13	58
48.88422	2.37638	1	2009-05-30:14:48:13	58
48.88371	2.37434	1	2009-05-30:14:48:13	58
48.88317	2.37202	1	2009-05-30:14:48:13	58
48.88376	2.3716	1	2009-05-30:14:48:13	58
48.88454	2.37311	1	2009-05-30:14:48:13	58
48.88546	2.37508	1	2009-05-30:14:48:13	58
48.88645	2.377	1	2009-05-30:14:48:13	58
48.88743	2.37893	1	2009-05-30:14:48:13	58
48.88865	2.37909	1	2009-05-30:14:48:13	58
48.88939	2.37709	1	2009-05-30:14:48:13	58
48.89047	2.37681	1	2009-05-30:14:48:13	58
48.891	2.37464	1	2009-05-30:14:48:13	58
48.89144	2.37262	1	2009-05-30:14:48:13	58
48.89125	2.37274	1	2009-05-30:14:48:13	58
48.89123	2.37274	1	2009-05-30:14:48:13	58
48.89121	2.37275	1	2009-05-30:14:48:13	58
48.89119	2.37276	1	2009-05-30:14:48:13	58
48.89116	2.37276	1	2009-05-30:14:48:13	58
48.89113	2.37277	1	2009-05-30:14:48:13	58
48.89111	2.37279	1	2009-05-30:14:48:13	58
48.89109	2.37279	1	2009-05-30:14:48:13	58
48.89107	2.37278	1	2009-05-30:14:48:13	58
48.89107	2.3728	1	2009-05-30:14:48:13	58
48.89108	2.37282	1	2009-05-30:14:48:13	58
48.89108	2.37283	1	2009-05-30:14:48:13	58
48.89106	2.37283	1	2009-05-30:14:48:13	58
48.89104	2.3728	1	2009-05-30:14:48:13	58
48.89101	2.37279	1	2009-05-30:14:48:13	58
48.89099	2.3728	1	2009-05-30:14:48:13	58
48.89099	2.37278	1	2009-05-30:14:48:13	58
48.89101	2.37277	1	2009-05-30:14:48:13	58
48.89101	2.37281	1	2009-05-30:14:48:13	58
48.89101	2.37282	1	2009-05-30:14:48:13	58
48.89096	2.37279	1	2009-05-30:14:48:13	58
48.89095	2.37277	1	2009-05-30:14:48:13	58
48.89033	2.37239	1	2009-05-30:14:48:13	58
48.88895	2.3741	1	2009-05-30:17:58:35	59
48.88798	2.37358	1	2009-05-30:17:58:35	59
48.88724	2.3729	1	2009-05-30:17:58:35	59
48.88649	2.37218	1	2009-05-30:17:58:35	59
48.88576	2.37107	1	2009-05-30:17:58:35	59
48.88505	2.37025	1	2009-05-30:17:58:35	59
48.88425	2.36953	1	2009-05-30:17:58:35	59
48.88418	2.36808	1	2009-05-30:17:58:35	59
48.88439	2.36664	1	2009-05-30:17:58:35	59
48.88453	2.36524	1	2009-05-30:17:58:35	59
48.88457	2.36378	1	2009-05-30:17:58:35	59
48.88455	2.36238	1	2009-05-30:17:58:35	59
48.88459	2.36112	1	2009-05-30:17:58:35	59
48.88447	2.35968	1	2009-05-30:17:58:35	59
48.88451	2.35834	1	2009-05-30:17:58:35	59
48.8844	2.35705	1	2009-05-30:17:58:35	59
48.88428	2.35559	1	2009-05-30:17:58:35	59
48.88409	2.35435	1	2009-05-30:17:58:35	59
48.88401	2.35296	1	2009-05-30:17:58:35	59
48.88391	2.35154	1	2009-05-30:17:58:35	59
48.88394	2.35015	1	2009-05-30:17:58:35	59
48.88377	2.34872	1	2009-05-30:17:58:35	59
48.88358	2.34738	1	2009-05-30:17:58:35	59
48.88337	2.34613	1	2009-05-30:17:58:35	59
48.88304	2.34487	1	2009-05-30:17:58:35	59
48.8828	2.34357	1	2009-05-30:17:58:35	59
48.88262	2.34228	1	2009-05-30:17:58:35	59
48.88241	2.34089	1	2009-05-30:17:58:35	59
48.88221	2.33963	1	2009-05-30:17:58:35	59
48.88236	2.33823	1	2009-05-30:17:58:35	59
48.88256	2.33692	1	2009-05-30:17:58:35	59
48.88284	2.33545	1	2009-05-30:17:58:35	59
48.88308	2.33457	1	2009-05-30:17:58:35	59
48.88328	2.33389	1	2009-05-30:17:58:35	59
48.88367	2.33292	1	2009-05-30:17:58:35	59
48.88396	2.33171	1	2009-05-30:17:58:35	59
48.88422	2.33042	1	2009-05-30:17:58:35	59
48.88423	2.32932	1	2009-05-30:17:58:35	59
48.88365	2.3283	1	2009-05-30:17:58:35	59
48.88342	2.32707	1	2009-05-30:17:58:35	59
48.88326	2.32583	1	2009-05-30:17:58:35	59
48.88299	2.3246	1	2009-05-30:17:58:35	59
48.88281	2.32333	1	2009-05-30:17:58:35	59
48.88258	2.32208	1	2009-05-30:17:58:35	59
48.88235	2.3208	1	2009-05-30:17:58:35	59
48.88204	2.3196	1	2009-05-30:17:58:35	59
48.88177	2.31833	1	2009-05-30:17:58:35	59
48.88152	2.31704	1	2009-05-30:17:58:35	59
48.88129	2.31587	1	2009-05-30:17:58:35	59
48.88154	2.31553	1	2009-05-30:17:58:35	59
48.88209	2.31451	1	2009-05-30:17:58:35	59
48.88218	2.31313	1	2009-05-30:17:58:35	59
48.88246	2.31193	1	2009-05-30:17:58:35	59
48.88296	2.31076	1	2009-05-30:17:58:35	59
48.88338	2.30965	1	2009-05-30:17:58:35	59
48.88398	2.30884	1	2009-05-30:17:58:35	59
48.88463	2.30801	1	2009-05-30:17:58:35	59
48.88527	2.3073	1	2009-05-30:17:58:35	59
48.88587	2.30643	1	2009-05-30:17:58:35	59
48.88653	2.3057	1	2009-05-30:17:58:35	59
48.88724	2.30506	1	2009-05-30:17:58:35	59
48.88797	2.30443	1	2009-05-30:17:58:35	59
48.88883	2.30415	1	2009-05-30:17:58:35	59
48.88969	2.30389	1	2009-05-30:17:58:35	59
48.89012	2.30378	1	2009-05-30:17:58:35	59
48.8907	2.30296	1	2009-05-30:17:58:35	59
48.89143	2.3022	1	2009-05-30:17:58:35	59
48.8921	2.3015	1	2009-05-30:17:58:35	59
48.89277	2.30065	1	2009-05-30:17:58:35	59
48.89341	2.29982	1	2009-05-30:17:58:35	59
48.8941	2.29898	1	2009-05-30:17:58:35	59
48.89468	2.2981	1	2009-05-30:17:58:35	59
48.89527	2.29715	1	2009-05-30:17:58:35	59
48.89598	2.29645	1	2009-05-30:17:58:35	59
48.89669	2.29571	1	2009-05-30:17:58:35	59
48.89741	2.29511	1	2009-05-30:17:58:35	59
48.8981	2.29436	1	2009-05-30:17:58:35	59
48.89881	2.29383	1	2009-05-30:17:58:35	59
48.89953	2.29321	1	2009-05-30:17:58:35	59
48.90007	2.29235	1	2009-05-30:17:58:35	59
48.90081	2.29183	1	2009-05-30:17:58:35	59
48.90153	2.2912	1	2009-05-30:17:58:35	59
48.90228	2.29069	1	2009-05-30:17:58:35	59
48.90299	2.29011	1	2009-05-30:17:58:35	59
48.90368	2.28939	1	2009-05-30:17:58:35	59
48.90438	2.28858	1	2009-05-30:17:58:35	59
48.90508	2.28786	1	2009-05-30:17:58:35	59
48.90568	2.28698	1	2009-05-30:17:58:35	59
48.90641	2.28628	1	2009-05-30:17:58:35	59
48.90702	2.2857	1	2009-05-30:17:58:35	59
48.9078	2.28533	1	2009-05-30:17:58:35	59
48.90855	2.28489	1	2009-05-30:17:58:35	59
48.90806	2.28404	1	2009-05-30:17:58:35	59
48.90749	2.28332	1	2009-05-30:17:58:35	59
48.90676	2.28243	1	2009-05-30:17:58:35	59
48.90642	2.2816	1	2009-05-30:17:58:35	59
48.9058	2.28085	1	2009-05-30:17:58:35	59
48.90523	2.28005	1	2009-05-30:17:58:35	59
48.9046	2.27921	1	2009-05-30:17:58:35	59
48.90406	2.27827	1	2009-05-30:17:58:35	59
48.90368	2.27711	1	2009-05-30:17:58:35	59
48.90317	2.27609	1	2009-05-30:17:58:35	59
48.90271	2.2751	1	2009-05-30:17:58:35	59
48.90273	2.27384	1	2009-05-30:17:58:35	59
48.90267	2.27262	1	2009-05-30:17:58:35	59
48.90283	2.27145	1	2009-05-30:17:58:35	59
48.90305	2.27021	1	2009-05-30:17:58:35	59
48.90323	2.26896	1	2009-05-30:17:58:35	59
48.9035	2.26811	1	2009-05-30:17:58:35	59
48.90338	2.26714	1	2009-05-30:17:58:35	59
48.90285	2.26619	1	2009-05-30:17:58:35	59
48.90235	2.26543	1	2009-05-30:17:58:35	59
48.9017	2.26482	1	2009-05-30:17:58:35	59
48.90154	2.26373	1	2009-05-30:17:58:35	59
48.90117	2.26268	1	2009-05-30:17:58:35	59
48.90081	2.26159	1	2009-05-30:17:58:35	59
48.90041	2.26052	1	2009-05-30:17:58:35	59
48.89997	2.25946	1	2009-05-30:17:58:35	59
48.89958	2.25839	1	2009-05-30:17:58:35	59
48.89914	2.25735	1	2009-05-30:17:58:35	59
48.89874	2.25632	1	2009-05-30:17:58:35	59
48.89833	2.25525	1	2009-05-30:17:58:35	59
48.89776	2.25443	1	2009-05-30:17:58:35	59
48.89748	2.2533	1	2009-05-30:17:58:35	59
48.89781	2.25251	1	2009-05-30:17:58:35	59
48.89802	2.25355	1	2009-05-30:17:58:35	59
48.89859	2.25295	1	2009-05-30:17:58:35	59
48.89885	2.25269	1	2009-05-30:17:58:35	59
48.89914	2.25162	1	2009-05-30:17:58:35	59
48.89962	2.25071	1	2009-05-30:17:58:35	59
48.90013	2.24978	1	2009-05-30:17:58:35	59
48.90056	2.24896	1	2009-05-30:17:58:35	59
48.90041	2.24796	1	2009-05-30:17:58:35	59
48.90009	2.24681	1	2009-05-30:17:58:35	59
48.89967	2.24579	1	2009-05-30:17:58:35	59
48.89925	2.24466	1	2009-05-30:17:58:35	59
48.89894	2.24351	1	2009-05-30:17:58:35	59
48.8986	2.24237	1	2009-05-30:17:58:35	59
48.89821	2.24126	1	2009-05-30:17:58:35	59
48.89782	2.24032	1	2009-05-30:17:58:35	59
48.8975	2.23924	1	2009-05-30:17:58:35	59
48.89712	2.23811	1	2009-05-30:17:58:35	59
48.89682	2.23691	1	2009-05-30:17:58:35	59
48.89664	2.23607	1	2009-05-30:17:58:35	59
48.89631	2.235	1	2009-05-30:17:58:35	59
48.89595	2.23392	1	2009-05-30:17:58:35	59
48.89633	2.23279	1	2009-05-30:17:58:35	59
48.89656	2.23164	1	2009-05-30:17:58:35	59
48.89674	2.23043	1	2009-05-30:17:58:35	59
48.89686	2.22922	1	2009-05-30:17:58:35	59
48.89694	2.22789	1	2009-05-30:17:58:35	59
48.89699	2.22666	1	2009-05-30:17:58:35	59
48.8971	2.22546	1	2009-05-30:17:58:35	59
48.89726	2.22427	1	2009-05-30:17:58:35	59
48.89749	2.22314	1	2009-05-30:17:58:35	59
48.89802	2.22212	1	2009-05-30:17:58:35	59
48.89852	2.22114	1	2009-05-30:17:58:35	59
48.89918	2.22046	1	2009-05-30:17:58:35	59
48.89991	2.22	1	2009-05-30:17:58:35	59
48.90071	2.21963	1	2009-05-30:17:58:35	59
48.90147	2.21938	1	2009-05-30:17:58:35	59
48.90228	2.21937	1	2009-05-30:17:58:35	59
48.90307	2.21941	1	2009-05-30:17:58:35	59
48.90386	2.21923	1	2009-05-30:17:58:35	59
48.90406	2.21841	1	2009-05-30:17:58:35	59
48.90434	2.21742	1	2009-05-30:17:58:35	59
48.90402	2.21648	1	2009-05-30:17:58:35	59
48.90352	2.21556	1	2009-05-30:17:58:35	59
48.90296	2.21467	1	2009-05-30:17:58:35	59
48.90245	2.21376	1	2009-05-30:17:58:35	59
48.9019	2.21313	1	2009-05-30:17:58:35	59
48.9016	2.21267	1	2009-05-30:17:58:35	59
48.90208	2.2136	1	2009-05-30:17:58:35	59
48.90248	2.21307	1	2009-05-30:17:58:35	59
48.90306	2.21226	1	2009-05-30:17:58:35	59
48.90369	2.21149	1	2009-05-30:17:58:35	59
48.9044	2.21119	1	2009-05-30:17:58:35	59
48.90491	2.21111	1	2009-05-30:17:58:35	59
48.9056	2.21068	1	2009-05-30:17:58:35	59
48.90561	2.21074	1	2009-05-30:17:58:35	59
48.90559	2.21063	1	2009-05-30:17:58:35	59
48.90563	2.21064	1	2009-05-30:17:58:35	59
48.90561	2.21067	1	2009-05-30:17:58:35	59
48.90559	2.21072	1	2009-05-30:17:58:35	59
48.9056	2.21065	1	2009-05-30:17:58:35	59
48.90496	2.21116	1	2009-05-30:17:58:35	59
48.90514	2.21108	1	2009-05-30:17:58:35	59
48.90516	2.21109	1	2009-05-30:17:58:35	59
48.90518	2.21109	1	2009-05-30:17:58:35	59
48.9052	2.2111	1	2009-05-30:17:58:35	59
48.90521	2.21107	1	2009-05-30:17:58:35	59
48.90523	2.21105	1	2009-05-30:17:58:35	59
48.90523	2.21104	1	2009-05-30:17:58:35	59
48.90526	2.21102	1	2009-05-30:17:58:35	59
48.90528	2.21101	1	2009-05-30:17:58:35	59
48.9053	2.21102	1	2009-05-30:17:58:35	59
48.90532	2.21102	1	2009-05-30:17:58:35	59
48.90526	2.21104	1	2009-05-30:17:58:35	59
48.90525	2.21102	1	2009-05-30:17:58:35	59
48.90525	2.211	1	2009-05-30:17:58:35	59
48.90523	2.21099	1	2009-05-30:17:58:35	59
48.90521	2.21097	1	2009-05-30:17:58:35	59
48.90519	2.21096	1	2009-05-30:17:58:35	59
48.90517	2.21095	1	2009-05-30:17:58:35	59
48.90512	2.21094	1	2009-05-30:17:58:35	59
48.90513	2.2109	1	2009-05-30:17:58:35	59
48.90511	2.2109	1	2009-05-30:17:58:35	59
48.9051	2.21092	1	2009-05-30:17:58:35	59
48.90511	2.21093	1	2009-05-30:17:58:35	59
48.90494	2.21105	1	2009-05-30:21:33:48	60
48.87708	2.35601	1	2009-05-30:21:33:48	60
48.87797	2.35616	1	2009-05-30:21:33:48	60
48.87881	2.35667	1	2009-05-30:21:33:48	60
48.87965	2.35708	1	2009-05-30:21:33:48	60
48.88034	2.35742	1	2009-05-30:21:33:48	60
48.88114	2.35803	1	2009-05-30:21:33:48	60
48.88205	2.35851	1	2009-05-30:21:33:48	60
48.8829	2.35895	1	2009-05-30:21:33:48	60
48.8838	2.35906	1	2009-05-30:21:33:48	60
48.88427	2.3594	1	2009-05-30:21:33:48	60
48.88438	2.35916	1	2009-05-30:21:33:48	60
48.88531	2.35918	1	2009-05-30:21:33:48	60
48.8862	2.35939	1	2009-05-30:21:33:48	60
48.88709	2.35952	1	2009-05-30:21:33:48	60
48.88799	2.35972	1	2009-05-30:21:33:48	60
48.88892	2.35968	1	2009-05-30:21:33:48	60
48.88981	2.35977	1	2009-05-30:21:33:48	60
48.89069	2.35976	1	2009-05-30:21:33:48	60
48.89158	2.3597	1	2009-05-30:21:33:48	60
48.89242	2.35961	1	2009-05-30:21:33:48	60
48.89331	2.3595	1	2009-05-30:21:33:48	60
48.89421	2.3593	1	2009-05-30:21:33:48	60
48.89514	2.35932	1	2009-05-30:21:33:48	60
48.89595	2.35929	1	2009-05-30:21:33:48	60
48.89683	2.35925	1	2009-05-30:21:33:48	60
48.89782	2.35924	1	2009-05-30:21:33:48	60
48.89867	2.35934	1	2009-05-30:21:33:48	60
48.89962	2.35935	1	2009-05-30:21:33:48	60
48.90057	2.35966	1	2009-05-30:21:33:48	60
48.90137	2.35945	1	2009-05-30:21:33:48	60
48.90236	2.35915	1	2009-05-30:21:33:48	60
48.90307	2.35907	1	2009-05-30:21:33:48	60
48.90353	2.35901	1	2009-05-30:21:33:48	60
48.90416	2.35895	1	2009-05-30:21:33:48	60
48.90501	2.35888	1	2009-05-30:21:33:48	60
48.90582	2.35882	1	2009-05-30:21:33:48	60
48.90666	2.35871	1	2009-05-30:21:33:48	60
48.90749	2.35857	1	2009-05-30:21:33:48	60
48.90836	2.35851	1	2009-05-30:21:33:48	60
48.9092	2.35847	1	2009-05-30:21:33:48	60
48.9101	2.35842	1	2009-05-30:21:33:48	60
48.91094	2.35834	1	2009-05-30:21:33:48	60
48.91177	2.35829	1	2009-05-30:21:33:48	60
48.9126	2.35821	1	2009-05-30:21:33:48	60
48.91347	2.35816	1	2009-05-30:21:33:48	60
48.91436	2.35812	1	2009-05-30:21:33:48	60
48.91519	2.35792	1	2009-05-30:21:33:48	60
48.91602	2.35801	1	2009-05-30:21:33:48	60
48.9169	2.35793	1	2009-05-30:21:33:48	60
48.91774	2.35772	1	2009-05-30:21:33:48	60
48.91859	2.35767	1	2009-05-30:21:33:48	60
48.9195	2.35769	1	2009-05-30:21:33:48	60
48.92041	2.35763	1	2009-05-30:21:33:48	60
48.9213	2.35761	1	2009-05-30:21:33:48	60
48.92214	2.35754	1	2009-05-30:21:33:48	60
48.92302	2.35741	1	2009-05-30:21:33:48	60
48.92385	2.35738	1	2009-05-30:21:33:48	60
48.92476	2.35732	1	2009-05-30:21:33:48	60
48.92562	2.35725	1	2009-05-30:21:33:48	60
48.92649	2.35705	1	2009-05-30:21:33:48	60
48.92728	2.35706	1	2009-05-30:21:33:48	60
48.92812	2.35683	1	2009-05-30:21:33:48	60
48.92896	2.35673	1	2009-05-30:21:33:48	60
48.92927	2.35737	1	2009-05-30:21:33:48	60
48.92933	2.35862	1	2009-05-30:21:33:48	60
48.93013	2.35871	1	2009-05-30:21:33:48	60
48.93036	2.3578	1	2009-05-30:21:33:48	60
48.93018	2.35659	1	2009-05-30:21:33:48	60
48.93098	2.35635	1	2009-05-30:21:33:48	60
48.93176	2.35594	1	2009-05-30:21:33:48	60
48.93255	2.35554	1	2009-05-30:21:33:48	60
48.93338	2.35553	1	2009-05-30:21:33:48	60
48.93421	2.35572	1	2009-05-30:21:33:48	60
48.93507	2.35583	1	2009-05-30:21:33:48	60
48.9359	2.35594	1	2009-05-30:21:33:48	60
48.93674	2.35601	1	2009-05-30:21:33:48	60
48.93748	2.3563	1	2009-05-30:21:33:48	60
48.93815	2.35639	1	2009-05-30:21:33:48	60
48.93899	2.35633	1	2009-05-30:21:33:48	60
48.93982	2.35645	1	2009-05-30:21:33:48	60
48.94066	2.35653	1	2009-05-30:21:33:48	60
48.94154	2.35665	1	2009-05-30:21:33:48	60
48.94235	2.35675	1	2009-05-30:21:33:48	60
48.94322	2.35683	1	2009-05-30:21:33:48	60
48.94405	2.35698	1	2009-05-30:21:33:48	60
48.94489	2.35705	1	2009-05-30:21:33:48	60
48.94573	2.35715	1	2009-05-30:21:33:48	60
48.94655	2.35728	1	2009-05-30:21:33:48	60
48.94729	2.35748	1	2009-05-30:21:33:48	60
48.94812	2.35745	1	2009-05-30:21:33:48	60
48.94895	2.35749	1	2009-05-30:21:33:48	60
48.94979	2.35763	1	2009-05-30:21:33:48	60
48.95065	2.35771	1	2009-05-30:21:33:48	60
48.95148	2.35788	1	2009-05-30:21:33:48	60
48.95225	2.35798	1	2009-05-30:21:33:48	60
48.95309	2.35809	1	2009-05-30:21:33:48	60
48.95393	2.35819	1	2009-05-30:21:33:48	60
48.95477	2.35826	1	2009-05-30:21:33:48	60
48.95558	2.35834	1	2009-05-30:21:33:48	60
48.95642	2.35841	1	2009-05-30:21:33:48	60
48.95732	2.35853	1	2009-05-30:21:33:48	60
48.95818	2.35862	1	2009-05-30:21:33:48	60
48.95904	2.3587	1	2009-05-30:21:33:48	60
48.95987	2.35884	1	2009-05-30:21:33:48	60
48.96074	2.35901	1	2009-05-30:21:33:48	60
48.96157	2.359	1	2009-05-30:21:33:48	60
48.9624	2.35915	1	2009-05-30:21:33:48	60
48.96317	2.3597	1	2009-05-30:21:33:48	60
48.96363	2.36077	1	2009-05-30:21:33:48	60
48.96419	2.36156	1	2009-05-30:21:33:48	60
48.96479	2.36235	1	2009-05-30:21:33:48	60
48.96547	2.36322	1	2009-05-30:21:33:48	60
48.96617	2.36397	1	2009-05-30:21:33:48	60
48.9669	2.36458	1	2009-05-30:21:33:48	60
48.96767	2.36509	1	2009-05-30:21:33:48	60
48.96854	2.36539	1	2009-05-30:21:33:48	60
48.9694	2.36562	1	2009-05-30:21:33:48	60
48.97017	2.36588	1	2009-05-30:21:33:48	60
48.97096	2.36612	1	2009-05-30:21:33:48	60
48.97178	2.36637	1	2009-05-30:21:33:48	60
48.97259	2.36633	1	2009-05-30:21:33:48	60
48.97341	2.36623	1	2009-05-30:21:33:48	60
48.97423	2.36613	1	2009-05-30:21:33:48	60
48.97507	2.36644	1	2009-05-30:21:33:48	60
48.97582	2.36684	1	2009-05-30:21:33:48	60
48.97661	2.36729	1	2009-05-30:21:33:48	60
48.977	2.36754	1	2009-05-30:21:33:48	60
48.9778	2.36796	1	2009-05-30:21:33:48	60
48.97857	2.36835	1	2009-05-30:21:33:48	60
48.97933	2.3687	1	2009-05-30:21:33:48	60
48.98015	2.369	1	2009-05-30:21:33:48	60
48.9809	2.36936	1	2009-05-30:21:33:48	60
48.98164	2.36972	1	2009-05-30:21:33:48	60
48.98237	2.37022	1	2009-05-30:21:33:48	60
48.98296	2.37094	1	2009-05-30:21:33:48	60
48.98364	2.3716	1	2009-05-30:21:33:48	60
48.98424	2.37247	1	2009-05-30:21:33:48	60
48.98472	2.37345	1	2009-05-30:21:33:48	60
48.98511	2.37455	1	2009-05-30:21:33:48	60
48.98538	2.37563	1	2009-05-30:21:33:48	60
48.98582	2.37662	1	2009-05-30:21:33:48	60
48.98618	2.37769	1	2009-05-30:21:33:48	60
48.98654	2.37874	1	2009-05-30:21:33:48	60
48.98689	2.37979	1	2009-05-30:21:33:48	60
48.98728	2.38084	1	2009-05-30:21:33:48	60
48.98771	2.38188	1	2009-05-30:21:33:48	60
48.98824	2.38281	1	2009-05-30:21:33:48	60
48.98887	2.38362	1	2009-05-30:21:33:48	60
48.98947	2.3844	1	2009-05-30:21:33:48	60
48.99014	2.3851	1	2009-05-30:21:33:48	60
48.99083	2.38566	1	2009-05-30:21:33:48	60
48.99156	2.38615	1	2009-05-30:21:33:48	60
48.99232	2.38662	1	2009-05-30:21:33:48	60
48.99307	2.38696	1	2009-05-30:21:33:48	60
48.99389	2.38717	1	2009-05-30:21:33:48	60
48.99465	2.38726	1	2009-05-30:21:33:48	60
48.99547	2.38724	1	2009-05-30:21:33:48	60
48.99627	2.38707	1	2009-05-30:21:33:48	60
48.99709	2.38685	1	2009-05-30:21:33:48	60
48.99786	2.38653	1	2009-05-30:21:33:48	60
48.99865	2.38622	1	2009-05-30:21:33:48	60
48.99942	2.38588	1	2009-05-30:21:33:48	60
49.00022	2.38553	1	2009-05-30:21:33:48	60
49.00099	2.38519	1	2009-05-30:21:33:48	60
49.00173	2.38484	1	2009-05-30:21:33:48	60
49.00249	2.38458	1	2009-05-30:21:33:48	60
49.00324	2.38422	1	2009-05-30:21:33:48	60
49.00405	2.38387	1	2009-05-30:21:33:48	60
49.00482	2.38355	1	2009-05-30:21:33:48	60
49.00557	2.38323	1	2009-05-30:21:33:48	60
49.00638	2.38306	1	2009-05-30:21:33:48	60
49.0072	2.38311	1	2009-05-30:21:33:48	60
49.008	2.38324	1	2009-05-30:21:33:48	60
49.00883	2.38364	1	2009-05-30:21:33:48	60
49.00965	2.38394	1	2009-05-30:21:33:48	60
49.0105	2.38423	1	2009-05-30:21:33:48	60
49.01139	2.38446	1	2009-05-30:21:33:48	60
49.01225	2.38465	1	2009-05-30:21:33:48	60
49.0131	2.38489	1	2009-05-30:21:33:48	60
49.01395	2.38503	1	2009-05-30:21:33:48	60
49.01478	2.38528	1	2009-05-30:21:33:48	60
49.01554	2.3856	1	2009-05-30:21:33:48	60
49.01598	2.38491	1	2009-05-30:21:33:48	60
49.01597	2.38388	1	2009-05-30:21:33:48	60
49.01519	2.38438	1	2009-05-30:21:33:48	60
49.0146	2.38339	1	2009-05-30:21:33:48	60
49.01428	2.38216	1	2009-05-30:21:33:48	60
49.01434	2.38087	1	2009-05-30:21:33:48	60
49.01421	2.37959	1	2009-05-30:21:33:48	60
49.01428	2.3793	1	2009-05-30:21:33:48	60
49.0143	2.38056	1	2009-05-30:21:33:48	60
49.01501	2.38093	1	2009-05-30:21:33:48	60
49.01561	2.38015	1	2009-05-30:21:33:48	60
49.0163	2.37949	1	2009-05-30:21:33:48	60
49.0162	2.37968	1	2009-05-30:21:33:48	60
49.01656	2.37973	1	2009-05-30:21:33:48	60
49.01643	2.37936	1	2009-05-30:21:33:48	60
49.01629	2.37984	1	2009-05-30:21:33:48	60
49.01629	2.37986	1	2009-05-30:21:33:48	60
49.01629	2.37988	1	2009-05-30:21:33:48	60
49.01629	2.37991	1	2009-05-30:21:33:48	60
49.01629	2.37994	1	2009-05-30:21:33:48	60
49.0163	2.37982	1	2009-05-30:21:33:48	60
49.0163	2.3798	1	2009-05-30:21:33:48	60
49.0163	2.37988	1	2009-05-30:21:33:48	60
49.0163	2.37969	1	2009-05-30:21:33:48	60
49.0163	2.37967	1	2009-05-30:21:33:48	60
49.01631	2.37965	1	2009-05-30:21:33:48	60
49.01631	2.37963	1	2009-05-30:21:33:48	60
49.01632	2.37967	1	2009-05-30:21:33:48	60
49.01632	2.3797	1	2009-05-30:21:33:48	60
49.01631	2.37972	1	2009-05-30:21:33:48	60
49.01631	2.37967	1	2009-05-30:21:33:48	60
49.01632	2.37965	1	2009-05-30:21:33:48	60
49.01632	2.3797	1	2009-05-30:21:33:48	60
49.01632	2.37973	1	2009-05-30:21:33:48	60
49.01634	2.37974	1	2009-05-30:21:33:48	60
49.01634	2.37976	1	2009-05-30:21:33:48	60
49.01635	2.37972	1	2009-05-30:21:33:48	60
49.01635	2.37972	1	2009-05-30:21:33:48	60
48.76407	2.1713	1	2009-06-02:17:17:15	61
48.76363	2.1729	1	2009-06-02:17:17:15	61
48.76331	2.17459	1	2009-06-02:17:17:15	61
48.76281	2.17586	1	2009-06-02:17:17:15	61
48.76234	2.17707	1	2009-06-02:17:17:15	61
48.7619	2.1783	1	2009-06-02:17:17:15	61
48.7616	2.1796	1	2009-06-02:17:17:15	61
48.76173	2.1812	1	2009-06-02:17:17:15	61
48.76145	2.18272	1	2009-06-02:17:17:15	61
48.76084	2.18428	1	2009-06-02:17:17:15	61
48.76019	2.18524	1	2009-06-02:17:17:15	61
48.75941	2.18631	1	2009-06-02:17:17:15	61
48.75868	2.18763	1	2009-06-02:17:17:15	61
48.75817	2.1891	1	2009-06-02:17:17:15	61
48.75783	2.19058	1	2009-06-02:17:17:15	61
48.75706	2.19199	1	2009-06-02:17:17:15	61
48.75638	2.19364	1	2009-06-02:17:17:15	61
48.75576	2.19525	1	2009-06-02:17:17:15	61
48.75529	2.1967	1	2009-06-02:17:17:15	61
48.75468	2.19843	1	2009-06-02:17:17:15	61
48.75389	2.20041	1	2009-06-02:17:17:15	61
48.75323	2.20209	1	2009-06-02:17:17:15	61
48.75272	2.20369	1	2009-06-02:17:17:15	61
48.75221	2.20539	1	2009-06-02:17:17:15	61
48.75192	2.2064	1	2009-06-02:17:17:15	61
48.75141	2.20807	1	2009-06-02:17:17:15	61
48.7509	2.20978	1	2009-06-02:17:17:15	61
48.75055	2.21104	1	2009-06-02:17:17:15	61
48.75078	2.21235	1	2009-06-02:17:17:15	61
48.75133	2.21324	1	2009-06-02:17:17:15	61
48.75195	2.21421	1	2009-06-02:17:17:15	61
48.7528	2.21527	1	2009-06-02:17:17:15	61
48.7534	2.2159	1	2009-06-02:17:17:15	61
48.75382	2.21587	1	2009-06-02:17:17:15	61
48.75452	2.21543	1	2009-06-02:17:17:15	61
48.75512	2.21573	1	2009-06-02:17:17:15	61
48.75568	2.21677	1	2009-06-02:17:17:15	61
48.75619	2.21781	1	2009-06-02:17:17:15	61
48.75699	2.21848	1	2009-06-02:17:17:15	61
48.75776	2.21911	1	2009-06-02:17:17:15	61
48.75857	2.21973	1	2009-06-02:17:17:15	61
48.75925	2.22033	1	2009-06-02:17:17:15	61
48.75997	2.22105	1	2009-06-02:17:17:15	61
48.76062	2.22188	1	2009-06-02:17:17:15	61
48.76128	2.22269	1	2009-06-02:17:17:15	61
48.76181	2.22377	1	2009-06-02:17:17:15	61
48.76245	2.22469	1	2009-06-02:17:17:15	61
48.76311	2.22552	1	2009-06-02:17:17:15	61
48.76371	2.22646	1	2009-06-02:17:17:15	61
48.76438	2.2272	1	2009-06-02:17:17:15	61
48.76507	2.22795	1	2009-06-02:17:17:15	61
48.76577	2.2287	1	2009-06-02:17:17:15	61
48.76646	2.22946	1	2009-06-02:17:17:15	61
48.76673	2.23063	1	2009-06-02:17:17:15	61
48.76756	2.2304	1	2009-06-02:17:17:15	61
48.76843	2.23036	1	2009-06-02:17:17:15	61
48.76924	2.2304	1	2009-06-02:17:17:15	61
48.77006	2.23012	1	2009-06-02:17:17:15	61
48.7709	2.22962	1	2009-06-02:17:17:15	61
48.77168	2.22937	1	2009-06-02:17:17:15	61
48.77247	2.22924	1	2009-06-02:17:17:15	61
48.7733	2.22915	1	2009-06-02:17:17:15	61
48.77417	2.229	1	2009-06-02:17:17:15	61
48.77506	2.22887	1	2009-06-02:17:17:15	61
48.77573	2.22886	1	2009-06-02:17:17:15	61
48.77635	2.22951	1	2009-06-02:17:17:15	61
48.77672	2.23067	1	2009-06-02:17:17:15	61
48.77726	2.23165	1	2009-06-02:17:17:15	61
48.77772	2.23273	1	2009-06-02:17:17:15	61
48.77816	2.23382	1	2009-06-02:17:17:15	61
48.77855	2.23495	1	2009-06-02:17:17:15	61
48.77897	2.23598	1	2009-06-02:17:17:15	61
48.77944	2.23691	1	2009-06-02:17:17:15	61
48.7799	2.23802	1	2009-06-02:17:17:15	61
48.78027	2.23913	1	2009-06-02:17:17:15	61
48.78074	2.24013	1	2009-06-02:17:17:15	61
48.78115	2.24109	1	2009-06-02:17:17:15	61
48.78158	2.24212	1	2009-06-02:17:17:15	61
48.782	2.24317	1	2009-06-02:17:17:15	61
48.78244	2.24419	1	2009-06-02:17:17:15	61
48.78286	2.24526	1	2009-06-02:17:17:15	61
48.78326	2.24647	1	2009-06-02:17:17:15	61
48.7837	2.24748	1	2009-06-02:17:17:15	61
48.78415	2.24848	1	2009-06-02:17:17:15	61
48.7846	2.24962	1	2009-06-02:17:17:15	61
48.78505	2.25066	1	2009-06-02:17:17:15	61
48.7855	2.25177	1	2009-06-02:17:17:15	61
48.78588	2.25281	1	2009-06-02:17:17:15	61
48.78634	2.2539	1	2009-06-02:17:17:15	61
48.78679	2.25496	1	2009-06-02:17:17:15	61
48.78724	2.25603	1	2009-06-02:17:17:15	61
48.78766	2.25704	1	2009-06-02:17:17:15	61
48.78811	2.25814	1	2009-06-02:17:17:15	61
48.78854	2.25921	1	2009-06-02:17:17:15	61
48.78898	2.26024	1	2009-06-02:17:17:15	61
48.78944	2.2613	1	2009-06-02:17:17:15	61
48.78986	2.2624	1	2009-06-02:17:17:15	61
48.79029	2.26357	1	2009-06-02:17:17:15	61
48.79075	2.26462	1	2009-06-02:17:17:15	61
48.79119	2.26564	1	2009-06-02:17:17:15	61
48.7916	2.26667	1	2009-06-02:17:17:15	61
48.79199	2.26764	1	2009-06-02:17:17:15	61
48.79243	2.26874	1	2009-06-02:17:17:15	61
48.79286	2.26977	1	2009-06-02:17:17:15	61
48.79333	2.27076	1	2009-06-02:17:17:15	61
48.79385	2.27176	1	2009-06-02:17:17:15	61
48.79441	2.27271	1	2009-06-02:17:17:15	61
48.79495	2.27362	1	2009-06-02:17:17:15	61
48.79554	2.2746	1	2009-06-02:17:17:15	61
48.7961	2.27556	1	2009-06-02:17:17:15	61
48.79667	2.27655	1	2009-06-02:17:17:15	61
48.79726	2.27754	1	2009-06-02:17:17:15	61
48.79787	2.27855	1	2009-06-02:17:17:15	61
48.79842	2.2796	1	2009-06-02:17:17:15	61
48.79895	2.28049	1	2009-06-02:17:17:15	61
48.79944	2.28147	1	2009-06-02:17:17:15	61
48.80002	2.28242	1	2009-06-02:17:17:15	61
48.80056	2.28343	1	2009-06-02:17:17:15	61
48.80114	2.28423	1	2009-06-02:17:17:15	61
48.80171	2.28508	1	2009-06-02:17:17:15	61
48.80225	2.28608	1	2009-06-02:17:17:15	61
48.80285	2.28699	1	2009-06-02:17:17:15	61
48.80339	2.28782	1	2009-06-02:17:17:15	61
48.80384	2.28878	1	2009-06-02:17:17:15	61
48.80444	2.28962	1	2009-06-02:17:17:15	61
48.80508	2.29045	1	2009-06-02:17:17:15	61
48.80573	2.29135	1	2009-06-02:17:17:15	61
48.80598	2.29177	1	2009-06-02:17:17:15	61
48.80623	2.29225	1	2009-06-02:17:17:15	61
48.80676	2.29317	1	2009-06-02:17:17:15	61
48.80722	2.29418	1	2009-06-02:17:17:15	61
48.8077	2.29506	1	2009-06-02:17:17:15	61
48.80809	2.29607	1	2009-06-02:17:17:15	61
48.80864	2.29692	1	2009-06-02:17:17:15	61
48.80924	2.29773	1	2009-06-02:17:17:15	61
48.80976	2.29861	1	2009-06-02:17:17:15	61
48.81044	2.29936	1	2009-06-02:17:17:15	61
48.81105	2.30018	1	2009-06-02:17:17:15	61
48.81175	2.30054	1	2009-06-02:17:17:15	61
48.81156	2.3015	1	2009-06-02:17:17:15	61
48.81107	2.30246	1	2009-06-02:17:17:15	61
48.81158	2.30337	1	2009-06-02:17:17:15	61
48.81209	2.30428	1	2009-06-02:17:17:15	61
48.81258	2.3052	1	2009-06-02:17:17:15	61
48.81306	2.30616	1	2009-06-02:17:17:15	61
48.81357	2.3071	1	2009-06-02:17:17:15	61
48.81414	2.30789	1	2009-06-02:17:17:15	61
48.81469	2.30873	1	2009-06-02:17:17:15	61
48.81516	2.30967	1	2009-06-02:17:17:15	61
48.81575	2.31046	1	2009-06-02:17:17:15	61
48.81618	2.31109	1	2009-06-02:17:17:15	61
48.81637	2.31223	1	2009-06-02:17:17:15	61
48.8167	2.3133	1	2009-06-02:17:17:15	61
48.81702	2.31439	1	2009-06-02:17:17:15	61
48.81735	2.3155	1	2009-06-02:17:17:15	61
48.81769	2.31663	1	2009-06-02:17:17:15	61
48.81802	2.31768	1	2009-06-02:17:17:15	61
48.81832	2.31878	1	2009-06-02:17:17:15	61
48.81843	2.31992	1	2009-06-02:17:17:15	61
48.81824	2.32114	1	2009-06-02:17:17:15	61
48.81803	2.32235	1	2009-06-02:17:17:15	61
48.81797	2.32354	1	2009-06-02:17:17:15	61
48.81788	2.32472	1	2009-06-02:17:17:15	61
48.81749	2.32578	1	2009-06-02:17:17:15	61
48.81742	2.32701	1	2009-06-02:17:17:15	61
48.81735	2.32824	1	2009-06-02:17:17:15	61
48.81728	2.32942	1	2009-06-02:17:17:15	61
48.81718	2.33055	1	2009-06-02:17:17:15	61
48.81696	2.33166	1	2009-06-02:17:17:15	61
48.8175	2.33238	1	2009-06-02:17:17:15	61
48.81855	2.33283	1	2009-06-02:17:17:15	61
48.81926	2.33331	1	2009-06-02:17:17:15	61
48.82003	2.33376	1	2009-06-02:17:17:15	61
48.82078	2.33416	1	2009-06-02:17:17:15	61
48.82156	2.3345	1	2009-06-02:17:17:15	61
48.8223	2.33499	1	2009-06-02:17:17:15	61
48.82303	2.33548	1	2009-06-02:17:17:15	61
48.82373	2.33598	1	2009-06-02:17:17:15	61
48.82451	2.33616	1	2009-06-02:17:17:15	61
48.8253	2.33595	1	2009-06-02:17:17:15	61
48.82611	2.33574	1	2009-06-02:17:17:15	61
48.82688	2.33541	1	2009-06-02:17:17:15	61
48.82736	2.33559	1	2009-06-02:17:17:15	61
48.82722	2.33682	1	2009-06-02:17:17:15	61
48.82722	2.33802	1	2009-06-02:17:17:15	61
48.82705	2.33926	1	2009-06-02:17:17:15	61
48.82668	2.34035	1	2009-06-02:17:17:15	61
48.82648	2.34149	1	2009-06-02:17:17:15	61
48.82635	2.34263	1	2009-06-02:17:17:15	61
48.8263	2.34378	1	2009-06-02:17:17:15	61
48.82604	2.34493	1	2009-06-02:17:17:15	61
48.82591	2.34602	1	2009-06-02:17:17:15	61
48.82571	2.347	1	2009-06-02:17:17:15	61
48.82587	2.34814	1	2009-06-02:17:17:15	61
48.82595	2.34929	1	2009-06-02:17:17:15	61
48.82587	2.35028	1	2009-06-02:17:17:15	61
48.82657	2.35095	1	2009-06-02:17:17:15	61
48.82716	2.35174	1	2009-06-02:17:17:15	61
48.82781	2.35232	1	2009-06-02:17:17:15	61
48.8284	2.35303	1	2009-06-02:17:17:15	61
48.82915	2.35347	1	2009-06-02:17:17:15	61
48.82973	2.35411	1	2009-06-02:17:17:15	61
48.83037	2.35462	1	2009-06-02:17:17:15	61
48.83086	2.35534	1	2009-06-02:17:17:15	61
48.83131	2.35628	1	2009-06-02:17:17:15	61
48.83207	2.35601	1	2009-06-02:17:17:15	61
48.83282	2.35652	1	2009-06-02:17:17:15	61
48.83354	2.35703	1	2009-06-02:17:17:15	61
48.83425	2.35757	1	2009-06-02:17:17:15	61
48.83495	2.35821	1	2009-06-02:17:17:15	61
48.83568	2.35877	1	2009-06-02:17:17:15	61
48.83639	2.35933	1	2009-06-02:17:17:15	61
48.83712	2.35982	1	2009-06-02:17:17:15	61
48.83782	2.36033	1	2009-06-02:17:17:15	61
48.83851	2.36091	1	2009-06-02:17:17:15	61
48.83926	2.36144	1	2009-06-02:17:17:15	61
48.84	2.36204	1	2009-06-02:17:17:15	61
48.84075	2.36251	1	2009-06-02:17:17:15	61
48.84148	2.36302	1	2009-06-02:17:17:15	61
48.8422	2.3636	1	2009-06-02:17:17:15	61
48.8429	2.3641	1	2009-06-02:17:17:15	61
48.84359	2.36475	1	2009-06-02:17:17:15	61
48.84432	2.36521	1	2009-06-02:17:17:15	61
48.84488	2.36613	1	2009-06-02:17:17:15	61
48.84541	2.36707	1	2009-06-02:17:17:15	61
48.84596	2.36753	1	2009-06-02:17:17:15	61
48.84666	2.36704	1	2009-06-02:17:17:15	61
48.84745	2.36741	1	2009-06-02:17:17:15	61
48.84822	2.36772	1	2009-06-02:17:17:15	61
48.84893	2.36806	1	2009-06-02:17:17:15	61
48.84966	2.36845	1	2009-06-02:17:17:15	61
48.85043	2.36881	1	2009-06-02:17:17:15	61
48.85124	2.36899	1	2009-06-02:17:17:15	61
48.85187	2.3695	1	2009-06-02:17:17:15	61
48.85267	2.36956	1	2009-06-02:17:17:15	61
48.85345	2.36965	1	2009-06-02:17:17:15	61
48.85352	2.36995	1	2009-06-02:17:17:15	61
48.8536	2.36963	1	2009-06-02:17:17:15	61
48.8535	2.37006	1	2009-06-02:17:17:15	61
48.8535	2.37004	1	2009-06-02:17:17:15	61
48.85351	2.37001	1	2009-06-02:17:17:15	61
48.85352	2.36999	1	2009-06-02:17:17:15	61
48.85353	2.36997	1	2009-06-02:17:17:15	61
48.85354	2.36994	1	2009-06-02:17:17:15	61
48.85355	2.36992	1	2009-06-02:17:17:15	61
48.85355	2.3699	1	2009-06-02:17:17:15	61
48.85357	2.36988	1	2009-06-02:17:17:15	61
48.85358	2.36986	1	2009-06-02:17:17:15	61
48.8536	2.36982	1	2009-06-02:17:17:15	61
48.8536	2.3698	1	2009-06-02:17:17:15	61
48.8536	2.36978	1	2009-06-02:17:17:15	61
48.85358	2.36977	1	2009-06-02:17:17:15	61
48.85359	2.36979	1	2009-06-02:17:17:15	61
48.85361	2.36979	1	2009-06-02:17:17:15	61
48.85362	2.36977	1	2009-06-02:17:17:15	61
48.85362	2.36975	1	2009-06-02:17:17:15	61
48.85363	2.36977	1	2009-06-02:17:17:15	61
48.85365	2.36976	1	2009-06-02:17:17:15	61
48.85368	2.36975	1	2009-06-02:17:17:15	61
48.8537	2.36972	1	2009-06-02:17:17:15	61
48.8537	2.36975	1	2009-06-02:17:17:15	61
48.75991	2.22094	1	2009-06-03:20:05:43	62
48.76073	2.222	1	2009-06-03:20:05:43	62
48.76138	2.22285	1	2009-06-03:20:05:43	62
48.76189	2.22393	1	2009-06-03:20:05:43	62
48.76253	2.22475	1	2009-06-03:20:05:43	62
48.7633	2.22594	1	2009-06-03:20:05:43	62
48.76405	2.22683	1	2009-06-03:20:05:43	62
48.76482	2.22765	1	2009-06-03:20:05:43	62
48.76563	2.22851	1	2009-06-03:20:05:43	62
48.7664	2.22936	1	2009-06-03:20:05:43	62
48.76693	2.23056	1	2009-06-03:20:05:43	62
48.76789	2.23041	1	2009-06-03:20:05:43	62
48.76883	2.23045	1	2009-06-03:20:05:43	62
48.76974	2.23026	1	2009-06-03:20:05:43	62
48.77062	2.22983	1	2009-06-03:20:05:43	62
48.77145	2.22945	1	2009-06-03:20:05:43	62
48.77237	2.22927	1	2009-06-03:20:05:43	62
48.77329	2.22917	1	2009-06-03:20:05:43	62
48.77418	2.22902	1	2009-06-03:20:05:43	62
48.77508	2.22887	1	2009-06-03:20:05:43	62
48.77602	2.22904	1	2009-06-03:20:05:43	62
48.77656	2.23019	1	2009-06-03:20:05:43	62
48.77709	2.23123	1	2009-06-03:20:05:43	62
48.77756	2.23227	1	2009-06-03:20:05:43	62
48.778	2.23334	1	2009-06-03:20:05:43	62
48.77843	2.23436	1	2009-06-03:20:05:43	62
48.77883	2.2356	1	2009-06-03:20:05:43	62
48.77931	2.23661	1	2009-06-03:20:05:43	62
48.77977	2.23772	1	2009-06-03:20:05:43	62
48.78024	2.23899	1	2009-06-03:20:05:43	62
48.78084	2.24024	1	2009-06-03:20:05:43	62
48.78142	2.24162	1	2009-06-03:20:05:43	62
48.78181	2.24262	1	2009-06-03:20:05:43	62
48.78206	2.24325	1	2009-06-03:20:05:43	62
48.7824	2.24416	1	2009-06-03:20:05:43	62
48.78285	2.2453	1	2009-06-03:20:05:43	62
48.78335	2.24636	1	2009-06-03:20:05:43	62
48.78374	2.24745	1	2009-06-03:20:05:43	62
48.78423	2.24863	1	2009-06-03:20:05:43	62
48.78464	2.2497	1	2009-06-03:20:05:43	62
48.78509	2.25081	1	2009-06-03:20:05:43	62
48.78557	2.25198	1	2009-06-03:20:05:43	62
48.78605	2.2531	1	2009-06-03:20:05:43	62
48.78653	2.25429	1	2009-06-03:20:05:43	62
48.78701	2.25548	1	2009-06-03:20:05:43	62
48.78752	2.25671	1	2009-06-03:20:05:43	62
48.78801	2.25794	1	2009-06-03:20:05:43	62
48.78852	2.25915	1	2009-06-03:20:05:43	62
48.78904	2.26038	1	2009-06-03:20:05:43	62
48.78952	2.26156	1	2009-06-03:20:05:43	62
48.78989	2.26269	1	2009-06-03:20:05:43	62
48.79036	2.26373	1	2009-06-03:20:05:43	62
48.79079	2.26472	1	2009-06-03:20:05:43	62
48.79124	2.26582	1	2009-06-03:20:05:43	62
48.7917	2.26698	1	2009-06-03:20:05:43	62
48.7922	2.26806	1	2009-06-03:20:05:43	62
48.79265	2.26923	1	2009-06-03:20:05:43	62
48.79314	2.27027	1	2009-06-03:20:05:43	62
48.79363	2.27136	1	2009-06-03:20:05:43	62
48.7942	2.27233	1	2009-06-03:20:05:43	62
48.79477	2.27334	1	2009-06-03:20:05:43	62
48.79534	2.27433	1	2009-06-03:20:05:43	62
48.79597	2.27536	1	2009-06-03:20:05:43	62
48.79655	2.27645	1	2009-06-03:20:05:43	62
48.79683	2.2769	1	2009-06-03:20:05:43	62
48.79712	2.27736	1	2009-06-03:20:05:43	62
48.7974	2.27785	1	2009-06-03:20:05:43	62
48.79768	2.27835	1	2009-06-03:20:05:43	62
48.79825	2.27929	1	2009-06-03:20:05:43	62
48.79881	2.28023	1	2009-06-03:20:05:43	62
48.79932	2.28122	1	2009-06-03:20:05:43	62
48.79987	2.2821	1	2009-06-03:20:05:43	62
48.8004	2.28304	1	2009-06-03:20:05:43	62
48.80089	2.28399	1	2009-06-03:20:05:43	62
48.80151	2.28484	1	2009-06-03:20:05:43	62
48.80213	2.28572	1	2009-06-03:20:05:43	62
48.80251	2.28656	1	2009-06-03:20:05:43	62
48.80314	2.2874	1	2009-06-03:20:05:43	62
48.8037	2.28828	1	2009-06-03:20:05:43	62
48.80419	2.28926	1	2009-06-03:20:05:43	62
48.80481	2.2901	1	2009-06-03:20:05:43	62
48.80541	2.29091	1	2009-06-03:20:05:43	62
48.806	2.29178	1	2009-06-03:20:05:43	62
48.8065	2.29278	1	2009-06-03:20:05:43	62
48.80699	2.29383	1	2009-06-03:20:05:43	62
48.80754	2.29474	1	2009-06-03:20:05:43	62
48.80794	2.29572	1	2009-06-03:20:05:43	62
48.80846	2.29671	1	2009-06-03:20:05:43	62
48.80904	2.29766	1	2009-06-03:20:05:43	62
48.80957	2.29847	1	2009-06-03:20:05:43	62
48.81027	2.29921	1	2009-06-03:20:05:43	62
48.81092	2.2999	1	2009-06-03:20:05:43	62
48.8116	2.30048	1	2009-06-03:20:05:43	62
48.81165	2.30144	1	2009-06-03:20:05:43	62
48.81114	2.30234	1	2009-06-03:20:05:43	62
48.81165	2.30341	1	2009-06-03:20:05:43	62
48.81212	2.30432	1	2009-06-03:20:05:43	62
48.81273	2.30511	1	2009-06-03:20:05:43	62
48.81323	2.30603	1	2009-06-03:20:05:43	62
48.81373	2.30699	1	2009-06-03:20:05:43	62
48.81434	2.3078	1	2009-06-03:20:05:43	62
48.81461	2.30897	1	2009-06-03:20:05:43	62
48.81513	2.30983	1	2009-06-03:20:05:43	62
48.81577	2.31072	1	2009-06-03:20:05:43	62
48.81609	2.31179	1	2009-06-03:20:05:43	62
48.81656	2.31279	1	2009-06-03:20:05:43	62
48.81684	2.31386	1	2009-06-03:20:05:43	62
48.81721	2.31495	1	2009-06-03:20:05:43	62
48.81756	2.31609	1	2009-06-03:20:05:43	62
48.81783	2.31724	1	2009-06-03:20:05:43	62
48.81813	2.31839	1	2009-06-03:20:05:43	62
48.81846	2.31947	1	2009-06-03:20:05:43	62
48.81855	2.32062	1	2009-06-03:20:05:43	62
48.81824	2.32183	1	2009-06-03:20:05:43	62
48.81797	2.32302	1	2009-06-03:20:05:43	62
48.81784	2.32427	1	2009-06-03:20:05:43	62
48.81767	2.32554	1	2009-06-03:20:05:43	62
48.81753	2.32673	1	2009-06-03:20:05:43	62
48.81755	2.32794	1	2009-06-03:20:05:43	62
48.81737	2.32908	1	2009-06-03:20:05:43	62
48.81736	2.33029	1	2009-06-03:20:05:43	62
48.81709	2.33143	1	2009-06-03:20:05:43	62
48.81727	2.33234	1	2009-06-03:20:05:43	62
48.81877	2.33301	1	2009-06-03:20:05:43	62
48.81954	2.3335	1	2009-06-03:20:05:43	62
48.82033	2.33392	1	2009-06-03:20:05:43	62
48.82114	2.33436	1	2009-06-03:20:05:43	62
48.82188	2.33469	1	2009-06-03:20:05:43	62
48.82263	2.33533	1	2009-06-03:20:05:43	62
48.82332	2.33577	1	2009-06-03:20:05:43	62
48.82403	2.33627	1	2009-06-03:20:05:43	62
48.8248	2.33613	1	2009-06-03:20:05:43	62
48.82555	2.3358	1	2009-06-03:20:05:43	62
48.82629	2.33555	1	2009-06-03:20:05:43	62
48.82707	2.33523	1	2009-06-03:20:05:43	62
48.82735	2.3357	1	2009-06-03:20:05:43	62
48.82722	2.33689	1	2009-06-03:20:05:43	62
48.82713	2.33805	1	2009-06-03:20:05:43	62
48.82719	2.33922	1	2009-06-03:20:05:43	62
48.82698	2.34018	1	2009-06-03:20:05:43	62
48.82674	2.34125	1	2009-06-03:20:05:43	62
48.82638	2.34244	1	2009-06-03:20:05:43	62
48.82628	2.34365	1	2009-06-03:20:05:43	62
48.82607	2.34481	1	2009-06-03:20:05:43	62
48.82602	2.34596	1	2009-06-03:20:05:43	62
48.82576	2.34719	1	2009-06-03:20:05:43	62
48.82559	2.34824	1	2009-06-03:20:05:43	62
48.82589	2.34944	1	2009-06-03:20:05:43	62
48.82573	2.35044	1	2009-06-03:20:05:43	62
48.82624	2.35074	1	2009-06-03:20:05:43	62
48.82691	2.35143	1	2009-06-03:20:05:43	62
48.82749	2.35227	1	2009-06-03:20:05:43	62
48.82813	2.35269	1	2009-06-03:20:05:43	62
48.82884	2.3532	1	2009-06-03:20:05:43	62
48.82948	2.35382	1	2009-06-03:20:05:43	62
48.83015	2.35441	1	2009-06-03:20:05:43	62
48.83084	2.35495	1	2009-06-03:20:05:43	62
48.83113	2.3561	1	2009-06-03:20:05:43	62
48.83185	2.35616	1	2009-06-03:20:05:43	62
48.83258	2.35616	1	2009-06-03:20:05:43	62
48.83328	2.35678	1	2009-06-03:20:05:43	62
48.83405	2.3572	1	2009-06-03:20:05:43	62
48.83471	2.35782	1	2009-06-03:20:05:43	62
48.83546	2.35828	1	2009-06-03:20:05:43	62
48.83624	2.35873	1	2009-06-03:20:05:43	62
48.83691	2.35938	1	2009-06-03:20:05:43	62
48.83764	2.35998	1	2009-06-03:20:05:43	62
48.83834	2.36053	1	2009-06-03:20:05:43	62
48.83902	2.36109	1	2009-06-03:20:05:43	62
48.83976	2.36164	1	2009-06-03:20:05:43	62
48.84051	2.36198	1	2009-06-03:20:05:43	62
48.84125	2.36251	1	2009-06-03:20:05:43	62
48.84192	2.36306	1	2009-06-03:20:05:43	62
48.84266	2.36363	1	2009-06-03:20:05:43	62
48.84339	2.36408	1	2009-06-03:20:05:43	62
48.84397	2.36492	1	2009-06-03:20:05:43	62
48.84462	2.36562	1	2009-06-03:20:05:43	62
48.84516	2.36657	1	2009-06-03:20:05:43	62
48.84565	2.3675	1	2009-06-03:20:05:43	62
48.84623	2.36819	1	2009-06-03:20:05:43	62
48.84678	2.36911	1	2009-06-03:20:05:43	62
48.84735	2.37013	1	2009-06-03:20:05:43	62
48.84783	2.37116	1	2009-06-03:20:05:43	62
48.84841	2.37199	1	2009-06-03:20:05:43	62
48.84883	2.37298	1	2009-06-03:20:05:43	62
48.84938	2.37378	1	2009-06-03:20:05:43	62
48.84982	2.37455	1	2009-06-03:20:05:43	62
48.85046	2.37524	1	2009-06-03:20:05:43	62
48.85106	2.37583	1	2009-06-03:20:05:43	62
48.85169	2.37633	1	2009-06-03:20:05:43	62
48.85248	2.37679	1	2009-06-03:20:05:43	62
48.85324	2.3772	1	2009-06-03:20:05:43	62
48.85402	2.37761	1	2009-06-03:20:05:43	62
48.85471	2.37805	1	2009-06-03:20:05:43	62
48.85546	2.37838	1	2009-06-03:20:05:43	62
48.85613	2.37893	1	2009-06-03:20:05:43	62
48.8569	2.37895	1	2009-06-03:20:05:43	62
48.85751	2.37965	1	2009-06-03:20:05:43	62
48.85803	2.38023	1	2009-06-03:20:05:43	62
48.85878	2.37972	1	2009-06-03:20:05:43	62
48.8594	2.37902	1	2009-06-03:20:05:43	62
48.86011	2.37845	1	2009-06-03:20:05:43	62
48.86081	2.37781	1	2009-06-03:20:05:43	62
48.86152	2.37718	1	2009-06-03:20:05:43	62
48.8622	2.37653	1	2009-06-03:20:05:43	62
48.86294	2.376	1	2009-06-03:20:05:43	62
48.86367	2.37537	1	2009-06-03:20:05:43	62
48.86437	2.37482	1	2009-06-03:20:05:43	62
48.86513	2.37427	1	2009-06-03:20:05:43	62
48.86576	2.37358	1	2009-06-03:20:05:43	62
48.8665	2.37335	1	2009-06-03:20:05:43	62
48.86656	2.37371	1	2009-06-03:20:05:43	62
48.86659	2.37376	1	2009-06-03:20:05:43	62
48.86664	2.37382	1	2009-06-03:20:05:43	62
48.86667	2.37388	1	2009-06-03:20:05:43	62
48.86671	2.37395	1	2009-06-03:20:05:43	62
48.86674	2.374	1	2009-06-03:20:05:43	62
48.86679	2.37406	1	2009-06-03:20:05:43	62
48.86681	2.3741	1	2009-06-03:20:05:43	62
48.86683	2.37415	1	2009-06-03:20:05:43	62
48.86684	2.37418	1	2009-06-03:20:05:43	62
48.86686	2.37422	1	2009-06-03:20:05:43	62
48.86685	2.37424	1	2009-06-03:20:05:43	62
48.86685	2.37426	1	2009-06-03:20:05:43	62
48.86686	2.3743	1	2009-06-03:20:05:43	62
48.86685	2.37432	1	2009-06-03:20:05:43	62
48.86687	2.37434	1	2009-06-03:20:05:43	62
48.8669	2.37435	1	2009-06-03:20:05:43	62
48.86694	2.37437	1	2009-06-03:20:05:43	62
48.86696	2.37438	1	2009-06-03:20:05:43	62
48.86697	2.3744	1	2009-06-03:20:05:43	62
48.86699	2.37442	1	2009-06-03:20:05:43	62
48.86697	2.37444	1	2009-06-03:20:05:43	62
48.86698	2.37444	1	2009-06-03:20:05:43	62
48.81993	2.33375	1	2009-06-05:07:34:48	63
48.81892	2.33321	1	2009-06-05:07:34:48	63
48.81665	2.3327	1	2009-06-05:07:34:48	63
48.8157	2.33204	1	2009-06-05:07:34:48	63
48.81556	2.33089	1	2009-06-05:07:34:48	63
48.8158	2.32951	1	2009-06-05:07:34:48	63
48.81656	2.3283	1	2009-06-05:07:34:48	63
48.81728	2.32702	1	2009-06-05:07:34:48	63
48.81734	2.32629	1	2009-06-05:07:34:48	63
48.8176	2.32491	1	2009-06-05:07:34:48	63
48.81782	2.32354	1	2009-06-05:07:34:48	63
48.81802	2.32218	1	2009-06-05:07:34:48	63
48.81838	2.32081	1	2009-06-05:07:34:48	63
48.81854	2.31931	1	2009-06-05:07:34:48	63
48.81814	2.31799	1	2009-06-05:07:34:48	63
48.81779	2.31696	1	2009-06-05:07:34:48	63
48.8174	2.31574	1	2009-06-05:07:34:48	63
48.81708	2.3145	1	2009-06-05:07:34:48	63
48.81668	2.31316	1	2009-06-05:07:34:48	63
48.81624	2.31183	1	2009-06-05:07:34:48	63
48.81615	2.31053	1	2009-06-05:07:34:48	63
48.8162	2.30891	1	2009-06-05:07:34:48	63
48.81626	2.30744	1	2009-06-05:07:34:48	63
48.81622	2.30614	1	2009-06-05:07:34:48	63
48.8157	2.30522	1	2009-06-05:07:34:48	63
48.81515	2.30425	1	2009-06-05:07:34:48	63
48.81442	2.3034	1	2009-06-05:07:34:48	63
48.81378	2.30256	1	2009-06-05:07:34:48	63
48.81302	2.30182	1	2009-06-05:07:34:48	63
48.81229	2.30125	1	2009-06-05:07:34:48	63
48.81171	2.30047	1	2009-06-05:07:34:48	63
48.81103	2.29965	1	2009-06-05:07:34:48	63
48.81054	2.29912	1	2009-06-05:07:34:48	63
48.81016	2.2988	1	2009-06-05:07:34:48	63
48.80963	2.29833	1	2009-06-05:07:34:48	63
48.80907	2.29737	1	2009-06-05:07:34:48	63
48.80849	2.29647	1	2009-06-05:07:34:48	63
48.80802	2.2954	1	2009-06-05:07:34:48	63
48.80749	2.29446	1	2009-06-05:07:34:48	63
48.80695	2.29345	1	2009-06-05:07:34:48	63
48.80637	2.29251	1	2009-06-05:07:34:48	63
48.80579	2.29155	1	2009-06-05:07:34:48	63
48.80522	2.29061	1	2009-06-05:07:34:48	63
48.80471	2.28963	1	2009-06-05:07:34:48	63
48.80415	2.28865	1	2009-06-05:07:34:48	63
48.80355	2.28779	1	2009-06-05:07:34:48	63
48.80301	2.2869	1	2009-06-05:07:34:48	63
48.80244	2.286	1	2009-06-05:07:34:48	63
48.80187	2.2852	1	2009-06-05:07:34:48	63
48.80131	2.28424	1	2009-06-05:07:34:48	63
48.80077	2.28339	1	2009-06-05:07:34:48	63
48.80024	2.28244	1	2009-06-05:07:34:48	63
48.79972	2.28155	1	2009-06-05:07:34:48	63
48.7992	2.28067	1	2009-06-05:07:34:48	63
48.79871	2.27974	1	2009-06-05:07:34:48	63
48.79816	2.27877	1	2009-06-05:07:34:48	63
48.79752	2.27776	1	2009-06-05:07:34:48	63
48.79691	2.27677	1	2009-06-05:07:34:48	63
48.79636	2.27572	1	2009-06-05:07:34:48	63
48.79582	2.27477	1	2009-06-05:07:34:48	63
48.79528	2.2739	1	2009-06-05:07:34:48	63
48.79468	2.273	1	2009-06-05:07:34:48	63
48.79409	2.27197	1	2009-06-05:07:34:48	63
48.79354	2.27104	1	2009-06-05:07:34:48	63
48.79329	2.27054	1	2009-06-05:07:34:48	63
48.79305	2.27003	1	2009-06-05:07:34:48	63
48.79269	2.26923	1	2009-06-05:07:34:48	63
48.79225	2.26814	1	2009-06-05:07:34:48	63
48.79182	2.26708	1	2009-06-05:07:34:48	63
48.79135	2.26599	1	2009-06-05:07:34:48	63
48.79092	2.26496	1	2009-06-05:07:34:48	63
48.79045	2.26389	1	2009-06-05:07:34:48	63
48.79007	2.26277	1	2009-06-05:07:34:48	63
48.78967	2.26174	1	2009-06-05:07:34:48	63
48.78919	2.26069	1	2009-06-05:07:34:48	63
48.78876	2.25961	1	2009-06-05:07:34:48	63
48.78832	2.25852	1	2009-06-05:07:34:48	63
48.7879	2.25741	1	2009-06-05:07:34:48	63
48.78747	2.25637	1	2009-06-05:07:34:48	63
48.78701	2.25526	1	2009-06-05:07:34:48	63
48.78659	2.25417	1	2009-06-05:07:34:48	63
48.78617	2.25308	1	2009-06-05:07:34:48	63
48.78577	2.25209	1	2009-06-05:07:34:48	63
48.78534	2.25112	1	2009-06-05:07:34:48	63
48.78491	2.25013	1	2009-06-05:07:34:48	63
48.78448	2.24911	1	2009-06-05:07:34:48	63
48.78402	2.24812	1	2009-06-05:07:34:48	63
48.78367	2.24705	1	2009-06-05:07:34:48	63
48.78325	2.24597	1	2009-06-05:07:34:48	63
48.78275	2.24495	1	2009-06-05:07:34:48	63
48.78231	2.24392	1	2009-06-05:07:34:48	63
48.78185	2.24292	1	2009-06-05:07:34:48	63
48.78146	2.24175	1	2009-06-05:07:34:48	63
48.78107	2.24069	1	2009-06-05:07:34:48	63
48.78063	2.23966	1	2009-06-05:07:34:48	63
48.7802	2.23866	1	2009-06-05:07:34:48	63
48.77974	2.23761	1	2009-06-05:07:34:48	63
48.77934	2.23656	1	2009-06-05:07:34:48	63
48.77894	2.23552	1	2009-06-05:07:34:48	63
48.7785	2.23443	1	2009-06-05:07:34:48	63
48.77803	2.23332	1	2009-06-05:07:34:48	63
48.77762	2.23221	1	2009-06-05:07:34:48	63
48.77716	2.23118	1	2009-06-05:07:34:48	63
48.77676	2.23002	1	2009-06-05:07:34:48	63
48.77617	2.22901	1	2009-06-05:07:34:48	63
48.77538	2.22868	1	2009-06-05:07:34:48	63
48.7745	2.22878	1	2009-06-05:07:34:48	63
48.77359	2.22891	1	2009-06-05:07:34:48	63
48.77269	2.229	1	2009-06-05:07:34:48	63
48.77182	2.22915	1	2009-06-05:07:34:48	63
48.77104	2.22919	1	2009-06-05:07:34:48	63
48.7698	2.22911	1	2009-06-05:07:34:48	63
48.76902	2.22947	1	2009-06-05:07:34:48	63
48.76823	2.22962	1	2009-06-05:07:34:48	63
48.76734	2.22969	1	2009-06-05:07:34:48	63
48.76636	2.22938	1	2009-06-05:07:34:48	63
48.76575	2.22864	1	2009-06-05:07:34:48	63
48.76508	2.22791	1	2009-06-05:07:34:48	63
48.76448	2.22724	1	2009-06-05:07:34:48	63
48.76387	2.22658	1	2009-06-05:07:34:48	63
48.76329	2.22584	1	2009-06-05:07:34:48	63
48.7628	2.22497	1	2009-06-05:07:34:48	63
48.76209	2.2243	1	2009-06-05:07:34:48	63
48.76161	2.22328	1	2009-06-05:07:34:48	63
48.76105	2.22236	1	2009-06-05:07:34:48	63
48.76041	2.22152	1	2009-06-05:07:34:48	63
48.75981	2.22081	1	2009-06-05:07:34:48	63
48.75946	2.22047	1	2009-06-05:07:34:48	63
48.75907	2.22017	1	2009-06-05:07:34:48	63
48.7584	2.21962	1	2009-06-05:07:34:48	63
48.75768	2.21902	1	2009-06-05:07:34:48	63
48.75698	2.21843	1	2009-06-05:07:34:48	63
48.75626	2.21784	1	2009-06-05:07:34:48	63
48.75567	2.21699	1	2009-06-05:07:34:48	63
48.75517	2.21597	1	2009-06-05:07:34:48	63
48.75476	2.21505	1	2009-06-05:07:34:48	63
48.75409	2.21562	1	2009-06-05:07:34:48	63
48.75327	2.21579	1	2009-06-05:07:34:48	63
48.75263	2.21501	1	2009-06-05:07:34:48	63
48.75198	2.21426	1	2009-06-05:07:34:48	63
48.75144	2.21345	1	2009-06-05:07:34:48	63
48.75089	2.21257	1	2009-06-05:07:34:48	63
48.75055	2.21148	1	2009-06-05:07:34:48	63
48.75075	2.21038	1	2009-06-05:07:34:48	63
48.75111	2.20928	1	2009-06-05:07:34:48	63
48.75146	2.20813	1	2009-06-05:07:34:48	63
48.75178	2.20709	1	2009-06-05:07:34:48	63
48.75212	2.206	1	2009-06-05:07:34:48	63
48.75236	2.20498	1	2009-06-05:07:34:48	63
48.75273	2.20393	1	2009-06-05:07:34:48	63
48.75311	2.20281	1	2009-06-05:07:34:48	63
48.75352	2.2017	1	2009-06-05:07:34:48	63
48.75389	2.20068	1	2009-06-05:07:34:48	63
48.75429	2.19959	1	2009-06-05:07:34:48	63
48.75469	2.19854	1	2009-06-05:07:34:48	63
48.75513	2.19753	1	2009-06-05:07:34:48	63
48.75552	2.19645	1	2009-06-05:07:34:48	63
48.75591	2.19538	1	2009-06-05:07:34:48	63
48.7563	2.1943	1	2009-06-05:07:34:48	63
48.75669	2.19323	1	2009-06-05:07:34:48	63
48.75715	2.19218	1	2009-06-05:07:34:48	63
48.75781	2.19156	1	2009-06-05:07:34:48	63
48.75817	2.19048	1	2009-06-05:07:34:48	63
48.75835	2.1893	1	2009-06-05:07:34:48	63
48.75873	2.18817	1	2009-06-05:07:34:48	63
48.75917	2.18718	1	2009-06-05:07:34:48	63
48.7597	2.18634	1	2009-06-05:07:34:48	63
48.76028	2.18554	1	2009-06-05:07:34:48	63
48.76085	2.18468	1	2009-06-05:07:34:48	63
48.76132	2.18367	1	2009-06-05:07:34:48	63
48.76156	2.18249	1	2009-06-05:07:34:48	63
48.76174	2.18128	1	2009-06-05:07:34:48	63
48.76169	2.18002	1	2009-06-05:07:34:48	63
48.76172	2.17885	1	2009-06-05:07:34:48	63
48.76215	2.1779	1	2009-06-05:07:34:48	63
48.76254	2.17683	1	2009-06-05:07:34:48	63
48.76289	2.17583	1	2009-06-05:07:34:48	63
48.76327	2.17482	1	2009-06-05:07:34:48	63
48.76355	2.17371	1	2009-06-05:07:34:48	63
48.76371	2.17256	1	2009-06-05:07:34:48	63
48.76397	2.17145	1	2009-06-05:07:34:48	63
48.76441	2.17146	1	2009-06-05:07:34:48	63
48.76412	2.17263	1	2009-06-05:07:34:48	63
48.76409	2.17383	1	2009-06-05:07:34:48	63
48.76452	2.17489	1	2009-06-05:07:34:48	63
48.76512	2.17582	1	2009-06-05:07:34:48	63
48.76552	2.17694	1	2009-06-05:07:34:48	63
48.76589	2.17812	1	2009-06-05:07:34:48	63
48.76584	2.17931	1	2009-06-05:07:34:48	63
48.76601	2.17953	1	2009-06-05:07:34:48	63
48.76604	2.17953	1	2009-06-05:07:34:48	63
48.76606	2.17955	1	2009-06-05:07:34:48	63
48.76608	2.17958	1	2009-06-05:07:34:48	63
48.76609	2.17961	1	2009-06-05:07:34:48	63
48.7661	2.17965	1	2009-06-05:07:34:48	63
48.76611	2.17967	1	2009-06-05:07:34:48	63
48.76613	2.17971	1	2009-06-05:07:34:48	63
48.76613	2.17975	1	2009-06-05:07:34:48	63
48.76614	2.17979	1	2009-06-05:07:34:48	63
48.76616	2.17981	1	2009-06-05:07:34:48	63
48.76617	2.17983	1	2009-06-05:07:34:48	63
48.76618	2.17986	1	2009-06-05:07:34:48	63
48.76619	2.17989	1	2009-06-05:07:34:48	63
48.76619	2.17991	1	2009-06-05:07:34:48	63
48.76618	2.17994	1	2009-06-05:07:34:48	63
48.76618	2.17996	1	2009-06-05:07:34:48	63
48.76619	2.17998	1	2009-06-05:07:34:48	63
48.76622	2.18001	1	2009-06-05:07:34:48	63
48.76622	2.18003	1	2009-06-05:07:34:48	63
48.7662	2.18004	1	2009-06-05:07:34:48	63
48.76616	2.18005	1	2009-06-05:07:34:48	63
48.76621	2.18001	1	2009-06-05:07:34:48	63
48.82124	2.33409	1	2009-06-07:10:23:12	64
48.82173	2.33108	1	2009-06-07:10:23:12	64
48.82228	2.32856	1	2009-06-07:10:23:12	64
48.82286	2.32602	1	2009-06-07:10:23:12	64
48.82171	2.32475	1	2009-06-07:10:23:12	64
48.81987	2.32381	1	2009-06-07:10:23:12	64
48.81813	2.32282	1	2009-06-07:10:23:12	64
48.81685	2.32163	1	2009-06-07:10:23:12	64
48.81529	2.32067	1	2009-06-07:10:23:12	64
48.81364	2.32017	1	2009-06-07:10:23:12	64
48.81206	2.31899	1	2009-06-07:10:23:12	64
48.81035	2.31795	1	2009-06-07:10:23:12	64
48.80888	2.31646	1	2009-06-07:10:23:12	64
48.80717	2.31475	1	2009-06-07:10:23:12	64
48.80554	2.3134	1	2009-06-07:10:23:12	64
48.80391	2.31242	1	2009-06-07:10:23:12	64
48.80251	2.31133	1	2009-06-07:10:23:12	64
48.80163	2.31033	1	2009-06-07:10:23:12	64
48.80034	2.3087	1	2009-06-07:10:23:12	64
48.79937	2.30645	1	2009-06-07:10:23:12	64
48.79896	2.30553	1	2009-06-07:10:23:12	64
48.79969	2.30746	1	2009-06-07:10:23:12	64
48.8008	2.30927	1	2009-06-07:10:23:12	64
48.80202	2.31075	1	2009-06-07:10:23:12	64
48.8035	2.31215	1	2009-06-07:10:23:12	64
48.80507	2.31315	1	2009-06-07:10:23:12	64
48.80661	2.31426	1	2009-06-07:10:23:12	64
48.80799	2.31565	1	2009-06-07:10:23:12	64
48.80943	2.31708	1	2009-06-07:10:23:12	64
48.81019	2.31928	1	2009-06-07:10:23:12	64
48.8119	2.32049	1	2009-06-07:10:23:12	64
48.81356	2.32124	1	2009-06-07:10:23:12	64
48.8148	2.32169	1	2009-06-07:10:23:12	64
48.81541	2.32186	1	2009-06-07:10:23:12	64
48.81486	2.32394	1	2009-06-07:10:23:12	64
48.81392	2.32568	1	2009-06-07:10:23:12	64
48.81234	2.32609	1	2009-06-07:10:23:12	64
48.81378	2.32604	1	2009-06-07:10:23:12	64
48.81532	2.32584	1	2009-06-07:10:23:12	64
48.81698	2.32563	1	2009-06-07:10:23:12	64
48.8187	2.32557	1	2009-06-07:10:23:12	64
48.82038	2.3257	1	2009-06-07:10:23:12	64
48.82201	2.32553	1	2009-06-07:10:23:12	64
48.8237	2.32578	1	2009-06-07:10:23:12	64
48.8253	2.32615	1	2009-06-07:10:23:12	64
48.82692	2.32656	1	2009-06-07:10:23:12	64
48.82844	2.32738	1	2009-06-07:10:23:12	64
48.82979	2.32873	1	2009-06-07:10:23:12	64
48.83126	2.32994	1	2009-06-07:10:23:12	64
48.8328	2.3314	1	2009-06-07:10:23:12	64
48.83416	2.33249	1	2009-06-07:10:23:12	64
48.83561	2.3338	1	2009-06-07:10:23:12	64
48.83704	2.33505	1	2009-06-07:10:23:12	64
48.83837	2.3364	1	2009-06-07:10:23:12	64
48.83998	2.33683	1	2009-06-07:10:23:12	64
48.84148	2.33761	1	2009-06-07:10:23:12	64
48.84307	2.33856	1	2009-06-07:10:23:12	64
48.84464	2.33942	1	2009-06-07:10:23:12	64
48.84622	2.34021	1	2009-06-07:10:23:12	64
48.84778	2.34114	1	2009-06-07:10:23:12	64
48.84947	2.34221	1	2009-06-07:10:23:12	64
48.8511	2.34305	1	2009-06-07:10:23:12	64
48.85263	2.3438	1	2009-06-07:10:23:12	64
48.85413	2.34478	1	2009-06-07:10:23:12	64
48.85509	2.34572	1	2009-06-07:10:23:12	64
48.85658	2.34679	1	2009-06-07:10:23:12	64
48.85675	2.34874	1	2009-06-07:10:23:12	64
48.85641	2.35084	1	2009-06-07:10:23:12	64
48.8578	2.35062	1	2009-06-07:10:23:12	64
48.85861	2.34851	1	2009-06-07:10:23:12	64
48.85932	2.34629	1	2009-06-07:10:23:12	64
48.85996	2.3441	1	2009-06-07:10:23:12	64
48.86071	2.34197	1	2009-06-07:10:23:12	64
48.86142	2.33985	1	2009-06-07:10:23:12	64
48.8609	2.33825	1	2009-06-07:10:23:12	64
48.86067	2.33828	1	2009-06-07:10:23:12	64
48.86059	2.33627	1	2009-06-07:10:23:12	64
48.86153	2.33454	1	2009-06-07:10:23:12	64
48.86281	2.33531	1	2009-06-07:10:23:12	64
48.8635	2.33301	1	2009-06-07:10:23:12	64
48.86422	2.3309	1	2009-06-07:10:23:12	64
48.86488	2.32872	1	2009-06-07:10:23:12	64
48.86565	2.3265	1	2009-06-07:10:23:12	64
48.86633	2.32438	1	2009-06-07:10:23:12	64
48.86664	2.32197	1	2009-06-07:10:23:12	64
48.86588	2.31998	1	2009-06-07:10:23:12	64
48.86508	2.31824	1	2009-06-07:10:23:12	64
48.86507	2.31625	1	2009-06-07:10:23:12	64
48.86492	2.31831	1	2009-06-07:10:23:12	64
48.86415	2.32019	1	2009-06-07:10:23:12	64
48.86337	2.32234	1	2009-06-07:10:23:12	64
48.86257	2.32469	1	2009-06-07:10:23:12	64
48.86178	2.32723	1	2009-06-07:10:23:12	64
48.86103	2.32954	1	2009-06-07:10:23:12	64
48.8604	2.33189	1	2009-06-07:10:23:12	64
48.8599	2.33419	1	2009-06-07:10:23:12	64
48.85939	2.33657	1	2009-06-07:10:23:12	64
48.85912	2.33904	1	2009-06-07:10:23:12	64
48.86014	2.34019	1	2009-06-07:10:23:12	64
48.86024	2.34058	1	2009-06-07:10:23:12	64
48.86131	2.33998	1	2009-06-07:10:23:12	64
48.86206	2.33772	1	2009-06-07:10:23:12	64
48.86276	2.33551	1	2009-06-07:10:23:12	64
48.86406	2.33493	1	2009-06-07:10:23:12	64
48.86565	2.33425	1	2009-06-07:10:23:12	64
48.86712	2.33338	1	2009-06-07:10:23:12	64
48.86873	2.3329	1	2009-06-07:10:23:12	64
48.87021	2.33201	1	2009-06-07:10:23:12	64
48.87026	2.32996	1	2009-06-07:10:23:12	64
48.86997	2.32778	1	2009-06-07:10:23:12	64
48.86953	2.32544	1	2009-06-07:10:23:12	64
48.87091	2.32523	1	2009-06-07:10:23:12	64
48.87021	2.32391	1	2009-06-07:10:23:12	64
48.86867	2.32345	1	2009-06-07:10:23:12	64
48.86712	2.32264	1	2009-06-07:10:23:12	64
48.86586	2.32113	1	2009-06-07:10:23:12	64
48.86428	2.32017	1	2009-06-07:10:23:12	64
48.86277	2.31909	1	2009-06-07:10:23:12	64
48.86296	2.31672	1	2009-06-07:10:23:12	64
48.86284	2.31413	1	2009-06-07:10:23:12	64
48.86153	2.31336	1	2009-06-07:10:23:12	64
48.8599	2.31297	1	2009-06-07:10:23:12	64
48.86106	2.31209	1	2009-06-07:10:23:12	64
48.85997	2.31197	1	2009-06-07:10:23:12	64
48.85951	2.31293	1	2009-06-07:10:23:12	64
48.85838	2.31335	1	2009-06-07:10:23:12	64
48.85766	2.31513	1	2009-06-07:10:23:12	64
48.85612	2.31499	1	2009-06-07:10:23:12	64
48.85457	2.31479	1	2009-06-07:10:23:12	64
48.85301	2.31464	1	2009-06-07:10:23:12	64
48.85147	2.31456	1	2009-06-07:10:23:12	64
48.84998	2.31479	1	2009-06-07:10:23:12	64
48.84852	2.31554	1	2009-06-07:10:23:12	64
48.84699	2.31641	1	2009-06-07:10:23:12	64
48.84588	2.31814	1	2009-06-07:10:23:12	64
48.84496	2.31984	1	2009-06-07:10:23:12	64
48.84338	2.32047	1	2009-06-07:10:23:12	64
48.83941	2.32227	1	2009-06-07:10:23:12	64
48.83836	2.32216	1	2009-06-07:10:23:12	64
48.83686	2.32297	1	2009-06-07:10:23:12	64
48.83544	2.32377	1	2009-06-07:10:23:12	64
48.83398	2.32429	1	2009-06-07:10:23:12	64
48.83254	2.32496	1	2009-06-07:10:23:12	64
48.83097	2.32538	1	2009-06-07:10:23:12	64
48.82952	2.32618	1	2009-06-07:10:23:12	64
48.82813	2.32672	1	2009-06-07:10:23:12	64
48.8266	2.32624	1	2009-06-07:10:23:12	64
48.82505	2.32599	1	2009-06-07:10:23:12	64
48.82351	2.32557	1	2009-06-07:10:23:12	64
48.82271	2.32689	1	2009-06-07:10:23:12	64
48.82258	2.32881	1	2009-06-07:10:23:12	64
48.8219	2.33084	1	2009-06-07:10:23:12	64
48.82145	2.33311	1	2009-06-07:10:23:12	64
48.82088	2.33539	1	2009-06-07:10:23:12	64
48.82033	2.33768	1	2009-06-07:10:23:12	64
48.82013	2.33879	1	2009-06-07:10:23:12	64
48.82012	2.33885	1	2009-06-07:10:23:12	64
48.82012	2.3389	1	2009-06-07:10:23:12	64
48.82012	2.33897	1	2009-06-07:10:23:12	64
48.82011	2.33904	1	2009-06-07:10:23:12	64
48.82009	2.33912	1	2009-06-07:10:23:12	64
48.82008	2.33919	1	2009-06-07:10:23:12	64
48.82007	2.33927	1	2009-06-07:10:23:12	64
48.82007	2.33935	1	2009-06-07:10:23:12	64
48.82008	2.33943	1	2009-06-07:10:23:12	64
48.82008	2.33951	1	2009-06-07:10:23:12	64
48.82009	2.33958	1	2009-06-07:10:23:12	64
48.82012	2.33964	1	2009-06-07:10:23:12	64
48.82014	2.3397	1	2009-06-07:10:23:12	64
48.82016	2.33973	1	2009-06-07:10:23:12	64
48.82019	2.33973	1	2009-06-07:10:23:12	64
48.82021	2.33972	1	2009-06-07:10:23:12	64
48.82023	2.33971	1	2009-06-07:10:23:12	64
48.82025	2.33971	1	2009-06-07:10:23:12	64
48.82027	2.33972	1	2009-06-07:10:23:12	64
48.82027	2.33972	1	2009-06-07:10:23:12	64
48.82029	2.33973	1	2009-06-07:10:23:12	64
48.81917	2.33901	1	2009-06-07:10:23:12	64
48.8682	2.36808	1	2009-06-14:04:41:58	65
48.87177	2.36523	1	2009-06-14:04:41:58	65
48.87507	2.36365	1	2009-06-14:04:41:58	65
48.87829	2.36665	1	2009-06-14:04:41:58	65
48.88139	2.36814	1	2009-06-14:04:41:58	65
48.88411	2.37212	1	2009-06-14:04:41:58	65
48.88653	2.37712	1	2009-06-14:04:41:58	65
48.88894	2.3812	1	2009-06-14:04:41:58	65
48.89123	2.38536	1	2009-06-14:04:41:58	65
48.89284	2.38885	1	2009-06-14:04:41:58	65
48.89499	2.39303	1	2009-06-14:04:41:58	65
48.89534	2.39724	1	2009-06-14:04:41:58	65
48.896	2.40112	1	2009-06-14:04:41:58	65
48.89546	2.40607	1	2009-06-14:04:41:58	65
48.89512	2.41094	1	2009-06-14:04:41:58	65
48.8961	2.41528	1	2009-06-14:04:41:58	65
48.89668	2.41943	1	2009-06-14:04:41:58	65
48.89675	2.42386	1	2009-06-14:04:41:58	65
48.89696	2.42862	1	2009-06-14:04:41:58	65
48.89793	2.43327	1	2009-06-14:04:41:58	65
48.89884	2.43819	1	2009-06-14:04:41:58	65
48.89983	2.44314	1	2009-06-14:04:41:58	65
48.90089	2.44789	1	2009-06-14:04:41:58	65
48.90181	2.45261	1	2009-06-14:04:41:58	65
48.90279	2.45734	1	2009-06-14:04:41:58	65
48.90377	2.4621	1	2009-06-14:04:41:58	65
48.90469	2.46683	1	2009-06-14:04:41:58	65
48.90561	2.47168	1	2009-06-14:04:41:58	65
48.90632	2.47635	1	2009-06-14:04:41:58	65
48.90737	2.48098	1	2009-06-14:04:41:58	65
48.9082	2.48568	1	2009-06-14:04:41:58	65
48.90917	2.49038	1	2009-06-14:04:41:58	65
48.90997	2.49458	1	2009-06-14:04:41:58	65
48.91153	2.49886	1	2009-06-14:04:41:58	65
48.91406	2.50187	1	2009-06-14:04:41:58	65
48.91663	2.50474	1	2009-06-14:04:41:58	65
48.91926	2.50762	1	2009-06-14:04:41:58	65
48.92184	2.5105	1	2009-06-14:04:41:58	65
48.92447	2.51317	1	2009-06-14:04:41:58	65
48.92712	2.51631	1	2009-06-14:04:41:58	65
48.92986	2.51924	1	2009-06-14:04:41:58	65
48.93204	2.52271	1	2009-06-14:04:41:58	65
48.93316	2.52722	1	2009-06-14:04:41:58	65
48.93435	2.53179	1	2009-06-14:04:41:58	65
48.9355	2.53638	1	2009-06-14:04:41:58	65
48.9367	2.5414	1	2009-06-14:04:41:58	65
48.93787	2.54619	1	2009-06-14:04:41:58	65
48.93872	2.54999	1	2009-06-14:04:41:58	65
48.93982	2.55463	1	2009-06-14:04:41:58	65
48.94098	2.55922	1	2009-06-14:04:41:58	65
48.94213	2.56382	1	2009-06-14:04:41:58	65
48.94352	2.56805	1	2009-06-14:04:41:58	65
48.94451	2.57259	1	2009-06-14:04:41:58	65
48.94561	2.57704	1	2009-06-14:04:41:58	65
48.9467	2.58141	1	2009-06-14:04:41:58	65
48.94798	2.58635	1	2009-06-14:04:41:58	65
48.94913	2.59112	1	2009-06-14:04:41:58	65
48.95043	2.59561	1	2009-06-14:04:41:58	65
48.95151	2.60018	1	2009-06-14:04:41:58	65
48.95251	2.60402	1	2009-06-14:04:41:58	65
48.95147	2.60852	1	2009-06-14:04:41:58	65
48.95081	2.6132	1	2009-06-14:04:41:58	65
48.95227	2.61731	1	2009-06-14:04:41:58	65
48.95308	2.62196	1	2009-06-14:04:41:58	65
48.95345	2.62674	1	2009-06-14:04:41:58	65
48.95391	2.63145	1	2009-06-14:04:41:58	65
48.95428	2.63615	1	2009-06-14:04:41:58	65
48.95472	2.6408	1	2009-06-14:04:41:58	65
48.95513	2.64546	1	2009-06-14:04:41:58	65
48.95554	2.65008	1	2009-06-14:04:41:58	65
48.9559	2.65478	1	2009-06-14:04:41:58	65
48.95629	2.65973	1	2009-06-14:04:41:58	65
48.95655	2.66435	1	2009-06-14:04:41:58	65
48.9577	2.66875	1	2009-06-14:04:41:58	65
48.95916	2.6729	1	2009-06-14:04:41:58	65
48.95769	2.6767	1	2009-06-14:04:41:58	65
48.9547	2.67619	1	2009-06-14:04:41:58	65
48.9525	2.67921	1	2009-06-14:04:41:58	65
48.95239	2.68397	1	2009-06-14:04:41:58	65
48.95167	2.68852	1	2009-06-14:04:41:58	65
48.94955	2.69151	1	2009-06-14:04:41:58	65
48.94725	2.68846	1	2009-06-14:04:41:58	65
48.94524	2.69094	1	2009-06-14:04:41:58	65
48.9446	2.69564	1	2009-06-14:04:41:58	65
48.94619	2.69915	1	2009-06-14:04:41:58	65
48.94789	2.70292	1	2009-06-14:04:41:58	65
48.94763	2.70742	1	2009-06-14:04:41:58	65
48.94481	2.70892	1	2009-06-14:04:41:58	65
48.94478	2.71357	1	2009-06-14:04:41:58	65
48.94504	2.71833	1	2009-06-14:04:41:58	65
48.94482	2.7231	1	2009-06-14:04:41:58	65
48.94255	2.72611	1	2009-06-14:04:41:58	65
48.94129	2.73036	1	2009-06-14:04:41:58	65
48.94144	2.73519	1	2009-06-14:04:41:58	65
48.94118	2.73993	1	2009-06-14:04:41:58	65
48.94018	2.74472	1	2009-06-14:04:41:58	65
48.93924	2.74939	1	2009-06-14:04:41:58	65
48.93955	2.75413	1	2009-06-14:04:41:58	65
48.93747	2.75678	1	2009-06-14:04:41:58	65
48.93435	2.75599	1	2009-06-14:04:41:58	65
48.93281	2.75987	1	2009-06-14:04:41:58	65
48.93388	2.76431	1	2009-06-14:04:41:58	65
48.93555	2.76834	1	2009-06-14:04:41:58	65
48.93724	2.77247	1	2009-06-14:04:41:58	65
48.94	2.77403	1	2009-06-14:04:41:58	65
48.94221	2.77727	1	2009-06-14:04:41:58	65
48.94526	2.77802	1	2009-06-14:04:41:58	65
48.94829	2.77975	1	2009-06-14:04:41:58	65
48.95047	2.78237	1	2009-06-14:04:41:58	65
48.95007	2.78521	1	2009-06-14:04:41:58	65
48.94987	2.78998	1	2009-06-14:04:41:58	65
48.94984	2.79484	1	2009-06-14:04:41:58	65
48.94876	2.79924	1	2009-06-14:04:41:58	65
48.94665	2.80276	1	2009-06-14:04:41:58	65
48.94424	2.80556	1	2009-06-14:04:41:58	65
48.94189	2.80824	1	2009-06-14:04:41:58	65
48.93896	2.80994	1	2009-06-14:04:41:58	65
48.93758	2.81416	1	2009-06-14:04:41:58	65
48.93476	2.81624	1	2009-06-14:04:41:58	65
48.93187	2.81755	1	2009-06-14:04:41:58	65
48.92901	2.81969	1	2009-06-14:04:41:58	65
48.92663	2.82277	1	2009-06-14:04:41:58	65
48.92557	2.82734	1	2009-06-14:04:41:58	65
48.92291	2.82954	1	2009-06-14:04:41:58	65
48.9202	2.83185	1	2009-06-14:04:41:58	65
48.91889	2.83629	1	2009-06-14:04:41:58	65
48.9195	2.84314	1	2009-06-14:04:41:58	65
48.92152	2.8466	1	2009-06-14:04:41:58	65
48.92419	2.84911	1	2009-06-14:04:41:58	65
48.92684	2.85146	1	2009-06-14:04:41:58	65
48.92994	2.85199	1	2009-06-14:04:41:58	65
48.93254	2.84988	1	2009-06-14:04:41:58	65
48.93429	2.85288	1	2009-06-14:04:41:58	65
48.93659	2.85577	1	2009-06-14:04:41:58	65
48.93943	2.8581	1	2009-06-14:04:41:58	65
48.94237	2.85764	1	2009-06-14:04:41:58	65
48.94434	2.86145	1	2009-06-14:04:41:58	65
48.94642	2.86498	1	2009-06-14:04:41:58	65
48.94914	2.86722	1	2009-06-14:04:41:58	65
48.95141	2.87039	1	2009-06-14:04:41:58	65
48.95443	2.87145	1	2009-06-14:04:41:58	65
48.9575	2.87208	1	2009-06-14:04:41:58	65
48.96059	2.87123	1	2009-06-14:04:41:58	65
48.96371	2.87035	1	2009-06-14:04:41:58	65
48.96682	2.87062	1	2009-06-14:04:41:58	65
48.96985	2.87138	1	2009-06-14:04:41:58	65
48.97295	2.87219	1	2009-06-14:04:41:58	65
48.97523	2.87541	1	2009-06-14:04:41:58	65
48.97749	2.87923	1	2009-06-14:04:41:58	65
48.97811	2.88391	1	2009-06-14:04:41:58	65
48.9788	2.88823	1	2009-06-14:04:41:58	65
48.97715	2.89183	1	2009-06-14:04:41:58	65
48.97445	2.89393	1	2009-06-14:04:41:58	65
48.97141	2.89516	1	2009-06-14:04:41:58	65
48.96837	2.89674	1	2009-06-14:04:41:58	65
48.96536	2.89775	1	2009-06-14:04:41:58	65
48.96263	2.89748	1	2009-06-14:04:41:58	65
48.96225	2.89724	1	2009-06-14:04:41:58	65
48.9622	2.89721	1	2009-06-14:04:41:58	65
48.96216	2.89719	1	2009-06-14:04:41:58	65
48.96211	2.89717	1	2009-06-14:04:41:58	65
48.96207	2.89715	1	2009-06-14:04:41:58	65
48.96203	2.89713	1	2009-06-14:04:41:58	65
48.96199	2.89711	1	2009-06-14:04:41:58	65
48.96195	2.89708	1	2009-06-14:04:41:58	65
48.96192	2.89706	1	2009-06-14:04:41:58	65
48.96189	2.89703	1	2009-06-14:04:41:58	65
48.96187	2.897	1	2009-06-14:04:41:58	65
48.96185	2.89696	1	2009-06-14:04:41:58	65
48.96182	2.89692	1	2009-06-14:04:41:58	65
48.9618	2.89688	1	2009-06-14:04:41:58	65
48.96178	2.89685	1	2009-06-14:04:41:58	65
48.96177	2.89682	1	2009-06-14:04:41:58	65
48.96176	2.8968	1	2009-06-14:04:41:58	65
48.96174	2.89686	1	2009-06-14:04:41:58	65
48.96176	2.89687	1	2009-06-14:04:41:58	65
48.96177	2.89689	1	2009-06-14:04:41:58	65
48.96179	2.8969	1	2009-06-14:04:41:58	65
48.96181	2.89691	1	2009-06-14:04:41:58	65
48.96181	2.89689	1	2009-06-14:04:41:58	65
48.96182	2.89688	1	2009-06-14:08:18:32	66
48.96442	2.89976	1	2009-06-14:08:18:32	66
48.96083	2.90061	1	2009-06-14:08:18:32	66
48.95796	2.90311	1	2009-06-14:08:18:32	66
48.95523	2.90161	1	2009-06-14:08:18:32	66
48.95225	2.89927	1	2009-06-14:08:18:32	66
48.94874	2.89858	1	2009-06-14:08:18:32	66
48.94673	2.9027	1	2009-06-14:08:18:32	66
48.94631	2.90762	1	2009-06-14:08:18:32	66
48.94675	2.91194	1	2009-06-14:08:18:32	66
48.94724	2.91752	1	2009-06-14:08:18:32	66
48.94884	2.92183	1	2009-06-14:08:18:32	66
48.95022	2.92636	1	2009-06-14:08:18:32	66
48.95331	2.928	1	2009-06-14:08:18:32	66
48.95661	2.92776	1	2009-06-14:08:18:32	66
48.95987	2.92867	1	2009-06-14:08:18:32	66
48.96272	2.92867	1	2009-06-14:08:18:32	66
48.96577	2.92745	1	2009-06-14:08:18:32	66
48.96735	2.93086	1	2009-06-14:08:18:32	66
48.97042	2.9324	1	2009-06-14:08:18:32	66
48.97353	2.93394	1	2009-06-14:08:18:32	66
48.97656	2.93298	1	2009-06-14:08:18:32	66
48.97942	2.93048	1	2009-06-14:08:18:32	66
48.98221	2.92789	1	2009-06-14:08:18:32	66
48.98467	2.92463	1	2009-06-14:08:18:32	66
48.98697	2.92081	1	2009-06-14:08:18:32	66
48.98976	2.91823	1	2009-06-14:08:18:32	66
48.99301	2.91776	1	2009-06-14:08:18:32	66
48.99641	2.91822	1	2009-06-14:08:18:32	66
48.99956	2.91857	1	2009-06-14:08:18:32	66
49.0024	2.91775	1	2009-06-14:08:18:32	66
49.00569	2.91745	1	2009-06-14:08:18:32	66
49.00871	2.91931	1	2009-06-14:08:18:32	66
49.00985	2.92388	1	2009-06-14:08:18:32	66
49.00933	2.9286	1	2009-06-14:08:18:32	66
49.00761	2.93275	1	2009-06-14:08:18:32	66
49.00496	2.93542	1	2009-06-14:08:18:32	66
49.00324	2.93973	1	2009-06-14:08:18:32	66
49.00421	2.94414	1	2009-06-14:08:18:32	66
49.00732	2.94522	1	2009-06-14:08:18:32	66
49.01043	2.94527	1	2009-06-14:08:18:32	66
49.01334	2.94728	1	2009-06-14:08:18:32	66
49.015	2.95136	1	2009-06-14:08:18:32	66
49.01473	2.95625	1	2009-06-14:08:18:32	66
49.01316	2.96066	1	2009-06-14:08:18:32	66
49.01193	2.96511	1	2009-06-14:08:18:32	66
49.0111	2.9698	1	2009-06-14:08:18:32	66
49.01005	2.97447	1	2009-06-14:08:18:32	66
49.01088	2.97889	1	2009-06-14:08:18:32	66
49.00929	2.98243	1	2009-06-14:08:18:32	66
49.00637	2.98457	1	2009-06-14:08:18:32	66
49.00338	2.98604	1	2009-06-14:08:18:32	66
49.00125	2.98788	1	2009-06-14:08:18:32	66
49.00151	2.99261	1	2009-06-14:08:18:32	66
49.0033	2.99645	1	2009-06-14:08:18:32	66
49.00496	3.00066	1	2009-06-14:08:18:32	66
49.00745	3.00352	1	2009-06-14:08:18:32	66
49.00948	3.00732	1	2009-06-14:08:18:32	66
49.01217	3.01021	1	2009-06-14:08:18:32	66
49.01492	3.01268	1	2009-06-14:08:18:32	66
49.01801	3.01205	1	2009-06-14:08:18:32	66
49.02109	3.01064	1	2009-06-14:08:18:32	66
49.02426	3.01019	1	2009-06-14:08:18:32	66
49.02675	3.01278	1	2009-06-14:08:18:32	66
49.02689	3.01747	1	2009-06-14:08:18:32	66
49.02629	3.0208	1	2009-06-14:08:18:32	66
49.02622	3.02559	1	2009-06-14:08:18:32	66
49.02799	3.02956	1	2009-06-14:08:18:32	66
49.02953	3.03368	1	2009-06-14:08:18:32	66
49.03074	3.03803	1	2009-06-14:08:18:32	66
49.03215	3.0423	1	2009-06-14:08:18:32	66
49.03296	3.04716	1	2009-06-14:08:18:32	66
49.03507	3.05054	1	2009-06-14:08:18:32	66
49.03723	3.04764	1	2009-06-14:08:18:32	66
49.03834	3.04292	1	2009-06-14:08:18:32	66
49.03971	3.03867	1	2009-06-14:08:18:32	66
49.04204	3.03547	1	2009-06-14:08:18:32	66
49.04517	3.03486	1	2009-06-14:08:18:32	66
49.04795	3.03689	1	2009-06-14:08:18:32	66
49.05018	3.04031	1	2009-06-14:08:18:32	66
49.05144	3.04486	1	2009-06-14:08:18:32	66
49.05304	3.0492	1	2009-06-14:08:18:32	66
49.05543	3.05226	1	2009-06-14:08:18:32	66
49.05736	3.05593	1	2009-06-14:08:18:32	66
49.06042	3.05623	1	2009-06-14:08:18:32	66
49.06178	3.05197	1	2009-06-14:08:18:32	66
49.06295	3.04746	1	2009-06-14:08:18:32	66
49.06486	3.04352	1	2009-06-14:08:18:32	66
49.06712	3.04009	1	2009-06-14:08:18:32	66
49.07018	3.0393	1	2009-06-14:08:18:32	66
49.07333	3.04083	1	2009-06-14:08:18:32	66
49.07628	3.04243	1	2009-06-14:08:18:32	66
49.07926	3.044	1	2009-06-14:08:18:32	66
49.08114	3.0472	1	2009-06-14:08:18:32	66
49.0809	3.05214	1	2009-06-14:08:18:32	66
49.08123	3.0546	1	2009-06-14:08:18:32	66
49.08121	3.05935	1	2009-06-14:08:18:32	66
49.08243	3.06376	1	2009-06-14:08:18:32	66
49.08511	3.06528	1	2009-06-14:08:18:32	66
49.0868	3.06121	1	2009-06-14:08:18:32	66
49.08907	3.05801	1	2009-06-14:08:18:32	66
49.09133	3.05449	1	2009-06-14:08:18:32	66
49.09382	3.05146	1	2009-06-14:08:18:32	66
49.09662	3.04887	1	2009-06-14:08:18:32	66
49.09955	3.0472	1	2009-06-14:08:18:32	66
49.10275	3.04634	1	2009-06-14:08:18:32	66
49.10564	3.04773	1	2009-06-14:08:18:32	66
49.10745	3.05145	1	2009-06-14:08:18:32	66
49.10838	3.05611	1	2009-06-14:08:18:32	66
49.11094	3.05915	1	2009-06-14:08:18:32	66
49.11371	3.06165	1	2009-06-14:08:18:32	66
49.11641	3.06417	1	2009-06-14:08:18:32	66
49.11917	3.06647	1	2009-06-14:08:18:32	66
49.12185	3.06908	1	2009-06-14:08:18:32	66
49.12462	3.07136	1	2009-06-14:08:18:32	66
49.12591	3.07534	1	2009-06-14:08:18:32	66
49.12572	3.08015	1	2009-06-14:08:18:32	66
49.12635	3.08486	1	2009-06-14:08:18:32	66
49.12879	3.08588	1	2009-06-14:08:18:32	66
49.13001	3.08138	1	2009-06-14:08:18:32	66
49.13289	3.07974	1	2009-06-14:08:18:32	66
49.13597	3.08022	1	2009-06-14:08:18:32	66
49.13865	3.08034	1	2009-06-14:08:18:32	66
49.14136	3.07983	1	2009-06-14:08:18:32	66
49.14352	3.08261	1	2009-06-14:08:18:32	66
49.14439	3.0869	1	2009-06-14:08:18:32	66
49.14627	3.09352	1	2009-06-14:08:18:32	66
49.14761	3.09776	1	2009-06-14:08:18:32	66
49.14962	3.10126	1	2009-06-14:08:18:32	66
49.15281	3.102	1	2009-06-14:08:18:32	66
49.15537	3.10093	1	2009-06-14:08:18:32	66
49.15728	3.09738	1	2009-06-14:08:18:32	66
49.16009	3.09526	1	2009-06-14:08:18:32	66
49.16307	3.09513	1	2009-06-14:08:18:32	66
49.16324	3.09964	1	2009-06-14:08:18:32	66
49.16472	3.10357	1	2009-06-14:08:18:32	66
49.16628	3.10703	1	2009-06-14:08:18:32	66
49.16926	3.10808	1	2009-06-14:08:18:32	66
49.17208	3.11022	1	2009-06-14:08:18:32	66
49.17459	3.11319	1	2009-06-14:08:18:32	66
49.17631	3.11716	1	2009-06-14:08:18:32	66
49.17588	3.12174	1	2009-06-14:08:18:32	66
49.17617	3.12585	1	2009-06-14:08:18:32	66
49.17557	3.12637	1	2009-06-14:08:18:32	66
49.17556	3.12633	1	2009-06-14:08:18:32	66
49.1756	3.1263	1	2009-06-14:08:18:32	66
49.17561	3.12628	1	2009-06-14:08:18:32	66
49.17562	3.12626	1	2009-06-14:08:18:32	66
49.17564	3.12622	1	2009-06-14:08:18:32	66
49.17565	3.12623	1	2009-06-14:08:18:32	66
49.17565	3.12625	1	2009-06-14:08:18:32	66
49.17563	3.12625	1	2009-06-14:08:18:32	66
49.17561	3.12626	1	2009-06-14:08:18:32	66
49.17559	3.12633	1	2009-06-14:08:18:32	66
49.17559	3.12635	1	2009-06-14:08:18:32	66
49.17558	3.1263	1	2009-06-14:08:18:32	66
49.17556	3.12638	1	2009-06-14:08:18:32	66
49.17553	3.12632	1	2009-06-14:08:18:32	66
49.17553	3.1263	1	2009-06-14:08:18:32	66
49.17555	3.12632	1	2009-06-14:08:18:32	66
49.17557	3.12624	1	2009-06-14:08:18:32	66
49.17557	3.12621	1	2009-06-14:08:18:32	66
49.17556	3.12618	1	2009-06-14:08:18:32	66
49.17557	3.12616	1	2009-06-14:08:18:32	66
49.17557	3.12614	1	2009-06-14:08:18:32	66
49.17557	3.12614	1	2009-06-14:08:18:32	66
49.17556	3.1262	1	2009-06-14:11:41:19	67
49.17605	3.1271	1	2009-06-14:11:41:19	67
49.17613	3.12708	1	2009-06-14:11:41:19	67
49.17597	3.12621	1	2009-06-14:11:41:19	67
49.17577	3.12606	1	2009-06-14:11:41:19	67
49.17581	3.12692	1	2009-06-14:11:41:19	67
49.17592	3.1283	1	2009-06-14:11:41:19	67
49.17627	3.12785	1	2009-06-14:11:41:19	67
49.17613	3.12896	1	2009-06-14:11:41:19	67
49.17655	3.13019	1	2009-06-14:11:41:19	67
49.17719	3.13104	1	2009-06-14:11:41:19	67
49.1778	3.13178	1	2009-06-14:11:41:19	67
49.17857	3.1323	1	2009-06-14:11:41:19	67
49.17941	3.13249	1	2009-06-14:11:41:19	67
49.18011	3.13312	1	2009-06-14:11:41:19	67
49.18054	3.1343	1	2009-06-14:11:41:19	67
49.18123	3.13513	1	2009-06-14:11:41:19	67
49.1816	3.13595	1	2009-06-14:11:41:19	67
49.18171	3.13731	1	2009-06-14:11:41:19	67
49.18203	3.1388	1	2009-06-14:11:41:19	67
49.18264	3.13983	1	2009-06-14:11:41:19	67
49.18326	3.14103	1	2009-06-14:11:41:19	67
49.18373	3.14182	1	2009-06-14:11:41:19	67
49.18428	3.14311	1	2009-06-14:11:41:19	67
49.18483	3.14425	1	2009-06-14:11:41:19	67
49.18537	3.14549	1	2009-06-14:11:41:19	67
49.18571	3.14577	1	2009-06-14:11:41:19	67
49.18521	3.14527	1	2009-06-14:11:41:19	67
49.18523	3.14523	1	2009-06-14:11:41:19	67
49.18537	3.14547	1	2009-06-14:11:41:19	67
49.18622	3.14611	1	2009-06-14:11:41:19	67
49.18699	3.14698	1	2009-06-14:11:41:19	67
49.18745	3.14767	1	2009-06-14:11:41:19	67
49.18786	3.14825	1	2009-06-14:11:41:19	67
49.18847	3.1492	1	2009-06-14:11:41:19	67
49.18903	3.1501	1	2009-06-14:11:41:19	67
49.18971	3.15093	1	2009-06-14:11:41:19	67
49.19038	3.15181	1	2009-06-14:11:41:19	67
49.19108	3.15265	1	2009-06-14:11:41:19	67
49.19171	3.15352	1	2009-06-14:11:41:19	67
49.19247	3.15419	1	2009-06-14:11:41:19	67
49.19321	3.15477	1	2009-06-14:11:41:19	67
49.19399	3.15536	1	2009-06-14:11:41:19	67
49.19454	3.15624	1	2009-06-14:11:41:19	67
49.19494	3.15612	1	2009-06-14:11:41:19	67
49.19518	3.15541	1	2009-06-14:11:41:19	67
49.19521	3.15411	1	2009-06-14:11:41:19	67
49.1951	3.15271	1	2009-06-14:11:41:19	67
49.19503	3.1514	1	2009-06-14:11:41:19	67
49.19479	3.15021	1	2009-06-14:11:41:19	67
49.19451	3.14904	1	2009-06-14:11:41:19	67
49.19422	3.14786	1	2009-06-14:11:41:19	67
49.19379	3.14663	1	2009-06-14:11:41:19	67
49.1933	3.1454	1	2009-06-14:11:41:19	67
49.19278	3.14435	1	2009-06-14:11:41:19	67
49.192	3.14393	1	2009-06-14:11:41:19	67
49.19119	3.14365	1	2009-06-14:11:41:19	67
49.1904	3.14337	1	2009-06-14:11:41:19	67
49.18964	3.14287	1	2009-06-14:11:41:19	67
49.18905	3.1419	1	2009-06-14:11:41:19	67
49.18886	3.14042	1	2009-06-14:11:41:19	67
49.18816	3.13958	1	2009-06-14:11:41:19	67
49.18724	3.13922	1	2009-06-14:11:41:19	67
49.18651	3.13875	1	2009-06-14:11:41:19	67
49.18613	3.13849	1	2009-06-14:11:41:19	67
49.18576	3.13823	1	2009-06-14:11:41:19	67
49.18518	3.13787	1	2009-06-14:11:41:19	67
49.18438	3.13756	1	2009-06-14:11:41:19	67
49.18355	3.13716	1	2009-06-14:11:41:19	67
49.18279	3.13647	1	2009-06-14:11:41:19	67
49.1822	3.13555	1	2009-06-14:11:41:19	67
49.18182	3.1344	1	2009-06-14:11:41:19	67
49.18129	3.13343	1	2009-06-14:11:41:19	67
49.18056	3.13278	1	2009-06-14:11:41:19	67
49.17989	3.1321	1	2009-06-14:11:41:19	67
49.1794	3.1311	1	2009-06-14:11:41:19	67
49.17899	3.12999	1	2009-06-14:11:41:19	67
49.17861	3.1289	1	2009-06-14:11:41:19	67
49.17818	3.12787	1	2009-06-14:11:41:19	67
49.17782	3.12675	1	2009-06-14:11:41:19	67
49.17741	3.12561	1	2009-06-14:11:41:19	67
49.17663	3.12593	1	2009-06-14:11:41:19	67
49.17584	3.12607	1	2009-06-14:11:41:19	67
49.17509	3.12606	1	2009-06-14:11:41:19	67
49.1752	3.12479	1	2009-06-14:11:41:19	67
49.17511	3.12357	1	2009-06-14:11:41:19	67
49.17509	3.12232	1	2009-06-14:11:41:19	67
49.17493	3.12094	1	2009-06-14:11:41:19	67
49.1748	3.11967	1	2009-06-14:11:41:19	67
49.17461	3.11845	1	2009-06-14:11:41:19	67
49.17421	3.11739	1	2009-06-14:11:41:19	67
49.17373	3.11631	1	2009-06-14:11:41:19	67
49.17305	3.1156	1	2009-06-14:11:41:19	67
49.17198	3.11448	1	2009-06-14:11:41:19	67
49.17133	3.11373	1	2009-06-14:11:41:19	67
49.17065	3.11296	1	2009-06-14:11:41:19	67
49.16998	3.11228	1	2009-06-14:11:41:19	67
49.16929	3.1115	1	2009-06-14:11:41:19	67
49.16863	3.11076	1	2009-06-14:11:41:19	67
49.16797	3.1101	1	2009-06-14:11:41:19	67
49.16729	3.10939	1	2009-06-14:11:41:19	67
49.16666	3.10867	1	2009-06-14:11:41:19	67
49.16599	3.108	1	2009-06-14:11:41:19	67
49.1654	3.10712	1	2009-06-14:11:41:19	67
49.16463	3.1068	1	2009-06-14:11:41:19	67
49.16394	3.10761	1	2009-06-14:11:41:19	67
49.16329	3.10831	1	2009-06-14:11:41:19	67
49.16262	3.10901	1	2009-06-14:11:41:19	67
49.16193	3.10968	1	2009-06-14:11:41:19	67
49.16114	3.1101	1	2009-06-14:11:41:19	67
49.16029	3.11025	1	2009-06-14:11:41:19	67
49.15949	3.11035	1	2009-06-14:11:41:19	67
49.15871	3.11046	1	2009-06-14:11:41:19	67
49.15788	3.11058	1	2009-06-14:11:41:19	67
49.15702	3.11069	1	2009-06-14:11:41:19	67
49.15618	3.11079	1	2009-06-14:11:41:19	67
49.15535	3.11095	1	2009-06-14:11:41:19	67
49.15449	3.11108	1	2009-06-14:11:41:19	67
49.15368	3.11091	1	2009-06-14:11:41:19	67
49.15288	3.11035	1	2009-06-14:11:41:19	67
49.15214	3.10983	1	2009-06-14:11:41:19	67
49.15138	3.10927	1	2009-06-14:11:41:19	67
49.15057	3.10876	1	2009-06-14:11:41:19	67
49.14968	3.10833	1	2009-06-14:11:41:19	67
49.14891	3.10763	1	2009-06-14:11:41:19	67
49.1484	3.10657	1	2009-06-14:11:41:19	67
49.14816	3.10543	1	2009-06-14:11:41:19	67
49.14825	3.10478	1	2009-06-14:11:41:19	67
49.14841	3.10355	1	2009-06-14:11:41:19	67
49.14824	3.10231	1	2009-06-14:11:41:19	67
49.14761	3.10126	1	2009-06-14:11:41:19	67
49.14701	3.10034	1	2009-06-14:11:41:19	67
49.14646	3.09945	1	2009-06-14:11:41:19	67
49.14592	3.09859	1	2009-06-14:11:41:19	67
49.14534	3.09765	1	2009-06-14:11:41:19	67
49.14478	3.09676	1	2009-06-14:11:41:19	67
49.14457	3.09647	1	2009-06-14:11:41:19	67
49.14503	3.09712	1	2009-06-14:11:41:19	67
49.14442	3.09615	1	2009-06-14:11:41:19	67
49.14386	3.09524	1	2009-06-14:11:41:19	67
49.14327	3.09429	1	2009-06-14:11:41:19	67
49.14294	3.09392	1	2009-06-14:11:41:19	67
49.14293	3.09394	1	2009-06-14:11:41:19	67
49.14293	3.09396	1	2009-06-14:11:41:19	67
49.14293	3.09398	1	2009-06-14:11:41:19	67
49.14294	3.09397	1	2009-06-14:11:41:19	67
49.14292	3.09398	1	2009-06-14:11:41:19	67
49.14293	3.09396	1	2009-06-14:11:41:19	67
49.14292	3.09398	1	2009-06-14:11:41:19	67
49.14292	3.09398	1	2009-06-14:11:41:19	67
49.14292	3.09399	1	2009-06-14:11:41:19	67
49.1429	3.09399	1	2009-06-14:11:41:19	67
49.14288	3.094	1	2009-06-14:11:41:19	67
49.14291	3.09399	1	2009-06-14:11:41:19	67
49.14292	3.09397	1	2009-06-14:11:41:19	67
49.1429	3.09397	1	2009-06-14:11:41:19	67
49.1429	3.09397	1	2009-06-14:11:41:19	67
49.14289	3.09395	1	2009-06-14:11:41:19	67
49.14287	3.09393	1	2009-06-14:11:41:19	67
49.1429	3.09394	1	2009-06-14:11:41:19	67
49.14292	3.09393	1	2009-06-14:11:41:19	67
49.14295	3.09394	1	2009-06-14:11:41:19	67
49.14297	3.09394	1	2009-06-14:11:41:19	67
49.14296	3.09392	1	2009-06-14:11:41:19	67
49.06823	3.01718	1	2009-06-14:16:15:28	68
49.06725	3.01624	1	2009-06-14:16:15:28	68
49.06634	3.01538	1	2009-06-14:16:15:28	68
49.06538	3.01446	1	2009-06-14:16:15:28	68
49.0644	3.01353	1	2009-06-14:16:15:28	68
49.06343	3.01261	1	2009-06-14:16:15:28	68
49.06252	3.01175	1	2009-06-14:16:15:28	68
49.06162	3.01089	1	2009-06-14:16:15:28	68
49.06074	3.01004	1	2009-06-14:16:15:28	68
49.05988	3.00922	1	2009-06-14:16:15:28	68
49.05899	3.00838	1	2009-06-14:16:15:28	68
49.05801	3.00746	1	2009-06-14:16:15:28	68
49.05715	3.00665	1	2009-06-14:16:15:28	68
49.05644	3.00593	1	2009-06-14:16:15:28	68
49.0557	3.00522	1	2009-06-14:16:15:28	68
49.0549	3.00446	1	2009-06-14:16:15:28	68
49.05405	3.00365	1	2009-06-14:16:15:28	68
49.05308	3.00273	1	2009-06-14:16:15:28	68
49.0521	3.0018	1	2009-06-14:16:15:28	68
49.0513	3.00101	1	2009-06-14:16:15:28	68
49.05053	3.00029	1	2009-06-14:16:15:28	68
49.04974	2.99953	1	2009-06-14:16:15:28	68
49.04897	2.99879	1	2009-06-14:16:15:28	68
49.04819	2.99797	1	2009-06-14:16:15:28	68
49.04742	2.99721	1	2009-06-14:16:15:28	68
49.04669	2.9965	1	2009-06-14:16:15:28	68
49.04581	2.99576	1	2009-06-14:16:15:28	68
49.04493	2.99492	1	2009-06-14:16:15:28	68
49.04413	2.99417	1	2009-06-14:16:15:28	68
49.04332	2.99341	1	2009-06-14:16:15:28	68
49.04248	2.99261	1	2009-06-14:16:15:28	68
49.04166	2.99183	1	2009-06-14:16:15:28	68
49.04105	2.99124	1	2009-06-14:16:15:28	68
49.04066	2.99085	1	2009-06-14:16:15:28	68
49.04009	2.9903	1	2009-06-14:16:15:28	68
49.03939	2.98962	1	2009-06-14:16:15:28	68
49.03867	2.98894	1	2009-06-14:16:15:28	68
49.03796	2.98823	1	2009-06-14:16:15:28	68
49.03729	2.9874	1	2009-06-14:16:15:28	68
49.03663	2.98678	1	2009-06-14:16:15:28	68
49.03602	2.98592	1	2009-06-14:16:15:28	68
49.03536	2.98497	1	2009-06-14:16:15:28	68
49.03469	2.98402	1	2009-06-14:16:15:28	68
49.03413	2.98322	1	2009-06-14:16:15:28	68
49.03357	2.98239	1	2009-06-14:16:15:28	68
49.03296	2.98153	1	2009-06-14:16:15:28	68
49.0324	2.98071	1	2009-06-14:16:15:28	68
49.03182	2.97988	1	2009-06-14:16:15:28	68
49.03125	2.97905	1	2009-06-14:16:15:28	68
49.03067	2.97821	1	2009-06-14:16:15:28	68
49.03008	2.97736	1	2009-06-14:16:15:28	68
49.02947	2.97648	1	2009-06-14:16:15:28	68
49.02885	2.9756	1	2009-06-14:16:15:28	68
49.02825	2.97474	1	2009-06-14:16:15:28	68
49.02758	2.97377	1	2009-06-14:16:15:28	68
49.02693	2.97282	1	2009-06-14:16:15:28	68
49.02639	2.97202	1	2009-06-14:16:15:28	68
49.02577	2.97112	1	2009-06-14:16:15:28	68
49.02509	2.97015	1	2009-06-14:16:15:28	68
49.02441	2.96917	1	2009-06-14:16:15:28	68
49.02381	2.96831	1	2009-06-14:16:15:28	68
49.02321	2.96744	1	2009-06-14:16:15:28	68
49.02249	2.9664	1	2009-06-14:16:15:28	68
49.02179	2.96539	1	2009-06-14:16:15:28	68
49.02147	2.96482	1	2009-06-14:16:15:28	68
49.02117	2.96426	1	2009-06-14:16:15:28	68
49.0208	2.96352	1	2009-06-14:16:15:28	68
49.02041	2.96245	1	2009-06-14:16:15:28	68
49.02019	2.96126	1	2009-06-14:16:15:28	68
49.01999	2.96006	1	2009-06-14:16:15:28	68
49.0198	2.95882	1	2009-06-14:16:15:28	68
49.01959	2.95758	1	2009-06-14:16:15:28	68
49.01939	2.95634	1	2009-06-14:16:15:28	68
49.01918	2.95506	1	2009-06-14:16:15:28	68
49.01896	2.95382	1	2009-06-14:16:15:28	68
49.01877	2.95264	1	2009-06-14:16:15:28	68
49.01858	2.9515	1	2009-06-14:16:15:28	68
49.01837	2.9503	1	2009-06-14:16:15:28	68
49.01811	2.94911	1	2009-06-14:16:15:28	68
49.01752	2.94821	1	2009-06-14:16:15:28	68
49.01689	2.94731	1	2009-06-14:16:15:28	68
49.01631	2.9465	1	2009-06-14:16:15:28	68
49.01572	2.94567	1	2009-06-14:16:15:28	68
49.01515	2.94486	1	2009-06-14:16:15:28	68
49.01459	2.94408	1	2009-06-14:16:15:28	68
49.01403	2.94326	1	2009-06-14:16:15:28	68
49.01342	2.9424	1	2009-06-14:16:15:28	68
49.01278	2.94152	1	2009-06-14:16:15:28	68
49.01219	2.94066	1	2009-06-14:16:15:28	68
49.0116	2.93982	1	2009-06-14:16:15:28	68
49.01094	2.9389	1	2009-06-14:16:15:28	68
49.01028	2.93807	1	2009-06-14:16:15:28	68
49.00961	2.93706	1	2009-06-14:16:15:28	68
49.00898	2.93614	1	2009-06-14:16:15:28	68
49.00842	2.93533	1	2009-06-14:16:15:28	68
49.00775	2.93437	1	2009-06-14:16:15:28	68
49.0071	2.93349	1	2009-06-14:16:15:28	68
49.00651	2.9326	1	2009-06-14:16:15:28	68
49.00597	2.93175	1	2009-06-14:16:15:28	68
49.0055	2.93067	1	2009-06-14:16:15:28	68
49.00505	2.92967	1	2009-06-14:16:15:28	68
49.00456	2.92866	1	2009-06-14:16:15:28	68
49.00407	2.92765	1	2009-06-14:16:15:28	68
49.00359	2.92659	1	2009-06-14:16:15:28	68
49.00318	2.92551	1	2009-06-14:16:15:28	68
49.0027	2.92451	1	2009-06-14:16:15:28	68
49.00223	2.92352	1	2009-06-14:16:15:28	68
49.00167	2.92242	1	2009-06-14:16:15:28	68
49.00119	2.92137	1	2009-06-14:16:15:28	68
49.00068	2.92026	1	2009-06-14:16:15:28	68
49.00021	2.91929	1	2009-06-14:16:15:28	68
48.99975	2.91829	1	2009-06-14:16:15:28	68
48.99916	2.91745	1	2009-06-14:16:15:28	68
48.99828	2.91718	1	2009-06-14:16:15:28	68
48.99747	2.91683	1	2009-06-14:16:15:28	68
48.99664	2.91642	1	2009-06-14:16:15:28	68
48.99575	2.91614	1	2009-06-14:16:15:28	68
48.99488	2.91584	1	2009-06-14:16:15:28	68
48.99392	2.91549	1	2009-06-14:16:15:28	68
48.99297	2.91507	1	2009-06-14:16:15:28	68
48.99218	2.91464	1	2009-06-14:16:15:28	68
48.99142	2.91424	1	2009-06-14:16:15:28	68
48.99062	2.9138	1	2009-06-14:16:15:28	68
48.98983	2.9133	1	2009-06-14:16:15:28	68
48.98908	2.91283	1	2009-06-14:16:15:28	68
48.98839	2.91243	1	2009-06-14:16:15:28	68
48.98753	2.91199	1	2009-06-14:16:15:28	68
48.98715	2.91175	1	2009-06-14:16:15:28	68
48.98677	2.91152	1	2009-06-14:16:15:28	68
48.98639	2.91127	1	2009-06-14:16:15:28	68
48.98564	2.91083	1	2009-06-14:16:15:28	68
48.98488	2.91037	1	2009-06-14:16:15:28	68
48.98412	2.90995	1	2009-06-14:16:15:28	68
48.98335	2.9095	1	2009-06-14:16:15:28	68
48.98259	2.90907	1	2009-06-14:16:15:28	68
48.98182	2.90862	1	2009-06-14:16:15:28	68
48.98106	2.90814	1	2009-06-14:16:15:28	68
48.9803	2.90768	1	2009-06-14:16:15:28	68
48.97955	2.90728	1	2009-06-14:16:15:28	68
48.9788	2.90683	1	2009-06-14:16:15:28	68
48.97805	2.90637	1	2009-06-14:16:15:28	68
48.97732	2.90594	1	2009-06-14:16:15:28	68
48.97653	2.90544	1	2009-06-14:16:15:28	68
48.97577	2.90499	1	2009-06-14:16:15:28	68
48.97509	2.90444	1	2009-06-14:16:15:28	68
48.97443	2.90422	1	2009-06-14:16:15:28	68
48.97368	2.90383	1	2009-06-14:16:15:28	68
48.97293	2.90341	1	2009-06-14:16:15:28	68
48.9722	2.90296	1	2009-06-14:16:15:28	68
48.97144	2.90259	1	2009-06-14:16:15:28	68
48.97067	2.90211	1	2009-06-14:16:15:28	68
48.96989	2.90169	1	2009-06-14:16:15:28	68
48.96915	2.90118	1	2009-06-14:16:15:28	68
48.96836	2.90077	1	2009-06-14:16:15:28	68
48.9676	2.90035	1	2009-06-14:16:15:28	68
48.96684	2.89992	1	2009-06-14:16:15:28	68
48.9661	2.8995	1	2009-06-14:16:15:28	68
48.96536	2.89907	1	2009-06-14:16:15:28	68
48.96462	2.89863	1	2009-06-14:16:15:28	68
48.96391	2.89822	1	2009-06-14:16:15:28	68
48.96317	2.89776	1	2009-06-14:16:15:28	68
48.96243	2.89732	1	2009-06-14:16:15:28	68
48.9617	2.8969	1	2009-06-14:16:15:28	68
48.96093	2.89641	1	2009-06-14:16:15:28	68
48.96087	2.89755	1	2009-06-14:16:15:28	68
48.96088	2.89877	1	2009-06-14:16:15:28	68
48.96089	2.89736	1	2009-06-14:16:15:28	68
48.96055	2.89631	1	2009-06-14:16:15:28	68
48.9598	2.89581	1	2009-06-14:16:15:28	68
48.95903	2.89533	1	2009-06-14:16:15:28	68
48.95824	2.89492	1	2009-06-14:16:15:28	68
48.95748	2.8945	1	2009-06-14:16:15:28	68
48.95701	2.89356	1	2009-06-14:16:15:28	68
48.95668	2.89243	1	2009-06-14:16:15:28	68
48.95632	2.89132	1	2009-06-14:16:15:28	68
48.95627	2.89013	1	2009-06-14:16:15:28	68
48.95626	2.88889	1	2009-06-14:16:15:28	68
48.95641	2.88775	1	2009-06-14:16:15:28	68
48.95668	2.88658	1	2009-06-14:16:15:28	68
48.95692	2.8854	1	2009-06-14:16:15:28	68
48.95721	2.88428	1	2009-06-14:16:15:28	68
48.95749	2.88316	1	2009-06-14:16:15:28	68
48.95774	2.88205	1	2009-06-14:16:15:28	68
48.95799	2.88092	1	2009-06-14:16:15:28	68
48.95826	2.87978	1	2009-06-14:16:15:28	68
48.95811	2.87862	1	2009-06-14:16:15:28	68
48.95795	2.87745	1	2009-06-14:16:15:28	68
48.95787	2.8764	1	2009-06-14:16:15:28	68
48.95861	2.87603	1	2009-06-14:16:15:28	68
48.95852	2.87492	1	2009-06-14:16:15:28	68
48.9578	2.87438	1	2009-06-14:16:15:28	68
48.95727	2.87374	1	2009-06-14:16:15:28	68
48.95742	2.87386	1	2009-06-14:16:15:28	68
48.9573	2.8736	1	2009-06-14:16:15:28	68
48.95707	2.87355	1	2009-06-14:16:15:28	68
48.95705	2.87354	1	2009-06-14:16:15:28	68
48.95705	2.87352	1	2009-06-14:16:15:28	68
48.95704	2.87346	1	2009-06-14:16:15:28	68
48.95704	2.87343	1	2009-06-14:16:15:28	68
48.95704	2.8735	1	2009-06-14:16:15:28	68
48.95706	2.87351	1	2009-06-14:16:15:28	68
48.95708	2.87352	1	2009-06-14:16:15:28	68
48.9571	2.87352	1	2009-06-14:16:15:28	68
48.95711	2.87354	1	2009-06-14:16:15:28	68
48.95713	2.87355	1	2009-06-14:16:15:28	68
48.95715	2.87354	1	2009-06-14:16:15:28	68
48.95715	2.87352	1	2009-06-14:16:15:28	68
48.95717	2.87352	1	2009-06-14:16:15:28	68
48.95714	2.87345	1	2009-06-14:16:15:28	68
48.95712	2.87347	1	2009-06-14:16:15:28	68
48.9571	2.87348	1	2009-06-14:16:15:28	68
48.95708	2.87349	1	2009-06-14:16:15:28	68
48.95706	2.8735	1	2009-06-14:16:15:28	68
48.95703	2.87349	1	2009-06-14:16:15:28	68
48.95701	2.8735	1	2009-06-14:16:15:28	68
48.95703	2.87334	1	2009-06-14:16:15:28	68
48.95702	2.87338	1	2009-06-14:16:15:28	68
48.89577	2.40232	1	2009-06-18:14:21:13	69
48.89547	2.40528	1	2009-06-18:14:21:13	69
48.89533	2.40809	1	2009-06-18:14:21:13	69
48.89514	2.41136	1	2009-06-18:14:21:13	69
48.89512	2.41437	1	2009-06-18:14:21:13	69
48.89647	2.41584	1	2009-06-18:14:21:13	69
48.89652	2.41865	1	2009-06-18:14:21:13	69
48.89666	2.42128	1	2009-06-18:14:21:13	69
48.89671	2.42411	1	2009-06-18:14:21:13	69
48.89653	2.42682	1	2009-06-18:14:21:13	69
48.8971	2.4295	1	2009-06-18:14:21:13	69
48.89765	2.43201	1	2009-06-18:14:21:13	69
48.89811	2.4346	1	2009-06-18:14:21:13	69
48.89858	2.4372	1	2009-06-18:14:21:13	69
48.89916	2.43972	1	2009-06-18:14:21:13	69
48.8996	2.44227	1	2009-06-18:14:21:13	69
48.90008	2.44439	1	2009-06-18:14:21:13	69
48.90044	2.4459	1	2009-06-18:14:21:13	69
48.901	2.44833	1	2009-06-18:14:21:13	69
48.90144	2.45087	1	2009-06-18:14:21:13	69
48.90198	2.45342	1	2009-06-18:14:21:13	69
48.90253	2.45609	1	2009-06-18:14:21:13	69
48.90304	2.45871	1	2009-06-18:14:21:13	69
48.90358	2.46132	1	2009-06-18:14:21:13	69
48.90407	2.46396	1	2009-06-18:14:21:13	69
48.90449	2.46637	1	2009-06-18:14:21:13	69
48.90505	2.46894	1	2009-06-18:14:21:13	69
48.9055	2.47146	1	2009-06-18:14:21:13	69
48.90588	2.47398	1	2009-06-18:14:21:13	69
48.90631	2.47659	1	2009-06-18:14:21:13	69
48.90689	2.47927	1	2009-06-18:14:21:13	69
48.90743	2.4818	1	2009-06-18:14:21:13	69
48.9078	2.48382	1	2009-06-18:14:21:13	69
48.90824	2.48591	1	2009-06-18:14:21:13	69
48.90872	2.48824	1	2009-06-18:14:21:13	69
48.90927	2.49063	1	2009-06-18:14:21:13	69
48.9096	2.49299	1	2009-06-18:14:21:13	69
48.91015	2.49528	1	2009-06-18:14:21:13	69
48.91074	2.49752	1	2009-06-18:14:21:13	69
48.91185	2.49933	1	2009-06-18:14:21:13	69
48.91315	2.50086	1	2009-06-18:14:21:13	69
48.9145	2.50219	1	2009-06-18:14:21:13	69
48.9157	2.50371	1	2009-06-18:14:21:13	69
48.91702	2.50519	1	2009-06-18:14:21:13	69
48.91836	2.5067	1	2009-06-18:14:21:13	69
48.91967	2.50809	1	2009-06-18:14:21:13	69
48.92101	2.50956	1	2009-06-18:14:21:13	69
48.92236	2.51104	1	2009-06-18:14:21:13	69
48.92368	2.51254	1	2009-06-18:14:21:13	69
48.92504	2.51397	1	2009-06-18:14:21:13	69
48.9263	2.51547	1	2009-06-18:14:21:13	69
48.92767	2.51687	1	2009-06-18:14:21:13	69
48.92902	2.51818	1	2009-06-18:14:21:13	69
48.93033	2.51978	1	2009-06-18:14:21:13	69
48.93152	2.52147	1	2009-06-18:14:21:13	69
48.93229	2.52356	1	2009-06-18:14:21:13	69
48.93273	2.52588	1	2009-06-18:14:21:13	69
48.93344	2.52811	1	2009-06-18:14:21:13	69
48.93408	2.53044	1	2009-06-18:14:21:13	69
48.93466	2.53271	1	2009-06-18:14:21:13	69
48.93536	2.53484	1	2009-06-18:14:21:13	69
48.93575	2.53729	1	2009-06-18:14:21:13	69
48.9363	2.53959	1	2009-06-18:14:21:13	69
48.93685	2.54193	1	2009-06-18:14:21:13	69
48.93736	2.54362	1	2009-06-18:14:21:13	69
48.9379	2.54585	1	2009-06-18:14:21:13	69
48.93796	2.54807	1	2009-06-18:14:21:13	69
48.93829	2.55047	1	2009-06-18:14:21:13	69
48.93903	2.55248	1	2009-06-18:14:21:13	69
48.93953	2.55459	1	2009-06-18:14:21:13	69
48.94008	2.55684	1	2009-06-18:14:21:13	69
48.94069	2.55918	1	2009-06-18:14:21:13	69
48.94114	2.56142	1	2009-06-18:14:21:13	69
48.94163	2.56365	1	2009-06-18:14:21:13	69
48.94217	2.5659	1	2009-06-18:14:21:13	69
48.94295	2.56645	1	2009-06-18:14:21:13	69
48.94369	2.56855	1	2009-06-18:14:21:13	69
48.94362	2.56878	1	2009-06-18:14:21:13	69
48.94505	2.56812	1	2009-06-18:14:21:13	69
48.94607	2.56783	1	2009-06-18:14:21:13	69
48.9454	2.56613	1	2009-06-18:14:21:13	69
48.94543	2.5663	1	2009-06-18:14:21:13	69
48.94701	2.56664	1	2009-06-18:14:21:13	69
48.94854	2.56602	1	2009-06-18:14:21:13	69
48.95002	2.56512	1	2009-06-18:14:21:13	69
48.95149	2.56421	1	2009-06-18:14:21:13	69
48.95295	2.5633	1	2009-06-18:14:21:13	69
48.95444	2.56205	1	2009-06-18:14:21:13	69
48.95577	2.56082	1	2009-06-18:14:21:13	69
48.9571	2.55958	1	2009-06-18:14:21:13	69
48.95848	2.55832	1	2009-06-18:14:21:13	69
48.95983	2.55704	1	2009-06-18:14:21:13	69
48.96127	2.55677	1	2009-06-18:14:21:13	69
48.96198	2.55504	1	2009-06-18:14:21:13	69
48.96343	2.55405	1	2009-06-18:14:21:13	69
48.9649	2.55381	1	2009-06-18:14:21:13	69
48.96586	2.55232	1	2009-06-18:14:21:13	69
48.96735	2.55148	1	2009-06-18:14:21:13	69
48.96886	2.55063	1	2009-06-18:14:21:13	69
48.97035	2.54969	1	2009-06-18:14:21:13	69
48.97182	2.54878	1	2009-06-18:14:21:13	69
48.97346	2.54897	1	2009-06-18:14:21:13	69
48.97494	2.54842	1	2009-06-18:14:21:13	69
48.97615	2.54679	1	2009-06-18:14:21:13	69
48.97678	2.54448	1	2009-06-18:14:21:13	69
48.97733	2.54216	1	2009-06-18:14:21:13	69
48.9779	2.53983	1	2009-06-18:14:21:13	69
48.97846	2.53754	1	2009-06-18:14:21:13	69
48.97901	2.53533	1	2009-06-18:14:21:13	69
48.97948	2.533	1	2009-06-18:14:21:13	69
48.9792	2.53065	1	2009-06-18:14:21:13	69
48.97837	2.52867	1	2009-06-18:14:21:13	69
48.97749	2.52667	1	2009-06-18:14:21:13	69
48.97894	2.5262	1	2009-06-18:14:21:13	69
48.98054	2.52601	1	2009-06-18:14:21:13	69
48.98211	2.52583	1	2009-06-18:14:21:13	69
48.98362	2.52619	1	2009-06-18:14:21:13	69
48.98439	2.52773	1	2009-06-18:14:21:13	69
48.98432	2.53025	1	2009-06-18:14:21:13	69
48.98439	2.52957	1	2009-06-18:14:21:13	69
48.98447	2.52722	1	2009-06-18:14:21:13	69
48.98468	2.52482	1	2009-06-18:14:21:13	69
48.98541	2.52252	1	2009-06-18:14:21:13	69
48.98661	2.52083	1	2009-06-18:14:21:13	69
48.98819	2.52022	1	2009-06-18:14:21:13	69
48.98918	2.52083	1	2009-06-18:14:21:13	69
48.98936	2.52324	1	2009-06-18:14:21:13	69
48.98982	2.52437	1	2009-06-18:14:21:13	69
48.99134	2.52425	1	2009-06-18:14:21:13	69
48.99287	2.52405	1	2009-06-18:14:21:13	69
48.99446	2.5239	1	2009-06-18:14:21:13	69
48.99604	2.52371	1	2009-06-18:14:21:13	69
48.99759	2.52353	1	2009-06-18:14:21:13	69
48.99885	2.52494	1	2009-06-18:14:21:13	69
49.00008	2.52642	1	2009-06-18:14:21:13	69
49.00154	2.52722	1	2009-06-18:14:21:13	69
49.0031	2.52688	1	2009-06-18:14:21:13	69
49.00463	2.52605	1	2009-06-18:14:21:13	69
49.00605	2.5255	1	2009-06-18:14:21:13	69
49.00742	2.52666	1	2009-06-18:14:21:13	69
49.00786	2.52894	1	2009-06-18:14:21:13	69
49.008	2.53127	1	2009-06-18:14:21:13	69
49.00745	2.5335	1	2009-06-18:14:21:13	69
49.00674	2.53516	1	2009-06-18:14:21:13	69
49.00611	2.53728	1	2009-06-18:14:21:13	69
49.00621	2.53961	1	2009-06-18:14:21:13	69
49.00634	2.54199	1	2009-06-18:14:21:13	69
49.00647	2.54437	1	2009-06-18:14:21:13	69
49.00659	2.54672	1	2009-06-18:14:21:13	69
49.00673	2.54911	1	2009-06-18:14:21:13	69
49.00793	2.55016	1	2009-06-18:14:21:13	69
49.00924	2.54895	1	2009-06-18:14:21:13	69
49.00916	2.54648	1	2009-06-18:14:21:13	69
49.00915	2.5441	1	2009-06-18:14:21:13	69
49.0103	2.54262	1	2009-06-18:14:21:13	69
49.0116	2.54269	1	2009-06-18:14:21:13	69
49.01301	2.54267	1	2009-06-18:14:21:13	69
49.01359	2.54295	1	2009-06-18:14:21:13	69
49.01363	2.54298	1	2009-06-18:14:21:13	69
49.01368	2.54301	1	2009-06-18:14:21:13	69
49.01373	2.54305	1	2009-06-18:14:21:13	69
49.01377	2.54309	1	2009-06-18:14:21:13	69
49.01382	2.54311	1	2009-06-18:14:21:13	69
49.01386	2.54314	1	2009-06-18:14:21:13	69
49.0139	2.54317	1	2009-06-18:14:21:13	69
49.01393	2.54319	1	2009-06-18:14:21:13	69
49.01395	2.54319	1	2009-06-18:14:21:13	69
49.01397	2.5432	1	2009-06-18:14:21:13	69
49.014	2.54321	1	2009-06-18:14:21:13	69
49.01404	2.54319	1	2009-06-18:14:21:13	69
49.01407	2.54318	1	2009-06-18:14:21:13	69
49.01413	2.54314	1	2009-06-18:14:21:13	69
49.01414	2.54312	1	2009-06-18:14:21:13	69
49.0141	2.54311	1	2009-06-18:14:21:13	69
49.01403	2.54309	1	2009-06-18:14:21:13	69
49.014	2.54312	1	2009-06-18:14:21:13	69
49.01398	2.54313	1	2009-06-18:14:21:13	69
49.01394	2.54313	1	2009-06-18:14:21:13	69
49.01512	2.54196	1	2009-06-18:14:21:13	69
49.01519	2.54178	1	2009-06-18:14:21:13	69
48.81683	2.31402	1	2009-06-22:08:55:44	70
48.81647	2.31234	1	2009-06-22:08:55:44	70
48.8161	2.31035	1	2009-06-22:08:55:44	70
48.81623	2.30909	1	2009-06-22:08:55:44	70
48.81617	2.30778	1	2009-06-22:08:55:44	70
48.81636	2.30654	1	2009-06-22:08:55:44	70
48.8165	2.3056	1	2009-06-22:08:55:44	70
48.81646	2.30615	1	2009-06-22:08:55:44	70
48.81573	2.30541	1	2009-06-22:08:55:44	70
48.81537	2.30446	1	2009-06-22:08:55:44	70
48.81476	2.30351	1	2009-06-22:08:55:44	70
48.81393	2.30289	1	2009-06-22:08:55:44	70
48.81322	2.30209	1	2009-06-22:08:55:44	70
48.81252	2.30135	1	2009-06-22:08:55:44	70
48.81176	2.30081	1	2009-06-22:08:55:44	70
48.81094	2.30009	1	2009-06-22:08:55:44	70
48.81027	2.29933	1	2009-06-22:08:55:44	70
48.80964	2.29858	1	2009-06-22:08:55:44	70
48.80906	2.29757	1	2009-06-22:08:55:44	70
48.8084	2.29656	1	2009-06-22:08:55:44	70
48.80782	2.29557	1	2009-06-22:08:55:44	70
48.80723	2.29455	1	2009-06-22:08:55:44	70
48.80673	2.29329	1	2009-06-22:08:55:44	70
48.80619	2.29233	1	2009-06-22:08:55:44	70
48.80561	2.29143	1	2009-06-22:08:55:44	70
48.80512	2.29034	1	2009-06-22:08:55:44	70
48.80442	2.28942	1	2009-06-22:08:55:44	70
48.80379	2.28833	1	2009-06-22:08:55:44	70
48.80303	2.28757	1	2009-06-22:08:55:44	70
48.80242	2.2865	1	2009-06-22:08:55:44	70
48.80181	2.28555	1	2009-06-22:08:55:44	70
48.8014	2.28453	1	2009-06-22:08:55:44	70
48.801	2.28371	1	2009-06-22:08:55:44	70
48.80061	2.28312	1	2009-06-22:08:55:44	70
48.80008	2.28216	1	2009-06-22:08:55:44	70
48.79952	2.28132	1	2009-06-22:08:55:44	70
48.7989	2.28038	1	2009-06-22:08:55:44	70
48.79836	2.27955	1	2009-06-22:08:55:44	70
48.79784	2.27853	1	2009-06-22:08:55:44	70
48.79723	2.27754	1	2009-06-22:08:55:44	70
48.79666	2.27663	1	2009-06-22:08:55:44	70
48.79605	2.27576	1	2009-06-22:08:55:44	70
48.79557	2.2747	1	2009-06-22:08:55:44	70
48.79504	2.27363	1	2009-06-22:08:55:44	70
48.79455	2.27261	1	2009-06-22:08:55:44	70
48.79398	2.27175	1	2009-06-22:08:55:44	70
48.79342	2.27074	1	2009-06-22:08:55:44	70
48.79295	2.26977	1	2009-06-22:08:55:44	70
48.7925	2.26874	1	2009-06-22:08:55:44	70
48.7921	2.26772	1	2009-06-22:08:55:44	70
48.79162	2.26648	1	2009-06-22:08:55:44	70
48.79112	2.26524	1	2009-06-22:08:55:44	70
48.79064	2.26401	1	2009-06-22:08:55:44	70
48.79014	2.26281	1	2009-06-22:08:55:44	70
48.78967	2.26175	1	2009-06-22:08:55:44	70
48.78918	2.26051	1	2009-06-22:08:55:44	70
48.78872	2.2594	1	2009-06-22:08:55:44	70
48.78822	2.25827	1	2009-06-22:08:55:44	70
48.78779	2.25711	1	2009-06-22:08:55:44	70
48.78733	2.25597	1	2009-06-22:08:55:44	70
48.78683	2.25484	1	2009-06-22:08:55:44	70
48.78644	2.25368	1	2009-06-22:08:55:44	70
48.78601	2.2526	1	2009-06-22:08:55:44	70
48.78553	2.25154	1	2009-06-22:08:55:44	70
48.7853	2.25097	1	2009-06-22:08:55:44	70
48.78503	2.25037	1	2009-06-22:08:55:44	70
48.78462	2.24937	1	2009-06-22:08:55:44	70
48.78417	2.24834	1	2009-06-22:08:55:44	70
48.78381	2.24716	1	2009-06-22:08:55:44	70
48.78337	2.24603	1	2009-06-22:08:55:44	70
48.78297	2.24495	1	2009-06-22:08:55:44	70
48.78252	2.24393	1	2009-06-22:08:55:44	70
48.78207	2.24286	1	2009-06-22:08:55:44	70
48.78161	2.24181	1	2009-06-22:08:55:44	70
48.78119	2.24076	1	2009-06-22:08:55:44	70
48.78078	2.23971	1	2009-06-22:08:55:44	70
48.78033	2.23874	1	2009-06-22:08:55:44	70
48.77989	2.23767	1	2009-06-22:08:55:44	70
48.77947	2.23661	1	2009-06-22:08:55:44	70
48.77903	2.23557	1	2009-06-22:08:55:44	70
48.77862	2.2345	1	2009-06-22:08:55:44	70
48.77818	2.23344	1	2009-06-22:08:55:44	70
48.7777	2.23241	1	2009-06-22:08:55:44	70
48.77727	2.23137	1	2009-06-22:08:55:44	70
48.77695	2.23026	1	2009-06-22:08:55:44	70
48.77641	2.22932	1	2009-06-22:08:55:44	70
48.77571	2.22869	1	2009-06-22:08:55:44	70
48.77493	2.22869	1	2009-06-22:08:55:44	70
48.77402	2.22881	1	2009-06-22:08:55:44	70
48.77313	2.22889	1	2009-06-22:08:55:44	70
48.7723	2.22904	1	2009-06-22:08:55:44	70
48.77149	2.22915	1	2009-06-22:08:55:44	70
48.77008	2.22904	1	2009-06-22:08:55:44	70
48.76925	2.22929	1	2009-06-22:08:55:44	70
48.76843	2.22957	1	2009-06-22:08:55:44	70
48.76759	2.22965	1	2009-06-22:08:55:44	70
48.76668	2.22943	1	2009-06-22:08:55:44	70
48.76594	2.229	1	2009-06-22:08:55:44	70
48.76523	2.22821	1	2009-06-22:08:55:44	70
48.76455	2.22749	1	2009-06-22:08:55:44	70
48.76392	2.22679	1	2009-06-22:08:55:44	70
48.76336	2.22597	1	2009-06-22:08:55:44	70
48.76284	2.22497	1	2009-06-22:08:55:44	70
48.76215	2.22434	1	2009-06-22:08:55:44	70
48.76161	2.22352	1	2009-06-22:08:55:44	70
48.76117	2.22259	1	2009-06-22:08:55:44	70
48.76056	2.22186	1	2009-06-22:08:55:44	70
48.75994	2.22104	1	2009-06-22:08:55:44	70
48.75925	2.22032	1	2009-06-22:08:55:44	70
48.75852	2.2197	1	2009-06-22:08:55:44	70
48.75784	2.21916	1	2009-06-22:08:55:44	70
48.75713	2.21859	1	2009-06-22:08:55:44	70
48.75636	2.21795	1	2009-06-22:08:55:44	70
48.75578	2.21712	1	2009-06-22:08:55:44	70
48.75529	2.21608	1	2009-06-22:08:55:44	70
48.75492	2.21504	1	2009-06-22:08:55:44	70
48.75422	2.21565	1	2009-06-22:08:55:44	70
48.75332	2.21576	1	2009-06-22:08:55:44	70
48.75266	2.2151	1	2009-06-22:08:55:44	70
48.75203	2.21428	1	2009-06-22:08:55:44	70
48.75147	2.21343	1	2009-06-22:08:55:44	70
48.75093	2.21253	1	2009-06-22:08:55:44	70
48.75055	2.2115	1	2009-06-22:08:55:44	70
48.75009	2.21046	1	2009-06-22:08:55:44	70
48.74975	2.20926	1	2009-06-22:08:55:44	70
48.74975	2.20802	1	2009-06-22:08:55:44	70
48.7501	2.20684	1	2009-06-22:08:55:44	70
48.75043	2.20566	1	2009-06-22:08:55:44	70
48.75082	2.20456	1	2009-06-22:08:55:44	70
48.75079	2.20331	1	2009-06-22:08:55:44	70
48.75051	2.20228	1	2009-06-22:08:55:44	70
48.74999	2.20143	1	2009-06-22:08:55:44	70
48.74951	2.20051	1	2009-06-22:08:55:44	70
48.74903	2.19954	1	2009-06-22:08:55:44	70
48.74855	2.19849	1	2009-06-22:08:55:44	70
48.74848	2.19734	1	2009-06-22:08:55:44	70
48.74806	2.19631	1	2009-06-22:08:55:44	70
48.7474	2.19581	1	2009-06-22:08:55:44	70
48.74675	2.19508	1	2009-06-22:08:55:44	70
48.74627	2.19409	1	2009-06-22:08:55:44	70
48.7458	2.19314	1	2009-06-22:08:55:44	70
48.74533	2.19217	1	2009-06-22:08:55:44	70
48.74485	2.1912	1	2009-06-22:08:55:44	70
48.74435	2.19024	1	2009-06-22:08:55:44	70
48.74406	2.18916	1	2009-06-22:08:55:44	70
48.74364	2.18831	1	2009-06-22:08:55:44	70
48.74305	2.18749	1	2009-06-22:08:55:44	70
48.74255	2.18645	1	2009-06-22:08:55:44	70
48.7421	2.18549	1	2009-06-22:08:55:44	70
48.74163	2.18453	1	2009-06-22:08:55:44	70
48.74116	2.18359	1	2009-06-22:08:55:44	70
48.74069	2.18267	1	2009-06-22:08:55:44	70
48.74024	2.18174	1	2009-06-22:08:55:44	70
48.73973	2.1808	1	2009-06-22:08:55:44	70
48.73925	2.17985	1	2009-06-22:08:55:44	70
48.73878	2.17888	1	2009-06-22:08:55:44	70
48.73829	2.17798	1	2009-06-22:08:55:44	70
48.73781	2.17705	1	2009-06-22:08:55:44	70
48.73742	2.17597	1	2009-06-22:08:55:44	70
48.73703	2.17496	1	2009-06-22:08:55:44	70
48.73657	2.17401	1	2009-06-22:08:55:44	70
48.73605	2.17302	1	2009-06-22:08:55:44	70
48.73558	2.17205	1	2009-06-22:08:55:44	70
48.73506	2.1711	1	2009-06-22:08:55:44	70
48.73457	2.17015	1	2009-06-22:08:55:44	70
48.73401	2.16931	1	2009-06-22:08:55:44	70
48.7334	2.16843	1	2009-06-22:08:55:44	70
48.73283	2.16753	1	2009-06-22:08:55:44	70
48.73223	2.16673	1	2009-06-22:08:55:44	70
48.73184	2.16582	1	2009-06-22:08:55:44	70
48.73134	2.16485	1	2009-06-22:08:55:44	70
48.73087	2.16379	1	2009-06-22:08:55:44	70
48.73075	2.16273	1	2009-06-22:08:55:44	70
48.73003	2.16274	1	2009-06-22:08:55:44	70
48.72933	2.16207	1	2009-06-22:08:55:44	70
48.72866	2.16139	1	2009-06-22:08:55:44	70
48.72798	2.1607	1	2009-06-22:08:55:44	70
48.7273	2.15999	1	2009-06-22:08:55:44	70
48.72664	2.15931	1	2009-06-22:08:55:44	70
48.72594	2.15859	1	2009-06-22:08:55:44	70
48.72527	2.15791	1	2009-06-22:08:55:44	70
48.72463	2.1572	1	2009-06-22:08:55:44	70
48.72419	2.15625	1	2009-06-22:08:55:44	70
48.72339	2.15599	1	2009-06-22:08:55:44	70
48.7227	2.15527	1	2009-06-22:08:55:44	70
48.72202	2.15459	1	2009-06-22:08:55:44	70
48.72137	2.15391	1	2009-06-22:08:55:44	70
48.72073	2.15324	1	2009-06-22:08:55:44	70
48.72003	2.15251	1	2009-06-22:08:55:44	70
48.71933	2.15181	1	2009-06-22:08:55:44	70
48.71865	2.15113	1	2009-06-22:08:55:44	70
48.718	2.15045	1	2009-06-22:08:55:44	70
48.71733	2.14977	1	2009-06-22:08:55:44	70
48.71665	2.14906	1	2009-06-22:08:55:44	70
48.71598	2.14838	1	2009-06-22:08:55:44	70
48.7153	2.14767	1	2009-06-22:08:55:44	70
48.71463	2.14699	1	2009-06-22:08:55:44	70
48.7141	2.14615	1	2009-06-22:08:55:44	70
48.71345	2.14591	1	2009-06-22:08:55:44	70
48.71334	2.14701	1	2009-06-22:08:55:44	70
48.71289	2.14798	1	2009-06-22:08:55:44	70
48.71244	2.14894	1	2009-06-22:08:55:44	70
48.71191	2.14981	1	2009-06-22:08:55:44	70
48.71135	2.15065	1	2009-06-22:08:55:44	70
48.71088	2.15159	1	2009-06-22:08:55:44	70
48.7106	2.15266	1	2009-06-22:08:55:44	70
48.71045	2.1538	1	2009-06-22:08:55:44	70
48.71041	2.15495	1	2009-06-22:08:55:44	70
48.7104	2.1561	1	2009-06-22:08:55:44	70
48.71039	2.15724	1	2009-06-22:08:55:44	70
48.7105	2.15844	1	2009-06-22:08:55:44	70
48.71079	2.15952	1	2009-06-22:08:55:44	70
48.71105	2.16062	1	2009-06-22:08:55:44	70
48.71108	2.16184	1	2009-06-22:08:55:44	70
48.71079	2.16246	1	2009-06-22:08:55:44	70
48.71013	2.16327	1	2009-06-22:08:55:44	70
48.70985	2.16436	1	2009-06-22:08:55:44	70
48.70976	2.16558	1	2009-06-22:08:55:44	70
48.70973	2.16677	1	2009-06-22:08:55:44	70
48.70971	2.16802	1	2009-06-22:08:55:44	70
48.70972	2.16923	1	2009-06-22:08:55:44	70
48.7097	2.17044	1	2009-06-22:08:55:44	70
48.70954	2.17159	1	2009-06-22:08:55:44	70
48.71014	2.17222	1	2009-06-22:08:55:44	70
48.71095	2.17228	1	2009-06-22:08:55:44	70
48.71133	2.17285	1	2009-06-22:08:55:44	70
48.71104	2.17394	1	2009-06-22:08:55:44	70
48.71073	2.17509	1	2009-06-22:08:55:44	70
48.71048	2.17625	1	2009-06-22:08:55:44	70
48.70998	2.17542	1	2009-06-22:08:55:44	70
48.70961	2.17628	1	2009-06-22:08:55:44	70
48.70909	2.17673	1	2009-06-22:08:55:44	70
48.70946	2.17655	1	2009-06-22:08:55:44	70
48.70969	2.17565	1	2009-06-22:08:55:44	70
48.70991	2.17546	1	2009-06-22:08:55:44	70
48.70995	2.17545	1	2009-06-22:08:55:44	70
48.70998	2.17545	1	2009-06-22:08:55:44	70
48.71002	2.17547	1	2009-06-22:08:55:44	70
48.71004	2.1755	1	2009-06-22:08:55:44	70
48.71006	2.17554	1	2009-06-22:08:55:44	70
48.71009	2.17559	1	2009-06-22:08:55:44	70
48.71011	2.17564	1	2009-06-22:08:55:44	70
48.71014	2.17569	1	2009-06-22:08:55:44	70
48.71017	2.17576	1	2009-06-22:08:55:44	70
48.71019	2.17582	1	2009-06-22:08:55:44	70
48.71021	2.17589	1	2009-06-22:08:55:44	70
48.71022	2.17595	1	2009-06-22:08:55:44	70
48.71024	2.176	1	2009-06-22:08:55:44	70
48.71026	2.17605	1	2009-06-22:08:55:44	70
48.71028	2.17609	1	2009-06-22:08:55:44	70
48.7103	2.17613	1	2009-06-22:08:55:44	70
48.71032	2.17617	1	2009-06-22:08:55:44	70
48.71032	2.1762	1	2009-06-22:08:55:44	70
48.71032	2.17623	1	2009-06-22:08:55:44	70
48.71032	2.17626	1	2009-06-22:08:55:44	70
48.71032	2.17628	1	2009-06-22:08:55:44	70
48.71033	2.1763	1	2009-06-22:08:55:44	70
48.71034	2.17634	1	2009-06-22:10:24:12	71
48.70953	2.17739	1	2009-06-22:10:24:12	71
48.70885	2.17832	1	2009-06-22:10:24:12	71
48.70825	2.17922	1	2009-06-22:10:24:12	71
48.70755	2.1802	1	2009-06-22:10:24:12	71
48.70671	2.18087	1	2009-06-22:10:24:12	71
48.70604	2.17987	1	2009-06-22:10:24:12	71
48.70599	2.17986	1	2009-06-22:10:24:12	71
48.70599	2.1812	1	2009-06-22:10:24:12	71
48.70577	2.18261	1	2009-06-22:10:24:12	71
48.70527	2.1836	1	2009-06-22:10:24:12	71
48.70502	2.18207	1	2009-06-22:10:24:12	71
48.70507	2.18041	1	2009-06-22:10:24:12	71
48.70469	2.1789	1	2009-06-22:10:24:12	71
48.70462	2.17928	1	2009-06-22:10:24:12	71
48.70508	2.18056	1	2009-06-22:10:24:12	71
48.70492	2.18205	1	2009-06-22:10:24:12	71
48.70507	2.1834	1	2009-06-22:10:24:12	71
48.70571	2.18354	1	2009-06-22:10:24:12	71
48.706	2.18209	1	2009-06-22:10:24:12	71
48.70665	2.18112	1	2009-06-22:10:24:12	71
48.70743	2.18041	1	2009-06-22:10:24:12	71
48.70811	2.17956	1	2009-06-22:10:24:12	71
48.70868	2.17869	1	2009-06-22:10:24:12	71
48.70923	2.17788	1	2009-06-22:10:24:12	71
48.70891	2.17792	1	2009-06-22:10:24:12	71
48.70819	2.17708	1	2009-06-22:10:24:12	71
48.70793	2.17586	1	2009-06-22:10:24:12	71
48.70798	2.17457	1	2009-06-22:10:24:12	71
48.70806	2.17333	1	2009-06-22:10:24:12	71
48.70854	2.17215	1	2009-06-22:10:24:12	71
48.70948	2.17187	1	2009-06-22:10:24:12	71
48.70968	2.17093	1	2009-06-22:10:24:12	71
48.70974	2.1703	1	2009-06-22:10:24:12	71
48.70976	2.16937	1	2009-06-22:10:24:12	71
48.70977	2.16817	1	2009-06-22:10:24:12	71
48.70978	2.16697	1	2009-06-22:10:24:12	71
48.70977	2.16575	1	2009-06-22:10:24:12	71
48.70981	2.16452	1	2009-06-22:10:24:12	71
48.71013	2.16334	1	2009-06-22:10:24:12	71
48.7108	2.1625	1	2009-06-22:10:24:12	71
48.71117	2.16175	1	2009-06-22:10:24:12	71
48.71106	2.16035	1	2009-06-22:10:24:12	71
48.71071	2.15906	1	2009-06-22:10:24:12	71
48.71044	2.1578	1	2009-06-22:10:24:12	71
48.71044	2.15662	1	2009-06-22:10:24:12	71
48.7105	2.15537	1	2009-06-22:10:24:12	71
48.7105	2.15417	1	2009-06-22:10:24:12	71
48.71062	2.15297	1	2009-06-22:10:24:12	71
48.71092	2.15183	1	2009-06-22:10:24:12	71
48.71138	2.15082	1	2009-06-22:10:24:12	71
48.71193	2.14989	1	2009-06-22:10:24:12	71
48.71249	2.14903	1	2009-06-22:10:24:12	71
48.71295	2.1481	1	2009-06-22:10:24:12	71
48.71345	2.14697	1	2009-06-22:10:24:12	71
48.71432	2.14681	1	2009-06-22:10:24:12	71
48.71511	2.14755	1	2009-06-22:10:24:12	71
48.71577	2.14822	1	2009-06-22:10:24:12	71
48.71644	2.14892	1	2009-06-22:10:24:12	71
48.7171	2.1496	1	2009-06-22:10:24:12	71
48.71775	2.15027	1	2009-06-22:10:24:12	71
48.71839	2.15094	1	2009-06-22:10:24:12	71
48.71905	2.15161	1	2009-06-22:10:24:12	71
48.71973	2.15233	1	2009-06-22:10:24:12	71
48.72012	2.15274	1	2009-06-22:10:24:12	71
48.72063	2.15325	1	2009-06-22:10:24:12	71
48.72131	2.15393	1	2009-06-22:10:24:12	71
48.72197	2.15461	1	2009-06-22:10:24:12	71
48.72267	2.15534	1	2009-06-22:10:24:12	71
48.72335	2.15605	1	2009-06-22:10:24:12	71
48.72375	2.15711	1	2009-06-22:10:24:12	71
48.72451	2.15733	1	2009-06-22:10:24:12	71
48.72525	2.15803	1	2009-06-22:10:24:12	71
48.7259	2.15871	1	2009-06-22:10:24:12	71
48.72657	2.15937	1	2009-06-22:10:24:12	71
48.72728	2.16011	1	2009-06-22:10:24:12	71
48.728	2.16084	1	2009-06-22:10:24:12	71
48.72863	2.16148	1	2009-06-22:10:24:12	71
48.72927	2.16213	1	2009-06-22:10:24:12	71
48.72994	2.16283	1	2009-06-22:10:24:12	71
48.7305	2.16367	1	2009-06-22:10:24:12	71
48.73132	2.16351	1	2009-06-22:10:24:12	71
48.73215	2.16373	1	2009-06-22:10:24:12	71
48.73293	2.16381	1	2009-06-22:10:24:12	71
48.73373	2.16393	1	2009-06-22:10:24:12	71
48.73452	2.16412	1	2009-06-22:10:24:12	71
48.73523	2.16413	1	2009-06-22:10:24:12	71
48.736	2.16418	1	2009-06-22:10:24:12	71
48.73681	2.16425	1	2009-06-22:10:24:12	71
48.73763	2.16434	1	2009-06-22:10:24:12	71
48.73844	2.16443	1	2009-06-22:10:24:12	71
48.73921	2.16451	1	2009-06-22:10:24:12	71
48.74002	2.1646	1	2009-06-22:10:24:12	71
48.74085	2.16468	1	2009-06-22:10:24:12	71
48.74166	2.16477	1	2009-06-22:10:24:12	71
48.74248	2.16486	1	2009-06-22:10:24:12	71
48.74333	2.16494	1	2009-06-22:10:24:12	71
48.74413	2.16503	1	2009-06-22:10:24:12	71
48.74494	2.16513	1	2009-06-22:10:24:12	71
48.74578	2.16521	1	2009-06-22:10:24:12	71
48.74655	2.16529	1	2009-06-22:10:24:12	71
48.74732	2.16538	1	2009-06-22:10:24:12	71
48.7481	2.16547	1	2009-06-22:10:24:12	71
48.74889	2.16557	1	2009-06-22:10:24:12	71
48.7497	2.16591	1	2009-06-22:10:24:12	71
48.75039	2.16651	1	2009-06-22:10:24:12	71
48.75113	2.16721	1	2009-06-22:10:24:12	71
48.75185	2.16786	1	2009-06-22:10:24:12	71
48.75256	2.16852	1	2009-06-22:10:24:12	71
48.75323	2.16913	1	2009-06-22:10:24:12	71
48.75392	2.16977	1	2009-06-22:10:24:12	71
48.75457	2.17039	1	2009-06-22:10:24:12	71
48.75531	2.17103	1	2009-06-22:10:24:12	71
48.756	2.17166	1	2009-06-22:10:24:12	71
48.75672	2.17234	1	2009-06-22:10:24:12	71
48.75742	2.17297	1	2009-06-22:10:24:12	71
48.75816	2.17357	1	2009-06-22:10:24:12	71
48.75866	2.17458	1	2009-06-22:10:24:12	71
48.75927	2.17549	1	2009-06-22:10:24:12	71
48.76008	2.17594	1	2009-06-22:10:24:12	71
48.76086	2.17537	1	2009-06-22:10:24:12	71
48.76114	2.17423	1	2009-06-22:10:24:12	71
48.76119	2.17298	1	2009-06-22:10:24:12	71
48.76136	2.17181	1	2009-06-22:10:24:12	71
48.76187	2.17083	1	2009-06-22:10:24:12	71
48.76229	2.16963	1	2009-06-22:10:24:12	71
48.76257	2.16855	1	2009-06-22:10:24:12	71
48.76277	2.16797	1	2009-06-22:10:24:12	71
48.76343	2.16744	1	2009-06-22:10:24:12	71
48.76376	2.16649	1	2009-06-22:10:24:12	71
48.76389	2.1653	1	2009-06-22:10:24:12	71
48.76397	2.16412	1	2009-06-22:10:24:12	71
48.76403	2.16297	1	2009-06-22:10:24:12	71
48.76415	2.16184	1	2009-06-22:10:24:12	71
48.76466	2.16111	1	2009-06-22:10:24:12	71
48.76522	2.16142	1	2009-06-22:10:24:12	71
48.76517	2.16261	1	2009-06-22:10:24:12	71
48.76513	2.16384	1	2009-06-22:10:24:12	71
48.76508	2.16507	1	2009-06-22:10:24:12	71
48.76497	2.16625	1	2009-06-22:10:24:12	71
48.76488	2.16748	1	2009-06-22:10:24:12	71
48.76482	2.1687	1	2009-06-22:10:24:12	71
48.76476	2.16991	1	2009-06-22:10:24:12	71
48.76451	2.171	1	2009-06-22:10:24:12	71
48.76424	2.17215	1	2009-06-22:10:24:12	71
48.76408	2.17334	1	2009-06-22:10:24:12	71
48.76435	2.17452	1	2009-06-22:10:24:12	71
48.76486	2.17549	1	2009-06-22:10:24:12	71
48.76523	2.17647	1	2009-06-22:10:24:12	71
48.7653	2.17764	1	2009-06-22:10:24:12	71
48.76543	2.17884	1	2009-06-22:10:24:12	71
48.76593	2.17958	1	2009-06-22:10:24:12	71
48.76643	2.18051	1	2009-06-22:10:24:12	71
48.76648	2.18101	1	2009-06-22:10:24:12	71
48.76647	2.18103	1	2009-06-22:10:24:12	71
48.76645	2.18104	1	2009-06-22:10:24:12	71
48.76644	2.18106	1	2009-06-22:10:24:12	71
48.76643	2.18108	1	2009-06-22:10:24:12	71
48.76641	2.18108	1	2009-06-22:10:24:12	71
48.76641	2.1811	1	2009-06-22:10:24:12	71
48.76639	2.18112	1	2009-06-22:10:24:12	71
48.76637	2.18112	1	2009-06-22:10:24:12	71
48.76636	2.1811	1	2009-06-22:10:24:12	71
48.76636	2.18108	1	2009-06-22:10:24:12	71
48.76635	2.18106	1	2009-06-22:10:24:12	71
48.76636	2.18103	1	2009-06-22:10:24:12	71
48.76637	2.18101	1	2009-06-22:10:24:12	71
48.76639	2.18095	1	2009-06-22:10:24:12	71
48.76639	2.18093	1	2009-06-22:10:24:12	71
48.76641	2.18092	1	2009-06-22:10:24:12	71
48.76643	2.18092	1	2009-06-22:10:24:12	71
48.76645	2.18091	1	2009-06-22:10:24:12	71
48.76647	2.1809	1	2009-06-22:10:24:12	71
48.76647	2.18092	1	2009-06-22:10:24:12	71
48.76645	2.18094	1	2009-06-22:10:24:12	71
48.76624	2.18131	1	2009-06-22:10:24:12	71
48.76643	2.1809	1	2009-06-23:16:32:10	72
48.76645	2.18223	1	2009-06-23:16:32:10	72
48.76622	2.18341	1	2009-06-23:16:32:10	72
48.76648	2.18473	1	2009-06-23:16:32:10	72
48.76597	2.18578	1	2009-06-23:16:32:10	72
48.7654	2.18661	1	2009-06-23:16:32:10	72
48.76413	2.18642	1	2009-06-23:16:32:10	72
48.76341	2.1874	1	2009-06-23:16:32:10	72
48.76303	2.18894	1	2009-06-23:16:32:10	72
48.76288	2.19027	1	2009-06-23:16:32:10	72
48.76257	2.19201	1	2009-06-23:16:32:10	72
48.76208	2.19352	1	2009-06-23:16:32:10	72
48.76166	2.19475	1	2009-06-23:16:32:10	72
48.76151	2.19626	1	2009-06-23:16:32:10	72
48.76111	2.19764	1	2009-06-23:16:32:10	72
48.76012	2.1974	1	2009-06-23:16:32:10	72
48.75955	2.19818	1	2009-06-23:16:32:10	72
48.75862	2.19957	1	2009-06-23:16:32:10	72
48.75798	2.20091	1	2009-06-23:16:32:10	72
48.75728	2.20164	1	2009-06-23:16:32:10	72
48.75668	2.20271	1	2009-06-23:16:32:10	72
48.75656	2.20423	1	2009-06-23:16:32:10	72
48.75631	2.20584	1	2009-06-23:16:32:10	72
48.75644	2.20727	1	2009-06-23:16:32:10	72
48.75634	2.20856	1	2009-06-23:16:32:10	72
48.75648	2.20988	1	2009-06-23:16:32:10	72
48.75676	2.211	1	2009-06-23:16:32:10	72
48.75608	2.21214	1	2009-06-23:16:32:10	72
48.75534	2.21314	1	2009-06-23:16:32:10	72
48.75503	2.21456	1	2009-06-23:16:32:10	72
48.75508	2.21583	1	2009-06-23:16:32:10	72
48.75559	2.21688	1	2009-06-23:16:32:10	72
48.75604	2.21768	1	2009-06-23:16:32:10	72
48.75654	2.21817	1	2009-06-23:16:32:10	72
48.75731	2.2188	1	2009-06-23:16:32:10	72
48.75799	2.21936	1	2009-06-23:16:32:10	72
48.75874	2.21998	1	2009-06-23:16:32:10	72
48.75944	2.2206	1	2009-06-23:16:32:10	72
48.76015	2.22137	1	2009-06-23:16:32:10	72
48.76084	2.22214	1	2009-06-23:16:32:10	72
48.76147	2.22302	1	2009-06-23:16:32:10	72
48.76193	2.22407	1	2009-06-23:16:32:10	72
48.76256	2.22482	1	2009-06-23:16:32:10	72
48.76318	2.2257	1	2009-06-23:16:32:10	72
48.76377	2.22654	1	2009-06-23:16:32:10	72
48.76442	2.22723	1	2009-06-23:16:32:10	72
48.76513	2.22796	1	2009-06-23:16:32:10	72
48.76581	2.22871	1	2009-06-23:16:32:10	72
48.76651	2.22951	1	2009-06-23:16:32:10	72
48.76692	2.2305	1	2009-06-23:16:32:10	72
48.76781	2.23035	1	2009-06-23:16:32:10	72
48.76867	2.23025	1	2009-06-23:16:32:10	72
48.76952	2.23031	1	2009-06-23:16:32:10	72
48.77038	2.22996	1	2009-06-23:16:32:10	72
48.77116	2.22954	1	2009-06-23:16:32:10	72
48.77193	2.22934	1	2009-06-23:16:32:10	72
48.77274	2.22923	1	2009-06-23:16:32:10	72
48.7736	2.22909	1	2009-06-23:16:32:10	72
48.77444	2.22897	1	2009-06-23:16:32:10	72
48.77534	2.22886	1	2009-06-23:16:32:10	72
48.77615	2.2292	1	2009-06-23:16:32:10	72
48.77657	2.23041	1	2009-06-23:16:32:10	72
48.77715	2.23144	1	2009-06-23:16:32:10	72
48.77762	2.23249	1	2009-06-23:16:32:10	72
48.77795	2.23334	1	2009-06-23:16:32:10	72
48.77842	2.2344	1	2009-06-23:16:32:10	72
48.77878	2.23553	1	2009-06-23:16:32:10	72
48.77929	2.2366	1	2009-06-23:16:32:10	72
48.77975	2.23767	1	2009-06-23:16:32:10	72
48.7802	2.23882	1	2009-06-23:16:32:10	72
48.78063	2.2399	1	2009-06-23:16:32:10	72
48.78108	2.24092	1	2009-06-23:16:32:10	72
48.78149	2.24198	1	2009-06-23:16:32:10	72
48.78194	2.24305	1	2009-06-23:16:32:10	72
48.78235	2.24414	1	2009-06-23:16:32:10	72
48.78281	2.24519	1	2009-06-23:16:32:10	72
48.78327	2.24634	1	2009-06-23:16:32:10	72
48.78374	2.24749	1	2009-06-23:16:32:10	72
48.78421	2.2486	1	2009-06-23:16:32:10	72
48.78463	2.2497	1	2009-06-23:16:32:10	72
48.78507	2.25074	1	2009-06-23:16:32:10	72
48.78547	2.2518	1	2009-06-23:16:32:10	72
48.78592	2.25286	1	2009-06-23:16:32:10	72
48.78636	2.25393	1	2009-06-23:16:32:10	72
48.7868	2.25493	1	2009-06-23:16:32:10	72
48.78724	2.25602	1	2009-06-23:16:32:10	72
48.78771	2.25713	1	2009-06-23:16:32:10	72
48.78817	2.25822	1	2009-06-23:16:32:10	72
48.7886	2.25931	1	2009-06-23:16:32:10	72
48.78905	2.26039	1	2009-06-23:16:32:10	72
48.78946	2.26152	1	2009-06-23:16:32:10	72
48.78988	2.2626	1	2009-06-23:16:32:10	72
48.79031	2.26363	1	2009-06-23:16:32:10	72
48.79076	2.26466	1	2009-06-23:16:32:10	72
48.79118	2.2657	1	2009-06-23:16:32:10	72
48.79162	2.26678	1	2009-06-23:16:32:10	72
48.79207	2.2678	1	2009-06-23:16:32:10	72
48.79247	2.26886	1	2009-06-23:16:32:10	72
48.7929	2.26988	1	2009-06-23:16:32:10	72
48.79338	2.27088	1	2009-06-23:16:32:10	72
48.79392	2.27189	1	2009-06-23:16:32:10	72
48.79451	2.27286	1	2009-06-23:16:32:10	72
48.79505	2.27382	1	2009-06-23:16:32:10	72
48.79558	2.27474	1	2009-06-23:16:32:10	72
48.79609	2.27566	1	2009-06-23:16:32:10	72
48.79675	2.2768	1	2009-06-23:16:32:10	72
48.79738	2.27777	1	2009-06-23:16:32:10	72
48.79796	2.27873	1	2009-06-23:16:32:10	72
48.79846	2.27963	1	2009-06-23:16:32:10	72
48.79896	2.28052	1	2009-06-23:16:32:10	72
48.79945	2.28148	1	2009-06-23:16:32:10	72
48.80006	2.28242	1	2009-06-23:16:32:10	72
48.80058	2.28343	1	2009-06-23:16:32:10	72
48.80112	2.28418	1	2009-06-23:16:32:10	72
48.80167	2.28512	1	2009-06-23:16:32:10	72
48.8022	2.28597	1	2009-06-23:16:32:10	72
48.80277	2.28692	1	2009-06-23:16:32:10	72
48.80342	2.28775	1	2009-06-23:16:32:10	72
48.80387	2.28876	1	2009-06-23:16:32:10	72
48.80451	2.28967	1	2009-06-23:16:32:10	72
48.80511	2.29053	1	2009-06-23:16:32:10	72
48.80571	2.29141	1	2009-06-23:16:32:10	72
48.80623	2.29241	1	2009-06-23:16:32:10	72
48.80681	2.2934	1	2009-06-23:16:32:10	72
48.80734	2.29437	1	2009-06-23:16:32:10	72
48.80783	2.29533	1	2009-06-23:16:32:10	72
48.80827	2.29633	1	2009-06-23:16:32:10	72
48.80889	2.29713	1	2009-06-23:16:32:10	72
48.80936	2.29816	1	2009-06-23:16:32:10	72
48.81004	2.29882	1	2009-06-23:16:32:10	72
48.81067	2.29959	1	2009-06-23:16:32:10	72
48.81135	2.30026	1	2009-06-23:16:32:10	72
48.81156	2.30084	1	2009-06-23:16:32:10	72
48.81121	2.30184	1	2009-06-23:16:32:10	72
48.81125	2.30291	1	2009-06-23:16:32:10	72
48.8118	2.30382	1	2009-06-23:16:32:10	72
48.81236	2.30472	1	2009-06-23:16:32:10	72
48.81293	2.30559	1	2009-06-23:16:32:10	72
48.8134	2.30657	1	2009-06-23:16:32:10	72
48.81405	2.30731	1	2009-06-23:16:32:10	72
48.81452	2.30822	1	2009-06-23:16:32:10	72
48.81497	2.30923	1	2009-06-23:16:32:10	72
48.81546	2.31016	1	2009-06-23:16:32:10	72
48.81596	2.3111	1	2009-06-23:16:32:10	72
48.81637	2.31215	1	2009-06-23:16:32:10	72
48.8166	2.31328	1	2009-06-23:16:32:10	72
48.81699	2.31441	1	2009-06-23:16:32:10	72
48.81734	2.31558	1	2009-06-23:16:32:10	72
48.81769	2.31668	1	2009-06-23:16:32:10	72
48.81801	2.31783	1	2009-06-23:16:32:10	72
48.81835	2.31901	1	2009-06-23:16:32:10	72
48.81839	2.32029	1	2009-06-23:16:32:10	72
48.81822	2.32151	1	2009-06-23:16:32:10	72
48.81812	2.3225	1	2009-06-23:16:32:10	72
48.81811	2.32372	1	2009-06-23:16:32:10	72
48.81787	2.32483	1	2009-06-23:16:32:10	72
48.81736	2.32552	1	2009-06-23:16:32:10	72
48.81724	2.32668	1	2009-06-23:16:32:10	72
48.81718	2.32792	1	2009-06-23:16:32:10	72
48.81708	2.32915	1	2009-06-23:16:32:10	72
48.81703	2.33037	1	2009-06-23:16:32:10	72
48.81702	2.33163	1	2009-06-23:16:32:10	72
48.81747	2.3324	1	2009-06-23:16:32:10	72
48.8186	2.33283	1	2009-06-23:16:32:10	72
48.81934	2.33337	1	2009-06-23:16:32:10	72
48.82015	2.33377	1	2009-06-23:16:32:10	72
48.82092	2.33413	1	2009-06-23:16:32:10	72
48.82098	2.33519	1	2009-06-23:16:32:10	72
48.8207	2.33633	1	2009-06-23:16:32:10	72
48.82047	2.33752	1	2009-06-23:16:32:10	72
48.82018	2.33868	1	2009-06-23:16:32:10	72
48.81991	2.33983	1	2009-06-23:16:32:10	72
48.81959	2.34096	1	2009-06-23:16:32:10	72
48.82006	2.34161	1	2009-06-23:16:32:10	72
48.82086	2.34137	1	2009-06-23:16:32:10	72
48.82162	2.3416	1	2009-06-23:16:32:10	72
48.82166	2.34259	1	2009-06-23:16:32:10	72
48.82155	2.34345	1	2009-06-23:16:32:10	72
48.82179	2.34458	1	2009-06-23:16:32:10	72
48.82218	2.34562	1	2009-06-23:16:32:10	72
48.8224	2.34627	1	2009-06-23:16:32:10	72
48.82238	2.34619	1	2009-06-23:16:32:10	72
48.82254	2.34644	1	2009-06-23:16:32:10	72
48.82241	2.34656	1	2009-06-23:16:32:10	72
48.8224	2.34637	1	2009-06-23:16:32:10	72
48.82244	2.34613	1	2009-06-23:16:32:10	72
48.82232	2.34629	1	2009-06-23:16:32:10	72
48.82237	2.34638	1	2009-06-23:16:32:10	72
48.82237	2.34649	1	2009-06-23:16:32:10	72
48.8226	2.34712	1	2009-06-23:16:32:10	72
48.82325	2.34782	1	2009-06-23:16:32:10	72
48.82393	2.34851	1	2009-06-23:16:32:10	72
48.82456	2.34929	1	2009-06-23:16:32:10	72
48.82524	2.34992	1	2009-06-23:16:32:10	72
48.82589	2.35056	1	2009-06-23:16:32:10	72
48.8265	2.35132	1	2009-06-23:16:32:10	72
48.82717	2.35195	1	2009-06-23:16:32:10	72
48.82757	2.35218	1	2009-06-23:16:32:10	72
48.8281	2.35205	1	2009-06-23:16:32:10	72
48.82828	2.35194	1	2009-06-23:16:32:10	72
48.82817	2.35189	1	2009-06-23:16:32:10	72
48.82803	2.35116	1	2009-06-23:16:32:10	72
48.82777	2.35001	1	2009-06-23:16:32:10	72
48.8277	2.34878	1	2009-06-23:16:32:10	72
48.827	2.34816	1	2009-06-23:16:32:10	72
48.82626	2.34764	1	2009-06-23:16:32:10	72
48.82576	2.3468	1	2009-06-23:16:32:10	72
48.82502	2.3466	1	2009-06-23:16:32:10	72
48.82433	2.34597	1	2009-06-23:16:32:10	72
48.82392	2.34509	1	2009-06-23:16:32:10	72
48.82331	2.34472	1	2009-06-23:16:32:10	72
48.82261	2.34415	1	2009-06-23:16:32:10	72
48.8223	2.34315	1	2009-06-23:16:32:10	72
48.82162	2.34273	1	2009-06-23:16:32:10	72
48.82092	2.3429	1	2009-06-23:16:32:10	72
48.82143	2.34308	1	2009-06-23:16:32:10	72
48.82182	2.3441	1	2009-06-23:16:32:10	72
48.82195	2.34522	1	2009-06-23:16:32:10	72
48.82218	2.34635	1	2009-06-23:16:32:10	72
48.82252	2.34731	1	2009-06-23:16:32:10	72
48.8225	2.34644	1	2009-06-23:16:32:10	72
48.82203	2.3455	1	2009-06-23:16:32:10	72
48.82185	2.34438	1	2009-06-23:16:32:10	72
48.82177	2.34317	1	2009-06-23:16:32:10	72
48.82127	2.34259	1	2009-06-23:16:32:10	72
48.8206	2.34272	1	2009-06-23:16:32:10	72
48.81993	2.34214	1	2009-06-23:16:32:10	72
48.81973	2.34104	1	2009-06-23:16:32:10	72
48.81992	2.34009	1	2009-06-23:16:32:10	72
48.81994	2.34006	1	2009-06-23:16:32:10	72
48.81995	2.34002	1	2009-06-23:16:32:10	72
48.81995	2.33998	1	2009-06-23:16:32:10	72
48.81996	2.33995	1	2009-06-23:16:32:10	72
48.81996	2.33992	1	2009-06-23:16:32:10	72
48.81997	2.3399	1	2009-06-23:16:32:10	72
48.81997	2.33988	1	2009-06-23:16:32:10	72
48.81997	2.33986	1	2009-06-23:16:32:10	72
48.82	2.33985	1	2009-06-23:16:32:10	72
48.82002	2.33983	1	2009-06-23:16:32:10	72
48.82004	2.33982	1	2009-06-23:16:32:10	72
48.82007	2.33981	1	2009-06-23:16:32:10	72
48.82013	2.33983	1	2009-06-23:16:32:10	72
48.82014	2.33986	1	2009-06-23:16:32:10	72
48.82013	2.33988	1	2009-06-23:16:32:10	72
48.82012	2.3399	1	2009-06-23:16:32:10	72
48.82011	2.33988	1	2009-06-23:16:32:10	72
48.8201	2.33993	1	2009-06-23:16:32:10	72
48.82008	2.33994	1	2009-06-23:16:32:10	72
48.82006	2.33994	1	2009-06-23:16:32:10	72
48.82005	2.33996	1	2009-06-23:16:32:10	72
48.81998	2.33936	1	2009-06-23:16:32:10	72
48.81996	2.33955	1	2009-06-23:20:12:13	73
48.82078	2.33697	1	2009-06-23:20:12:13	73
48.82138	2.33433	1	2009-06-23:20:12:13	73
48.82189	2.3317	1	2009-06-23:20:12:13	73
48.82252	2.32923	1	2009-06-23:20:12:13	73
48.82314	2.32648	1	2009-06-23:20:12:13	73
48.82374	2.32399	1	2009-06-23:20:12:13	73
48.82425	2.32148	1	2009-06-23:20:12:13	73
48.82486	2.31882	1	2009-06-23:20:12:13	73
48.82542	2.31628	1	2009-06-23:20:12:13	73
48.82598	2.31393	1	2009-06-23:20:12:13	73
48.82655	2.31148	1	2009-06-23:20:12:13	73
48.82706	2.30904	1	2009-06-23:20:12:13	73
48.82763	2.30639	1	2009-06-23:20:12:13	73
48.82829	2.3033	1	2009-06-23:20:12:13	73
48.82892	2.30049	1	2009-06-23:20:12:13	73
48.82947	2.29803	1	2009-06-23:20:12:13	73
48.82989	2.29627	1	2009-06-23:20:12:13	73
48.83052	2.29391	1	2009-06-23:20:12:13	73
48.83135	2.29155	1	2009-06-23:20:12:13	73
48.83232	2.28951	1	2009-06-23:20:12:13	73
48.83321	2.28732	1	2009-06-23:20:12:13	73
48.83407	2.28518	1	2009-06-23:20:12:13	73
48.8349	2.28281	1	2009-06-23:20:12:13	73
48.83565	2.28052	1	2009-06-23:20:12:13	73
48.83621	2.27818	1	2009-06-23:20:12:13	73
48.83671	2.27558	1	2009-06-23:20:12:13	73
48.83735	2.27312	1	2009-06-23:20:12:13	73
48.83827	2.27085	1	2009-06-23:20:12:13	73
48.83928	2.26866	1	2009-06-23:20:12:13	73
48.84024	2.26666	1	2009-06-23:20:12:13	73
48.84042	2.26452	1	2009-06-23:20:12:13	73
48.83955	2.26304	1	2009-06-23:20:12:13	73
48.83894	2.2613	1	2009-06-23:20:12:13	73
48.83838	2.2589	1	2009-06-23:20:12:13	73
48.83823	2.25662	1	2009-06-23:20:12:13	73
48.83868	2.25426	1	2009-06-23:20:12:13	73
48.83869	2.25183	1	2009-06-23:20:12:13	73
48.83888	2.24942	1	2009-06-23:20:12:13	73
48.83912	2.24707	1	2009-06-23:20:12:13	73
48.83936	2.24462	1	2009-06-23:20:12:13	73
48.83966	2.2422	1	2009-06-23:20:12:13	73
48.83974	2.23974	1	2009-06-23:20:12:13	73
48.84001	2.23738	1	2009-06-23:20:12:13	73
48.84021	2.23484	1	2009-06-23:20:12:13	73
48.8406	2.23244	1	2009-06-23:20:12:13	73
48.84061	2.23028	1	2009-06-23:20:12:13	73
48.84	2.22864	1	2009-06-23:20:12:13	73
48.83842	2.22827	1	2009-06-23:20:12:13	73
48.83685	2.22797	1	2009-06-23:20:12:13	73
48.83522	2.22803	1	2009-06-23:20:12:13	73
48.83364	2.22865	1	2009-06-23:20:12:13	73
48.83211	2.22958	1	2009-06-23:20:12:13	73
48.8308	2.23097	1	2009-06-23:20:12:13	73
48.8297	2.23059	1	2009-06-23:20:12:13	73
48.82889	2.22843	1	2009-06-23:20:12:13	73
48.82826	2.22613	1	2009-06-23:20:12:13	73
48.82752	2.22394	1	2009-06-23:20:12:13	73
48.82698	2.22156	1	2009-06-23:20:12:13	73
48.82641	2.21921	1	2009-06-23:20:12:13	73
48.82563	2.21703	1	2009-06-23:20:12:13	73
48.82496	2.21471	1	2009-06-23:20:12:13	73
48.82432	2.21245	1	2009-06-23:20:12:13	73
48.82346	2.21046	1	2009-06-23:20:12:13	73
48.82251	2.20845	1	2009-06-23:20:12:13	73
48.82196	2.20617	1	2009-06-23:20:12:13	73
48.82156	2.20379	1	2009-06-23:20:12:13	73
48.82074	2.20162	1	2009-06-23:20:12:13	73
48.81965	2.19989	1	2009-06-23:20:12:13	73
48.8186	2.19812	1	2009-06-23:20:12:13	73
48.81741	2.19642	1	2009-06-23:20:12:13	73
48.81625	2.19466	1	2009-06-23:20:12:13	73
48.81484	2.19337	1	2009-06-23:20:12:13	73
48.81338	2.1924	1	2009-06-23:20:12:13	73
48.81176	2.19202	1	2009-06-23:20:12:13	73
48.81022	2.19128	1	2009-06-23:20:12:13	73
48.80955	2.18915	1	2009-06-23:20:12:13	73
48.80846	2.18728	1	2009-06-23:20:12:13	73
48.8071	2.18609	1	2009-06-23:20:12:13	73
48.80584	2.18467	1	2009-06-23:20:12:13	73
48.80522	2.18252	1	2009-06-23:20:12:13	73
48.80477	2.18025	1	2009-06-23:20:12:13	73
48.80443	2.17785	1	2009-06-23:20:12:13	73
48.80402	2.17552	1	2009-06-23:20:12:13	73
48.80403	2.17295	1	2009-06-23:20:12:13	73
48.80409	2.17054	1	2009-06-23:20:12:13	73
48.80394	2.16827	1	2009-06-23:20:12:13	73
48.80315	2.16621	1	2009-06-23:20:12:13	73
48.80213	2.16455	1	2009-06-23:20:12:13	73
48.80109	2.16277	1	2009-06-23:20:12:13	73
48.80002	2.16091	1	2009-06-23:20:12:13	73
48.79905	2.15914	1	2009-06-23:20:12:13	73
48.79852	2.15694	1	2009-06-23:20:12:13	73
48.79846	2.15454	1	2009-06-23:20:12:13	73
48.79969	2.15368	1	2009-06-23:20:12:13	73
48.80125	2.1535	1	2009-06-23:20:12:13	73
48.80231	2.15233	1	2009-06-23:20:12:13	73
48.80198	2.14988	1	2009-06-23:20:12:13	73
48.80148	2.14759	1	2009-06-23:20:12:13	73
48.80095	2.14528	1	2009-06-23:20:12:13	73
48.80075	2.14282	1	2009-06-23:20:12:13	73
48.79971	2.14093	1	2009-06-23:20:12:13	73
48.80005	2.13871	1	2009-06-23:20:12:13	73
48.80067	2.13639	1	2009-06-23:20:12:13	73
48.80122	2.13411	1	2009-06-23:20:12:13	73
48.80181	2.13183	1	2009-06-23:20:12:13	73
48.80266	2.12988	1	2009-06-23:20:12:13	73
48.8042	2.13047	1	2009-06-23:20:12:13	73
48.80565	2.13146	1	2009-06-23:20:12:13	73
48.80713	2.13243	1	2009-06-23:20:12:13	73
48.80857	2.13327	1	2009-06-23:20:12:13	73
48.80998	2.13428	1	2009-06-23:20:12:13	73
48.81147	2.13492	1	2009-06-23:20:12:13	73
48.81293	2.13582	1	2009-06-23:20:12:13	73
48.81371	2.13601	1	2009-06-23:20:12:13	73
48.81215	2.13551	1	2009-06-23:20:12:13	73
48.81065	2.13459	1	2009-06-23:20:12:13	73
48.8092	2.13367	1	2009-06-23:20:12:13	73
48.80916	2.13135	1	2009-06-23:20:12:13	73
48.80931	2.12889	1	2009-06-23:20:12:13	73
48.80954	2.12647	1	2009-06-23:20:12:13	73
48.80888	2.1251	1	2009-06-23:20:12:13	73
48.80824	2.12475	1	2009-06-23:20:12:13	73
48.80832	2.12561	1	2009-06-23:20:12:13	73
48.80778	2.12789	1	2009-06-23:20:12:13	73
48.80721	2.13019	1	2009-06-23:20:12:13	73
48.80809	2.13163	1	2009-06-23:20:12:13	73
48.80842	2.13225	1	2009-06-23:20:12:13	73
48.80842	2.13229	1	2009-06-23:20:12:13	73
48.80842	2.13233	1	2009-06-23:20:12:13	73
48.80841	2.13236	1	2009-06-23:20:12:13	73
48.80841	2.13239	1	2009-06-23:20:12:13	73
48.80841	2.13242	1	2009-06-23:20:12:13	73
48.8084	2.13245	1	2009-06-23:20:12:13	73
48.80839	2.13247	1	2009-06-23:20:12:13	73
48.8084	2.13249	1	2009-06-23:20:12:13	73
48.8084	2.13251	1	2009-06-23:20:12:13	73
48.8084	2.13254	1	2009-06-23:20:12:13	73
48.80839	2.13256	1	2009-06-23:20:12:13	73
48.80839	2.13258	1	2009-06-23:20:12:13	73
48.80839	2.1326	1	2009-06-23:20:12:13	73
48.80837	2.13263	1	2009-06-23:20:12:13	73
48.80837	2.13265	1	2009-06-23:20:12:13	73
48.80837	2.13268	1	2009-06-23:20:12:13	73
48.80837	2.13271	1	2009-06-23:20:12:13	73
48.80837	2.13275	1	2009-06-23:20:12:13	73
48.80836	2.13278	1	2009-06-23:20:12:13	73
48.80837	2.1328	1	2009-06-23:20:12:13	73
48.80836	2.13282	1	2009-06-23:20:12:13	73
48.80835	2.13284	1	2009-06-23:20:12:13	73
48.80869	2.13501	1	2009-06-23:22:03:48	74
48.80906	2.13447	1	2009-06-23:22:03:48	74
48.80865	2.1371	1	2009-06-23:22:03:48	74
48.80833	2.13971	1	2009-06-23:22:03:48	74
48.80822	2.14234	1	2009-06-23:22:03:48	74
48.80796	2.14495	1	2009-06-23:22:03:48	74
48.80717	2.14731	1	2009-06-23:22:03:48	74
48.80619	2.14971	1	2009-06-23:22:03:48	74
48.80528	2.1518	1	2009-06-23:22:03:48	74
48.80435	2.154	1	2009-06-23:22:03:48	74
48.80336	2.15624	1	2009-06-23:22:03:48	74
48.80213	2.15919	1	2009-06-23:22:03:48	74
48.80121	2.16192	1	2009-06-23:22:03:48	74
48.80188	2.16382	1	2009-06-23:22:03:48	74
48.80318	2.16587	1	2009-06-23:22:03:48	74
48.80402	2.16837	1	2009-06-23:22:03:48	74
48.80408	2.17066	1	2009-06-23:22:03:48	74
48.8042	2.17221	1	2009-06-23:22:03:48	74
48.80396	2.17478	1	2009-06-23:22:03:48	74
48.80432	2.17716	1	2009-06-23:22:03:48	74
48.8048	2.17942	1	2009-06-23:22:03:48	74
48.80532	2.18193	1	2009-06-23:22:03:48	74
48.80579	2.18428	1	2009-06-23:22:03:48	74
48.80728	2.18597	1	2009-06-23:22:03:48	74
48.80863	2.18744	1	2009-06-23:22:03:48	74
48.80968	2.18941	1	2009-06-23:22:03:48	74
48.81071	2.19152	1	2009-06-23:22:03:48	74
48.81236	2.19198	1	2009-06-23:22:03:48	74
48.81411	2.1928	1	2009-06-23:22:03:48	74
48.81568	2.19384	1	2009-06-23:22:03:48	74
48.8169	2.19539	1	2009-06-23:22:03:48	74
48.81808	2.19725	1	2009-06-23:22:03:48	74
48.81902	2.19857	1	2009-06-23:22:03:48	74
48.81998	2.20009	1	2009-06-23:22:03:48	74
48.82115	2.20195	1	2009-06-23:22:03:48	74
48.82179	2.20411	1	2009-06-23:22:03:48	74
48.82209	2.20657	1	2009-06-23:22:03:48	74
48.82289	2.2086	1	2009-06-23:22:03:48	74
48.82362	2.21079	1	2009-06-23:22:03:48	74
48.82439	2.21295	1	2009-06-23:22:03:48	74
48.82513	2.21492	1	2009-06-23:22:03:48	74
48.8258	2.21714	1	2009-06-23:22:03:48	74
48.82657	2.21943	1	2009-06-23:22:03:48	74
48.82707	2.22184	1	2009-06-23:22:03:48	74
48.82705	2.22415	1	2009-06-23:22:03:48	74
48.82781	2.22536	1	2009-06-23:22:03:48	74
48.82858	2.2277	1	2009-06-23:22:03:48	74
48.82911	2.23014	1	2009-06-23:22:03:48	74
48.82987	2.23226	1	2009-06-23:22:03:48	74
48.83056	2.23444	1	2009-06-23:22:03:48	74
48.83128	2.23633	1	2009-06-23:22:03:48	74
48.83204	2.23849	1	2009-06-23:22:03:48	74
48.83278	2.24098	1	2009-06-23:22:03:48	74
48.83346	2.24322	1	2009-06-23:22:03:48	74
48.83417	2.24491	1	2009-06-23:22:03:48	74
48.83487	2.24697	1	2009-06-23:22:03:48	74
48.83608	2.24849	1	2009-06-23:22:03:48	74
48.83593	2.25078	1	2009-06-23:22:03:48	74
48.83663	2.25326	1	2009-06-23:22:03:48	74
48.83662	2.25564	1	2009-06-23:22:03:48	74
48.83739	2.25707	1	2009-06-23:22:03:48	74
48.8374	2.2592	1	2009-06-23:22:03:48	74
48.83771	2.26129	1	2009-06-23:22:03:48	74
48.83871	2.26313	1	2009-06-23:22:03:48	74
48.83948	2.26452	1	2009-06-23:22:03:48	74
48.84073	2.26566	1	2009-06-23:22:03:48	74
48.84145	2.26779	1	2009-06-23:22:03:48	74
48.84195	2.26998	1	2009-06-23:22:03:48	74
48.8434	2.27107	1	2009-06-23:22:03:48	74
48.84468	2.27233	1	2009-06-23:22:03:48	74
48.84621	2.27334	1	2009-06-23:22:03:48	74
48.84685	2.2751	1	2009-06-23:22:03:48	74
48.84607	2.27735	1	2009-06-23:22:03:48	74
48.84634	2.27966	1	2009-06-23:22:03:48	74
48.84641	2.28181	1	2009-06-23:22:03:48	74
48.84638	2.28417	1	2009-06-23:22:03:48	74
48.84646	2.28625	1	2009-06-23:22:03:48	74
48.84614	2.28855	1	2009-06-23:22:03:48	74
48.8466	2.2908	1	2009-06-23:22:03:48	74
48.84675	2.29312	1	2009-06-23:22:03:48	74
48.84634	2.29533	1	2009-06-23:22:03:48	74
48.8469	2.2975	1	2009-06-23:22:03:48	74
48.8471	2.29983	1	2009-06-23:22:03:48	74
48.84766	2.30177	1	2009-06-23:22:03:48	74
48.8475	2.30414	1	2009-06-23:22:03:48	74
48.84671	2.30625	1	2009-06-23:22:03:48	74
48.8459	2.30837	1	2009-06-23:22:03:48	74
48.84536	2.31056	1	2009-06-23:22:03:48	74
48.84428	2.31213	1	2009-06-23:22:03:48	74
48.84307	2.31315	1	2009-06-23:22:03:48	74
48.84172	2.31441	1	2009-06-23:22:03:48	74
48.84113	2.3152	1	2009-06-23:22:03:48	74
48.84136	2.31732	1	2009-06-23:22:03:48	74
48.84154	2.31929	1	2009-06-23:22:03:48	74
48.842	2.32	1	2009-06-23:22:03:48	74
48.8426	2.32215	1	2009-06-23:22:03:48	74
48.84357	2.32352	1	2009-06-23:22:03:48	74
48.84463	2.3249	1	2009-06-23:22:03:48	74
48.84369	2.3267	1	2009-06-23:22:03:48	74
48.84263	2.32847	1	2009-06-23:22:03:48	74
48.84213	2.33073	1	2009-06-23:22:03:48	74
48.84145	2.33288	1	2009-06-23:22:03:48	74
48.84059	2.33505	1	2009-06-23:22:03:48	74
48.83978	2.33681	1	2009-06-23:22:03:48	74
48.83936	2.33881	1	2009-06-23:22:03:48	74
48.83845	2.34067	1	2009-06-23:22:03:48	74
48.83804	2.34295	1	2009-06-23:22:03:48	74
48.83778	2.34516	1	2009-06-23:22:03:48	74
48.83737	2.34744	1	2009-06-23:22:03:48	74
48.83695	2.34981	1	2009-06-23:22:03:48	74
48.83669	2.35185	1	2009-06-23:22:03:48	74
48.83764	2.35375	1	2009-06-23:22:03:48	74
48.83821	2.35546	1	2009-06-23:22:03:48	74
48.83789	2.35716	1	2009-06-23:22:03:48	74
48.8366	2.35863	1	2009-06-23:22:03:48	74
48.83626	2.35902	1	2009-06-23:22:03:48	74
48.83486	2.35789	1	2009-06-23:22:03:48	74
48.83338	2.35674	1	2009-06-23:22:03:48	74
48.83201	2.35541	1	2009-06-23:22:03:48	74
48.83061	2.35469	1	2009-06-23:22:03:48	74
48.82927	2.35341	1	2009-06-23:22:03:48	74
48.82785	2.35239	1	2009-06-23:22:03:48	74
48.82659	2.35097	1	2009-06-23:22:03:48	74
48.82526	2.34969	1	2009-06-23:22:03:48	74
48.82392	2.34855	1	2009-06-23:22:03:48	74
48.82253	2.34739	1	2009-06-23:22:03:48	74
48.82187	2.34525	1	2009-06-23:22:03:48	74
48.82137	2.34302	1	2009-06-23:22:03:48	74
48.81992	2.34284	1	2009-06-23:22:03:48	74
48.81977	2.34044	1	2009-06-23:22:03:48	74
48.81978	2.34041	1	2009-06-23:22:03:48	74
48.81979	2.34037	1	2009-06-23:22:03:48	74
48.81979	2.34033	1	2009-06-23:22:03:48	74
48.8198	2.3403	1	2009-06-23:22:03:48	74
48.81981	2.34027	1	2009-06-23:22:03:48	74
48.81982	2.34024	1	2009-06-23:22:03:48	74
48.81982	2.34021	1	2009-06-23:22:03:48	74
48.81983	2.34017	1	2009-06-23:22:03:48	74
48.81984	2.34013	1	2009-06-23:22:03:48	74
48.81985	2.34009	1	2009-06-23:22:03:48	74
48.81986	2.34005	1	2009-06-23:22:03:48	74
48.81987	2.34001	1	2009-06-23:22:03:48	74
48.81987	2.33998	1	2009-06-23:22:03:48	74
48.81988	2.33995	1	2009-06-23:22:03:48	74
48.81989	2.33992	1	2009-06-23:22:03:48	74
48.81989	2.3399	1	2009-06-23:22:03:48	74
48.81989	2.33987	1	2009-06-23:22:03:48	74
48.81989	2.33985	1	2009-06-23:22:03:48	74
48.8199	2.33983	1	2009-06-23:22:03:48	74
48.81989	2.33981	1	2009-06-23:22:03:48	74
48.81989	2.33979	1	2009-06-23:22:03:48	74
48.81992	2.33979	1	2009-06-23:22:03:48	74
48.81994	2.3398	1	2009-06-23:22:03:48	74
48.84227	2.3443	1	2009-06-24:11:03:54	75
48.84247	2.34267	1	2009-06-24:11:03:54	75
48.84264	2.34152	1	2009-06-24:11:03:54	75
48.84226	2.34117	1	2009-06-24:11:03:54	75
48.84098	2.3408	1	2009-06-24:11:03:54	75
48.839	2.33983	1	2009-06-24:11:03:54	75
48.83849	2.33949	1	2009-06-24:11:03:54	75
48.83766	2.339	1	2009-06-24:11:03:54	75
48.83694	2.33834	1	2009-06-24:11:03:54	75
48.83609	2.33771	1	2009-06-24:11:03:54	75
48.83525	2.3373	1	2009-06-24:11:03:54	75
48.8344	2.33672	1	2009-06-24:11:03:54	75
48.83348	2.33622	1	2009-06-24:11:03:54	75
48.83265	2.33577	1	2009-06-24:11:03:54	75
48.83177	2.33521	1	2009-06-24:11:03:54	75
48.831	2.33449	1	2009-06-24:11:03:54	75
48.83019	2.334	1	2009-06-24:11:03:54	75
48.83017	2.33261	1	2009-06-24:11:03:54	75
48.83011	2.33125	1	2009-06-24:11:03:54	75
48.8298	2.33036	1	2009-06-24:11:03:54	75
48.82966	2.32904	1	2009-06-24:11:03:54	75
48.82908	2.32808	1	2009-06-24:11:03:54	75
48.8283	2.32736	1	2009-06-24:11:03:54	75
48.82774	2.32655	1	2009-06-24:11:03:54	75
48.82718	2.32548	1	2009-06-24:11:03:54	75
48.82643	2.32485	1	2009-06-24:11:03:54	75
48.8261	2.32358	1	2009-06-24:11:03:54	75
48.82582	2.32222	1	2009-06-24:11:03:54	75
48.82544	2.3211	1	2009-06-24:11:03:54	75
48.82486	2.32015	1	2009-06-24:11:03:54	75
48.82446	2.31895	1	2009-06-24:11:03:54	75
48.82392	2.31784	1	2009-06-24:11:03:54	75
48.82377	2.31685	1	2009-06-24:11:03:54	75
48.82326	2.31595	1	2009-06-24:11:03:54	75
48.8228	2.31482	1	2009-06-24:11:03:54	75
48.82218	2.31389	1	2009-06-24:11:03:54	75
48.82152	2.31311	1	2009-06-24:11:03:54	75
48.82084	2.31221	1	2009-06-24:11:03:54	75
48.82014	2.31149	1	2009-06-24:11:03:54	75
48.81955	2.31061	1	2009-06-24:11:03:54	75
48.81895	2.30961	1	2009-06-24:11:03:54	75
48.81825	2.30878	1	2009-06-24:11:03:54	75
48.81762	2.3079	1	2009-06-24:11:03:54	75
48.81694	2.30704	1	2009-06-24:11:03:54	75
48.81631	2.30626	1	2009-06-24:11:03:54	75
48.81588	2.30526	1	2009-06-24:11:03:54	75
48.8153	2.30432	1	2009-06-24:11:03:54	75
48.81472	2.30347	1	2009-06-24:11:03:54	75
48.81408	2.30271	1	2009-06-24:11:03:54	75
48.81342	2.30192	1	2009-06-24:11:03:54	75
48.81269	2.30119	1	2009-06-24:11:03:54	75
48.81194	2.30064	1	2009-06-24:11:03:54	75
48.81128	2.29991	1	2009-06-24:11:03:54	75
48.81054	2.29914	1	2009-06-24:11:03:54	75
48.80982	2.2988	1	2009-06-24:11:03:54	75
48.80927	2.29796	1	2009-06-24:11:03:54	75
48.80876	2.29694	1	2009-06-24:11:03:54	75
48.80821	2.29598	1	2009-06-24:11:03:54	75
48.8076	2.29509	1	2009-06-24:11:03:54	75
48.80717	2.29395	1	2009-06-24:11:03:54	75
48.80662	2.29297	1	2009-06-24:11:03:54	75
48.80607	2.29203	1	2009-06-24:11:03:54	75
48.80552	2.29105	1	2009-06-24:11:03:54	75
48.80497	2.29004	1	2009-06-24:11:03:54	75
48.80468	2.28958	1	2009-06-24:11:03:54	75
48.80425	2.28892	1	2009-06-24:11:03:54	75
48.8037	2.28808	1	2009-06-24:11:03:54	75
48.80316	2.28709	1	2009-06-24:11:03:54	75
48.80256	2.28621	1	2009-06-24:11:03:54	75
48.80196	2.28527	1	2009-06-24:11:03:54	75
48.80133	2.28436	1	2009-06-24:11:03:54	75
48.8008	2.2834	1	2009-06-24:11:03:54	75
48.80023	2.28248	1	2009-06-24:11:03:54	75
48.79974	2.28145	1	2009-06-24:11:03:54	75
48.79911	2.28047	1	2009-06-24:11:03:54	75
48.7985	2.27947	1	2009-06-24:11:03:54	75
48.79785	2.27859	1	2009-06-24:11:03:54	75
48.7973	2.27763	1	2009-06-24:11:03:54	75
48.79665	2.27675	1	2009-06-24:11:03:54	75
48.7961	2.27578	1	2009-06-24:11:03:54	75
48.79561	2.27477	1	2009-06-24:11:03:54	75
48.79517	2.27375	1	2009-06-24:11:03:54	75
48.79458	2.27272	1	2009-06-24:11:03:54	75
48.794	2.27177	1	2009-06-24:11:03:54	75
48.79347	2.27082	1	2009-06-24:11:03:54	75
48.79297	2.26986	1	2009-06-24:11:03:54	75
48.79257	2.26888	1	2009-06-24:11:03:54	75
48.79217	2.26773	1	2009-06-24:11:03:54	75
48.79171	2.26669	1	2009-06-24:11:03:54	75
48.79128	2.26566	1	2009-06-24:11:03:54	75
48.79087	2.26463	1	2009-06-24:11:03:54	75
48.79044	2.26355	1	2009-06-24:11:03:54	75
48.79001	2.26244	1	2009-06-24:11:03:54	75
48.78955	2.26143	1	2009-06-24:11:03:54	75
48.78915	2.26035	1	2009-06-24:11:03:54	75
48.78869	2.25931	1	2009-06-24:11:03:54	75
48.78824	2.25828	1	2009-06-24:11:03:54	75
48.78781	2.25722	1	2009-06-24:11:03:54	75
48.78743	2.25622	1	2009-06-24:11:03:54	75
48.78699	2.25517	1	2009-06-24:11:03:54	75
48.78658	2.25404	1	2009-06-24:11:03:54	75
48.78616	2.25296	1	2009-06-24:11:03:54	75
48.78573	2.25196	1	2009-06-24:11:03:54	75
48.78527	2.25092	1	2009-06-24:11:03:54	75
48.78485	2.24988	1	2009-06-24:11:03:54	75
48.7844	2.24879	1	2009-06-24:11:03:54	75
48.78402	2.24772	1	2009-06-24:11:03:54	75
48.7836	2.24666	1	2009-06-24:11:03:54	75
48.78315	2.24562	1	2009-06-24:11:03:54	75
48.78267	2.24459	1	2009-06-24:11:03:54	75
48.78225	2.24352	1	2009-06-24:11:03:54	75
48.78183	2.24241	1	2009-06-24:11:03:54	75
48.7814	2.2414	1	2009-06-24:11:03:54	75
48.78095	2.24039	1	2009-06-24:11:03:54	75
48.78055	2.2393	1	2009-06-24:11:03:54	75
48.78011	2.23828	1	2009-06-24:11:03:54	75
48.77965	2.23724	1	2009-06-24:11:03:54	75
48.77922	2.23617	1	2009-06-24:11:03:54	75
48.77881	2.23509	1	2009-06-24:11:03:54	75
48.77839	2.23405	1	2009-06-24:11:03:54	75
48.77791	2.23295	1	2009-06-24:11:03:54	75
48.77744	2.23184	1	2009-06-24:11:03:54	75
48.7771	2.23069	1	2009-06-24:11:03:54	75
48.77658	2.22973	1	2009-06-24:11:03:54	75
48.77602	2.22884	1	2009-06-24:11:03:54	75
48.7752	2.22868	1	2009-06-24:11:03:54	75
48.77434	2.2288	1	2009-06-24:11:03:54	75
48.77395	2.22885	1	2009-06-24:11:03:54	75
48.77357	2.2289	1	2009-06-24:11:03:54	75
48.77319	2.22896	1	2009-06-24:11:03:54	75
48.77272	2.229	1	2009-06-24:11:03:54	75
48.77188	2.22912	1	2009-06-24:11:03:54	75
48.77113	2.22918	1	2009-06-24:11:03:54	75
48.77019	2.22933	1	2009-06-24:11:03:54	75
48.76945	2.22919	1	2009-06-24:11:03:54	75
48.76871	2.22955	1	2009-06-24:11:03:54	75
48.76789	2.22959	1	2009-06-24:11:03:54	75
48.76705	2.22954	1	2009-06-24:11:03:54	75
48.76628	2.22925	1	2009-06-24:11:03:54	75
48.76564	2.22852	1	2009-06-24:11:03:54	75
48.76501	2.22784	1	2009-06-24:11:03:54	75
48.76437	2.22711	1	2009-06-24:11:03:54	75
48.76372	2.22639	1	2009-06-24:11:03:54	75
48.76315	2.22556	1	2009-06-24:11:03:54	75
48.7626	2.22475	1	2009-06-24:11:03:54	75
48.76197	2.2241	1	2009-06-24:11:03:54	75
48.76156	2.22309	1	2009-06-24:11:03:54	75
48.76094	2.22223	1	2009-06-24:11:03:54	75
48.76033	2.22151	1	2009-06-24:11:03:54	75
48.75974	2.22078	1	2009-06-24:11:03:54	75
48.75907	2.22018	1	2009-06-24:11:03:54	75
48.7584	2.21958	1	2009-06-24:11:03:54	75
48.75768	2.21893	1	2009-06-24:11:03:54	75
48.75698	2.21839	1	2009-06-24:11:03:54	75
48.75629	2.21786	1	2009-06-24:11:03:54	75
48.75574	2.21711	1	2009-06-24:11:03:54	75
48.75529	2.2161	1	2009-06-24:11:03:54	75
48.7549	2.2151	1	2009-06-24:11:03:54	75
48.75504	2.21393	1	2009-06-24:11:03:54	75
48.75553	2.21302	1	2009-06-24:11:03:54	75
48.75617	2.21229	1	2009-06-24:11:03:54	75
48.75668	2.21139	1	2009-06-24:11:03:54	75
48.75685	2.21027	1	2009-06-24:11:03:54	75
48.75639	2.20935	1	2009-06-24:11:03:54	75
48.75637	2.20815	1	2009-06-24:11:03:54	75
48.75643	2.20697	1	2009-06-24:11:03:54	75
48.75636	2.20575	1	2009-06-24:11:03:54	75
48.75652	2.20464	1	2009-06-24:11:03:54	75
48.75665	2.20347	1	2009-06-24:11:03:54	75
48.75681	2.20226	1	2009-06-24:11:03:54	75
48.75741	2.20166	1	2009-06-24:11:03:54	75
48.75798	2.20084	1	2009-06-24:11:03:54	75
48.75846	2.19999	1	2009-06-24:11:03:54	75
48.7588	2.19898	1	2009-06-24:11:03:54	75
48.75951	2.19839	1	2009-06-24:11:03:54	75
48.75978	2.19735	1	2009-06-24:11:03:54	75
48.76057	2.19758	1	2009-06-24:11:03:54	75
48.76124	2.19736	1	2009-06-24:11:03:54	75
48.76151	2.19618	1	2009-06-24:11:03:54	75
48.76168	2.19491	1	2009-06-24:11:03:54	75
48.76212	2.19383	1	2009-06-24:11:03:54	75
48.76252	2.19273	1	2009-06-24:11:03:54	75
48.76278	2.19161	1	2009-06-24:11:03:54	75
48.7629	2.19041	1	2009-06-24:11:03:54	75
48.76296	2.18916	1	2009-06-24:11:03:54	75
48.76339	2.18817	1	2009-06-24:11:03:54	75
48.76362	2.187	1	2009-06-24:11:03:54	75
48.76428	2.18642	1	2009-06-24:11:03:54	75
48.76508	2.18653	1	2009-06-24:11:03:54	75
48.76588	2.18658	1	2009-06-24:11:03:54	75
48.76609	2.1855	1	2009-06-24:11:03:54	75
48.76658	2.18456	1	2009-06-24:11:03:54	75
48.7663	2.18343	1	2009-06-24:11:03:54	75
48.76654	2.18237	1	2009-06-24:11:03:54	75
48.76656	2.18147	1	2009-06-24:11:03:54	75
48.76656	2.18143	1	2009-06-24:11:03:54	75
48.76656	2.18139	1	2009-06-24:11:03:54	75
48.76656	2.18135	1	2009-06-24:11:03:54	75
48.76655	2.18131	1	2009-06-24:11:03:54	75
48.76654	2.18128	1	2009-06-24:11:03:54	75
48.76652	2.18124	1	2009-06-24:11:03:54	75
48.76651	2.18122	1	2009-06-24:11:03:54	75
48.7665	2.18119	1	2009-06-24:11:03:54	75
48.76649	2.18116	1	2009-06-24:11:03:54	75
48.76648	2.18113	1	2009-06-24:11:03:54	75
48.76647	2.1811	1	2009-06-24:11:03:54	75
48.76645	2.18107	1	2009-06-24:11:03:54	75
48.76643	2.18109	1	2009-06-24:11:03:54	75
48.76642	2.18112	1	2009-06-24:11:03:54	75
48.76642	2.18115	1	2009-06-24:11:03:54	75
48.76642	2.18118	1	2009-06-24:11:03:54	75
48.76641	2.1812	1	2009-06-24:11:03:54	75
48.76642	2.18122	1	2009-06-24:11:03:54	75
48.76642	2.18125	1	2009-06-24:11:03:54	75
48.76639	2.18125	1	2009-06-24:11:03:54	75
48.76638	2.1813	1	2009-06-24:11:03:54	75
48.76638	2.1813	1	2009-06-24:11:03:54	75
48.87944	2.36994	1	2009-06-27:07:55:49	76
48.88157	2.37003	1	2009-06-27:07:55:49	76
48.88311	2.36973	1	2009-06-27:07:55:49	76
48.88454	2.36926	1	2009-06-27:07:55:49	76
48.88609	2.37091	1	2009-06-27:07:55:49	76
48.88756	2.37284	1	2009-06-27:07:55:49	76
48.88896	2.37445	1	2009-06-27:07:55:49	76
48.89019	2.37608	1	2009-06-27:07:55:49	76
48.89153	2.37776	1	2009-06-27:07:55:49	76
48.89301	2.37959	1	2009-06-27:07:55:49	76
48.89427	2.38126	1	2009-06-27:07:55:49	76
48.89542	2.38298	1	2009-06-27:07:55:49	76
48.89681	2.3848	1	2009-06-27:07:55:49	76
48.89828	2.38635	1	2009-06-27:07:55:49	76
48.8999	2.38816	1	2009-06-27:07:55:49	76
48.90148	2.38976	1	2009-06-27:07:55:49	76
48.90287	2.39094	1	2009-06-27:07:55:49	76
48.90373	2.39202	1	2009-06-27:07:55:49	76
48.90506	2.39361	1	2009-06-27:07:55:49	76
48.90649	2.39515	1	2009-06-27:07:55:49	76
48.9072	2.39644	1	2009-06-27:07:55:49	76
48.90859	2.39753	1	2009-06-27:07:55:49	76
48.91008	2.39898	1	2009-06-27:07:55:49	76
48.91142	2.4006	1	2009-06-27:07:55:49	76
48.91285	2.40217	1	2009-06-27:07:55:49	76
48.91423	2.40367	1	2009-06-27:07:55:49	76
48.91571	2.40521	1	2009-06-27:07:55:49	76
48.91711	2.40677	1	2009-06-27:07:55:49	76
48.91857	2.40823	1	2009-06-27:07:55:49	76
48.91999	2.40989	1	2009-06-27:07:55:49	76
48.92141	2.41137	1	2009-06-27:07:55:49	76
48.92278	2.41288	1	2009-06-27:07:55:49	76
48.92379	2.41396	1	2009-06-27:07:55:49	76
48.92503	2.41525	1	2009-06-27:07:55:49	76
48.92638	2.41678	1	2009-06-27:07:55:49	76
48.92774	2.41822	1	2009-06-27:07:55:49	76
48.92903	2.41969	1	2009-06-27:07:55:49	76
48.93034	2.42113	1	2009-06-27:07:55:49	76
48.93173	2.42263	1	2009-06-27:07:55:49	76
48.9331	2.42396	1	2009-06-27:07:55:49	76
48.93442	2.42551	1	2009-06-27:07:55:49	76
48.93578	2.42679	1	2009-06-27:07:55:49	76
48.93717	2.42815	1	2009-06-27:07:55:49	76
48.93859	2.42945	1	2009-06-27:07:55:49	76
48.94002	2.43073	1	2009-06-27:07:55:49	76
48.94144	2.43209	1	2009-06-27:07:55:49	76
48.94293	2.43335	1	2009-06-27:07:55:49	76
48.94431	2.43456	1	2009-06-27:07:55:49	76
48.94574	2.43581	1	2009-06-27:07:55:49	76
48.94713	2.43709	1	2009-06-27:07:55:49	76
48.9486	2.43839	1	2009-06-27:07:55:49	76
48.95002	2.43962	1	2009-06-27:07:55:49	76
48.95143	2.44091	1	2009-06-27:07:55:49	76
48.95288	2.44217	1	2009-06-27:07:55:49	76
48.95432	2.4434	1	2009-06-27:07:55:49	76
48.95573	2.44472	1	2009-06-27:07:55:49	76
48.95717	2.44604	1	2009-06-27:07:55:49	76
48.95863	2.44734	1	2009-06-27:07:55:49	76
48.96004	2.44858	1	2009-06-27:07:55:49	76
48.96144	2.44985	1	2009-06-27:07:55:49	76
48.96279	2.45103	1	2009-06-27:07:55:49	76
48.9641	2.45223	1	2009-06-27:07:55:49	76
48.96551	2.45347	1	2009-06-27:07:55:49	76
48.96691	2.45472	1	2009-06-27:07:55:49	76
48.96797	2.45567	1	2009-06-27:07:55:49	76
48.96934	2.45689	1	2009-06-27:07:55:49	76
48.97067	2.45808	1	2009-06-27:07:55:49	76
48.97203	2.45931	1	2009-06-27:07:55:49	76
48.9734	2.46056	1	2009-06-27:07:55:49	76
48.97478	2.46179	1	2009-06-27:07:55:49	76
48.97623	2.46304	1	2009-06-27:07:55:49	76
48.97775	2.46427	1	2009-06-27:07:55:49	76
48.97916	2.46548	1	2009-06-27:07:55:49	76
48.98052	2.4667	1	2009-06-27:07:55:49	76
48.98198	2.46798	1	2009-06-27:07:55:49	76
48.98364	2.46947	1	2009-06-27:07:55:49	76
48.98507	2.47067	1	2009-06-27:07:55:49	76
48.98642	2.47193	1	2009-06-27:07:55:49	76
48.98784	2.47324	1	2009-06-27:07:55:49	76
48.98926	2.47451	1	2009-06-27:07:55:49	76
48.99061	2.47594	1	2009-06-27:07:55:49	76
48.992	2.47715	1	2009-06-27:07:55:49	76
48.99342	2.47843	1	2009-06-27:07:55:49	76
48.99474	2.47971	1	2009-06-27:07:55:49	76
48.99619	2.48097	1	2009-06-27:07:55:49	76
48.99763	2.48216	1	2009-06-27:07:55:49	76
48.99903	2.48342	1	2009-06-27:07:55:49	76
49.00029	2.48464	1	2009-06-27:07:55:49	76
49.00158	2.48613	1	2009-06-27:07:55:49	76
49.0029	2.48766	1	2009-06-27:07:55:49	76
49.00436	2.48889	1	2009-06-27:07:55:49	76
49.00597	2.48967	1	2009-06-27:07:55:49	76
49.0076	2.49033	1	2009-06-27:07:55:49	76
49.00923	2.49096	1	2009-06-27:07:55:49	76
49.01078	2.49155	1	2009-06-27:07:55:49	76
49.01235	2.4922	1	2009-06-27:07:55:49	76
49.01392	2.49282	1	2009-06-27:07:55:49	76
49.01553	2.49341	1	2009-06-27:07:55:49	76
49.0171	2.49423	1	2009-06-27:07:55:49	76
49.01859	2.49517	1	2009-06-27:07:55:49	76
49.02012	2.49614	1	2009-06-27:07:55:49	76
49.02167	2.49712	1	2009-06-27:07:55:49	76
49.02318	2.49808	1	2009-06-27:07:55:49	76
49.02463	2.4992	1	2009-06-27:07:55:49	76
49.02615	2.50005	1	2009-06-27:07:55:49	76
49.02774	2.49969	1	2009-06-27:07:55:49	76
49.02911	2.50063	1	2009-06-27:07:55:49	76
49.03056	2.50074	1	2009-06-27:07:55:49	76
49.03146	2.50281	1	2009-06-27:07:55:49	76
49.03277	2.50419	1	2009-06-27:07:55:49	76
49.0342	2.50512	1	2009-06-27:07:55:49	76
49.03569	2.50621	1	2009-06-27:07:55:49	76
49.03707	2.50736	1	2009-06-27:07:55:49	76
49.03835	2.50847	1	2009-06-27:07:55:49	76
49.03971	2.5096	1	2009-06-27:07:55:49	76
49.04125	2.51043	1	2009-06-27:07:55:49	76
49.04285	2.51086	1	2009-06-27:07:55:49	76
49.04445	2.51118	1	2009-06-27:07:55:49	76
49.04595	2.51184	1	2009-06-27:07:55:49	76
49.04751	2.51182	1	2009-06-27:07:55:49	76
49.04906	2.51253	1	2009-06-27:07:55:49	76
49.05054	2.5136	1	2009-06-27:07:55:49	76
49.052	2.51476	1	2009-06-27:07:55:49	76
49.05345	2.51587	1	2009-06-27:07:55:49	76
49.05487	2.51698	1	2009-06-27:07:55:49	76
49.05636	2.51814	1	2009-06-27:07:55:49	76
49.05782	2.51928	1	2009-06-27:07:55:49	76
49.05928	2.52041	1	2009-06-27:07:55:49	76
49.06067	2.52148	1	2009-06-27:07:55:49	76
49.06192	2.52286	1	2009-06-27:07:55:49	76
49.0628	2.52342	1	2009-06-27:07:55:49	76
49.06297	2.52398	1	2009-06-27:07:55:49	76
49.06405	2.52415	1	2009-06-27:07:55:49	76
49.06547	2.52522	1	2009-06-27:07:55:49	76
49.0669	2.52633	1	2009-06-27:07:55:49	76
49.06832	2.52744	1	2009-06-27:07:55:49	76
49.06989	2.52837	1	2009-06-27:07:55:49	76
49.07141	2.52863	1	2009-06-27:07:55:49	76
49.07302	2.52881	1	2009-06-27:07:55:49	76
49.07458	2.52895	1	2009-06-27:07:55:49	76
49.07609	2.52912	1	2009-06-27:07:55:49	76
49.07763	2.5293	1	2009-06-27:07:55:49	76
49.0792	2.52944	1	2009-06-27:07:55:49	76
49.08075	2.52953	1	2009-06-27:07:55:49	76
49.08228	2.52969	1	2009-06-27:07:55:49	76
49.08387	2.52985	1	2009-06-27:07:55:49	76
49.08544	2.53001	1	2009-06-27:07:55:49	76
49.08699	2.53018	1	2009-06-27:07:55:49	76
49.08857	2.5303	1	2009-06-27:07:55:49	76
49.09028	2.53047	1	2009-06-27:07:55:49	76
49.09198	2.53065	1	2009-06-27:07:55:49	76
49.09352	2.53076	1	2009-06-27:07:55:49	76
49.09507	2.53091	1	2009-06-27:07:55:49	76
49.09664	2.53106	1	2009-06-27:07:55:49	76
49.09821	2.53127	1	2009-06-27:07:55:49	76
49.09977	2.53143	1	2009-06-27:07:55:49	76
49.10137	2.53152	1	2009-06-27:07:55:49	76
49.10296	2.5316	1	2009-06-27:07:55:49	76
49.1045	2.53174	1	2009-06-27:07:55:49	76
49.10601	2.53187	1	2009-06-27:07:55:49	76
49.10759	2.53198	1	2009-06-27:07:55:49	76
49.10915	2.5321	1	2009-06-27:07:55:49	76
49.11073	2.53224	1	2009-06-27:07:55:49	76
49.11223	2.53236	1	2009-06-27:07:55:49	76
49.1138	2.5325	1	2009-06-27:07:55:49	76
49.11528	2.53264	1	2009-06-27:07:55:49	76
49.11683	2.53277	1	2009-06-27:07:55:49	76
49.11837	2.53291	1	2009-06-27:07:55:49	76
49.11995	2.53305	1	2009-06-27:07:55:49	76
49.12152	2.53319	1	2009-06-27:07:55:49	76
49.12313	2.53331	1	2009-06-27:07:55:49	76
49.12463	2.53347	1	2009-06-27:07:55:49	76
49.12619	2.53352	1	2009-06-27:07:55:49	76
49.12778	2.53362	1	2009-06-27:07:55:49	76
49.12937	2.53379	1	2009-06-27:07:55:49	76
49.12965	2.53571	1	2009-06-27:07:55:49	76
49.12958	2.53816	1	2009-06-27:07:55:49	76
49.12951	2.54053	1	2009-06-27:07:55:49	76
49.12944	2.54292	1	2009-06-27:07:55:49	76
49.12927	2.5453	1	2009-06-27:07:55:49	76
49.12871	2.54759	1	2009-06-27:07:55:49	76
49.12814	2.54981	1	2009-06-27:07:55:49	76
49.12752	2.55213	1	2009-06-27:07:55:49	76
49.12633	2.55368	1	2009-06-27:07:55:49	76
49.12504	2.55515	1	2009-06-27:07:55:49	76
49.12379	2.55663	1	2009-06-27:07:55:49	76
49.12247	2.558	1	2009-06-27:07:55:49	76
49.12093	2.55867	1	2009-06-27:07:55:49	76
49.11967	2.56012	1	2009-06-27:07:55:49	76
49.11899	2.56226	1	2009-06-27:07:55:49	76
49.11859	2.56393	1	2009-06-27:07:55:49	76
49.12003	2.56435	1	2009-06-27:07:55:49	76
49.12163	2.56457	1	2009-06-27:07:55:49	76
49.12316	2.56533	1	2009-06-27:07:55:49	76
49.12452	2.56647	1	2009-06-27:07:55:49	76
49.12582	2.56764	1	2009-06-27:07:55:49	76
49.12554	2.56744	1	2009-06-27:07:55:49	76
49.12415	2.56609	1	2009-06-27:07:55:49	76
49.12267	2.56504	1	2009-06-27:07:55:49	76
49.12117	2.56447	1	2009-06-27:07:55:49	76
49.11965	2.5642	1	2009-06-27:07:55:49	76
49.11828	2.56457	1	2009-06-27:07:55:49	76
49.11751	2.56676	1	2009-06-27:07:55:49	76
49.11675	2.56895	1	2009-06-27:07:55:49	76
49.11598	2.57111	1	2009-06-27:07:55:49	76
49.11525	2.57323	1	2009-06-27:07:55:49	76
49.11451	2.57531	1	2009-06-27:07:55:49	76
49.11337	2.57689	1	2009-06-27:07:55:49	76
49.11184	2.57747	1	2009-06-27:07:55:49	76
49.11033	2.57781	1	2009-06-27:07:55:49	76
49.10886	2.57877	1	2009-06-27:07:55:49	76
49.10745	2.5797	1	2009-06-27:07:55:49	76
49.10595	2.58058	1	2009-06-27:07:55:49	76
49.10454	2.58159	1	2009-06-27:07:55:49	76
49.10458	2.58157	1	2009-06-27:07:55:49	76
49.10602	2.58062	1	2009-06-27:07:55:49	76
49.10754	2.57972	1	2009-06-27:07:55:49	76
49.10865	2.57892	1	2009-06-27:07:55:49	76
49.10714	2.57988	1	2009-06-27:07:55:49	76
49.10637	2.57834	1	2009-06-27:07:55:49	76
49.10591	2.57607	1	2009-06-27:07:55:49	76
49.10541	2.57376	1	2009-06-27:07:55:49	76
49.10497	2.57155	1	2009-06-27:07:55:49	76
49.10443	2.56922	1	2009-06-27:07:55:49	76
49.10387	2.56706	1	2009-06-27:07:55:49	76
49.10317	2.56498	1	2009-06-27:07:55:49	76
49.10273	2.56268	1	2009-06-27:07:55:49	76
49.10211	2.56045	1	2009-06-27:07:55:49	76
49.10136	2.55836	1	2009-06-27:07:55:49	76
49.10078	2.55614	1	2009-06-27:07:55:49	76
49.10035	2.55364	1	2009-06-27:07:55:49	76
49.09989	2.55122	1	2009-06-27:07:55:49	76
49.09934	2.54918	1	2009-06-27:07:55:49	76
49.09856	2.54789	1	2009-06-27:07:55:49	76
49.09744	2.5461	1	2009-06-27:07:55:49	76
49.09712	2.54367	1	2009-06-27:07:55:49	76
49.09572	2.54411	1	2009-06-27:07:55:49	76
49.09432	2.54507	1	2009-06-27:07:55:49	76
49.09278	2.54553	1	2009-06-27:07:55:49	76
49.09128	2.5462	1	2009-06-27:07:55:49	76
49.08989	2.54728	1	2009-06-27:07:55:49	76
49.08852	2.54833	1	2009-06-27:07:55:49	76
49.08717	2.54938	1	2009-06-27:07:55:49	76
49.08612	2.55037	1	2009-06-27:07:55:49	76
49.08633	2.55192	1	2009-06-27:07:55:49	76
49.08632	2.55198	1	2009-06-27:07:55:49	76
49.08632	2.55203	1	2009-06-27:07:55:49	76
49.08632	2.55209	1	2009-06-27:07:55:49	76
49.08633	2.55216	1	2009-06-27:07:55:49	76
49.08635	2.55222	1	2009-06-27:07:55:49	76
49.08638	2.55227	1	2009-06-27:07:55:49	76
49.08642	2.55231	1	2009-06-27:07:55:49	76
49.08645	2.55234	1	2009-06-27:07:55:49	76
49.08649	2.55235	1	2009-06-27:07:55:49	76
49.08653	2.55236	1	2009-06-27:07:55:49	76
49.08656	2.55236	1	2009-06-27:07:55:49	76
49.08659	2.55236	1	2009-06-27:07:55:49	76
49.08662	2.55236	1	2009-06-27:07:55:49	76
49.08665	2.55236	1	2009-06-27:07:55:49	76
49.08667	2.55235	1	2009-06-27:07:55:49	76
49.08669	2.55234	1	2009-06-27:07:55:49	76
49.0867	2.55232	1	2009-06-27:07:55:49	76
49.08672	2.55231	1	2009-06-27:07:55:49	76
49.08673	2.55229	1	2009-06-27:07:55:49	76
49.08673	2.55227	1	2009-06-27:07:55:49	76
49.08673	2.55225	1	2009-06-27:07:55:49	76
49.08675	2.55224	1	2009-06-27:07:55:49	76
49.08677	2.55224	1	2009-06-27:17:24:36	77
49.08618	2.54959	1	2009-06-27:17:24:36	77
49.08547	2.54723	1	2009-06-27:17:24:36	77
49.08553	2.54416	1	2009-06-27:17:24:36	77
49.08683	2.54157	1	2009-06-27:17:24:36	77
49.08844	2.54004	1	2009-06-27:17:24:36	77
49.09008	2.53847	1	2009-06-27:17:24:36	77
49.09124	2.53628	1	2009-06-27:17:24:36	77
49.09159	2.53294	1	2009-06-27:17:24:36	77
49.09165	2.53031	1	2009-06-27:17:24:36	77
49.09079	2.53034	1	2009-06-27:17:24:36	77
49.08883	2.53018	1	2009-06-27:17:24:36	77
49.08723	2.53003	1	2009-06-27:17:24:36	77
49.08516	2.52983	1	2009-06-27:17:24:36	77
49.08315	2.52964	1	2009-06-27:17:24:36	77
49.08112	2.52945	1	2009-06-27:17:24:36	77
49.0793	2.52927	1	2009-06-27:17:24:36	77
49.07812	2.52913	1	2009-06-27:17:24:36	77
49.07652	2.52898	1	2009-06-27:17:24:36	77
49.07472	2.52882	1	2009-06-27:17:24:36	77
49.07274	2.52862	1	2009-06-27:17:24:36	77
49.07074	2.52841	1	2009-06-27:17:24:36	77
49.06883	2.5277	1	2009-06-27:17:24:36	77
49.06717	2.5264	1	2009-06-27:17:24:36	77
49.06548	2.52509	1	2009-06-27:17:24:36	77
49.06377	2.52378	1	2009-06-27:17:24:36	77
49.0623	2.52231	1	2009-06-27:17:24:36	77
49.06074	2.52136	1	2009-06-27:17:24:36	77
49.0592	2.52018	1	2009-06-27:17:24:36	77
49.05763	2.51897	1	2009-06-27:17:24:36	77
49.05601	2.51771	1	2009-06-27:17:24:36	77
49.05442	2.51647	1	2009-06-27:17:24:36	77
49.05315	2.51547	1	2009-06-27:17:24:36	77
49.05213	2.51469	1	2009-06-27:17:24:36	77
49.0507	2.51358	1	2009-06-27:17:24:36	77
49.04925	2.51249	1	2009-06-27:17:24:36	77
49.04774	2.51174	1	2009-06-27:17:24:36	77
49.04614	2.51135	1	2009-06-27:17:24:36	77
49.04457	2.51099	1	2009-06-27:17:24:36	77
49.04293	2.51069	1	2009-06-27:17:24:36	77
49.04129	2.51027	1	2009-06-27:17:24:36	77
49.03949	2.50926	1	2009-06-27:17:24:36	77
49.03795	2.50796	1	2009-06-27:17:24:36	77
49.03652	2.50674	1	2009-06-27:17:24:36	77
49.03517	2.50561	1	2009-06-27:17:24:36	77
49.03371	2.50455	1	2009-06-27:17:24:36	77
49.03222	2.50358	1	2009-06-27:17:24:36	77
49.03117	2.50172	1	2009-06-27:17:24:36	77
49.03016	2.49972	1	2009-06-27:17:24:36	77
49.02901	2.49876	1	2009-06-27:17:24:36	77
49.0276	2.49939	1	2009-06-27:17:24:36	77
49.026	2.49968	1	2009-06-27:17:24:36	77
49.02442	2.49877	1	2009-06-27:17:24:36	77
49.023	2.49775	1	2009-06-27:17:24:36	77
49.02153	2.49681	1	2009-06-27:17:24:36	77
49.02004	2.49586	1	2009-06-27:17:24:36	77
49.01851	2.49489	1	2009-06-27:17:24:36	77
49.01699	2.49393	1	2009-06-27:17:24:36	77
49.01546	2.49312	1	2009-06-27:17:24:36	77
49.01399	2.49252	1	2009-06-27:17:24:36	77
49.01237	2.49191	1	2009-06-27:17:24:36	77
49.01082	2.49131	1	2009-06-27:17:24:36	77
49.00931	2.49073	1	2009-06-27:17:24:36	77
49.00782	2.49011	1	2009-06-27:17:24:36	77
49.00707	2.48983	1	2009-06-27:17:24:36	77
49.00554	2.48929	1	2009-06-27:17:24:36	77
49.00401	2.48841	1	2009-06-27:17:24:36	77
49.00267	2.48718	1	2009-06-27:17:24:36	77
49.00144	2.48575	1	2009-06-27:17:24:36	77
49.00023	2.48439	1	2009-06-27:17:24:36	77
48.99885	2.48305	1	2009-06-27:17:24:36	77
48.99747	2.48175	1	2009-06-27:17:24:36	77
48.99607	2.48049	1	2009-06-27:17:24:36	77
48.99468	2.47927	1	2009-06-27:17:24:36	77
48.99332	2.47803	1	2009-06-27:17:24:36	77
48.99198	2.47677	1	2009-06-27:17:24:36	77
48.99063	2.47558	1	2009-06-27:17:24:36	77
48.98923	2.47437	1	2009-06-27:17:24:36	77
48.98786	2.47314	1	2009-06-27:17:24:36	77
48.98655	2.47194	1	2009-06-27:17:24:36	77
48.98525	2.47073	1	2009-06-27:17:24:36	77
48.98384	2.46952	1	2009-06-27:17:24:36	77
48.98247	2.4683	1	2009-06-27:17:24:36	77
48.98106	2.46705	1	2009-06-27:17:24:36	77
48.97966	2.46577	1	2009-06-27:17:24:36	77
48.97829	2.46461	1	2009-06-27:17:24:36	77
48.97694	2.46343	1	2009-06-27:17:24:36	77
48.97552	2.4622	1	2009-06-27:17:24:36	77
48.97411	2.46099	1	2009-06-27:17:24:36	77
48.97275	2.45973	1	2009-06-27:17:24:36	77
48.97135	2.45841	1	2009-06-27:17:24:36	77
48.96995	2.4572	1	2009-06-27:17:24:36	77
48.96851	2.45592	1	2009-06-27:17:24:36	77
48.96706	2.45463	1	2009-06-27:17:24:36	77
48.96573	2.45344	1	2009-06-27:17:24:36	77
48.96432	2.4522	1	2009-06-27:17:24:36	77
48.96298	2.451	1	2009-06-27:17:24:36	77
48.96163	2.4498	1	2009-06-27:17:24:36	77
48.96027	2.4486	1	2009-06-27:17:24:36	77
48.95885	2.44734	1	2009-06-27:17:24:36	77
48.95749	2.44611	1	2009-06-27:17:24:36	77
48.95611	2.44485	1	2009-06-27:17:24:36	77
48.95473	2.44359	1	2009-06-27:17:24:36	77
48.95328	2.44231	1	2009-06-27:17:24:36	77
48.95192	2.44108	1	2009-06-27:17:24:36	77
48.95047	2.43979	1	2009-06-27:17:24:36	77
48.94913	2.43862	1	2009-06-27:17:24:36	77
48.94779	2.43736	1	2009-06-27:17:24:36	77
48.9464	2.43621	1	2009-06-27:17:24:36	77
48.94502	2.43494	1	2009-06-27:17:24:36	77
48.94364	2.43362	1	2009-06-27:17:24:36	77
48.94299	2.43165	1	2009-06-27:17:24:36	77
48.94251	2.42932	1	2009-06-27:17:24:36	77
48.94112	2.43005	1	2009-06-27:17:24:36	77
48.93986	2.4304	1	2009-06-27:17:24:36	77
48.93846	2.42917	1	2009-06-27:17:24:36	77
48.93709	2.42787	1	2009-06-27:17:24:36	77
48.93575	2.42663	1	2009-06-27:17:24:36	77
48.93439	2.42522	1	2009-06-27:17:24:36	77
48.93306	2.42378	1	2009-06-27:17:24:36	77
48.93168	2.42233	1	2009-06-27:17:24:36	77
48.93042	2.42094	1	2009-06-27:17:24:36	77
48.92907	2.41948	1	2009-06-27:17:24:36	77
48.92773	2.41799	1	2009-06-27:17:24:36	77
48.92642	2.41661	1	2009-06-27:17:24:36	77
48.92512	2.41521	1	2009-06-27:17:24:36	77
48.92376	2.41377	1	2009-06-27:17:24:36	77
48.92244	2.41228	1	2009-06-27:17:24:36	77
48.92109	2.41086	1	2009-06-27:17:24:36	77
48.91981	2.40938	1	2009-06-27:17:24:36	77
48.91846	2.40798	1	2009-06-27:17:24:36	77
48.91711	2.40653	1	2009-06-27:17:24:36	77
48.91579	2.40517	1	2009-06-27:17:24:36	77
48.91451	2.40363	1	2009-06-27:17:24:36	77
48.9131	2.40223	1	2009-06-27:17:24:36	77
48.91172	2.40075	1	2009-06-27:17:24:36	77
48.91044	2.3993	1	2009-06-27:17:24:36	77
48.90917	2.39791	1	2009-06-27:17:24:36	77
48.90788	2.3966	1	2009-06-27:17:24:36	77
48.90661	2.39514	1	2009-06-27:17:24:36	77
48.90533	2.39368	1	2009-06-27:17:24:36	77
48.90401	2.39228	1	2009-06-27:17:24:36	77
48.90264	2.39083	1	2009-06-27:17:24:36	77
48.9013	2.38948	1	2009-06-27:17:24:36	77
48.90109	2.38735	1	2009-06-27:17:24:36	77
48.89976	2.38758	1	2009-06-27:17:24:36	77
48.89842	2.38617	1	2009-06-27:17:24:36	77
48.89719	2.38539	1	2009-06-27:17:24:36	77
48.89603	2.38371	1	2009-06-27:17:24:36	77
48.89475	2.38227	1	2009-06-27:17:24:36	77
48.89366	2.38063	1	2009-06-27:17:24:36	77
48.89239	2.37905	1	2009-06-27:17:24:36	77
48.89125	2.37734	1	2009-06-27:17:24:36	77
48.89	2.37576	1	2009-06-27:17:24:36	77
48.88875	2.37421	1	2009-06-27:17:24:36	77
48.88749	2.37268	1	2009-06-27:17:24:36	77
48.88616	2.3713	1	2009-06-27:17:24:36	77
48.88497	2.36963	1	2009-06-27:17:24:36	77
48.88421	2.36778	1	2009-06-27:17:24:36	77
48.88432	2.36543	1	2009-06-27:17:24:36	77
48.88448	2.36302	1	2009-06-27:17:24:36	77
48.88439	2.36065	1	2009-06-27:17:24:36	77
48.88446	2.35815	1	2009-06-27:17:24:36	77
48.88423	2.35563	1	2009-06-27:17:24:36	77
48.88405	2.3533	1	2009-06-27:17:24:36	77
48.88395	2.35096	1	2009-06-27:17:24:36	77
48.8837	2.34865	1	2009-06-27:17:24:36	77
48.88333	2.34623	1	2009-06-27:17:24:36	77
48.88277	2.34405	1	2009-06-27:17:24:36	77
48.88242	2.34165	1	2009-06-27:17:24:36	77
48.88204	2.33941	1	2009-06-27:17:24:36	77
48.88222	2.33884	1	2009-06-27:17:24:36	77
48.88207	2.3387	1	2009-06-27:17:24:36	77
48.88222	2.33801	1	2009-06-27:17:24:36	77
48.8823	2.33795	1	2009-06-27:17:24:36	77
48.88232	2.33795	1	2009-06-27:17:24:36	77
48.88234	2.33795	1	2009-06-27:17:24:36	77
48.88234	2.33796	1	2009-06-27:17:24:36	77
48.88236	2.33798	1	2009-06-27:17:24:36	77
48.88238	2.33798	1	2009-06-27:17:24:36	77
48.8824	2.33799	1	2009-06-27:17:24:36	77
48.88239	2.33801	1	2009-06-27:17:24:36	77
48.88237	2.33803	1	2009-06-27:17:24:36	77
48.88235	2.33805	1	2009-06-27:17:24:36	77
48.88233	2.33807	1	2009-06-27:17:24:36	77
48.88231	2.33808	1	2009-06-27:17:24:36	77
48.8823	2.33806	1	2009-06-27:17:24:36	77
48.88229	2.33808	1	2009-06-27:17:24:36	77
48.88228	2.3381	1	2009-06-27:17:24:36	77
48.88228	2.33812	1	2009-06-27:17:24:36	77
48.88228	2.33815	1	2009-06-27:17:24:36	77
48.88227	2.33817	1	2009-06-27:17:24:36	77
48.88218	2.33828	1	2009-06-27:17:24:36	77
48.88216	2.33828	1	2009-06-27:17:24:36	77
48.88214	2.33828	1	2009-06-27:17:24:36	77
48.88231	2.33827	1	2009-06-27:17:24:36	77
48.78131	2.18592	1	2009-07-04:10:46:25	78
48.78211	2.18075	1	2009-07-04:10:46:25	78
48.78374	2.17641	1	2009-07-04:10:46:25	78
48.78166	2.17196	1	2009-07-04:10:46:25	78
48.77935	2.17446	1	2009-07-04:10:46:25	78
48.78052	2.16909	1	2009-07-04:10:46:25	78
48.77712	2.17088	1	2009-07-04:10:46:25	78
48.77385	2.17292	1	2009-07-04:10:46:25	78
48.77068	2.17355	1	2009-07-04:10:46:25	78
48.76919	2.17259	1	2009-07-04:10:46:25	78
48.76571	2.16952	1	2009-07-04:10:46:25	78
48.7651	2.16525	1	2009-07-04:10:46:25	78
48.76559	2.16043	1	2009-07-04:10:46:25	78
48.76786	2.15708	1	2009-07-04:10:46:25	78
48.769	2.15273	1	2009-07-04:10:46:25	78
48.77023	2.14776	1	2009-07-04:10:46:25	78
48.77286	2.14872	1	2009-07-04:10:46:25	78
48.77566	2.15155	1	2009-07-04:10:46:25	78
48.77832	2.15455	1	2009-07-04:10:46:25	78
48.78123	2.15665	1	2009-07-04:10:46:25	78
48.78426	2.15507	1	2009-07-04:10:46:25	78
48.78661	2.15215	1	2009-07-04:10:46:25	78
48.78896	2.14911	1	2009-07-04:10:46:25	78
48.79149	2.14616	1	2009-07-04:10:46:25	78
48.79366	2.14245	1	2009-07-04:10:46:25	78
48.79594	2.13847	1	2009-07-04:10:46:25	78
48.79736	2.13536	1	2009-07-04:10:46:25	78
48.7973	2.1353	1	2009-07-04:10:46:25	78
48.80012	2.13259	1	2009-07-04:10:46:25	78
48.80226	2.12959	1	2009-07-04:10:46:25	78
48.79921	2.12774	1	2009-07-04:10:46:25	78
48.79991	2.12341	1	2009-07-04:10:46:25	78
48.80119	2.11916	1	2009-07-04:10:46:25	78
48.80239	2.11451	1	2009-07-04:10:46:25	78
48.80296	2.1098	1	2009-07-04:10:46:25	78
48.80349	2.10488	1	2009-07-04:10:46:25	78
48.80308	2.10002	1	2009-07-04:10:46:25	78
48.80264	2.09524	1	2009-07-04:10:46:25	78
48.80217	2.09043	1	2009-07-04:10:46:25	78
48.80168	2.08556	1	2009-07-04:10:46:25	78
48.80131	2.08073	1	2009-07-04:10:46:25	78
48.80091	2.07583	1	2009-07-04:10:46:25	78
48.79998	2.07112	1	2009-07-04:10:46:25	78
48.80002	2.06654	1	2009-07-04:10:46:25	78
48.8014	2.0624	1	2009-07-04:10:46:25	78
48.80363	2.05871	1	2009-07-04:10:46:25	78
48.80568	2.05489	1	2009-07-04:10:46:25	78
48.80718	2.05048	1	2009-07-04:10:46:25	78
48.80872	2.04604	1	2009-07-04:10:46:25	78
48.81023	2.04176	1	2009-07-04:10:46:25	78
48.81195	2.03772	1	2009-07-04:10:46:25	78
48.81372	2.03364	1	2009-07-04:10:46:25	78
48.81543	2.02964	1	2009-07-04:10:46:25	78
48.81711	2.02571	1	2009-07-04:10:46:25	78
48.81881	2.02175	1	2009-07-04:10:46:25	78
48.82051	2.01779	1	2009-07-04:10:46:25	78
48.82125	2.01336	1	2009-07-04:10:46:25	78
48.82055	2.00856	1	2009-07-04:10:46:25	78
48.81984	2.00389	1	2009-07-04:10:46:25	78
48.82042	1.9993	1	2009-07-04:10:46:25	78
48.8223	1.99531	1	2009-07-04:10:46:25	78
48.82443	1.99164	1	2009-07-04:10:46:25	78
48.82704	1.98874	1	2009-07-04:10:46:25	78
48.82872	1.98476	1	2009-07-04:10:46:25	78
48.82919	1.97995	1	2009-07-04:10:46:25	78
48.82849	1.97529	1	2009-07-04:10:46:25	78
48.82751	1.97094	1	2009-07-04:10:46:25	78
48.82742	1.96613	1	2009-07-04:10:46:25	78
48.82724	1.96311	1	2009-07-04:10:46:25	78
48.82449	1.9643	1	2009-07-04:10:46:25	78
48.82177	1.96212	1	2009-07-04:10:46:25	78
48.82344	1.96364	1	2009-07-04:10:46:25	78
48.82638	1.96428	1	2009-07-04:10:46:25	78
48.82739	1.96165	1	2009-07-04:10:46:25	78
48.82751	1.95692	1	2009-07-04:10:46:25	78
48.82709	1.95342	1	2009-07-04:10:46:25	78
48.82662	1.94859	1	2009-07-04:10:46:25	78
48.82526	1.94441	1	2009-07-04:10:46:25	78
48.82347	1.9405	1	2009-07-04:10:46:25	78
48.82146	1.93674	1	2009-07-04:10:46:25	78
48.81934	1.93292	1	2009-07-04:10:46:25	78
48.81791	1.92833	1	2009-07-04:10:46:25	78
48.81733	1.92366	1	2009-07-04:10:46:25	78
48.81717	1.91879	1	2009-07-04:10:46:25	78
48.81673	1.91403	1	2009-07-04:10:46:25	78
48.81596	1.90939	1	2009-07-04:10:46:25	78
48.81479	1.90486	1	2009-07-04:10:46:25	78
48.81448	1.90251	1	2009-07-04:10:46:25	78
48.81455	1.8996	1	2009-07-04:10:46:25	78
48.81523	1.89789	1	2009-07-04:10:46:25	78
48.81234	1.89642	1	2009-07-04:10:46:25	78
48.81092	1.89218	1	2009-07-04:10:46:25	78
48.81059	1.88756	1	2009-07-04:10:46:25	78
48.81028	1.88294	1	2009-07-04:10:46:25	78
48.80914	1.8787	1	2009-07-04:10:46:25	78
48.80787	1.87426	1	2009-07-04:10:46:25	78
48.806	1.8704	1	2009-07-04:10:46:25	78
48.80547	1.86746	1	2009-07-04:10:46:25	78
48.80861	1.86709	1	2009-07-04:10:46:25	78
48.81078	1.86445	1	2009-07-04:10:46:25	78
48.81262	1.86065	1	2009-07-04:10:46:25	78
48.81258	1.8559	1	2009-07-04:10:46:25	78
48.81259	1.85101	1	2009-07-04:10:46:25	78
48.8126	1.84625	1	2009-07-04:10:46:25	78
48.81262	1.84153	1	2009-07-04:10:46:25	78
48.8131	1.83693	1	2009-07-04:10:46:25	78
48.81386	1.83235	1	2009-07-04:10:46:25	78
48.81465	1.82778	1	2009-07-04:10:46:25	78
48.81541	1.82329	1	2009-07-04:10:46:25	78
48.81619	1.81861	1	2009-07-04:10:46:25	78
48.8171	1.81405	1	2009-07-04:10:46:25	78
48.81884	1.81004	1	2009-07-04:10:46:25	78
48.81917	1.80542	1	2009-07-04:10:46:25	78
48.81877	1.80075	1	2009-07-04:10:46:25	78
48.81979	1.79616	1	2009-07-04:10:46:25	78
48.82108	1.79205	1	2009-07-04:10:46:25	78
48.82271	1.7879	1	2009-07-04:10:46:25	78
48.82474	1.78415	1	2009-07-04:10:46:25	78
48.82341	1.77988	1	2009-07-04:10:46:25	78
48.82249	1.77544	1	2009-07-04:10:46:25	78
48.82209	1.77076	1	2009-07-04:10:46:25	78
48.82256	1.76603	1	2009-07-04:10:46:25	78
48.82232	1.76134	1	2009-07-04:10:46:25	78
48.82114	1.75692	1	2009-07-04:10:46:25	78
48.82025	1.75225	1	2009-07-04:10:46:25	78
48.82334	1.75082	1	2009-07-04:10:46:25	78
48.82638	1.74571	1	2009-07-04:10:46:25	78
48.82715	1.74112	1	2009-07-04:10:46:25	78
48.82778	1.73632	1	2009-07-04:10:46:25	78
48.82878	1.73177	1	2009-07-04:10:46:25	78
48.82955	1.72704	1	2009-07-04:10:46:25	78
48.83049	1.72248	1	2009-07-04:10:46:25	78
48.83156	1.71801	1	2009-07-04:10:46:25	78
48.833	1.71389	1	2009-07-04:10:46:25	78
48.83419	1.70943	1	2009-07-04:10:46:25	78
48.83506	1.70499	1	2009-07-04:10:46:25	78
48.83707	1.70144	1	2009-07-04:10:46:25	78
48.83991	1.69941	1	2009-07-04:10:46:25	78
48.84276	1.69747	1	2009-07-04:10:46:25	78
48.84521	1.69452	1	2009-07-04:10:46:25	78
48.84718	1.69076	1	2009-07-04:10:46:25	78
48.84982	1.69154	1	2009-07-04:10:46:25	78
48.8528	1.69312	1	2009-07-04:10:46:25	78
48.85549	1.69531	1	2009-07-04:10:46:25	78
48.85845	1.69624	1	2009-07-04:10:46:25	78
48.86166	1.69526	1	2009-07-04:10:46:25	78
48.86455	1.69353	1	2009-07-04:10:46:25	78
48.86741	1.69179	1	2009-07-04:10:46:25	78
48.87038	1.69011	1	2009-07-04:10:46:25	78
48.87302	1.68808	1	2009-07-04:10:46:25	78
48.8752	1.68517	1	2009-07-04:10:46:25	78
48.87795	1.68408	1	2009-07-04:10:46:25	78
48.88096	1.68393	1	2009-07-04:10:46:25	78
48.88401	1.68307	1	2009-07-04:10:46:25	78
48.88717	1.68184	1	2009-07-04:10:46:25	78
48.88959	1.68155	1	2009-07-04:10:46:25	78
48.88965	1.68154	1	2009-07-04:10:46:25	78
48.8897	1.68153	1	2009-07-04:10:46:25	78
48.88975	1.68151	1	2009-07-04:10:46:25	78
48.8898	1.6815	1	2009-07-04:10:46:25	78
48.88984	1.68147	1	2009-07-04:10:46:25	78
48.88987	1.68145	1	2009-07-04:10:46:25	78
48.88989	1.68143	1	2009-07-04:10:46:25	78
48.88991	1.68141	1	2009-07-04:10:46:25	78
48.8899	1.68143	1	2009-07-04:10:46:25	78
48.88979	1.68138	1	2009-07-04:10:46:25	78
48.88981	1.68132	1	2009-07-04:10:46:25	78
48.88987	1.68144	1	2009-07-04:10:46:25	78
48.88989	1.68145	1	2009-07-04:10:46:25	78
48.8899	1.68147	1	2009-07-04:10:46:25	78
48.88992	1.68148	1	2009-07-04:10:46:25	78
48.88993	1.68146	1	2009-07-04:10:46:25	78
48.88992	1.68143	1	2009-07-04:10:46:25	78
48.88991	1.68141	1	2009-07-04:10:46:25	78
48.88989	1.6814	1	2009-07-04:10:46:25	78
48.88988	1.68138	1	2009-07-04:10:46:25	78
48.88987	1.68135	1	2009-07-04:10:46:25	78
48.88987	1.68135	1	2009-07-04:10:46:25	78
48.88987	1.68135	1	2009-07-04:14:24:26	79
48.89362	1.67957	1	2009-07-04:14:24:26	79
48.89114	1.67792	1	2009-07-04:14:24:26	79
48.88799	1.67527	1	2009-07-04:14:24:26	79
48.88577	1.6708	1	2009-07-04:14:24:26	79
48.88373	1.66676	1	2009-07-04:14:24:26	79
48.88166	1.66264	1	2009-07-04:14:24:26	79
48.87862	1.65936	1	2009-07-04:14:24:26	79
48.87552	1.65676	1	2009-07-04:14:24:26	79
48.87309	1.65473	1	2009-07-04:14:24:26	79
48.86992	1.65206	1	2009-07-04:14:24:26	79
48.86676	1.64941	1	2009-07-04:14:24:26	79
48.86388	1.64698	1	2009-07-04:14:24:26	79
48.86155	1.64379	1	2009-07-04:14:24:26	79
48.85951	1.63992	1	2009-07-04:14:24:26	79
48.85697	1.63673	1	2009-07-04:14:24:26	79
48.85491	1.63373	1	2009-07-04:14:24:26	79
48.85262	1.63081	1	2009-07-04:14:24:26	79
48.85053	1.6273	1	2009-07-04:14:24:26	79
48.8487	1.62334	1	2009-07-04:14:24:26	79
48.84585	1.62137	1	2009-07-04:14:24:26	79
48.84301	1.61916	1	2009-07-04:14:24:26	79
48.84018	1.61706	1	2009-07-04:14:24:26	79
48.83791	1.61339	1	2009-07-04:14:24:26	79
48.83574	1.6099	1	2009-07-04:14:24:26	79
48.83252	1.6095	1	2009-07-04:14:24:26	79
48.82992	1.60713	1	2009-07-04:14:24:26	79
48.82746	1.60449	1	2009-07-04:14:24:26	79
48.82627	1.5998	1	2009-07-04:14:24:26	79
48.82528	1.59491	1	2009-07-04:14:24:26	79
48.8244	1.5902	1	2009-07-04:14:24:26	79
48.82262	1.58623	1	2009-07-04:14:24:26	79
48.82162	1.58161	1	2009-07-04:14:24:26	79
48.82067	1.57693	1	2009-07-04:14:24:26	79
48.81974	1.57229	1	2009-07-04:14:24:26	79
48.82055	1.56846	1	2009-07-04:14:24:26	79
48.82167	1.56443	1	2009-07-04:14:24:26	79
48.82242	1.5597	1	2009-07-04:14:24:26	79
48.82239	1.55561	1	2009-07-04:14:24:26	79
48.82075	1.55149	1	2009-07-04:14:24:26	79
48.81857	1.54817	1	2009-07-04:14:24:26	79
48.81709	1.54377	1	2009-07-04:14:24:26	79
48.81711	1.53976	1	2009-07-04:14:24:26	79
48.81428	1.5382	1	2009-07-04:14:24:26	79
48.81163	1.53566	1	2009-07-04:14:24:26	79
48.80869	1.53367	1	2009-07-04:14:24:26	79
48.80668	1.52978	1	2009-07-04:14:24:26	79
48.80595	1.525	1	2009-07-04:14:24:26	79
48.80504	1.52038	1	2009-07-04:14:24:26	79
48.80433	1.51559	1	2009-07-04:14:24:26	79
48.8024	1.51133	1	2009-07-04:14:24:26	79
48.80057	1.50735	1	2009-07-04:14:24:26	79
48.79932	1.50296	1	2009-07-04:14:24:26	79
48.79774	1.49857	1	2009-07-04:14:24:26	79
48.797	1.49386	1	2009-07-04:14:24:26	79
48.79564	1.48955	1	2009-07-04:14:24:26	79
48.7945	1.48533	1	2009-07-04:14:24:26	79
48.79423	1.48047	1	2009-07-04:14:24:26	79
48.79364	1.47572	1	2009-07-04:14:24:26	79
48.79226	1.47127	1	2009-07-04:14:24:26	79
48.79085	1.46684	1	2009-07-04:14:24:26	79
48.78927	1.46255	1	2009-07-04:14:24:26	79
48.787	1.45903	1	2009-07-04:14:24:26	79
48.78461	1.45567	1	2009-07-04:14:24:26	79
48.78251	1.45209	1	2009-07-04:14:24:26	79
48.781	1.44789	1	2009-07-04:14:24:26	79
48.77899	1.44421	1	2009-07-04:14:24:26	79
48.77666	1.44105	1	2009-07-04:14:24:26	79
48.77512	1.43671	1	2009-07-04:14:24:26	79
48.77319	1.43285	1	2009-07-04:14:24:26	79
48.77099	1.42959	1	2009-07-04:14:24:26	79
48.76921	1.42572	1	2009-07-04:14:24:26	79
48.76711	1.42239	1	2009-07-04:14:24:26	79
48.76488	1.41915	1	2009-07-04:14:24:26	79
48.7623	1.41689	1	2009-07-04:14:24:26	79
48.76031	1.41646	1	2009-07-04:14:24:26	79
48.76232	1.41344	1	2009-07-04:14:24:26	79
48.76038	1.40993	1	2009-07-04:14:24:26	79
48.75832	1.40626	1	2009-07-04:14:24:26	79
48.75615	1.40275	1	2009-07-04:14:24:26	79
48.75402	1.39908	1	2009-07-04:14:24:26	79
48.75188	1.39551	1	2009-07-04:14:24:26	79
48.74983	1.39201	1	2009-07-04:14:24:26	79
48.74773	1.38875	1	2009-07-04:14:24:26	79
48.74644	1.38717	1	2009-07-04:14:24:26	79
48.7466	1.38233	1	2009-07-04:14:24:26	79
48.74576	1.37744	1	2009-07-04:14:24:26	79
48.74599	1.37253	1	2009-07-04:14:24:26	79
48.74603	1.36771	1	2009-07-04:14:24:26	79
48.74595	1.36377	1	2009-07-04:14:24:26	79
48.74362	1.36535	1	2009-07-04:14:24:26	79
48.74064	1.36396	1	2009-07-04:14:24:26	79
48.73826	1.36106	1	2009-07-04:14:24:26	79
48.73615	1.36301	1	2009-07-04:14:24:26	79
48.7356	1.36129	1	2009-07-04:14:24:26	79
48.73323	1.3579	1	2009-07-04:14:24:26	79
48.73326	1.35539	1	2009-07-04:14:24:26	79
48.73354	1.35041	1	2009-07-04:14:24:26	79
48.73322	1.34549	1	2009-07-04:14:24:26	79
48.73239	1.34115	1	2009-07-04:14:24:26	79
48.73042	1.33743	1	2009-07-04:14:24:26	79
48.72889	1.33355	1	2009-07-04:14:24:26	79
48.7291	1.32886	1	2009-07-04:14:24:26	79
48.72922	1.32416	1	2009-07-04:14:24:26	79
48.72879	1.31946	1	2009-07-04:14:24:26	79
48.72783	1.31501	1	2009-07-04:14:24:26	79
48.72658	1.3105	1	2009-07-04:14:24:26	79
48.72484	1.30652	1	2009-07-04:14:24:26	79
48.72384	1.30196	1	2009-07-04:14:24:26	79
48.72214	1.29781	1	2009-07-04:14:24:26	79
48.72054	1.29376	1	2009-07-04:14:24:26	79
48.71851	1.28993	1	2009-07-04:14:24:26	79
48.71638	1.28621	1	2009-07-04:14:24:26	79
48.71431	1.28238	1	2009-07-04:14:24:26	79
48.71346	1.27764	1	2009-07-04:14:24:26	79
48.71268	1.27298	1	2009-07-04:14:24:26	79
48.71182	1.26857	1	2009-07-04:14:24:26	79
48.71133	1.26381	1	2009-07-04:14:24:26	79
48.71069	1.25899	1	2009-07-04:14:24:26	79
48.70963	1.25408	1	2009-07-04:14:24:26	79
48.70881	1.24931	1	2009-07-04:14:24:26	79
48.70715	1.24551	1	2009-07-04:14:24:26	79
48.70751	1.24112	1	2009-07-04:14:24:26	79
48.70897	1.2369	1	2009-07-04:14:24:26	79
48.70843	1.23224	1	2009-07-04:14:24:26	79
48.70729	1.22748	1	2009-07-04:14:24:26	79
48.7061	1.22045	1	2009-07-04:14:24:26	79
48.70556	1.21563	1	2009-07-04:14:24:26	79
48.70557	1.21093	1	2009-07-04:14:24:26	79
48.70646	1.20625	1	2009-07-04:14:24:26	79
48.70722	1.20158	1	2009-07-04:14:24:26	79
48.7074	1.1968	1	2009-07-04:14:24:26	79
48.70621	1.19234	1	2009-07-04:14:24:26	79
48.70483	1.18782	1	2009-07-04:14:24:26	79
48.70488	1.18301	1	2009-07-04:14:24:26	79
48.70414	1.17829	1	2009-07-04:14:24:26	79
48.70346	1.17353	1	2009-07-04:14:24:26	79
48.70225	1.16905	1	2009-07-04:14:24:26	79
48.70272	1.16461	1	2009-07-04:14:24:26	79
48.70314	1.16001	1	2009-07-04:14:24:26	79
48.703	1.15531	1	2009-07-04:14:24:26	79
48.70186	1.15063	1	2009-07-04:14:24:26	79
48.70028	1.14648	1	2009-07-04:14:24:26	79
48.69832	1.14297	1	2009-07-04:14:24:26	79
48.69641	1.13938	1	2009-07-04:14:24:26	79
48.69445	1.13563	1	2009-07-04:14:24:26	79
48.6938	1.13103	1	2009-07-04:14:24:26	79
48.6935	1.1267	1	2009-07-04:14:24:26	79
48.6929	1.12172	1	2009-07-04:14:24:26	79
48.69207	1.11674	1	2009-07-04:14:24:26	79
48.69188	1.1122	1	2009-07-04:14:24:26	79
48.69111	1.10754	1	2009-07-04:14:24:26	79
48.69031	1.10283	1	2009-07-04:14:24:26	79
48.69013	1.09769	1	2009-07-04:14:24:26	79
48.68985	1.09268	1	2009-07-04:14:24:26	79
48.68989	1.08767	1	2009-07-04:14:24:26	79
48.68969	1.08277	1	2009-07-04:14:24:26	79
48.69007	1.07787	1	2009-07-04:14:24:26	79
48.69053	1.07395	1	2009-07-04:14:24:26	79
48.69054	1.07391	1	2009-07-04:14:24:26	79
48.69054	1.07388	1	2009-07-04:14:24:26	79
48.69054	1.07385	1	2009-07-04:14:24:26	79
48.69054	1.07381	1	2009-07-04:14:24:26	79
48.69054	1.07378	1	2009-07-04:14:24:26	79
48.69054	1.07374	1	2009-07-04:14:24:26	79
48.69053	1.07371	1	2009-07-04:14:24:26	79
48.69052	1.07369	1	2009-07-04:14:24:26	79
48.69052	1.07366	1	2009-07-04:14:24:26	79
48.69051	1.07364	1	2009-07-04:14:24:26	79
48.6905	1.07362	1	2009-07-04:14:24:26	79
48.69048	1.07359	1	2009-07-04:14:24:26	79
48.69043	1.07359	1	2009-07-04:14:24:26	79
48.69042	1.0736	1	2009-07-04:14:24:26	79
48.69055	1.0735	1	2009-07-04:14:24:26	79
48.69057	1.0735	1	2009-07-04:14:24:26	79
48.69054	1.07351	1	2009-07-04:14:24:26	79
48.69049	1.07354	1	2009-07-04:14:24:26	79
48.69047	1.07362	1	2009-07-04:14:24:26	79
48.69056	1.07351	1	2009-07-04:14:24:26	79
48.69056	1.07349	1	2009-07-04:14:24:26	79
48.69057	1.07349	1	2009-07-04:14:24:26	79
48.68884	1.07212	1	2009-07-04:19:12:01	80
48.68801	1.07089	1	2009-07-04:19:12:01	80
48.68736	1.06979	1	2009-07-04:19:12:01	80
48.68696	1.06855	1	2009-07-04:19:12:01	80
48.68662	1.06733	1	2009-07-04:19:12:01	80
48.6864	1.06604	1	2009-07-04:19:12:01	80
48.68599	1.06467	1	2009-07-04:19:12:01	80
48.68553	1.0634	1	2009-07-04:19:12:01	80
48.68533	1.06197	1	2009-07-04:19:12:01	80
48.68532	1.06047	1	2009-07-04:19:12:01	80
48.6851	1.05912	1	2009-07-04:19:12:01	80
48.6846	1.05799	1	2009-07-04:19:12:01	80
48.68399	1.05692	1	2009-07-04:19:12:01	80
48.68366	1.05552	1	2009-07-04:19:12:01	80
48.68343	1.05413	1	2009-07-04:19:12:01	80
48.68311	1.0528	1	2009-07-04:19:12:01	80
48.68274	1.05147	1	2009-07-04:19:12:01	80
48.68217	1.05046	1	2009-07-04:19:12:01	80
48.68137	1.04972	1	2009-07-04:19:12:01	80
48.68064	1.04887	1	2009-07-04:19:12:01	80
48.67997	1.04808	1	2009-07-04:19:12:01	80
48.67919	1.04713	1	2009-07-04:19:12:01	80
48.6783	1.04673	1	2009-07-04:19:12:01	80
48.67733	1.04661	1	2009-07-04:19:12:01	80
48.67649	1.04632	1	2009-07-04:19:12:01	80
48.67576	1.04582	1	2009-07-04:19:12:01	80
48.67513	1.04509	1	2009-07-04:19:12:01	80
48.67438	1.04406	1	2009-07-04:19:12:01	80
48.67366	1.04312	1	2009-07-04:19:12:01	80
48.67294	1.04212	1	2009-07-04:19:12:01	80
48.67242	1.04095	1	2009-07-04:19:12:01	80
48.67216	1.03987	1	2009-07-04:19:12:01	80
48.67197	1.039	1	2009-07-04:19:12:01	80
48.67183	1.03838	1	2009-07-04:19:12:01	80
48.67161	1.03753	1	2009-07-04:19:12:01	80
48.67124	1.03638	1	2009-07-04:19:12:01	80
48.67068	1.03553	1	2009-07-04:19:12:01	80
48.66989	1.035	1	2009-07-04:19:12:01	80
48.66919	1.03426	1	2009-07-04:19:12:01	80
48.66845	1.03351	1	2009-07-04:19:12:01	80
48.66777	1.03284	1	2009-07-04:19:12:01	80
48.66706	1.03219	1	2009-07-04:19:12:01	80
48.6664	1.03144	1	2009-07-04:19:12:01	80
48.66566	1.03073	1	2009-07-04:19:12:01	80
48.66499	1.02996	1	2009-07-04:19:12:01	80
48.66447	1.02892	1	2009-07-04:19:12:01	80
48.66399	1.02783	1	2009-07-04:19:12:01	80
48.6636	1.02668	1	2009-07-04:19:12:01	80
48.66321	1.02555	1	2009-07-04:19:12:01	80
48.66285	1.02446	1	2009-07-04:19:12:01	80
48.66249	1.02326	1	2009-07-04:19:12:01	80
48.66211	1.02202	1	2009-07-04:19:12:01	80
48.66176	1.02094	1	2009-07-04:19:12:01	80
48.66129	1.02002	1	2009-07-04:19:12:01	80
48.66062	1.0192	1	2009-07-04:19:12:01	80
48.65988	1.01851	1	2009-07-04:19:12:01	80
48.65922	1.01793	1	2009-07-04:19:12:01	80
48.65857	1.0172	1	2009-07-04:19:12:01	80
48.65793	1.01645	1	2009-07-04:19:12:01	80
48.65732	1.0156	1	2009-07-04:19:12:01	80
48.65667	1.01492	1	2009-07-04:19:12:01	80
48.65598	1.01423	1	2009-07-04:19:12:01	80
48.65537	1.01352	1	2009-07-04:19:12:01	80
48.65481	1.01264	1	2009-07-04:19:12:01	80
48.65453	1.0122	1	2009-07-04:19:12:01	80
48.65389	1.01135	1	2009-07-04:19:12:01	80
48.65344	1.01037	1	2009-07-04:19:12:01	80
48.653	1.00933	1	2009-07-04:19:12:01	80
48.65256	1.0083	1	2009-07-04:19:12:01	80
48.65217	1.00722	1	2009-07-04:19:12:01	80
48.65175	1.00619	1	2009-07-04:19:12:01	80
48.65131	1.00521	1	2009-07-04:19:12:01	80
48.6507	1.00445	1	2009-07-04:19:12:01	80
48.65017	1.00354	1	2009-07-04:19:12:01	80
48.64994	1.00219	1	2009-07-04:19:12:01	80
48.64981	1.00087	1	2009-07-04:19:12:01	80
48.64968	0.9996	1	2009-07-04:19:12:01	80
48.64963	0.99823	1	2009-07-04:19:12:01	80
48.64929	0.99712	1	2009-07-04:19:12:01	80
48.64886	0.99613	1	2009-07-04:19:12:01	80
48.64836	0.99531	1	2009-07-04:19:12:01	80
48.64784	0.99423	1	2009-07-04:19:12:01	80
48.64749	0.99305	1	2009-07-04:19:12:01	80
48.64706	0.99201	1	2009-07-04:19:12:01	80
48.64674	0.9909	1	2009-07-04:19:12:01	80
48.64661	0.98965	1	2009-07-04:19:12:01	80
48.64643	0.98844	1	2009-07-04:19:12:01	80
48.64607	0.98734	1	2009-07-04:19:12:01	80
48.64568	0.98629	1	2009-07-04:19:12:01	80
48.64533	0.98516	1	2009-07-04:19:12:01	80
48.6452	0.98393	1	2009-07-04:19:12:01	80
48.64501	0.98266	1	2009-07-04:19:12:01	80
48.64466	0.98154	1	2009-07-04:19:12:01	80
48.64423	0.98041	1	2009-07-04:19:12:01	80
48.6438	0.97938	1	2009-07-04:19:12:01	80
48.64343	0.9782	1	2009-07-04:19:12:01	80
48.64299	0.97719	1	2009-07-04:19:12:01	80
48.64249	0.97619	1	2009-07-04:19:12:01	80
48.642	0.97515	1	2009-07-04:19:12:01	80
48.64163	0.97405	1	2009-07-04:19:12:01	80
48.6413	0.973	1	2009-07-04:19:12:01	80
48.64086	0.97188	1	2009-07-04:19:12:01	80
48.64055	0.97058	1	2009-07-04:19:12:01	80
48.6403	0.96932	1	2009-07-04:19:12:01	80
48.64011	0.96813	1	2009-07-04:19:12:01	80
48.63983	0.96681	1	2009-07-04:19:12:01	80
48.63947	0.96552	1	2009-07-04:19:12:01	80
48.63896	0.96434	1	2009-07-04:19:12:01	80
48.63854	0.96339	1	2009-07-04:19:12:01	80
48.6382	0.96226	1	2009-07-04:19:12:01	80
48.63797	0.96106	1	2009-07-04:19:12:01	80
48.6377	0.95993	1	2009-07-04:19:12:01	80
48.63739	0.95875	1	2009-07-04:19:12:01	80
48.63711	0.95763	1	2009-07-04:19:12:01	80
48.63679	0.95649	1	2009-07-04:19:12:01	80
48.63641	0.95533	1	2009-07-04:19:12:01	80
48.63609	0.95418	1	2009-07-04:19:12:01	80
48.63571	0.953	1	2009-07-04:19:12:01	80
48.63555	0.95175	1	2009-07-04:19:12:01	80
48.6355	0.95045	1	2009-07-04:19:12:01	80
48.63539	0.94924	1	2009-07-04:19:12:01	80
48.63527	0.94798	1	2009-07-04:19:12:01	80
48.6349	0.94683	1	2009-07-04:19:12:01	80
48.63454	0.94555	1	2009-07-04:19:12:01	80
48.63411	0.94451	1	2009-07-04:19:12:01	80
48.63359	0.94348	1	2009-07-04:19:12:01	80
48.63315	0.94244	1	2009-07-04:19:12:01	80
48.63272	0.94148	1	2009-07-04:19:12:01	80
48.63227	0.94046	1	2009-07-04:19:12:01	80
48.6317	0.9394	1	2009-07-04:19:12:01	80
48.63125	0.93833	1	2009-07-04:19:12:01	80
48.63086	0.93729	1	2009-07-04:19:12:01	80
48.63047	0.93626	1	2009-07-04:19:12:01	80
48.63006	0.93517	1	2009-07-04:19:12:01	80
48.62966	0.9341	1	2009-07-04:19:12:01	80
48.62925	0.93304	1	2009-07-04:19:12:01	80
48.62883	0.93195	1	2009-07-04:19:12:01	80
48.62829	0.9311	1	2009-07-04:19:12:01	80
48.62758	0.9305	1	2009-07-04:19:12:01	80
48.62687	0.92991	1	2009-07-04:19:12:01	80
48.62618	0.92924	1	2009-07-04:19:12:01	80
48.6256	0.92833	1	2009-07-04:19:12:01	80
48.62518	0.92728	1	2009-07-04:19:12:01	80
48.62494	0.92618	1	2009-07-04:19:12:01	80
48.62485	0.92491	1	2009-07-04:19:12:01	80
48.62483	0.92366	1	2009-07-04:19:12:01	80
48.62468	0.92244	1	2009-07-04:19:12:01	80
48.62455	0.92119	1	2009-07-04:19:12:01	80
48.62443	0.91982	1	2009-07-04:19:12:01	80
48.62439	0.91854	1	2009-07-04:19:12:01	80
48.62432	0.91733	1	2009-07-04:19:12:01	80
48.62377	0.91645	1	2009-07-04:19:12:01	80
48.62311	0.9156	1	2009-07-04:19:12:01	80
48.62242	0.91502	1	2009-07-04:19:12:01	80
48.62167	0.91454	1	2009-07-04:19:12:01	80
48.62098	0.91389	1	2009-07-04:19:12:01	80
48.62035	0.91305	1	2009-07-04:19:12:01	80
48.61981	0.9121	1	2009-07-04:19:12:01	80
48.61926	0.91116	1	2009-07-04:19:12:01	80
48.61865	0.91036	1	2009-07-04:19:12:01	80
48.61799	0.90961	1	2009-07-04:19:12:01	80
48.61727	0.90899	1	2009-07-04:19:12:01	80
48.61653	0.90861	1	2009-07-04:19:12:01	80
48.6158	0.90811	1	2009-07-04:19:12:01	80
48.61528	0.90713	1	2009-07-04:19:12:01	80
48.61495	0.90592	1	2009-07-04:19:12:01	80
48.61466	0.90473	1	2009-07-04:19:12:01	80
48.61437	0.90354	1	2009-07-04:19:12:01	80
48.61408	0.90239	1	2009-07-04:19:12:01	80
48.61381	0.90121	1	2009-07-04:19:12:01	80
48.61299	0.90087	1	2009-07-04:19:12:01	80
48.61214	0.90066	1	2009-07-04:19:12:01	80
48.61209	0.90049	1	2009-07-04:19:12:01	80
48.61144	0.90049	1	2009-07-04:19:12:01	80
48.61101	0.90055	1	2009-07-04:19:12:01	80
48.61089	0.90064	1	2009-07-04:19:12:01	80
48.61091	0.90065	1	2009-07-04:19:12:01	80
48.61092	0.90061	1	2009-07-04:19:12:01	80
48.6109	0.90049	1	2009-07-04:19:12:01	80
48.61105	0.90056	1	2009-07-04:19:12:01	80
48.61091	0.9005	1	2009-07-04:19:12:01	80
48.61096	0.90055	1	2009-07-04:19:12:01	80
48.61052	0.90031	1	2009-07-04:19:12:01	80
48.61021	0.90108	1	2009-07-04:19:12:01	80
48.60977	0.90214	1	2009-07-04:19:12:01	80
48.60933	0.90313	1	2009-07-04:19:12:01	80
48.60895	0.90416	1	2009-07-04:19:12:01	80
48.60859	0.90522	1	2009-07-04:19:12:01	80
48.60824	0.90632	1	2009-07-04:19:12:01	80
48.60812	0.90754	1	2009-07-04:19:12:01	80
48.60815	0.90884	1	2009-07-04:19:12:01	80
48.60819	0.91011	1	2009-07-04:19:12:01	80
48.60809	0.91132	1	2009-07-04:19:12:01	80
48.60792	0.91255	1	2009-07-04:19:12:01	80
48.60773	0.91374	1	2009-07-04:19:12:01	80
48.60758	0.91496	1	2009-07-04:19:12:01	80
48.60747	0.91625	1	2009-07-04:19:12:01	80
48.60727	0.91747	1	2009-07-04:19:12:01	80
48.60729	0.91795	1	2009-07-04:19:12:01	80
48.60724	0.91765	1	2009-07-04:19:12:01	80
48.60733	0.91769	1	2009-07-04:19:12:01	80
48.60724	0.91768	1	2009-07-04:19:12:01	80
48.60722	0.91765	1	2009-07-04:19:12:01	80
48.60724	0.91764	1	2009-07-04:19:12:01	80
48.60704	0.91768	1	2009-07-04:19:12:01	80
48.60703	0.9177	1	2009-07-04:19:12:01	80
48.60726	0.91767	1	2009-07-04:19:12:01	80
48.60724	0.91768	1	2009-07-04:19:12:01	80
48.60724	0.91765	1	2009-07-04:19:12:01	80
48.60738	0.91766	1	2009-07-04:19:12:01	80
48.60723	0.91768	1	2009-07-04:19:12:01	80
48.60735	0.91769	1	2009-07-04:19:12:01	80
48.60709	0.91766	1	2009-07-04:19:12:01	80
48.60729	0.91764	1	2009-07-04:19:12:01	80
48.60722	0.91767	1	2009-07-04:19:12:01	80
48.6069	0.91778	1	2009-07-04:19:12:01	80
48.60721	0.91763	1	2009-07-04:19:12:01	80
48.60727	0.91766	1	2009-07-04:19:12:01	80
48.60714	0.91761	1	2009-07-04:19:12:01	80
48.60748	0.91769	1	2009-07-04:19:12:01	80
48.60698	0.91763	1	2009-07-04:19:12:01	80
48.60717	0.91763	1	2009-07-04:19:12:01	80
48.60705	0.9176	1	2009-07-04:19:12:01	80
48.60712	0.91763	1	2009-07-04:19:12:01	80
48.60728	0.91766	1	2009-07-04:19:12:01	80
48.60709	0.91762	1	2009-07-04:19:12:01	80
48.60767	0.91767	1	2009-07-04:19:12:01	80
48.6076	0.91766	1	2009-07-04:19:12:01	80
48.60689	0.91766	1	2009-07-04:19:12:01	80
48.60689	0.91765	1	2009-07-04:19:12:01	80
48.60686	0.91766	1	2009-07-04:19:12:01	80
48.60691	0.91766	1	2009-07-04:19:12:01	80
48.60694	0.91766	1	2009-07-04:19:12:01	80
48.60696	0.91766	1	2009-07-04:19:12:01	80
48.60691	0.91766	1	2009-07-04:19:12:01	80
48.60689	0.91766	1	2009-07-04:19:12:01	80
48.60687	0.91766	1	2009-07-04:19:12:01	80
48.60684	0.91767	1	2009-07-04:19:12:01	80
48.60682	0.91767	1	2009-07-04:19:12:01	80
48.6068	0.91767	1	2009-07-04:19:12:01	80
48.60677	0.91768	1	2009-07-04:19:12:01	80
48.60674	0.91768	1	2009-07-04:19:12:01	80
48.60674	0.91768	1	2009-07-04:19:12:01	80
48.60677	0.91769	1	2009-07-04:19:12:01	80
48.60679	0.91769	1	2009-07-04:19:12:01	80
48.60683	0.91768	1	2009-07-04:19:12:01	80
48.60686	0.91767	1	2009-07-04:19:12:01	80
48.60688	0.91767	1	2009-07-04:19:12:01	80
48.6069	0.91767	1	2009-07-04:19:12:01	80
48.60692	0.91767	1	2009-07-04:19:12:01	80
48.60698	0.91765	1	2009-07-04:19:12:01	80
48.81102	2.30485	1	2009-07-30:12:11:53	81
48.81104	2.3058	1	2009-07-30:12:11:53	81
48.81101	2.30647	1	2009-07-30:12:11:53	81
48.81072	2.30699	1	2009-07-30:12:11:53	81
48.81092	2.30771	1	2009-07-30:12:11:53	81
48.81085	2.30841	1	2009-07-30:12:11:53	81
48.81074	2.30906	1	2009-07-30:12:11:53	81
48.81063	2.30973	1	2009-07-30:12:11:53	81
48.81058	2.31114	1	2009-07-30:12:11:53	81
48.81046	2.3124	1	2009-07-30:12:11:53	81
48.81032	2.31417	1	2009-07-30:12:11:53	81
48.81021	2.31482	1	2009-07-30:12:11:53	81
48.8102	2.31547	1	2009-07-30:12:11:53	81
48.81015	2.31609	1	2009-07-30:12:11:53	81
48.81013	2.31671	1	2009-07-30:12:11:53	81
48.80997	2.31728	1	2009-07-30:12:11:53	81
48.81004	2.31786	1	2009-07-30:12:11:53	81
48.81014	2.31859	1	2009-07-30:12:11:53	81
48.81012	2.31937	1	2009-07-30:12:11:53	81
48.81003	2.32018	1	2009-07-30:12:11:53	81
48.80997	2.32099	1	2009-07-30:12:11:53	81
48.80992	2.32176	1	2009-07-30:12:11:53	81
48.80985	2.32254	1	2009-07-30:12:11:53	81
48.8098	2.32336	1	2009-07-30:12:11:53	81
48.80977	2.32418	1	2009-07-30:12:11:53	81
48.80975	2.32489	1	2009-07-30:12:11:53	81
48.80964	2.32558	1	2009-07-30:12:11:53	81
48.80976	2.32589	1	2009-07-30:12:11:53	81
48.80984	2.32633	1	2009-07-30:12:11:53	81
48.81003	2.32687	1	2009-07-30:12:11:53	81
48.80995	2.3274	1	2009-07-30:12:11:53	81
48.80972	2.32806	1	2009-07-30:12:11:53	81
48.80945	2.3288	1	2009-07-30:12:11:53	81
48.80923	2.32947	1	2009-07-30:12:11:53	81
48.80906	2.33012	1	2009-07-30:12:11:53	81
48.80887	2.33064	1	2009-07-30:12:11:53	81
48.80861	2.33115	1	2009-07-30:12:11:53	81
48.80839	2.33176	1	2009-07-30:12:11:53	81
48.80801	2.33229	1	2009-07-30:12:11:53	81
48.80763	2.3326	1	2009-07-30:12:11:53	81
48.80762	2.33318	1	2009-07-30:12:11:53	81
48.80754	2.33383	1	2009-07-30:12:11:53	81
48.80735	2.33462	1	2009-07-30:12:11:53	81
48.80711	2.33535	1	2009-07-30:12:11:53	81
48.80694	2.33599	1	2009-07-30:12:11:53	81
48.80676	2.3366	1	2009-07-30:12:11:53	81
48.80646	2.33726	1	2009-07-30:12:11:53	81
48.806	2.33773	1	2009-07-30:12:11:53	81
48.80557	2.33793	1	2009-07-30:12:11:53	81
48.8052	2.33798	1	2009-07-30:12:11:53	81
48.80471	2.33804	1	2009-07-30:12:11:53	81
48.80415	2.33805	1	2009-07-30:12:11:53	81
48.80371	2.33813	1	2009-07-30:12:11:53	81
48.80326	2.33824	1	2009-07-30:12:11:53	81
48.8028	2.33836	1	2009-07-30:12:11:53	81
48.80235	2.33845	1	2009-07-30:12:11:53	81
48.80195	2.33879	1	2009-07-30:12:11:53	81
48.8016	2.33924	1	2009-07-30:12:11:53	81
48.80135	2.33979	1	2009-07-30:12:11:53	81
48.80107	2.34031	1	2009-07-30:12:11:53	81
48.80082	2.3409	1	2009-07-30:12:11:53	81
48.80058	2.34147	1	2009-07-30:12:11:53	81
48.8003	2.34205	1	2009-07-30:12:11:53	81
48.8001	2.34267	1	2009-07-30:12:11:53	81
48.79991	2.34293	1	2009-07-30:12:11:53	81
48.79973	2.34336	1	2009-07-30:12:11:53	81
48.79946	2.34384	1	2009-07-30:12:11:53	81
48.79928	2.34443	1	2009-07-30:12:11:53	81
48.79908	2.34497	1	2009-07-30:12:11:53	81
48.79879	2.3455	1	2009-07-30:12:11:53	81
48.79858	2.34606	1	2009-07-30:12:11:53	81
48.79837	2.34659	1	2009-07-30:12:11:53	81
48.79811	2.34706	1	2009-07-30:12:11:53	81
48.79788	2.34759	1	2009-07-30:12:11:53	81
48.79765	2.34813	1	2009-07-30:12:11:53	81
48.79744	2.34867	1	2009-07-30:12:11:53	81
48.79723	2.3492	1	2009-07-30:12:11:53	81
48.79701	2.34973	1	2009-07-30:12:11:53	81
48.79674	2.35025	1	2009-07-30:12:11:53	81
48.79651	2.35077	1	2009-07-30:12:11:53	81
48.79629	2.35133	1	2009-07-30:12:11:53	81
48.79606	2.35187	1	2009-07-30:12:11:53	81
48.79583	2.35245	1	2009-07-30:12:11:53	81
48.79562	2.35302	1	2009-07-30:12:11:53	81
48.79536	2.35354	1	2009-07-30:12:11:53	81
48.7951	2.35408	1	2009-07-30:12:11:53	81
48.79487	2.35459	1	2009-07-30:12:11:53	81
48.79467	2.35519	1	2009-07-30:12:11:53	81
48.79453	2.35586	1	2009-07-30:12:11:53	81
48.79446	2.35654	1	2009-07-30:12:11:53	81
48.79445	2.35719	1	2009-07-30:12:11:53	81
48.79446	2.3578	1	2009-07-30:12:11:53	81
48.79455	2.35844	1	2009-07-30:12:11:53	81
48.79455	2.35901	1	2009-07-30:12:11:53	81
48.79456	2.35961	1	2009-07-30:12:11:53	81
48.7946	2.36021	1	2009-07-30:12:11:53	81
48.79464	2.36081	1	2009-07-30:12:11:53	81
48.79465	2.36143	1	2009-07-30:12:11:53	81
48.79455	2.36204	1	2009-07-30:12:11:53	81
48.79466	2.36266	1	2009-07-30:12:11:53	81
48.79473	2.36331	1	2009-07-30:12:11:53	81
48.79476	2.36398	1	2009-07-30:12:11:53	81
48.79478	2.36461	1	2009-07-30:12:11:53	81
48.79474	2.36517	1	2009-07-30:12:11:53	81
48.79459	2.36574	1	2009-07-30:12:11:53	81
48.79472	2.36634	1	2009-07-30:12:11:53	81
48.79503	2.36678	1	2009-07-30:12:11:53	81
48.79535	2.36727	1	2009-07-30:12:11:53	81
48.79576	2.36768	1	2009-07-30:12:11:53	81
48.79598	2.36823	1	2009-07-30:12:11:53	81
48.79563	2.36844	1	2009-07-30:12:11:53	81
48.79568	2.36841	1	2009-07-30:12:11:53	81
48.79522	2.36857	1	2009-07-30:12:11:53	81
48.79479	2.36878	1	2009-07-30:12:11:53	81
48.79439	2.36895	1	2009-07-30:12:11:53	81
48.79461	2.36952	1	2009-07-30:12:11:53	81
48.79478	2.3701	1	2009-07-30:12:11:53	81
48.79493	2.37069	1	2009-07-30:12:11:53	81
48.795	2.37131	1	2009-07-30:12:11:53	81
48.79539	2.37107	1	2009-07-30:12:11:53	81
48.79579	2.37083	1	2009-07-30:12:11:53	81
48.79612	2.37053	1	2009-07-30:12:11:53	81
48.7965	2.37026	1	2009-07-30:12:11:53	81
48.79689	2.37003	1	2009-07-30:12:11:53	81
48.79723	2.36968	1	2009-07-30:12:11:53	81
48.79763	2.36937	1	2009-07-30:12:11:53	81
48.798	2.36901	1	2009-07-30:12:11:53	81
48.7982	2.36891	1	2009-07-30:12:11:53	81
48.79833	2.36914	1	2009-07-30:12:11:53	81
48.79844	2.36944	1	2009-07-30:12:11:53	81
48.79862	2.36996	1	2009-07-30:12:11:53	81
48.79884	2.37041	1	2009-07-30:12:11:53	81
48.7991	2.37088	1	2009-07-30:12:11:53	81
48.79939	2.37139	1	2009-07-30:12:11:53	81
48.79969	2.37192	1	2009-07-30:12:11:53	81
48.79995	2.37239	1	2009-07-30:12:11:53	81
48.80019	2.37286	1	2009-07-30:12:11:53	81
48.80042	2.37335	1	2009-07-30:12:11:53	81
48.80067	2.37385	1	2009-07-30:12:11:53	81
48.80092	2.37433	1	2009-07-30:12:11:53	81
48.80115	2.37481	1	2009-07-30:12:11:53	81
48.80143	2.37536	1	2009-07-30:12:11:53	81
48.80171	2.37549	1	2009-07-30:12:11:53	81
48.80199	2.3751	1	2009-07-30:12:11:53	81
48.80232	2.3747	1	2009-07-30:12:11:53	81
48.80264	2.37433	1	2009-07-30:12:11:53	81
48.80294	2.37395	1	2009-07-30:12:11:53	81
48.80325	2.3736	1	2009-07-30:12:11:53	81
48.80356	2.37327	1	2009-07-30:12:11:53	81
48.80378	2.37281	1	2009-07-30:12:11:53	81
48.80413	2.3724	1	2009-07-30:12:11:53	81
48.80451	2.37231	1	2009-07-30:12:11:53	81
48.80473	2.3728	1	2009-07-30:12:11:53	81
48.80494	2.3733	1	2009-07-30:12:11:53	81
48.80516	2.3738	1	2009-07-30:12:11:53	81
48.80536	2.37429	1	2009-07-30:12:11:53	81
48.8056	2.37482	1	2009-07-30:12:11:53	81
48.80582	2.3753	1	2009-07-30:12:11:53	81
48.80585	2.37577	1	2009-07-30:12:11:53	81
48.80547	2.376	1	2009-07-30:12:11:53	81
48.80512	2.37626	1	2009-07-30:12:11:53	81
48.80478	2.37661	1	2009-07-30:12:11:53	81
48.80446	2.37706	1	2009-07-30:12:11:53	81
48.80406	2.37721	1	2009-07-30:12:11:53	81
48.80396	2.3772	1	2009-07-30:12:11:53	81
48.8043	2.37683	1	2009-07-30:12:11:53	81
48.80469	2.37654	1	2009-07-30:12:11:53	81
48.80508	2.37629	1	2009-07-30:12:11:53	81
48.80541	2.37603	1	2009-07-30:12:11:53	81
48.80576	2.37578	1	2009-07-30:12:11:53	81
48.80612	2.37558	1	2009-07-30:12:11:53	81
48.80648	2.37528	1	2009-07-30:12:11:53	81
48.80682	2.37516	1	2009-07-30:12:11:53	81
48.80707	2.37564	1	2009-07-30:12:11:53	81
48.80729	2.37618	1	2009-07-30:12:11:53	81
48.80749	2.3767	1	2009-07-30:12:11:53	81
48.80769	2.3772	1	2009-07-30:12:11:53	81
48.8079	2.37771	1	2009-07-30:12:11:53	81
48.8082	2.37816	1	2009-07-30:12:11:53	81
48.80847	2.37854	1	2009-07-30:12:11:53	81
48.80875	2.37894	1	2009-07-30:12:11:53	81
48.80903	2.37945	1	2009-07-30:12:11:53	81
48.80928	2.37994	1	2009-07-30:12:11:53	81
48.80944	2.3804	1	2009-07-30:12:11:53	81
48.80972	2.38089	1	2009-07-30:12:11:53	81
48.80997	2.38139	1	2009-07-30:12:11:53	81
48.81026	2.38196	1	2009-07-30:12:11:53	81
48.81053	2.38248	1	2009-07-30:12:11:53	81
48.81077	2.38298	1	2009-07-30:12:11:53	81
48.81101	2.38352	1	2009-07-30:12:11:53	81
48.81126	2.38403	1	2009-07-30:12:11:53	81
48.81147	2.38452	1	2009-07-30:12:11:53	81
48.81152	2.38478	1	2009-07-30:12:11:53	81
48.81143	2.38457	1	2009-07-30:12:11:53	81
48.81142	2.38455	1	2009-07-30:12:11:53	81
48.81144	2.38453	1	2009-07-30:12:11:53	81
48.81143	2.38451	1	2009-07-30:12:11:53	81
48.81143	2.38449	1	2009-07-30:12:11:53	81
48.81144	2.38447	1	2009-07-30:12:11:53	81
48.81144	2.38445	1	2009-07-30:12:11:53	81
48.81142	2.38442	1	2009-07-30:12:11:53	81
48.8114	2.3844	1	2009-07-30:12:11:53	81
48.81139	2.38436	1	2009-07-30:12:11:53	81
48.81137	2.38433	1	2009-07-30:12:11:53	81
48.81134	2.3843	1	2009-07-30:12:11:53	81
48.81132	2.38427	1	2009-07-30:12:11:53	81
48.81131	2.38425	1	2009-07-30:12:11:53	81
48.81129	2.38424	1	2009-07-30:12:11:53	81
48.81127	2.38422	1	2009-07-30:12:11:53	81
48.81127	2.38419	1	2009-07-30:12:11:53	81
48.81125	2.38418	1	2009-07-30:12:11:53	81
48.81124	2.38416	1	2009-07-30:12:11:53	81
48.81122	2.38415	1	2009-07-30:12:11:53	81
48.8112	2.38416	1	2009-07-30:12:11:53	81
48.81118	2.38417	1	2009-07-30:12:11:53	81
48.81117	2.38417	1	2009-07-30:12:11:53	81
48.8617	2.49161	1	2009-08-09:10:28:17	82
48.86268	2.49649	1	2009-08-09:10:28:17	82
48.86131	2.50175	1	2009-08-09:10:28:17	82
48.85911	2.50616	1	2009-08-09:10:28:17	82
48.85616	2.50898	1	2009-08-09:10:28:17	82
48.85262	2.51212	1	2009-08-09:10:28:17	82
48.85349	2.51708	1	2009-08-09:10:28:17	82
48.85454	2.52196	1	2009-08-09:10:28:17	82
48.85545	2.52639	1	2009-08-09:10:28:17	82
48.85498	2.53061	1	2009-08-09:10:28:17	82
48.85525	2.53596	1	2009-08-09:10:28:17	82
48.85499	2.54086	1	2009-08-09:10:28:17	82
48.8553	2.5456	1	2009-08-09:10:28:17	82
48.85663	2.55066	1	2009-08-09:10:28:17	82
48.85902	2.55535	1	2009-08-09:10:28:17	82
48.86141	2.55975	1	2009-08-09:10:28:17	82
48.86371	2.56272	1	2009-08-09:10:28:17	82
48.86196	2.56214	1	2009-08-09:10:28:17	82
48.85979	2.55819	1	2009-08-09:10:28:17	82
48.85761	2.5543	1	2009-08-09:10:28:17	82
48.85559	2.55008	1	2009-08-09:10:28:17	82
48.85484	2.54729	1	2009-08-09:10:28:17	82
48.85485	2.55224	1	2009-08-09:10:28:17	82
48.85468	2.55713	1	2009-08-09:10:28:17	82
48.85435	2.562	1	2009-08-09:10:28:17	82
48.85605	2.56628	1	2009-08-09:10:28:17	82
48.85923	2.56539	1	2009-08-09:10:28:17	82
48.86149	2.5627	1	2009-08-09:10:28:17	82
48.86302	2.56397	1	2009-08-09:10:28:17	82
48.86166	2.56162	1	2009-08-09:10:28:17	82
48.86389	2.56342	1	2009-08-09:10:28:17	82
48.86544	2.56403	1	2009-08-09:10:28:17	82
48.86594	2.5683	1	2009-08-09:10:28:17	82
48.86778	2.57217	1	2009-08-09:10:28:17	82
48.86728	2.57518	1	2009-08-09:10:28:17	82
48.86489	2.57554	1	2009-08-09:10:28:17	82
48.86449	2.57098	1	2009-08-09:10:28:17	82
48.86334	2.56648	1	2009-08-09:10:28:17	82
48.86127	2.56606	1	2009-08-09:10:28:17	82
48.85829	2.56734	1	2009-08-09:10:28:17	82
48.8553	2.56767	1	2009-08-09:10:28:17	82
48.85397	2.56341	1	2009-08-09:10:28:17	82
48.85359	2.55868	1	2009-08-09:10:28:17	82
48.85419	2.55384	1	2009-08-09:10:28:17	82
48.85424	2.54906	1	2009-08-09:10:28:17	82
48.85373	2.54432	1	2009-08-09:10:28:17	82
48.85263	2.54004	1	2009-08-09:10:28:17	82
48.85339	2.53533	1	2009-08-09:10:28:17	82
48.85296	2.5306	1	2009-08-09:10:28:17	82
48.8523	2.52593	1	2009-08-09:10:28:17	82
48.85188	2.52116	1	2009-08-09:10:28:17	82
48.85124	2.5165	1	2009-08-09:10:28:17	82
48.84894	2.51321	1	2009-08-09:10:28:17	82
48.84592	2.5119	1	2009-08-09:10:28:17	82
48.84285	2.51256	1	2009-08-09:10:28:17	82
48.83974	2.51354	1	2009-08-09:10:28:17	82
48.83739	2.51677	1	2009-08-09:10:28:17	82
48.83427	2.5182	1	2009-08-09:10:28:17	82
48.83117	2.5166	1	2009-08-09:10:28:17	82
48.82925	2.51279	1	2009-08-09:10:28:17	82
48.82879	2.50814	1	2009-08-09:10:28:17	82
48.82974	2.50359	1	2009-08-09:10:28:17	82
48.83048	2.49903	1	2009-08-09:10:28:17	82
48.83085	2.49423	1	2009-08-09:10:28:17	82
48.83083	2.48943	1	2009-08-09:10:28:17	82
48.83119	2.48474	1	2009-08-09:10:28:17	82
48.83091	2.48004	1	2009-08-09:10:28:17	82
48.83024	2.47547	1	2009-08-09:10:28:17	82
48.8285	2.4715	1	2009-08-09:10:28:17	82
48.82583	2.4691	1	2009-08-09:10:28:17	82
48.82274	2.46945	1	2009-08-09:10:28:17	82
48.81969	2.46984	1	2009-08-09:10:28:17	82
48.81723	2.47277	1	2009-08-09:10:28:17	82
48.81528	2.4764	1	2009-08-09:10:28:17	82
48.81378	2.48046	1	2009-08-09:10:28:17	82
48.81305	2.48507	1	2009-08-09:10:28:17	82
48.81212	2.48977	1	2009-08-09:10:28:17	82
48.8113	2.49433	1	2009-08-09:10:28:17	82
48.81094	2.49897	1	2009-08-09:10:28:17	82
48.8111	2.50363	1	2009-08-09:10:28:17	82
48.81077	2.50816	1	2009-08-09:10:28:17	82
48.81015	2.50993	1	2009-08-09:10:28:17	82
48.80914	2.51349	1	2009-08-09:10:28:17	82
48.80793	2.51794	1	2009-08-09:10:28:17	82
48.80548	2.52085	1	2009-08-09:10:28:17	82
48.80261	2.52229	1	2009-08-09:10:28:17	82
48.79947	2.52207	1	2009-08-09:10:28:17	82
48.79634	2.52244	1	2009-08-09:10:28:17	82
48.79322	2.52187	1	2009-08-09:10:28:17	82
48.79076	2.52076	1	2009-08-09:10:28:17	82
48.78834	2.52117	1	2009-08-09:10:28:17	82
48.78576	2.51838	1	2009-08-09:10:28:17	82
48.78355	2.51518	1	2009-08-09:10:28:17	82
48.78111	2.51234	1	2009-08-09:10:28:17	82
48.77801	2.5116	1	2009-08-09:10:28:17	82
48.77484	2.51091	1	2009-08-09:10:28:17	82
48.77388	2.50637	1	2009-08-09:10:28:17	82
48.77317	2.50178	1	2009-08-09:10:28:17	82
48.77319	2.49731	1	2009-08-09:10:28:17	82
48.7735	2.49276	1	2009-08-09:10:28:17	82
48.77165	2.49002	1	2009-08-09:10:28:17	82
48.76881	2.48843	1	2009-08-09:10:28:17	82
48.76703	2.48459	1	2009-08-09:10:28:17	82
48.7656	2.48014	1	2009-08-09:10:28:17	82
48.76606	2.47555	1	2009-08-09:10:28:17	82
48.76713	2.47108	1	2009-08-09:10:28:17	82
48.76812	2.46658	1	2009-08-09:10:28:17	82
48.77049	2.46377	1	2009-08-09:10:28:17	82
48.77347	2.46215	1	2009-08-09:10:28:17	82
48.77624	2.4603	1	2009-08-09:10:28:17	82
48.77772	2.45756	1	2009-08-09:10:28:17	82
48.77779	2.45526	1	2009-08-09:10:28:17	82
48.78088	2.45491	1	2009-08-09:10:28:17	82
48.7843	2.4542	1	2009-08-09:10:28:17	82
48.78537	2.45076	1	2009-08-09:10:28:17	82
48.786	2.44838	1	2009-08-09:10:28:17	82
48.78492	2.45161	1	2009-08-09:10:28:17	82
48.78663	2.44771	1	2009-08-09:10:28:17	82
48.78934	2.44543	1	2009-08-09:10:28:17	82
48.7924	2.44666	1	2009-08-09:10:28:17	82
48.79545	2.4477	1	2009-08-09:10:28:17	82
48.79845	2.44898	1	2009-08-09:10:28:17	82
48.79968	2.45272	1	2009-08-09:10:28:17	82
48.80162	2.44906	1	2009-08-09:10:28:17	82
48.8036	2.4453	1	2009-08-09:10:28:17	82
48.80556	2.4416	1	2009-08-09:10:28:17	82
48.80855	2.43592	1	2009-08-09:10:28:17	82
48.81045	2.4323	1	2009-08-09:10:28:17	82
48.81247	2.42854	1	2009-08-09:10:28:17	82
48.8142	2.42455	1	2009-08-09:10:28:17	82
48.81552	2.42038	1	2009-08-09:10:28:17	82
48.81468	2.41606	1	2009-08-09:10:28:17	82
48.81459	2.41146	1	2009-08-09:10:28:17	82
48.81458	2.40667	1	2009-08-09:10:28:17	82
48.81475	2.40219	1	2009-08-09:10:28:17	82
48.81457	2.39747	1	2009-08-09:10:28:17	82
48.81555	2.39325	1	2009-08-09:10:28:17	82
48.81389	2.38929	1	2009-08-09:10:28:17	82
48.81303	2.38567	1	2009-08-09:10:28:17	82
48.81567	2.3832	1	2009-08-09:10:28:17	82
48.81842	2.38097	1	2009-08-09:10:28:17	82
48.82124	2.37909	1	2009-08-09:10:28:17	82
48.82408	2.37697	1	2009-08-09:10:28:17	82
48.82628	2.37372	1	2009-08-09:10:28:17	82
48.82858	2.37039	1	2009-08-09:10:28:17	82
48.83066	2.36716	1	2009-08-09:10:28:17	82
48.83311	2.36444	1	2009-08-09:10:28:17	82
48.83541	2.36114	1	2009-08-09:10:28:17	82
48.8376	2.35804	1	2009-08-09:10:28:17	82
48.84043	2.3563	1	2009-08-09:10:28:17	82
48.8435	2.35513	1	2009-08-09:10:28:17	82
48.84657	2.35431	1	2009-08-09:10:28:17	82
48.84816	2.35052	1	2009-08-09:10:28:17	82
48.85078	2.35129	1	2009-08-09:10:28:17	82
48.85328	2.35379	1	2009-08-09:10:28:17	82
48.85596	2.35644	1	2009-08-09:10:28:17	82
48.85662	2.35695	1	2009-08-09:10:28:17	82
48.85661	2.357	1	2009-08-09:10:28:17	82
48.8566	2.35704	1	2009-08-09:10:28:17	82
48.85659	2.35708	1	2009-08-09:10:28:17	82
48.85659	2.35713	1	2009-08-09:10:28:17	82
48.85657	2.35716	1	2009-08-09:10:28:17	82
48.85656	2.35718	1	2009-08-09:10:28:17	82
48.85655	2.3572	1	2009-08-09:10:28:17	82
48.85654	2.35722	1	2009-08-09:10:28:17	82
48.85653	2.35725	1	2009-08-09:10:28:17	82
48.85652	2.35727	1	2009-08-09:10:28:17	82
48.85651	2.3573	1	2009-08-09:10:28:17	82
48.8565	2.35733	1	2009-08-09:10:28:17	82
48.85649	2.35735	1	2009-08-09:10:28:17	82
48.85651	2.35737	1	2009-08-09:10:28:17	82
48.85652	2.35735	1	2009-08-09:10:28:17	82
48.85648	2.35734	1	2009-08-09:10:28:17	82
48.85646	2.35734	1	2009-08-09:10:28:17	82
48.85651	2.35745	1	2009-08-09:10:28:17	82
48.85653	2.35743	1	2009-08-09:10:28:17	82
48.85648	2.35742	1	2009-08-09:10:28:17	82
48.85623	2.35737	1	2009-08-09:10:28:17	82
48.85642	2.35746	1	2009-08-09:10:28:17	82
48.85782	2.33521	1	2009-08-10:07:34:42	83
48.85719	2.33659	1	2009-08-10:07:34:42	83
48.85361	2.33826	1	2009-08-10:07:34:42	83
48.85204	2.3375	1	2009-08-10:07:34:42	83
48.85769	2.33554	1	2009-08-10:07:34:42	83
48.85732	2.33647	1	2009-08-10:07:34:42	83
48.85355	2.33847	1	2009-08-10:07:34:42	83
48.85219	2.3389	1	2009-08-10:07:34:42	83
48.85076	2.33807	1	2009-08-10:07:34:42	83
48.84987	2.33836	1	2009-08-10:07:34:42	83
48.84942	2.33887	1	2009-08-10:07:34:42	83
48.84954	2.33972	1	2009-08-10:07:34:42	83
48.84816	2.34027	1	2009-08-10:07:34:42	83
48.84723	2.34043	1	2009-08-10:07:34:42	83
48.84627	2.34009	1	2009-08-10:07:34:42	83
48.84541	2.33959	1	2009-08-10:07:34:42	83
48.84443	2.33925	1	2009-08-10:07:34:42	83
48.84419	2.33884	1	2009-08-10:07:34:42	83
48.84314	2.33853	1	2009-08-10:07:34:42	83
48.84232	2.33804	1	2009-08-10:07:34:42	83
48.8416	2.33746	1	2009-08-10:07:34:42	83
48.84153	2.33687	1	2009-08-10:07:34:42	83
48.841	2.33647	1	2009-08-10:07:34:42	83
48.83998	2.33639	1	2009-08-10:07:34:42	83
48.83894	2.33599	1	2009-08-10:07:34:42	83
48.83804	2.33564	1	2009-08-10:07:34:42	83
48.83705	2.33507	1	2009-08-10:07:34:42	83
48.83631	2.33428	1	2009-08-10:07:34:42	83
48.83544	2.33361	1	2009-08-10:07:34:42	83
48.83494	2.33305	1	2009-08-10:07:34:42	83
48.83442	2.33233	1	2009-08-10:07:34:42	83
48.83361	2.33175	1	2009-08-10:07:34:42	83
48.83327	2.33146	1	2009-08-10:07:34:42	83
48.83281	2.33112	1	2009-08-10:07:34:42	83
48.83209	2.33034	1	2009-08-10:07:34:42	83
48.83145	2.32981	1	2009-08-10:07:34:42	83
48.83072	2.32928	1	2009-08-10:07:34:42	83
48.83007	2.3287	1	2009-08-10:07:34:42	83
48.82932	2.32812	1	2009-08-10:07:34:42	83
48.82857	2.32751	1	2009-08-10:07:34:42	83
48.82799	2.32664	1	2009-08-10:07:34:42	83
48.82735	2.32587	1	2009-08-10:07:34:42	83
48.82694	2.32495	1	2009-08-10:07:34:42	83
48.82653	2.32396	1	2009-08-10:07:34:42	83
48.8262	2.32274	1	2009-08-10:07:34:42	83
48.82574	2.32178	1	2009-08-10:07:34:42	83
48.82523	2.32082	1	2009-08-10:07:34:42	83
48.82474	2.31976	1	2009-08-10:07:34:42	83
48.82435	2.31864	1	2009-08-10:07:34:42	83
48.82389	2.3175	1	2009-08-10:07:34:42	83
48.82344	2.31644	1	2009-08-10:07:34:42	83
48.82299	2.31534	1	2009-08-10:07:34:42	83
48.82253	2.3143	1	2009-08-10:07:34:42	83
48.82188	2.31349	1	2009-08-10:07:34:42	83
48.82149	2.31249	1	2009-08-10:07:34:42	83
48.82084	2.31153	1	2009-08-10:07:34:42	83
48.82006	2.31087	1	2009-08-10:07:34:42	83
48.81947	2.31002	1	2009-08-10:07:34:42	83
48.81879	2.30922	1	2009-08-10:07:34:42	83
48.81817	2.30839	1	2009-08-10:07:34:42	83
48.8176	2.30769	1	2009-08-10:07:34:42	83
48.81695	2.30683	1	2009-08-10:07:34:42	83
48.81632	2.30585	1	2009-08-10:07:34:42	83
48.81575	2.30498	1	2009-08-10:07:34:42	83
48.81546	2.30454	1	2009-08-10:07:34:42	83
48.81509	2.3038	1	2009-08-10:07:34:42	83
48.81448	2.303	1	2009-08-10:07:34:42	83
48.81382	2.30229	1	2009-08-10:07:34:42	83
48.81314	2.30164	1	2009-08-10:07:34:42	83
48.81242	2.30109	1	2009-08-10:07:34:42	83
48.81186	2.30039	1	2009-08-10:07:34:42	83
48.81114	2.29989	1	2009-08-10:07:34:42	83
48.81048	2.2991	1	2009-08-10:07:34:42	83
48.81015	2.29811	1	2009-08-10:07:34:42	83
48.8094	2.29751	1	2009-08-10:07:34:42	83
48.80876	2.29672	1	2009-08-10:07:34:42	83
48.80816	2.29597	1	2009-08-10:07:34:42	83
48.80755	2.29506	1	2009-08-10:07:34:42	83
48.80725	2.29393	1	2009-08-10:07:34:42	83
48.80673	2.29303	1	2009-08-10:07:34:42	83
48.80618	2.29219	1	2009-08-10:07:34:42	83
48.80562	2.29129	1	2009-08-10:07:34:42	83
48.80509	2.29035	1	2009-08-10:07:34:42	83
48.80455	2.28943	1	2009-08-10:07:34:42	83
48.80404	2.28844	1	2009-08-10:07:34:42	83
48.80333	2.28782	1	2009-08-10:07:34:42	83
48.80266	2.28704	1	2009-08-10:07:34:42	83
48.8021	2.28612	1	2009-08-10:07:34:42	83
48.80173	2.28502	1	2009-08-10:07:34:42	83
48.80122	2.28407	1	2009-08-10:07:34:42	83
48.80068	2.28314	1	2009-08-10:07:34:42	83
48.8001	2.28221	1	2009-08-10:07:34:42	83
48.79957	2.28125	1	2009-08-10:07:34:42	83
48.79897	2.28038	1	2009-08-10:07:34:42	83
48.79838	2.27939	1	2009-08-10:07:34:42	83
48.79783	2.27854	1	2009-08-10:07:34:42	83
48.79723	2.27765	1	2009-08-10:07:34:42	83
48.79662	2.27681	1	2009-08-10:07:34:42	83
48.79608	2.2759	1	2009-08-10:07:34:42	83
48.79559	2.27493	1	2009-08-10:07:34:42	83
48.79509	2.27396	1	2009-08-10:07:34:42	83
48.79472	2.27283	1	2009-08-10:07:34:42	83
48.79414	2.27195	1	2009-08-10:07:34:42	83
48.79361	2.27105	1	2009-08-10:07:34:42	83
48.79302	2.27011	1	2009-08-10:07:34:42	83
48.79264	2.269	1	2009-08-10:07:34:42	83
48.79218	2.26797	1	2009-08-10:07:34:42	83
48.79167	2.26696	1	2009-08-10:07:34:42	83
48.79119	2.26592	1	2009-08-10:07:34:42	83
48.79077	2.26481	1	2009-08-10:07:34:42	83
48.79044	2.26364	1	2009-08-10:07:34:42	83
48.79001	2.2625	1	2009-08-10:07:34:42	83
48.7896	2.26147	1	2009-08-10:07:34:42	83
48.78913	2.2604	1	2009-08-10:07:34:42	83
48.78867	2.25939	1	2009-08-10:07:34:42	83
48.78826	2.25824	1	2009-08-10:07:34:42	83
48.78783	2.25719	1	2009-08-10:07:34:42	83
48.78737	2.25611	1	2009-08-10:07:34:42	83
48.78689	2.25501	1	2009-08-10:07:34:42	83
48.78651	2.25391	1	2009-08-10:07:34:42	83
48.78607	2.25283	1	2009-08-10:07:34:42	83
48.78561	2.25176	1	2009-08-10:07:34:42	83
48.78515	2.2508	1	2009-08-10:07:34:42	83
48.78474	2.2497	1	2009-08-10:07:34:42	83
48.78426	2.24867	1	2009-08-10:07:34:42	83
48.78391	2.2476	1	2009-08-10:07:34:42	83
48.78353	2.24655	1	2009-08-10:07:34:42	83
48.78307	2.24549	1	2009-08-10:07:34:42	83
48.78258	2.2445	1	2009-08-10:07:34:42	83
48.78213	2.24347	1	2009-08-10:07:34:42	83
48.78173	2.24247	1	2009-08-10:07:34:42	83
48.78128	2.2415	1	2009-08-10:07:34:42	83
48.78086	2.24052	1	2009-08-10:07:34:42	83
48.78043	2.23948	1	2009-08-10:07:34:42	83
48.77999	2.23846	1	2009-08-10:07:34:42	83
48.77956	2.23747	1	2009-08-10:07:34:42	83
48.77912	2.23648	1	2009-08-10:07:34:42	83
48.77862	2.2355	1	2009-08-10:07:34:42	83
48.77819	2.23448	1	2009-08-10:07:34:42	83
48.7778	2.2335	1	2009-08-10:07:34:42	83
48.77733	2.23253	1	2009-08-10:07:34:42	83
48.77698	2.23143	1	2009-08-10:07:34:42	83
48.77653	2.23043	1	2009-08-10:07:34:42	83
48.77611	2.22945	1	2009-08-10:07:34:42	83
48.77538	2.22886	1	2009-08-10:07:34:42	83
48.77456	2.22882	1	2009-08-10:07:34:42	83
48.77373	2.2289	1	2009-08-10:07:34:42	83
48.77297	2.22895	1	2009-08-10:07:34:42	83
48.77215	2.22908	1	2009-08-10:07:34:42	83
48.77138	2.22915	1	2009-08-10:07:34:42	83
48.76995	2.2291	1	2009-08-10:07:34:42	83
48.76918	2.22933	1	2009-08-10:07:34:42	83
48.76838	2.22958	1	2009-08-10:07:34:42	83
48.76761	2.22966	1	2009-08-10:07:34:42	83
48.76681	2.22945	1	2009-08-10:07:34:42	83
48.76611	2.22905	1	2009-08-10:07:34:42	83
48.76547	2.22831	1	2009-08-10:07:34:42	83
48.76484	2.22758	1	2009-08-10:07:34:42	83
48.76421	2.22695	1	2009-08-10:07:34:42	83
48.76361	2.22627	1	2009-08-10:07:34:42	83
48.76302	2.22541	1	2009-08-10:07:34:42	83
48.76246	2.22469	1	2009-08-10:07:34:42	83
48.76191	2.22397	1	2009-08-10:07:34:42	83
48.76141	2.22299	1	2009-08-10:07:34:42	83
48.76077	2.22228	1	2009-08-10:07:34:42	83
48.76017	2.22148	1	2009-08-10:07:34:42	83
48.75963	2.22068	1	2009-08-10:07:34:42	83
48.75895	2.22004	1	2009-08-10:07:34:42	83
48.75825	2.21945	1	2009-08-10:07:34:42	83
48.75756	2.21884	1	2009-08-10:07:34:42	83
48.75685	2.21832	1	2009-08-10:07:34:42	83
48.75611	2.21768	1	2009-08-10:07:34:42	83
48.75556	2.21679	1	2009-08-10:07:34:42	83
48.75514	2.21578	1	2009-08-10:07:34:42	83
48.75497	2.21471	1	2009-08-10:07:34:42	83
48.75522	2.21357	1	2009-08-10:07:34:42	83
48.75581	2.21267	1	2009-08-10:07:34:42	83
48.75647	2.21192	1	2009-08-10:07:34:42	83
48.75681	2.21082	1	2009-08-10:07:34:42	83
48.75657	2.20995	1	2009-08-10:07:34:42	83
48.75635	2.20889	1	2009-08-10:07:34:42	83
48.75641	2.20769	1	2009-08-10:07:34:42	83
48.75637	2.20641	1	2009-08-10:07:34:42	83
48.75639	2.20528	1	2009-08-10:07:34:42	83
48.75657	2.20412	1	2009-08-10:07:34:42	83
48.75671	2.20295	1	2009-08-10:07:34:42	83
48.75702	2.20176	1	2009-08-10:07:34:42	83
48.75776	2.20142	1	2009-08-10:07:34:42	83
48.75819	2.20041	1	2009-08-10:07:34:42	83
48.7587	2.19949	1	2009-08-10:07:34:42	83
48.75916	2.19851	1	2009-08-10:07:34:42	83
48.75962	2.1978	1	2009-08-10:07:34:42	83
48.76022	2.19737	1	2009-08-10:07:34:42	83
48.76098	2.19771	1	2009-08-10:07:34:42	83
48.76146	2.19682	1	2009-08-10:07:34:42	83
48.76152	2.19563	1	2009-08-10:07:34:42	83
48.76185	2.1945	1	2009-08-10:07:34:42	83
48.76222	2.19348	1	2009-08-10:07:34:42	83
48.7626	2.19221	1	2009-08-10:07:34:42	83
48.7628	2.19112	1	2009-08-10:07:34:42	83
48.76289	2.18996	1	2009-08-10:07:34:42	83
48.76301	2.18885	1	2009-08-10:07:34:42	83
48.76339	2.18783	1	2009-08-10:07:34:42	83
48.76383	2.1867	1	2009-08-10:07:34:42	83
48.76454	2.18636	1	2009-08-10:07:34:42	83
48.76534	2.1866	1	2009-08-10:07:34:42	83
48.76605	2.18626	1	2009-08-10:07:34:42	83
48.76622	2.18516	1	2009-08-10:07:34:42	83
48.76657	2.18421	1	2009-08-10:07:34:42	83
48.76627	2.18314	1	2009-08-10:07:34:42	83
48.76658	2.18209	1	2009-08-10:07:34:42	83
48.76652	2.18136	1	2009-08-10:07:34:42	83
48.76653	2.18134	1	2009-08-10:07:34:42	83
48.76654	2.18131	1	2009-08-10:07:34:42	83
48.76654	2.18129	1	2009-08-10:07:34:42	83
48.76652	2.18128	1	2009-08-10:07:34:42	83
48.76651	2.18126	1	2009-08-10:07:34:42	83
48.76649	2.18123	1	2009-08-10:07:34:42	83
48.76649	2.18119	1	2009-08-10:07:34:42	83
48.76649	2.18116	1	2009-08-10:07:34:42	83
48.76647	2.18112	1	2009-08-10:07:34:42	83
48.76644	2.18111	1	2009-08-10:07:34:42	83
48.76643	2.18113	1	2009-08-10:07:34:42	83
48.76641	2.18116	1	2009-08-10:07:34:42	83
48.7664	2.18114	1	2009-08-10:07:34:42	83
48.76639	2.18116	1	2009-08-10:07:34:42	83
48.76638	2.18118	1	2009-08-10:07:34:42	83
48.76638	2.1812	1	2009-08-10:07:34:42	83
48.76637	2.18122	1	2009-08-10:07:34:42	83
48.76637	2.18124	1	2009-08-10:07:34:42	83
48.76635	2.18128	1	2009-08-10:07:34:42	83
48.76634	2.18131	1	2009-08-10:07:34:42	83
48.76634	2.18133	1	2009-08-10:07:34:42	83
48.76631	2.18142	1	2009-08-10:07:34:42	83
48.85809	2.33357	1	2009-08-11:07:48:30	84
48.85712	2.33274	1	2009-08-11:07:48:30	84
48.85656	2.33212	1	2009-08-11:07:48:30	84
48.85597	2.3315	1	2009-08-11:07:48:30	84
48.85483	2.33081	1	2009-08-11:07:48:30	84
48.85399	2.33009	1	2009-08-11:07:48:30	84
48.85292	2.32964	1	2009-08-11:07:48:30	84
48.85199	2.32919	1	2009-08-11:07:48:30	84
48.85105	2.32924	1	2009-08-11:07:48:30	84
48.85194	2.32999	1	2009-08-11:07:48:30	84
48.85224	2.33126	1	2009-08-11:07:48:30	84
48.85242	2.33166	1	2009-08-11:07:48:30	84
48.8516	2.33101	1	2009-08-11:07:48:30	84
48.85083	2.33044	1	2009-08-11:07:48:30	84
48.84998	2.32977	1	2009-08-11:07:48:30	84
48.84915	2.32919	1	2009-08-11:07:48:30	84
48.84849	2.32837	1	2009-08-11:07:48:30	84
48.84817	2.32798	1	2009-08-11:07:48:30	84
48.84738	2.32822	1	2009-08-11:07:48:30	84
48.84629	2.32837	1	2009-08-11:07:48:30	84
48.84511	2.32871	1	2009-08-11:07:48:30	84
48.84498	2.32913	1	2009-08-11:07:48:30	84
48.84415	2.32919	1	2009-08-11:07:48:30	84
48.84327	2.32931	1	2009-08-11:07:48:30	84
48.84244	2.32946	1	2009-08-11:07:48:30	84
48.84165	2.32972	1	2009-08-11:07:48:30	84
48.84078	2.33017	1	2009-08-11:07:48:30	84
48.83985	2.3305	1	2009-08-11:07:48:30	84
48.83887	2.33071	1	2009-08-11:07:48:30	84
48.83793	2.3311	1	2009-08-11:07:48:30	84
48.8369	2.33152	1	2009-08-11:07:48:30	84
48.83605	2.33183	1	2009-08-11:07:48:30	84
48.8355	2.33191	1	2009-08-11:07:48:30	84
48.83511	2.33137	1	2009-08-11:07:48:30	84
48.8344	2.33091	1	2009-08-11:07:48:30	84
48.83376	2.33165	1	2009-08-11:07:48:30	84
48.83303	2.33126	1	2009-08-11:07:48:30	84
48.83241	2.33063	1	2009-08-11:07:48:30	84
48.83151	2.33004	1	2009-08-11:07:48:30	84
48.83094	2.32936	1	2009-08-11:07:48:30	84
48.8301	2.3289	1	2009-08-11:07:48:30	84
48.82923	2.32816	1	2009-08-11:07:48:30	84
48.82882	2.32751	1	2009-08-11:07:48:30	84
48.8281	2.32702	1	2009-08-11:07:48:30	84
48.82759	2.326	1	2009-08-11:07:48:30	84
48.82709	2.3251	1	2009-08-11:07:48:30	84
48.82662	2.32428	1	2009-08-11:07:48:30	84
48.82613	2.32319	1	2009-08-11:07:48:30	84
48.82582	2.32206	1	2009-08-11:07:48:30	84
48.82551	2.32097	1	2009-08-11:07:48:30	84
48.82479	2.32031	1	2009-08-11:07:48:30	84
48.82444	2.31931	1	2009-08-11:07:48:30	84
48.82427	2.31811	1	2009-08-11:07:48:30	84
48.82376	2.31718	1	2009-08-11:07:48:30	84
48.82322	2.31627	1	2009-08-11:07:48:30	84
48.82298	2.31511	1	2009-08-11:07:48:30	84
48.82252	2.31406	1	2009-08-11:07:48:30	84
48.82167	2.3135	1	2009-08-11:07:48:30	84
48.82118	2.31275	1	2009-08-11:07:48:30	84
48.82061	2.31204	1	2009-08-11:07:48:30	84
48.81986	2.31138	1	2009-08-11:07:48:30	84
48.81942	2.31025	1	2009-08-11:07:48:30	84
48.81884	2.30936	1	2009-08-11:07:48:30	84
48.81807	2.30873	1	2009-08-11:07:48:30	84
48.81775	2.30795	1	2009-08-11:07:48:30	84
48.81719	2.30706	1	2009-08-11:07:48:30	84
48.81654	2.3064	1	2009-08-11:07:48:30	84
48.81606	2.30573	1	2009-08-11:07:48:30	84
48.81566	2.30517	1	2009-08-11:07:48:30	84
48.81505	2.30461	1	2009-08-11:07:48:30	84
48.8145	2.30375	1	2009-08-11:07:48:30	84
48.81386	2.30306	1	2009-08-11:07:48:30	84
48.81323	2.30243	1	2009-08-11:07:48:30	84
48.81272	2.30166	1	2009-08-11:07:48:30	84
48.81205	2.30093	1	2009-08-11:07:48:30	84
48.81144	2.30023	1	2009-08-11:07:48:30	84
48.81084	2.29965	1	2009-08-11:07:48:30	84
48.81028	2.29886	1	2009-08-11:07:48:30	84
48.80985	2.29822	1	2009-08-11:07:48:30	84
48.8092	2.29764	1	2009-08-11:07:48:30	84
48.80848	2.29709	1	2009-08-11:07:48:30	84
48.8077	2.29678	1	2009-08-11:07:48:30	84
48.80729	2.29584	1	2009-08-11:07:48:30	84
48.80662	2.29548	1	2009-08-11:07:48:30	84
48.80648	2.29446	1	2009-08-11:07:48:30	84
48.80631	2.29336	1	2009-08-11:07:48:30	84
48.80572	2.29274	1	2009-08-11:07:48:30	84
48.80524	2.2918	1	2009-08-11:07:48:30	84
48.80497	2.29089	1	2009-08-11:07:48:30	84
48.80441	2.29022	1	2009-08-11:07:48:30	84
48.80397	2.28926	1	2009-08-11:07:48:30	84
48.80336	2.28859	1	2009-08-11:07:48:30	84
48.80262	2.2881	1	2009-08-11:07:48:30	84
48.80193	2.28759	1	2009-08-11:07:48:30	84
48.802	2.28634	1	2009-08-11:07:48:30	84
48.80216	2.2853	1	2009-08-11:07:48:30	84
48.80162	2.28445	1	2009-08-11:07:48:30	84
48.8013	2.2835	1	2009-08-11:07:48:30	84
48.80065	2.28285	1	2009-08-11:07:48:30	84
48.80013	2.28202	1	2009-08-11:07:48:30	84
48.79957	2.28123	1	2009-08-11:07:48:30	84
48.79885	2.28052	1	2009-08-11:07:48:30	84
48.79829	2.27969	1	2009-08-11:07:48:30	84
48.7977	2.27888	1	2009-08-11:07:48:30	84
48.79693	2.27824	1	2009-08-11:07:48:30	84
48.79615	2.2779	1	2009-08-11:07:48:30	84
48.79558	2.27728	1	2009-08-11:07:48:30	84
48.79511	2.27662	1	2009-08-11:07:48:30	84
48.79508	2.27573	1	2009-08-11:07:48:30	84
48.79471	2.27463	1	2009-08-11:07:48:30	84
48.79482	2.2735	1	2009-08-11:07:48:30	84
48.79446	2.27243	1	2009-08-11:07:48:30	84
48.79387	2.27157	1	2009-08-11:07:48:30	84
48.79336	2.27067	1	2009-08-11:07:48:30	84
48.79284	2.26963	1	2009-08-11:07:48:30	84
48.79244	2.26851	1	2009-08-11:07:48:30	84
48.79202	2.26749	1	2009-08-11:07:48:30	84
48.79162	2.26643	1	2009-08-11:07:48:30	84
48.79115	2.26536	1	2009-08-11:07:48:30	84
48.79074	2.26431	1	2009-08-11:07:48:30	84
48.79032	2.26321	1	2009-08-11:07:48:30	84
48.78988	2.26215	1	2009-08-11:07:48:30	84
48.78948	2.26111	1	2009-08-11:07:48:30	84
48.78904	2.26003	1	2009-08-11:07:48:30	84
48.78854	2.25899	1	2009-08-11:07:48:30	84
48.78816	2.25792	1	2009-08-11:07:48:30	84
48.78771	2.2568	1	2009-08-11:07:48:30	84
48.78724	2.25578	1	2009-08-11:07:48:30	84
48.78681	2.25466	1	2009-08-11:07:48:30	84
48.78645	2.25362	1	2009-08-11:07:48:30	84
48.78599	2.25256	1	2009-08-11:07:48:30	84
48.78556	2.25144	1	2009-08-11:07:48:30	84
48.78508	2.25051	1	2009-08-11:07:48:30	84
48.7846	2.24958	1	2009-08-11:07:48:30	84
48.78429	2.24851	1	2009-08-11:07:48:30	84
48.78391	2.24741	1	2009-08-11:07:48:30	84
48.78353	2.24636	1	2009-08-11:07:48:30	84
48.78307	2.24531	1	2009-08-11:07:48:30	84
48.78265	2.24431	1	2009-08-11:07:48:30	84
48.78218	2.2434	1	2009-08-11:07:48:30	84
48.78174	2.24236	1	2009-08-11:07:48:30	84
48.78128	2.24149	1	2009-08-11:07:48:30	84
48.78088	2.24045	1	2009-08-11:07:48:30	84
48.78055	2.23932	1	2009-08-11:07:48:30	84
48.78011	2.23827	1	2009-08-11:07:48:30	84
48.77969	2.23725	1	2009-08-11:07:48:30	84
48.77928	2.23616	1	2009-08-11:07:48:30	84
48.77886	2.2351	1	2009-08-11:07:48:30	84
48.77844	2.23402	1	2009-08-11:07:48:30	84
48.778	2.23298	1	2009-08-11:07:48:30	84
48.77757	2.23198	1	2009-08-11:07:48:30	84
48.7772	2.23092	1	2009-08-11:07:48:30	84
48.77678	2.2299	1	2009-08-11:07:48:30	84
48.77623	2.22903	1	2009-08-11:07:48:30	84
48.77549	2.22867	1	2009-08-11:07:48:30	84
48.7747	2.22874	1	2009-08-11:07:48:30	84
48.77389	2.22884	1	2009-08-11:07:48:30	84
48.77313	2.22889	1	2009-08-11:07:48:30	84
48.77231	2.22904	1	2009-08-11:07:48:30	84
48.77154	2.22916	1	2009-08-11:07:48:30	84
48.77002	2.22903	1	2009-08-11:07:48:30	84
48.76921	2.22932	1	2009-08-11:07:48:30	84
48.76843	2.22957	1	2009-08-11:07:48:30	84
48.76766	2.22963	1	2009-08-11:07:48:30	84
48.76692	2.22947	1	2009-08-11:07:48:30	84
48.76616	2.22908	1	2009-08-11:07:48:30	84
48.76553	2.22836	1	2009-08-11:07:48:30	84
48.76488	2.22764	1	2009-08-11:07:48:30	84
48.76424	2.22696	1	2009-08-11:07:48:30	84
48.7636	2.22621	1	2009-08-11:07:48:30	84
48.76309	2.22537	1	2009-08-11:07:48:30	84
48.76247	2.22462	1	2009-08-11:07:48:30	84
48.76179	2.22397	1	2009-08-11:07:48:30	84
48.76145	2.22293	1	2009-08-11:07:48:30	84
48.76089	2.22211	1	2009-08-11:07:48:30	84
48.7603	2.22139	1	2009-08-11:07:48:30	84
48.75965	2.22065	1	2009-08-11:07:48:30	84
48.75893	2.22004	1	2009-08-11:07:48:30	84
48.75826	2.21942	1	2009-08-11:07:48:30	84
48.75755	2.21884	1	2009-08-11:07:48:30	84
48.75682	2.21825	1	2009-08-11:07:48:30	84
48.75616	2.21767	1	2009-08-11:07:48:30	84
48.75562	2.21685	1	2009-08-11:07:48:30	84
48.75522	2.21582	1	2009-08-11:07:48:30	84
48.75498	2.21487	1	2009-08-11:07:48:30	84
48.75519	2.21374	1	2009-08-11:07:48:30	84
48.7557	2.21277	1	2009-08-11:07:48:30	84
48.75633	2.21205	1	2009-08-11:07:48:30	84
48.75677	2.21096	1	2009-08-11:07:48:30	84
48.75671	2.20996	1	2009-08-11:07:48:30	84
48.75632	2.20887	1	2009-08-11:07:48:30	84
48.7564	2.20767	1	2009-08-11:07:48:30	84
48.75641	2.2065	1	2009-08-11:07:48:30	84
48.75644	2.20524	1	2009-08-11:07:48:30	84
48.75654	2.20409	1	2009-08-11:07:48:30	84
48.75674	2.20285	1	2009-08-11:07:48:30	84
48.757	2.20171	1	2009-08-11:07:48:30	84
48.75778	2.2014	1	2009-08-11:07:48:30	84
48.75824	2.20046	1	2009-08-11:07:48:30	84
48.75871	2.19951	1	2009-08-11:07:48:30	84
48.75917	2.19856	1	2009-08-11:07:48:30	84
48.75968	2.19793	1	2009-08-11:07:48:30	84
48.76019	2.19739	1	2009-08-11:07:48:30	84
48.76097	2.19773	1	2009-08-11:07:48:30	84
48.76148	2.1968	1	2009-08-11:07:48:30	84
48.76145	2.19556	1	2009-08-11:07:48:30	84
48.76182	2.19455	1	2009-08-11:07:48:30	84
48.76224	2.19333	1	2009-08-11:07:48:30	84
48.7626	2.19216	1	2009-08-11:07:48:30	84
48.76285	2.19103	1	2009-08-11:07:48:30	84
48.76287	2.18979	1	2009-08-11:07:48:30	84
48.76311	2.18866	1	2009-08-11:07:48:30	84
48.76345	2.18762	1	2009-08-11:07:48:30	84
48.76384	2.18665	1	2009-08-11:07:48:30	84
48.76467	2.18637	1	2009-08-11:07:48:30	84
48.76546	2.18659	1	2009-08-11:07:48:30	84
48.76602	2.18606	1	2009-08-11:07:48:30	84
48.76632	2.18495	1	2009-08-11:07:48:30	84
48.76647	2.18388	1	2009-08-11:07:48:30	84
48.76633	2.18276	1	2009-08-11:07:48:30	84
48.76667	2.1817	1	2009-08-11:07:48:30	84
48.7664	2.18113	1	2009-08-11:07:48:30	84
48.76638	2.18113	1	2009-08-11:07:48:30	84
48.76636	2.18115	1	2009-08-11:07:48:30	84
48.76638	2.18119	1	2009-08-11:07:48:30	84
48.76636	2.18119	1	2009-08-11:07:48:30	84
48.76637	2.18122	1	2009-08-11:07:48:30	84
48.76638	2.18126	1	2009-08-11:07:48:30	84
48.76638	2.18128	1	2009-08-11:07:48:30	84
48.76639	2.1813	1	2009-08-11:07:48:30	84
48.76639	2.18132	1	2009-08-11:07:48:30	84
48.76641	2.18135	1	2009-08-11:07:48:30	84
48.7664	2.18137	1	2009-08-11:07:48:30	84
48.7664	2.18139	1	2009-08-11:07:48:30	84
48.7664	2.18141	1	2009-08-11:07:48:30	84
48.7664	2.18145	1	2009-08-11:07:48:30	84
48.76639	2.18148	1	2009-08-11:07:48:30	84
48.76641	2.18148	1	2009-08-11:07:48:30	84
48.76642	2.18146	1	2009-08-11:07:48:30	84
48.7664	2.18147	1	2009-08-11:07:48:30	84
48.76639	2.1815	1	2009-08-11:07:48:30	84
48.76638	2.18155	1	2009-08-11:07:48:30	84
48.76637	2.18158	1	2009-08-11:07:48:30	84
48.76637	2.18158	1	2009-08-11:07:48:30	84
48.90968	2.28637	1	2009-08-16:06:47:55	85
48.91328	2.28393	1	2009-08-16:06:47:55	85
48.91689	2.28196	1	2009-08-16:06:47:55	85
48.92019	2.27943	1	2009-08-16:06:47:55	85
48.92344	2.27584	1	2009-08-16:06:47:55	85
48.92751	2.27254	1	2009-08-16:06:47:55	85
48.92977	2.26795	1	2009-08-16:06:47:55	85
48.93299	2.2653	1	2009-08-16:06:47:55	85
48.93564	2.26112	1	2009-08-16:06:47:55	85
48.93789	2.2579	1	2009-08-16:06:47:55	85
48.94068	2.2547	1	2009-08-16:06:47:55	85
48.94315	2.25538	1	2009-08-16:06:47:55	85
48.94617	2.25431	1	2009-08-16:06:47:55	85
48.94828	2.25481	1	2009-08-16:06:47:55	85
48.95129	2.25371	1	2009-08-16:06:47:55	85
48.95469	2.25498	1	2009-08-16:06:47:55	85
48.95739	2.25662	1	2009-08-16:06:47:55	85
48.95984	2.25829	1	2009-08-16:06:47:55	85
48.96287	2.26017	1	2009-08-16:06:47:55	85
48.96577	2.26158	1	2009-08-16:06:47:55	85
48.969	2.26298	1	2009-08-16:06:47:55	85
48.97207	2.2629	1	2009-08-16:06:47:55	85
48.97398	2.26528	1	2009-08-16:06:47:55	85
48.97677	2.26769	1	2009-08-16:06:47:55	85
48.97794	2.27128	1	2009-08-16:06:47:55	85
48.98106	2.27061	1	2009-08-16:06:47:55	85
48.98427	2.27227	1	2009-08-16:06:47:55	85
48.98744	2.27364	1	2009-08-16:06:47:55	85
48.99068	2.27503	1	2009-08-16:06:47:55	85
48.99386	2.27482	1	2009-08-16:06:47:55	85
48.99686	2.27681	1	2009-08-16:06:47:55	85
49.00005	2.27801	1	2009-08-16:06:47:55	85
49.0021	2.27998	1	2009-08-16:06:47:55	85
49.00489	2.28222	1	2009-08-16:06:47:55	85
49.00748	2.28457	1	2009-08-16:06:47:55	85
49.01066	2.28519	1	2009-08-16:06:47:55	85
49.01377	2.28641	1	2009-08-16:06:47:55	85
49.01649	2.28906	1	2009-08-16:06:47:55	85
49.01915	2.29143	1	2009-08-16:06:47:55	85
49.02162	2.29398	1	2009-08-16:06:47:55	85
49.02422	2.29543	1	2009-08-16:06:47:55	85
49.02728	2.29445	1	2009-08-16:06:47:55	85
49.02998	2.29211	1	2009-08-16:06:47:55	85
49.02993	2.29187	1	2009-08-16:06:47:55	85
49.02728	2.29443	1	2009-08-16:06:47:55	85
49.02427	2.29516	1	2009-08-16:06:47:55	85
49.02498	2.29747	1	2009-08-16:06:47:55	85
49.02508	2.30218	1	2009-08-16:06:47:55	85
49.02535	2.30695	1	2009-08-16:06:47:55	85
49.02583	2.31192	1	2009-08-16:06:47:55	85
49.02488	2.31659	1	2009-08-16:06:47:55	85
49.02514	2.32149	1	2009-08-16:06:47:55	85
49.02491	2.32478	1	2009-08-16:06:47:55	85
49.02722	2.32702	1	2009-08-16:06:47:55	85
49.02953	2.33007	1	2009-08-16:06:47:55	85
49.03084	2.33443	1	2009-08-16:06:47:55	85
49.0323	2.33846	1	2009-08-16:06:47:55	85
49.03236	2.3418	1	2009-08-16:06:47:55	85
49.03547	2.34154	1	2009-08-16:06:47:55	85
49.03857	2.34038	1	2009-08-16:06:47:55	85
49.04167	2.3389	1	2009-08-16:06:47:55	85
49.04449	2.33798	1	2009-08-16:06:47:55	85
49.04749	2.337	1	2009-08-16:06:47:55	85
49.05129	2.33514	1	2009-08-16:06:47:55	85
49.05435	2.33397	1	2009-08-16:06:47:55	85
49.05738	2.33272	1	2009-08-16:06:47:55	85
49.06044	2.33149	1	2009-08-16:06:47:55	85
49.06326	2.33301	1	2009-08-16:06:47:55	85
49.06578	2.33606	1	2009-08-16:06:47:55	85
49.06826	2.33896	1	2009-08-16:06:47:55	85
49.07075	2.342	1	2009-08-16:06:47:55	85
49.07319	2.34503	1	2009-08-16:06:47:55	85
49.0757	2.34795	1	2009-08-16:06:47:55	85
49.07817	2.35093	1	2009-08-16:06:47:55	85
49.08057	2.35389	1	2009-08-16:06:47:55	85
49.08333	2.35587	1	2009-08-16:06:47:55	85
49.08631	2.35725	1	2009-08-16:06:47:55	85
49.08934	2.3586	1	2009-08-16:06:47:55	85
49.09251	2.36004	1	2009-08-16:06:47:55	85
49.09559	2.36143	1	2009-08-16:06:47:55	85
49.09862	2.36284	1	2009-08-16:06:47:55	85
49.10163	2.36416	1	2009-08-16:06:47:55	85
49.10194	2.3598	1	2009-08-16:06:47:55	85
49.10322	2.3564	1	2009-08-16:06:47:55	85
49.10449	2.35331	1	2009-08-16:06:47:55	85
49.10707	2.35039	1	2009-08-16:06:47:55	85
49.10901	2.3466	1	2009-08-16:06:47:55	85
49.11052	2.34227	1	2009-08-16:06:47:55	85
49.11232	2.33831	1	2009-08-16:06:47:55	85
49.11433	2.3347	1	2009-08-16:06:47:55	85
49.11733	2.33301	1	2009-08-16:06:47:55	85
49.12006	2.33204	1	2009-08-16:06:47:55	85
49.12145	2.32799	1	2009-08-16:06:47:55	85
49.12217	2.32352	1	2009-08-16:06:47:55	85
49.12201	2.31893	1	2009-08-16:06:47:55	85
49.12019	2.31533	1	2009-08-16:06:47:55	85
49.11997	2.31066	1	2009-08-16:06:47:55	85
49.12146	2.30698	1	2009-08-16:06:47:55	85
49.12356	2.30378	1	2009-08-16:06:47:55	85
49.12626	2.30186	1	2009-08-16:06:47:55	85
49.12921	2.30189	1	2009-08-16:06:47:55	85
49.13168	2.29955	1	2009-08-16:06:47:55	85
49.13413	2.29774	1	2009-08-16:06:47:55	85
49.13642	2.29542	1	2009-08-16:06:47:55	85
49.13848	2.29194	1	2009-08-16:06:47:55	85
49.14069	2.28843	1	2009-08-16:06:47:55	85
49.14192	2.28479	1	2009-08-16:06:47:55	85
49.14053	2.28053	1	2009-08-16:06:47:55	85
49.13867	2.27667	1	2009-08-16:06:47:55	85
49.13756	2.27263	1	2009-08-16:06:47:55	85
49.13956	2.27485	1	2009-08-16:06:47:55	85
49.1416	2.27853	1	2009-08-16:06:47:55	85
49.14341	2.28249	1	2009-08-16:06:47:55	85
49.14515	2.28639	1	2009-08-16:06:47:55	85
49.14697	2.29022	1	2009-08-16:06:47:55	85
49.14747	2.29485	1	2009-08-16:06:47:55	85
49.14807	2.29806	1	2009-08-16:06:47:55	85
49.14579	2.30131	1	2009-08-16:06:47:55	85
49.14593	2.30606	1	2009-08-16:06:47:55	85
49.14593	2.31074	1	2009-08-16:06:47:55	85
49.14592	2.31542	1	2009-08-16:06:47:55	85
49.14567	2.32012	1	2009-08-16:06:47:55	85
49.14534	2.32491	1	2009-08-16:06:47:55	85
49.14451	2.32951	1	2009-08-16:06:47:55	85
49.14247	2.33317	1	2009-08-16:06:47:55	85
49.14036	2.33657	1	2009-08-16:06:47:55	85
49.13746	2.34199	1	2009-08-16:06:47:55	85
49.13716	2.34664	1	2009-08-16:06:47:55	85
49.13769	2.35126	1	2009-08-16:06:47:55	85
49.13823	2.35575	1	2009-08-16:06:47:55	85
49.13851	2.36033	1	2009-08-16:06:47:55	85
49.13828	2.36524	1	2009-08-16:06:47:55	85
49.13795	2.37009	1	2009-08-16:06:47:55	85
49.1384	2.37359	1	2009-08-16:06:47:55	85
49.14144	2.37469	1	2009-08-16:06:47:55	85
49.14447	2.37576	1	2009-08-16:06:47:55	85
49.14729	2.37737	1	2009-08-16:06:47:55	85
49.14965	2.38017	1	2009-08-16:06:47:55	85
49.1489	2.38469	1	2009-08-16:06:47:55	85
49.14822	2.38547	1	2009-08-16:06:47:55	85
49.14951	2.38137	1	2009-08-16:06:47:55	85
49.15164	2.38114	1	2009-08-16:06:47:55	85
49.15448	2.38294	1	2009-08-16:06:47:55	85
49.15735	2.38473	1	2009-08-16:06:47:55	85
49.16028	2.38665	1	2009-08-16:06:47:55	85
49.16319	2.38788	1	2009-08-16:06:47:55	85
49.16632	2.38825	1	2009-08-16:06:47:55	85
49.16944	2.38841	1	2009-08-16:06:47:55	85
49.17258	2.38863	1	2009-08-16:06:47:55	85
49.17578	2.38888	1	2009-08-16:06:47:55	85
49.17869	2.38994	1	2009-08-16:06:47:55	85
49.18037	2.39417	1	2009-08-16:06:47:55	85
49.1818	2.39851	1	2009-08-16:06:47:55	85
49.18298	2.40292	1	2009-08-16:06:47:55	85
49.18462	2.40614	1	2009-08-16:06:47:55	85
49.18487	2.41041	1	2009-08-16:06:47:55	85
49.18478	2.41479	1	2009-08-16:06:47:55	85
49.18634	2.41812	1	2009-08-16:06:47:55	85
49.1879	2.42162	1	2009-08-16:06:47:55	85
49.1883	2.42636	1	2009-08-16:06:47:55	85
49.18775	2.43105	1	2009-08-16:06:47:55	85
49.18805	2.43579	1	2009-08-16:06:47:55	85
49.18849	2.44045	1	2009-08-16:06:47:55	85
49.18892	2.4451	1	2009-08-16:06:47:55	85
49.18941	2.44985	1	2009-08-16:06:47:55	85
49.18975	2.45447	1	2009-08-16:06:47:55	85
49.19139	2.4583	1	2009-08-16:06:47:55	85
49.19275	2.46246	1	2009-08-16:06:47:55	85
49.19422	2.46615	1	2009-08-16:06:47:55	85
49.19402	2.4658	1	2009-08-16:06:47:55	85
49.1939	2.46567	1	2009-08-16:06:47:55	85
49.19444	2.47019	1	2009-08-16:06:47:55	85
49.19435	2.47468	1	2009-08-16:06:47:55	85
49.19448	2.47936	1	2009-08-16:06:47:55	85
49.19286	2.48358	1	2009-08-16:06:47:55	85
49.19153	2.48531	1	2009-08-16:06:47:55	85
49.19153	2.48534	1	2009-08-16:06:47:55	85
49.19152	2.48536	1	2009-08-16:06:47:55	85
49.19151	2.48538	1	2009-08-16:06:47:55	85
49.1915	2.4854	1	2009-08-16:06:47:55	85
49.1915	2.48542	1	2009-08-16:06:47:55	85
49.19149	2.48544	1	2009-08-16:06:47:55	85
49.19149	2.48546	1	2009-08-16:06:47:55	85
49.19149	2.48548	1	2009-08-16:06:47:55	85
49.19148	2.4855	1	2009-08-16:06:47:55	85
49.19148	2.48552	1	2009-08-16:06:47:55	85
49.19148	2.48555	1	2009-08-16:06:47:55	85
49.19147	2.48558	1	2009-08-16:06:47:55	85
49.19145	2.4856	1	2009-08-16:06:47:55	85
49.19144	2.48563	1	2009-08-16:06:47:55	85
49.19143	2.48565	1	2009-08-16:06:47:55	85
49.19142	2.48567	1	2009-08-16:06:47:55	85
49.19142	2.48569	1	2009-08-16:06:47:55	85
49.19142	2.48571	1	2009-08-16:06:47:55	85
49.19141	2.48573	1	2009-08-16:06:47:55	85
49.19139	2.48574	1	2009-08-16:06:47:55	85
49.19138	2.4857	1	2009-08-16:06:47:55	85
49.19137	2.4857	1	2009-08-16:06:47:55	85
49.19137	2.4857	1	2009-08-16:11:26:17	86
49.18992	2.48414	1	2009-08-16:11:26:17	86
49.18856	2.48588	1	2009-08-16:11:26:17	86
49.18694	2.48754	1	2009-08-16:11:26:17	86
49.18496	2.48958	1	2009-08-16:11:26:17	86
49.18341	2.49125	1	2009-08-16:11:26:17	86
49.18206	2.49266	1	2009-08-16:11:26:17	86
49.18045	2.49431	1	2009-08-16:11:26:17	86
49.17875	2.49609	1	2009-08-16:11:26:17	86
49.17742	2.49745	1	2009-08-16:11:26:17	86
49.17584	2.4991	1	2009-08-16:11:26:17	86
49.17387	2.50116	1	2009-08-16:11:26:17	86
49.17198	2.50316	1	2009-08-16:11:26:17	86
49.17004	2.50515	1	2009-08-16:11:26:17	86
49.16833	2.50699	1	2009-08-16:11:26:17	86
49.16647	2.50853	1	2009-08-16:11:26:17	86
49.16504	2.51031	1	2009-08-16:11:26:17	86
49.16403	2.51141	1	2009-08-16:11:26:17	86
49.16267	2.51283	1	2009-08-16:11:26:17	86
49.16109	2.51445	1	2009-08-16:11:26:17	86
49.15975	2.51582	1	2009-08-16:11:26:17	86
49.15835	2.51735	1	2009-08-16:11:26:17	86
49.15696	2.51868	1	2009-08-16:11:26:17	86
49.1555	2.52024	1	2009-08-16:11:26:17	86
49.154	2.52176	1	2009-08-16:11:26:17	86
49.15296	2.52349	1	2009-08-16:11:26:17	86
49.1514	2.52408	1	2009-08-16:11:26:17	86
49.14978	2.52484	1	2009-08-16:11:26:17	86
49.14801	2.52564	1	2009-08-16:11:26:17	86
49.14642	2.5263	1	2009-08-16:11:26:17	86
49.14483	2.52704	1	2009-08-16:11:26:17	86
49.14304	2.52789	1	2009-08-16:11:26:17	86
49.14167	2.52854	1	2009-08-16:11:26:17	86
49.14064	2.529	1	2009-08-16:11:26:17	86
49.13906	2.52973	1	2009-08-16:11:26:17	86
49.1375	2.53044	1	2009-08-16:11:26:17	86
49.13597	2.53112	1	2009-08-16:11:26:17	86
49.13434	2.53185	1	2009-08-16:11:26:17	86
49.13277	2.53256	1	2009-08-16:11:26:17	86
49.13128	2.53324	1	2009-08-16:11:26:17	86
49.12973	2.53377	1	2009-08-16:11:26:17	86
49.12805	2.5337	1	2009-08-16:11:26:17	86
49.1264	2.5336	1	2009-08-16:11:26:17	86
49.1248	2.53339	1	2009-08-16:11:26:17	86
49.12317	2.53323	1	2009-08-16:11:26:17	86
49.12162	2.53308	1	2009-08-16:11:26:17	86
49.12001	2.53295	1	2009-08-16:11:26:17	86
49.11834	2.5328	1	2009-08-16:11:26:17	86
49.11672	2.53267	1	2009-08-16:11:26:17	86
49.11512	2.53252	1	2009-08-16:11:26:17	86
49.11349	2.53237	1	2009-08-16:11:26:17	86
49.11177	2.53223	1	2009-08-16:11:26:17	86
49.11022	2.5321	1	2009-08-16:11:26:17	86
49.10862	2.53198	1	2009-08-16:11:26:17	86
49.10698	2.53186	1	2009-08-16:11:26:17	86
49.10531	2.53173	1	2009-08-16:11:26:17	86
49.10369	2.5316	1	2009-08-16:11:26:17	86
49.10204	2.53146	1	2009-08-16:11:26:17	86
49.1005	2.53127	1	2009-08-16:11:26:17	86
49.09899	2.53111	1	2009-08-16:11:26:17	86
49.09731	2.53098	1	2009-08-16:11:26:17	86
49.0957	2.53083	1	2009-08-16:11:26:17	86
49.09408	2.53068	1	2009-08-16:11:26:17	86
49.09249	2.53049	1	2009-08-16:11:26:17	86
49.09125	2.53039	1	2009-08-16:11:26:17	86
49.08964	2.53023	1	2009-08-16:11:26:17	86
49.08805	2.53009	1	2009-08-16:11:26:17	86
49.08647	2.52994	1	2009-08-16:11:26:17	86
49.08489	2.5298	1	2009-08-16:11:26:17	86
49.08324	2.52965	1	2009-08-16:11:26:17	86
49.08162	2.52949	1	2009-08-16:11:26:17	86
49.08003	2.52933	1	2009-08-16:11:26:17	86
49.07844	2.52919	1	2009-08-16:11:26:17	86
49.07681	2.52899	1	2009-08-16:11:26:17	86
49.0752	2.52886	1	2009-08-16:11:26:17	86
49.07365	2.52871	1	2009-08-16:11:26:17	86
49.07207	2.52856	1	2009-08-16:11:26:17	86
49.07046	2.52838	1	2009-08-16:11:26:17	86
49.06897	2.52774	1	2009-08-16:11:26:17	86
49.06756	2.52668	1	2009-08-16:11:26:17	86
49.06612	2.52556	1	2009-08-16:11:26:17	86
49.06465	2.52445	1	2009-08-16:11:26:17	86
49.0632	2.52334	1	2009-08-16:11:26:17	86
49.0619	2.52225	1	2009-08-16:11:26:17	86
49.06051	2.52118	1	2009-08-16:11:26:17	86
49.05912	2.52012	1	2009-08-16:11:26:17	86
49.05767	2.51899	1	2009-08-16:11:26:17	86
49.05627	2.51796	1	2009-08-16:11:26:17	86
49.05488	2.51684	1	2009-08-16:11:26:17	86
49.05352	2.51577	1	2009-08-16:11:26:17	86
49.05214	2.51466	1	2009-08-16:11:26:17	86
49.05071	2.51357	1	2009-08-16:11:26:17	86
49.0492	2.51245	1	2009-08-16:11:26:17	86
49.04775	2.51152	1	2009-08-16:11:26:17	86
49.04767	2.51133	1	2009-08-16:11:26:17	86
49.04626	2.51138	1	2009-08-16:11:26:17	86
49.04473	2.51101	1	2009-08-16:11:26:17	86
49.04317	2.51072	1	2009-08-16:11:26:17	86
49.04158	2.51034	1	2009-08-16:11:26:17	86
49.04002	2.5096	1	2009-08-16:11:26:17	86
49.03858	2.50847	1	2009-08-16:11:26:17	86
49.03717	2.50726	1	2009-08-16:11:26:17	86
49.03577	2.50606	1	2009-08-16:11:26:17	86
49.03431	2.50494	1	2009-08-16:11:26:17	86
49.03281	2.50399	1	2009-08-16:11:26:17	86
49.03151	2.50256	1	2009-08-16:11:26:17	86
49.03063	2.50046	1	2009-08-16:11:26:17	86
49.0296	2.49861	1	2009-08-16:11:26:17	86
49.02821	2.49939	1	2009-08-16:11:26:17	86
49.02661	2.49966	1	2009-08-16:11:26:17	86
49.02508	2.49929	1	2009-08-16:11:26:17	86
49.0236	2.49812	1	2009-08-16:11:26:17	86
49.02206	2.49715	1	2009-08-16:11:26:17	86
49.02051	2.49615	1	2009-08-16:11:26:17	86
49.01906	2.49523	1	2009-08-16:11:26:17	86
49.01757	2.49428	1	2009-08-16:11:26:17	86
49.01611	2.4934	1	2009-08-16:11:26:17	86
49.01453	2.49273	1	2009-08-16:11:26:17	86
49.01294	2.49212	1	2009-08-16:11:26:17	86
49.01136	2.49151	1	2009-08-16:11:26:17	86
49.00983	2.49092	1	2009-08-16:11:26:17	86
49.00826	2.49027	1	2009-08-16:11:26:17	86
49.00671	2.48972	1	2009-08-16:11:26:17	86
49.00514	2.48908	1	2009-08-16:11:26:17	86
49.00366	2.48811	1	2009-08-16:11:26:17	86
49.00236	2.48677	1	2009-08-16:11:26:17	86
49.00104	2.48526	1	2009-08-16:11:26:17	86
49.0004	2.48454	1	2009-08-16:11:26:17	86
48.99909	2.48324	1	2009-08-16:11:26:17	86
48.99768	2.48195	1	2009-08-16:11:26:17	86
48.99623	2.48064	1	2009-08-16:11:26:17	86
48.99484	2.4794	1	2009-08-16:11:26:17	86
48.99346	2.47816	1	2009-08-16:11:26:17	86
48.99214	2.47692	1	2009-08-16:11:26:17	86
48.99081	2.47573	1	2009-08-16:11:26:17	86
48.98935	2.47463	1	2009-08-16:11:26:17	86
48.98798	2.47342	1	2009-08-16:11:26:17	86
48.98663	2.47219	1	2009-08-16:11:26:17	86
48.98529	2.47096	1	2009-08-16:11:26:17	86
48.98396	2.46969	1	2009-08-16:11:26:17	86
48.98263	2.46846	1	2009-08-16:11:26:17	86
48.98123	2.46736	1	2009-08-16:11:26:17	86
48.97988	2.46617	1	2009-08-16:11:26:17	86
48.97852	2.46498	1	2009-08-16:11:26:17	86
48.97718	2.4638	1	2009-08-16:11:26:17	86
48.97588	2.4625	1	2009-08-16:11:26:17	86
48.9745	2.46136	1	2009-08-16:11:26:17	86
48.97328	2.46007	1	2009-08-16:11:26:17	86
48.97192	2.45893	1	2009-08-16:11:26:17	86
48.97052	2.45773	1	2009-08-16:11:26:17	86
48.9692	2.45654	1	2009-08-16:11:26:17	86
48.96785	2.45537	1	2009-08-16:11:26:17	86
48.96649	2.45415	1	2009-08-16:11:26:17	86
48.96513	2.45293	1	2009-08-16:11:26:17	86
48.96376	2.45167	1	2009-08-16:11:26:17	86
48.96241	2.45061	1	2009-08-16:11:26:17	86
48.96102	2.44936	1	2009-08-16:11:26:17	86
48.95967	2.44816	1	2009-08-16:11:26:17	86
48.95831	2.44694	1	2009-08-16:11:26:17	86
48.95696	2.44578	1	2009-08-16:11:26:17	86
48.95563	2.44442	1	2009-08-16:11:26:17	86
48.95423	2.44315	1	2009-08-16:11:26:17	86
48.9528	2.44188	1	2009-08-16:11:26:17	86
48.95143	2.44067	1	2009-08-16:11:26:17	86
48.95008	2.43941	1	2009-08-16:11:26:17	86
48.9487	2.43819	1	2009-08-16:11:26:17	86
48.94731	2.43694	1	2009-08-16:11:26:17	86
48.94593	2.43574	1	2009-08-16:11:26:17	86
48.94456	2.43446	1	2009-08-16:11:26:17	86
48.94318	2.4332	1	2009-08-16:11:26:17	86
48.94172	2.43209	1	2009-08-16:11:26:17	86
48.94044	2.43082	1	2009-08-16:11:26:17	86
48.93908	2.42966	1	2009-08-16:11:26:17	86
48.93778	2.4284	1	2009-08-16:11:26:17	86
48.93646	2.4271	1	2009-08-16:11:26:17	86
48.93513	2.42597	1	2009-08-16:11:26:17	86
48.93384	2.4244	1	2009-08-16:11:26:17	86
48.93252	2.42314	1	2009-08-16:11:26:17	86
48.93129	2.42164	1	2009-08-16:11:26:17	86
48.92989	2.42035	1	2009-08-16:11:26:17	86
48.92862	2.41892	1	2009-08-16:11:26:17	86
48.92738	2.41756	1	2009-08-16:11:26:17	86
48.92609	2.41626	1	2009-08-16:11:26:17	86
48.92476	2.41481	1	2009-08-16:11:26:17	86
48.92352	2.41343	1	2009-08-16:11:26:17	86
48.92227	2.41195	1	2009-08-16:11:26:17	86
48.921	2.41059	1	2009-08-16:11:26:17	86
48.91971	2.40928	1	2009-08-16:11:26:17	86
48.91846	2.40795	1	2009-08-16:11:26:17	86
48.91714	2.40651	1	2009-08-16:11:26:17	86
48.91582	2.40521	1	2009-08-16:11:26:17	86
48.91453	2.4037	1	2009-08-16:11:26:17	86
48.9132	2.40234	1	2009-08-16:11:26:17	86
48.9119	2.40103	1	2009-08-16:11:26:17	86
48.91067	2.39952	1	2009-08-16:11:26:17	86
48.9094	2.39812	1	2009-08-16:11:26:17	86
48.90813	2.39669	1	2009-08-16:11:26:17	86
48.90692	2.39509	1	2009-08-16:11:26:17	86
48.9057	2.39382	1	2009-08-16:11:26:17	86
48.9044	2.39251	1	2009-08-16:11:26:17	86
48.90312	2.39111	1	2009-08-16:11:26:17	86
48.90185	2.38979	1	2009-08-16:11:26:17	86
48.90137	2.38794	1	2009-08-16:11:26:17	86
48.90021	2.38696	1	2009-08-16:11:26:17	86
48.89892	2.38677	1	2009-08-16:11:26:17	86
48.89775	2.38572	1	2009-08-16:11:26:17	86
48.89677	2.38459	1	2009-08-16:11:26:17	86
48.8955	2.38316	1	2009-08-16:11:26:17	86
48.8944	2.38165	1	2009-08-16:11:26:17	86
48.8934	2.37996	1	2009-08-16:11:26:17	86
48.89218	2.37847	1	2009-08-16:11:26:17	86
48.89103	2.37679	1	2009-08-16:11:26:17	86
48.88974	2.37547	1	2009-08-16:11:26:17	86
48.88855	2.37388	1	2009-08-16:11:26:17	86
48.88731	2.37245	1	2009-08-16:11:26:17	86
48.88608	2.37094	1	2009-08-16:11:26:17	86
48.88505	2.36955	1	2009-08-16:11:26:17	86
48.88374	2.36884	1	2009-08-16:11:26:17	86
48.88285	2.36971	1	2009-08-16:11:26:17	86
48.88154	2.36832	1	2009-08-16:11:26:17	86
48.88019	2.36719	1	2009-08-16:11:26:17	86
48.87875	2.3664	1	2009-08-16:11:26:17	86
48.87736	2.36532	1	2009-08-16:11:26:17	86
48.87605	2.36412	1	2009-08-16:11:26:17	86
48.8746	2.36332	1	2009-08-16:11:26:17	86
48.87308	2.36377	1	2009-08-16:11:26:17	86
48.87163	2.36442	1	2009-08-16:11:26:17	86
48.87016	2.36375	1	2009-08-16:11:26:17	86
48.86878	2.36307	1	2009-08-16:11:26:17	86
48.86744	2.36316	1	2009-08-16:11:26:17	86
48.86611	2.36383	1	2009-08-16:11:26:17	86
48.86469	2.36461	1	2009-08-16:11:26:17	86
48.8632	2.36466	1	2009-08-16:11:26:17	86
48.86202	2.36359	1	2009-08-16:11:26:17	86
48.86083	2.36235	1	2009-08-16:11:26:17	86
48.85981	2.36052	1	2009-08-16:11:26:17	86
48.85872	2.3588	1	2009-08-16:11:26:17	86
48.8575	2.35746	1	2009-08-16:11:26:17	86
48.85658	2.35707	1	2009-08-16:11:26:17	86
48.85659	2.35711	1	2009-08-16:11:26:17	86
48.85659	2.35715	1	2009-08-16:11:26:17	86
48.85659	2.35718	1	2009-08-16:11:26:17	86
48.85659	2.35722	1	2009-08-16:11:26:17	86
48.85659	2.35725	1	2009-08-16:11:26:17	86
48.85659	2.35727	1	2009-08-16:11:26:17	86
48.85658	2.35729	1	2009-08-16:11:26:17	86
48.85656	2.3573	1	2009-08-16:11:26:17	86
48.85656	2.35732	1	2009-08-16:11:26:17	86
48.85655	2.35734	1	2009-08-16:11:26:17	86
48.85655	2.35736	1	2009-08-16:11:26:17	86
48.85651	2.35737	1	2009-08-16:11:26:17	86
48.85651	2.3574	1	2009-08-16:11:26:17	86
48.85654	2.35742	1	2009-08-16:11:26:17	86
48.85671	2.35748	1	2009-08-16:11:26:17	86
48.85673	2.35748	1	2009-08-16:11:26:17	86
48.85674	2.35741	1	2009-08-16:11:26:17	86
48.85672	2.3574	1	2009-08-16:11:26:17	86
48.8567	2.3574	1	2009-08-16:11:26:17	86
48.85667	2.3574	1	2009-08-16:11:26:17	86
48.85665	2.35732	1	2009-08-16:11:26:17	86
48.85665	2.35732	1	2009-08-16:11:26:17	86
48.74628	2.21981	1	2009-08-19:17:19:57	87
48.74467	2.22186	1	2009-08-19:17:19:57	87
48.7432	2.2235	1	2009-08-19:17:19:57	87
48.74134	2.22426	1	2009-08-19:17:19:57	87
48.73978	2.2252	1	2009-08-19:17:19:57	87
48.73766	2.22696	1	2009-08-19:17:19:57	87
48.73575	2.22953	1	2009-08-19:17:19:57	87
48.73407	2.2319	1	2009-08-19:17:19:57	87
48.73271	2.23429	1	2009-08-19:17:19:57	87
48.7319	2.23663	1	2009-08-19:17:19:57	87
48.73131	2.23892	1	2009-08-19:17:19:57	87
48.73024	2.24099	1	2009-08-19:17:19:57	87
48.73011	2.24304	1	2009-08-19:17:19:57	87
48.72957	2.24461	1	2009-08-19:17:19:57	87
48.72787	2.24544	1	2009-08-19:17:19:57	87
48.72612	2.24621	1	2009-08-19:17:19:57	87
48.72459	2.24685	1	2009-08-19:17:19:57	87
48.72345	2.2479	1	2009-08-19:17:19:57	87
48.72428	2.24964	1	2009-08-19:17:19:57	87
48.72591	2.25036	1	2009-08-19:17:19:57	87
48.72749	2.25132	1	2009-08-19:17:19:57	87
48.72866	2.25284	1	2009-08-19:17:19:57	87
48.72919	2.2552	1	2009-08-19:17:19:57	87
48.72978	2.25786	1	2009-08-19:17:19:57	87
48.73015	2.26035	1	2009-08-19:17:19:57	87
48.73054	2.26283	1	2009-08-19:17:19:57	87
48.73148	2.26491	1	2009-08-19:17:19:57	87
48.73188	2.26679	1	2009-08-19:17:19:57	87
48.73062	2.26844	1	2009-08-19:17:19:57	87
48.72929	2.26969	1	2009-08-19:17:19:57	87
48.72786	2.27076	1	2009-08-19:17:19:57	87
48.72661	2.27177	1	2009-08-19:17:19:57	87
48.72743	2.27326	1	2009-08-19:17:19:57	87
48.72727	2.27553	1	2009-08-19:17:19:57	87
48.7267	2.27797	1	2009-08-19:17:19:57	87
48.72619	2.28041	1	2009-08-19:17:19:57	87
48.72567	2.28272	1	2009-08-19:17:19:57	87
48.72462	2.28466	1	2009-08-19:17:19:57	87
48.72346	2.28656	1	2009-08-19:17:19:57	87
48.7221	2.28782	1	2009-08-19:17:19:57	87
48.7208	2.28929	1	2009-08-19:17:19:57	87
48.71964	2.29096	1	2009-08-19:17:19:57	87
48.71847	2.29262	1	2009-08-19:17:19:57	87
48.71735	2.29459	1	2009-08-19:17:19:57	87
48.71629	2.29635	1	2009-08-19:17:19:57	87
48.71529	2.29822	1	2009-08-19:17:19:57	87
48.71681	2.2987	1	2009-08-19:17:19:57	87
48.71833	2.29897	1	2009-08-19:17:19:57	87
48.71994	2.29921	1	2009-08-19:17:19:57	87
48.72156	2.29953	1	2009-08-19:17:19:57	87
48.72319	2.29997	1	2009-08-19:17:19:57	87
48.72475	2.30056	1	2009-08-19:17:19:57	87
48.72396	2.30025	1	2009-08-19:17:19:57	87
48.72351	2.3012	1	2009-08-19:17:19:57	87
48.7234	2.30365	1	2009-08-19:17:19:57	87
48.72315	2.30607	1	2009-08-19:17:19:57	87
48.7219	2.30493	1	2009-08-19:17:19:57	87
48.72108	2.30291	1	2009-08-19:17:19:57	87
48.72007	2.30122	1	2009-08-19:17:19:57	87
48.71909	2.29939	1	2009-08-19:17:19:57	87
48.71745	2.29883	1	2009-08-19:17:19:57	87
48.71576	2.29855	1	2009-08-19:17:19:57	87
48.71456	2.30006	1	2009-08-19:17:19:57	87
48.71351	2.30188	1	2009-08-19:17:19:57	87
48.71374	2.3032	1	2009-08-19:17:19:57	87
48.71524	2.30383	1	2009-08-19:17:19:57	87
48.71685	2.30435	1	2009-08-19:17:19:57	87
48.71816	2.30463	1	2009-08-19:17:19:57	87
48.71658	2.30411	1	2009-08-19:17:19:57	87
48.71503	2.30358	1	2009-08-19:17:19:57	87
48.71356	2.30295	1	2009-08-19:17:19:57	87
48.71288	2.30506	1	2009-08-19:17:19:57	87
48.71226	2.3073	1	2009-08-19:17:19:57	87
48.71249	2.30642	1	2009-08-19:17:19:57	87
48.71308	2.30416	1	2009-08-19:17:19:57	87
48.71353	2.30188	1	2009-08-19:17:19:57	87
48.71456	2.3001	1	2009-08-19:17:19:57	87
48.71579	2.29862	1	2009-08-19:17:19:57	87
48.71737	2.29888	1	2009-08-19:17:19:57	87
48.71892	2.29936	1	2009-08-19:17:19:57	87
48.71987	2.30114	1	2009-08-19:17:19:57	87
48.72124	2.30213	1	2009-08-19:17:19:57	87
48.7218	2.30045	1	2009-08-19:17:19:57	87
48.72095	2.30192	1	2009-08-19:17:19:57	87
48.71986	2.30041	1	2009-08-19:17:19:57	87
48.72065	2.2993	1	2009-08-19:17:19:57	87
48.72225	2.29968	1	2009-08-19:17:19:57	87
48.72384	2.29982	1	2009-08-19:17:19:57	87
48.72544	2.3002	1	2009-08-19:17:19:57	87
48.72706	2.30044	1	2009-08-19:17:19:57	87
48.72866	2.30042	1	2009-08-19:17:19:57	87
48.73031	2.30066	1	2009-08-19:17:19:57	87
48.73192	2.30089	1	2009-08-19:17:19:57	87
48.73353	2.30115	1	2009-08-19:17:19:57	87
48.73513	2.30145	1	2009-08-19:17:19:57	87
48.73666	2.30175	1	2009-08-19:17:19:57	87
48.73821	2.3021	1	2009-08-19:17:19:57	87
48.73982	2.30243	1	2009-08-19:17:19:57	87
48.74137	2.30269	1	2009-08-19:17:19:57	87
48.74291	2.30305	1	2009-08-19:17:19:57	87
48.74456	2.30336	1	2009-08-19:17:19:57	87
48.7459	2.3039	1	2009-08-19:17:19:57	87
48.74747	2.30406	1	2009-08-19:17:19:57	87
48.74906	2.30428	1	2009-08-19:17:19:57	87
48.75067	2.3046	1	2009-08-19:17:19:57	87
48.75232	2.30457	1	2009-08-19:17:19:57	87
48.75382	2.30528	1	2009-08-19:17:19:57	87
48.75542	2.30587	1	2009-08-19:17:19:57	87
48.75704	2.30643	1	2009-08-19:17:19:57	87
48.75859	2.30702	1	2009-08-19:17:19:57	87
48.76016	2.30772	1	2009-08-19:17:19:57	87
48.76173	2.30833	1	2009-08-19:17:19:57	87
48.76321	2.30908	1	2009-08-19:17:19:57	87
48.76479	2.30963	1	2009-08-19:17:19:57	87
48.76634	2.31026	1	2009-08-19:17:19:57	87
48.76785	2.31087	1	2009-08-19:17:19:57	87
48.76939	2.31149	1	2009-08-19:17:19:57	87
48.77098	2.31215	1	2009-08-19:17:19:57	87
48.77257	2.31267	1	2009-08-19:17:19:57	87
48.77403	2.31332	1	2009-08-19:17:19:57	87
48.77556	2.31373	1	2009-08-19:17:19:57	87
48.77705	2.31429	1	2009-08-19:17:19:57	87
48.77865	2.31483	1	2009-08-19:17:19:57	87
48.78011	2.31557	1	2009-08-19:17:19:57	87
48.78156	2.31635	1	2009-08-19:17:19:57	87
48.78309	2.31706	1	2009-08-19:17:19:57	87
48.7847	2.31746	1	2009-08-19:17:19:57	87
48.78614	2.31813	1	2009-08-19:17:19:57	87
48.78774	2.31871	1	2009-08-19:17:19:57	87
48.78929	2.3194	1	2009-08-19:17:19:57	87
48.7908	2.31999	1	2009-08-19:17:19:57	87
48.79232	2.32048	1	2009-08-19:17:19:57	87
48.79383	2.32111	1	2009-08-19:17:19:57	87
48.79535	2.32165	1	2009-08-19:17:19:57	87
48.79691	2.32218	1	2009-08-19:17:19:57	87
48.79844	2.3229	1	2009-08-19:17:19:57	87
48.79999	2.32352	1	2009-08-19:17:19:57	87
48.80159	2.32412	1	2009-08-19:17:19:57	87
48.80317	2.32476	1	2009-08-19:17:19:57	87
48.80473	2.32536	1	2009-08-19:17:19:57	87
48.80633	2.3258	1	2009-08-19:17:19:57	87
48.80786	2.32643	1	2009-08-19:17:19:57	87
48.80946	2.32668	1	2009-08-19:17:19:57	87
48.81096	2.32676	1	2009-08-19:17:19:57	87
48.81243	2.32597	1	2009-08-19:17:19:57	87
48.81396	2.3261	1	2009-08-19:17:19:57	87
48.81549	2.32599	1	2009-08-19:17:19:57	87
48.81698	2.32556	1	2009-08-19:17:19:57	87
48.81851	2.32537	1	2009-08-19:17:19:57	87
48.82008	2.32558	1	2009-08-19:17:19:57	87
48.82163	2.32538	1	2009-08-19:17:19:57	87
48.82326	2.32573	1	2009-08-19:17:19:57	87
48.82478	2.32594	1	2009-08-19:17:19:57	87
48.8263	2.3265	1	2009-08-19:17:19:57	87
48.82777	2.32657	1	2009-08-19:17:19:57	87
48.82907	2.32783	1	2009-08-19:17:19:57	87
48.83046	2.32898	1	2009-08-19:17:19:57	87
48.83186	2.33025	1	2009-08-19:17:19:57	87
48.83327	2.33144	1	2009-08-19:17:19:57	87
48.83468	2.33245	1	2009-08-19:17:19:57	87
48.83614	2.33163	1	2009-08-19:17:19:57	87
48.83767	2.33123	1	2009-08-19:17:19:57	87
48.83921	2.33077	1	2009-08-19:17:19:57	87
48.84068	2.33001	1	2009-08-19:17:19:57	87
48.84215	2.32951	1	2009-08-19:17:19:57	87
48.84353	2.32866	1	2009-08-19:17:19:57	87
48.84494	2.32848	1	2009-08-19:17:19:57	87
48.84634	2.32795	1	2009-08-19:17:19:57	87
48.84786	2.32766	1	2009-08-19:17:19:57	87
48.84921	2.32886	1	2009-08-19:17:19:57	87
48.85053	2.33015	1	2009-08-19:17:19:57	87
48.85186	2.33138	1	2009-08-19:17:19:57	87
48.85325	2.33262	1	2009-08-19:17:19:57	87
48.85461	2.33371	1	2009-08-19:17:19:57	87
48.85598	2.33442	1	2009-08-19:17:19:57	87
48.8575	2.33523	1	2009-08-19:17:19:57	87
48.8577	2.33531	1	2009-08-19:17:19:57	87
48.8577	2.33534	1	2009-08-19:17:19:57	87
48.85772	2.33535	1	2009-08-19:17:19:57	87
48.85778	2.33529	1	2009-08-19:17:19:57	87
48.85778	2.33527	1	2009-08-19:17:19:57	87
48.85776	2.33525	1	2009-08-19:17:19:57	87
48.85773	2.33524	1	2009-08-19:17:19:57	87
48.85771	2.33523	1	2009-08-19:17:19:57	87
48.85769	2.33522	1	2009-08-19:17:19:57	87
48.85769	2.33522	1	2009-08-19:17:19:57	87
48.85772	2.33521	1	2009-08-19:17:19:57	87
48.85771	2.33519	1	2009-08-19:17:19:57	87
48.85773	2.33519	1	2009-08-19:17:19:57	87
48.85755	2.33549	1	2009-08-19:17:19:57	87
48.8575	2.3355	1	2009-08-19:17:19:57	87
48.85747	2.33551	1	2009-08-19:17:19:57	87
48.85744	2.33549	1	2009-08-19:17:19:57	87
48.85745	2.33547	1	2009-08-19:17:19:57	87
48.85748	2.33546	1	2009-08-19:17:19:57	87
48.85751	2.33545	1	2009-08-19:17:19:57	87
48.85766	2.33528	1	2009-08-19:17:19:57	87
48.85757	2.33505	1	2009-08-19:17:19:57	87
48.85757	2.33505	1	2009-08-19:17:19:57	87
48.80924	2.40383	1	2009-08-23:06:44:18	88
48.81359	2.40246	1	2009-08-23:06:44:18	88
48.81453	2.40687	1	2009-08-23:06:44:18	88
48.81455	2.41279	1	2009-08-23:06:44:18	88
48.81501	2.41826	1	2009-08-23:06:44:18	88
48.81451	2.42339	1	2009-08-23:06:44:18	88
48.81222	2.42859	1	2009-08-23:06:44:18	88
48.80965	2.4335	1	2009-08-23:06:44:18	88
48.80747	2.43774	1	2009-08-23:06:44:18	88
48.80568	2.4412	1	2009-08-23:06:44:18	88
48.80341	2.44489	1	2009-08-23:06:44:18	88
48.80003	2.44648	1	2009-08-23:06:44:18	88
48.79927	2.4514	1	2009-08-23:06:44:18	88
48.79779	2.45595	1	2009-08-23:06:44:18	88
48.79509	2.45933	1	2009-08-23:06:44:18	88
48.79204	2.46185	1	2009-08-23:06:44:18	88
48.7898	2.46461	1	2009-08-23:06:44:18	88
48.78785	2.46784	1	2009-08-23:06:44:18	88
48.78508	2.47062	1	2009-08-23:06:44:18	88
48.78231	2.47344	1	2009-08-23:06:44:18	88
48.77961	2.47627	1	2009-08-23:06:44:18	88
48.77684	2.47912	1	2009-08-23:06:44:18	88
48.77409	2.48195	1	2009-08-23:06:44:18	88
48.77132	2.48484	1	2009-08-23:06:44:18	88
48.76837	2.48737	1	2009-08-23:06:44:18	88
48.76588	2.49033	1	2009-08-23:06:44:18	88
48.7633	2.49386	1	2009-08-23:06:44:18	88
48.76083	2.49715	1	2009-08-23:06:44:18	88
48.75865	2.50095	1	2009-08-23:06:44:18	88
48.75626	2.50446	1	2009-08-23:06:44:18	88
48.75338	2.50648	1	2009-08-23:06:44:18	88
48.75021	2.50783	1	2009-08-23:06:44:18	88
48.74757	2.50973	1	2009-08-23:06:44:18	88
48.74462	2.51174	1	2009-08-23:06:44:18	88
48.7418	2.5141	1	2009-08-23:06:44:18	88
48.73896	2.51642	1	2009-08-23:06:44:18	88
48.73613	2.51874	1	2009-08-23:06:44:18	88
48.73343	2.5212	1	2009-08-23:06:44:18	88
48.73122	2.52417	1	2009-08-23:06:44:18	88
48.73049	2.52542	1	2009-08-23:06:44:18	88
48.72842	2.529	1	2009-08-23:06:44:18	88
48.72734	2.53343	1	2009-08-23:06:44:18	88
48.72741	2.53822	1	2009-08-23:06:44:18	88
48.72754	2.5429	1	2009-08-23:06:44:18	88
48.72763	2.54769	1	2009-08-23:06:44:18	88
48.72742	2.5525	1	2009-08-23:06:44:18	88
48.72542	2.5563	1	2009-08-23:06:44:18	88
48.72338	2.56005	1	2009-08-23:06:44:18	88
48.72131	2.56372	1	2009-08-23:06:44:18	88
48.7192	2.5674	1	2009-08-23:06:44:18	88
48.71725	2.57105	1	2009-08-23:06:44:18	88
48.71512	2.57451	1	2009-08-23:06:44:18	88
48.71314	2.57831	1	2009-08-23:06:44:18	88
48.711	2.58196	1	2009-08-23:06:44:18	88
48.70896	2.58566	1	2009-08-23:06:44:18	88
48.70691	2.58934	1	2009-08-23:06:44:18	88
48.70478	2.593	1	2009-08-23:06:44:18	88
48.70277	2.59659	1	2009-08-23:06:44:18	88
48.70074	2.60006	1	2009-08-23:06:44:18	88
48.69878	2.60386	1	2009-08-23:06:44:18	88
48.69658	2.60739	1	2009-08-23:06:44:18	88
48.69425	2.61025	1	2009-08-23:06:44:18	88
48.69155	2.61291	1	2009-08-23:06:44:18	88
48.68916	2.61616	1	2009-08-23:06:44:18	88
48.68706	2.61981	1	2009-08-23:06:44:18	88
48.68607	2.62445	1	2009-08-23:06:44:18	88
48.68502	2.629	1	2009-08-23:06:44:18	88
48.684	2.63365	1	2009-08-23:06:44:18	88
48.68299	2.63814	1	2009-08-23:06:44:18	88
48.68197	2.64261	1	2009-08-23:06:44:18	88
48.68098	2.64705	1	2009-08-23:06:44:18	88
48.67994	2.65157	1	2009-08-23:06:44:18	88
48.67891	2.65633	1	2009-08-23:06:44:18	88
48.67789	2.66105	1	2009-08-23:06:44:18	88
48.67681	2.66569	1	2009-08-23:06:44:18	88
48.67587	2.67019	1	2009-08-23:06:44:18	88
48.67484	2.67478	1	2009-08-23:06:44:18	88
48.67387	2.67928	1	2009-08-23:06:44:18	88
48.67291	2.68349	1	2009-08-23:06:44:18	88
48.67193	2.6879	1	2009-08-23:06:44:18	88
48.67094	2.69241	1	2009-08-23:06:44:18	88
48.67024	2.69653	1	2009-08-23:06:44:18	88
48.67327	2.69751	1	2009-08-23:06:44:18	88
48.6753	2.69985	1	2009-08-23:06:44:18	88
48.6754	2.70462	1	2009-08-23:06:44:18	88
48.67662	2.70897	1	2009-08-23:06:44:18	88
48.67791	2.71356	1	2009-08-23:06:44:18	88
48.6799	2.7172	1	2009-08-23:06:44:18	88
48.68226	2.72038	1	2009-08-23:06:44:18	88
48.68494	2.72301	1	2009-08-23:06:44:18	88
48.68732	2.7263	1	2009-08-23:06:44:18	88
48.68932	2.72996	1	2009-08-23:06:44:18	88
48.69127	2.7336	1	2009-08-23:06:44:18	88
48.69324	2.73724	1	2009-08-23:06:44:18	88
48.69531	2.74075	1	2009-08-23:06:44:18	88
48.6973	2.74395	1	2009-08-23:06:44:18	88
48.6966	2.74864	1	2009-08-23:06:44:18	88
48.69752	2.7533	1	2009-08-23:06:44:18	88
48.69895	2.75751	1	2009-08-23:06:44:18	88
48.69926	2.76202	1	2009-08-23:06:44:18	88
48.69851	2.76685	1	2009-08-23:06:44:18	88
48.69836	2.77141	1	2009-08-23:06:44:18	88
48.69976	2.77505	1	2009-08-23:06:44:18	88
48.70215	2.77823	1	2009-08-23:06:44:18	88
48.70393	2.78209	1	2009-08-23:06:44:18	88
48.70563	2.78599	1	2009-08-23:06:44:18	88
48.70726	2.79011	1	2009-08-23:06:44:18	88
48.70848	2.79462	1	2009-08-23:06:44:18	88
48.70954	2.79928	1	2009-08-23:06:44:18	88
48.71068	2.80386	1	2009-08-23:06:44:18	88
48.7113	2.80822	1	2009-08-23:06:44:18	88
48.71272	2.81104	1	2009-08-23:06:44:18	88
48.71573	2.81231	1	2009-08-23:06:44:18	88
48.71892	2.81286	1	2009-08-23:06:44:18	88
48.72199	2.81375	1	2009-08-23:06:44:18	88
48.725	2.81302	1	2009-08-23:06:44:18	88
48.72806	2.81399	1	2009-08-23:06:44:18	88
48.72979	2.81522	1	2009-08-23:06:44:18	88
48.73281	2.81672	1	2009-08-23:06:44:18	88
48.73591	2.81738	1	2009-08-23:06:44:18	88
48.73903	2.81677	1	2009-08-23:06:44:18	88
48.74217	2.81645	1	2009-08-23:06:44:18	88
48.74527	2.8172	1	2009-08-23:06:44:18	88
48.74849	2.81658	1	2009-08-23:06:44:18	88
48.75164	2.81697	1	2009-08-23:06:44:18	88
48.7546	2.81836	1	2009-08-23:06:44:18	88
48.75903	2.82038	1	2009-08-23:06:44:18	88
48.76194	2.82206	1	2009-08-23:06:44:18	88
48.76399	2.82569	1	2009-08-23:06:44:18	88
48.76601	2.82923	1	2009-08-23:06:44:18	88
48.76785	2.83143	1	2009-08-23:06:44:18	88
48.76788	2.83147	1	2009-08-23:06:44:18	88
48.7679	2.83151	1	2009-08-23:06:44:18	88
48.76793	2.83156	1	2009-08-23:06:44:18	88
48.76794	2.83161	1	2009-08-23:06:44:18	88
48.76795	2.83166	1	2009-08-23:06:44:18	88
48.76795	2.83172	1	2009-08-23:06:44:18	88
48.76796	2.83176	1	2009-08-23:06:44:18	88
48.76796	2.8318	1	2009-08-23:06:44:18	88
48.76797	2.83183	1	2009-08-23:06:44:18	88
48.76797	2.83186	1	2009-08-23:06:44:18	88
48.76799	2.83189	1	2009-08-23:06:44:18	88
48.768	2.83192	1	2009-08-23:06:44:18	88
48.76802	2.83193	1	2009-08-23:06:44:18	88
48.76804	2.83195	1	2009-08-23:06:44:18	88
48.76805	2.83193	1	2009-08-23:06:44:18	88
48.76806	2.83195	1	2009-08-23:06:44:18	88
48.76805	2.83195	1	2009-08-23:06:44:18	88
48.76804	2.83196	1	2009-08-23:06:44:18	88
48.76802	2.83197	1	2009-08-23:06:44:18	88
48.76802	2.83197	1	2009-08-23:06:44:18	88
48.76802	2.83193	1	2009-08-23:06:44:18	88
48.76803	2.83193	1	2009-08-23:06:44:18	88
48.76803	2.83193	1	2009-08-23:09:38:53	89
48.77104	2.82941	1	2009-08-23:09:38:53	89
48.77435	2.82611	1	2009-08-23:09:38:53	89
48.77843	2.8257	1	2009-08-23:09:38:53	89
48.78259	2.82526	1	2009-08-23:09:38:53	89
48.78646	2.8248	1	2009-08-23:09:38:53	89
48.79018	2.82355	1	2009-08-23:09:38:53	89
48.79384	2.82286	1	2009-08-23:09:38:53	89
48.79737	2.82449	1	2009-08-23:09:38:53	89
48.80028	2.8257	1	2009-08-23:09:38:53	89
48.80376	2.8269	1	2009-08-23:09:38:53	89
48.80727	2.82798	1	2009-08-23:09:38:53	89
48.81082	2.82904	1	2009-08-23:09:38:53	89
48.81421	2.82987	1	2009-08-23:09:38:53	89
48.81605	2.82635	1	2009-08-23:09:38:53	89
48.81714	2.82134	1	2009-08-23:09:38:53	89
48.81911	2.8192	1	2009-08-23:09:38:53	89
48.82064	2.81552	1	2009-08-23:09:38:53	89
48.82294	2.81181	1	2009-08-23:09:38:53	89
48.82526	2.80858	1	2009-08-23:09:38:53	89
48.82774	2.8054	1	2009-08-23:09:38:53	89
48.83002	2.80205	1	2009-08-23:09:38:53	89
48.83202	2.79856	1	2009-08-23:09:38:53	89
48.83414	2.7947	1	2009-08-23:09:38:53	89
48.83627	2.79144	1	2009-08-23:09:38:53	89
48.83824	2.78753	1	2009-08-23:09:38:53	89
48.84021	2.78401	1	2009-08-23:09:38:53	89
48.84228	2.78037	1	2009-08-23:09:38:53	89
48.84464	2.77701	1	2009-08-23:09:38:53	89
48.84628	2.77335	1	2009-08-23:09:38:53	89
48.84831	2.76978	1	2009-08-23:09:38:53	89
48.85039	2.76611	1	2009-08-23:09:38:53	89
48.85206	2.76337	1	2009-08-23:09:38:53	89
48.85404	2.7598	1	2009-08-23:09:38:53	89
48.85617	2.75607	1	2009-08-23:09:38:53	89
48.8581	2.75256	1	2009-08-23:09:38:53	89
48.86016	2.74886	1	2009-08-23:09:38:53	89
48.86222	2.74535	1	2009-08-23:09:38:53	89
48.86431	2.74166	1	2009-08-23:09:38:53	89
48.86642	2.73793	1	2009-08-23:09:38:53	89
48.8685	2.73432	1	2009-08-23:09:38:53	89
48.87061	2.73065	1	2009-08-23:09:38:53	89
48.87268	2.72695	1	2009-08-23:09:38:53	89
48.87473	2.72333	1	2009-08-23:09:38:53	89
48.87673	2.71998	1	2009-08-23:09:38:53	89
48.87814	2.71585	1	2009-08-23:09:38:53	89
48.8793	2.71142	1	2009-08-23:09:38:53	89
48.87879	2.70671	1	2009-08-23:09:38:53	89
48.88096	2.70483	1	2009-08-23:09:38:53	89
48.88097	2.70178	1	2009-08-23:09:38:53	89
48.88048	2.69695	1	2009-08-23:09:38:53	89
48.88054	2.69211	1	2009-08-23:09:38:53	89
48.88034	2.68726	1	2009-08-23:09:38:53	89
48.87942	2.68263	1	2009-08-23:09:38:53	89
48.87828	2.67815	1	2009-08-23:09:38:53	89
48.87703	2.67366	1	2009-08-23:09:38:53	89
48.876	2.66922	1	2009-08-23:09:38:53	89
48.87536	2.66469	1	2009-08-23:09:38:53	89
48.8745	2.66029	1	2009-08-23:09:38:53	89
48.87233	2.65685	1	2009-08-23:09:38:53	89
48.87044	2.65298	1	2009-08-23:09:38:53	89
48.86889	2.6496	1	2009-08-23:09:38:53	89
48.87005	2.64656	1	2009-08-23:09:38:53	89
48.8675	2.64377	1	2009-08-23:09:38:53	89
48.86581	2.64116	1	2009-08-23:09:38:53	89
48.86497	2.64009	1	2009-08-23:09:38:53	89
48.86514	2.63535	1	2009-08-23:09:38:53	89
48.86511	2.63068	1	2009-08-23:09:38:53	89
48.86567	2.62608	1	2009-08-23:09:38:53	89
48.8668	2.6224	1	2009-08-23:09:38:53	89
48.86933	2.62265	1	2009-08-23:09:38:53	89
48.86934	2.61783	1	2009-08-23:09:38:53	89
48.86948	2.61314	1	2009-08-23:09:38:53	89
48.86964	2.60844	1	2009-08-23:09:38:53	89
48.87061	2.60384	1	2009-08-23:09:38:53	89
48.87162	2.59947	1	2009-08-23:09:38:53	89
48.87371	2.59635	1	2009-08-23:09:38:53	89
48.8757	2.59465	1	2009-08-23:09:38:53	89
48.87455	2.59096	1	2009-08-23:09:38:53	89
48.87164	2.58898	1	2009-08-23:09:38:53	89
48.87022	2.58567	1	2009-08-23:09:38:53	89
48.87009	2.5809	1	2009-08-23:09:38:53	89
48.86969	2.57629	1	2009-08-23:09:38:53	89
48.86799	2.5724	1	2009-08-23:09:38:53	89
48.86607	2.56864	1	2009-08-23:09:38:53	89
48.86561	2.564	1	2009-08-23:09:38:53	89
48.86522	2.55935	1	2009-08-23:09:38:53	89
48.86482	2.55471	1	2009-08-23:09:38:53	89
48.8641	2.55019	1	2009-08-23:09:38:53	89
48.8629	2.54579	1	2009-08-23:09:38:53	89
48.86133	2.54173	1	2009-08-23:09:38:53	89
48.85969	2.53776	1	2009-08-23:09:38:53	89
48.85804	2.53363	1	2009-08-23:09:38:53	89
48.85649	2.52931	1	2009-08-23:09:38:53	89
48.85525	2.5249	1	2009-08-23:09:38:53	89
48.85433	2.52031	1	2009-08-23:09:38:53	89
48.8534	2.51573	1	2009-08-23:09:38:53	89
48.85239	2.5112	1	2009-08-23:09:38:53	89
48.85144	2.50652	1	2009-08-23:09:38:53	89
48.85053	2.5019	1	2009-08-23:09:38:53	89
48.84959	2.49732	1	2009-08-23:09:38:53	89
48.8478	2.49339	1	2009-08-23:09:38:53	89
48.84561	2.48974	1	2009-08-23:09:38:53	89
48.84334	2.48589	1	2009-08-23:09:38:53	89
48.84112	2.48241	1	2009-08-23:09:38:53	89
48.83884	2.47919	1	2009-08-23:09:38:53	89
48.83656	2.47606	1	2009-08-23:09:38:53	89
48.83599	2.47195	1	2009-08-23:09:38:53	89
48.83711	2.4674	1	2009-08-23:09:38:53	89
48.83837	2.46293	1	2009-08-23:09:38:53	89
48.83951	2.45841	1	2009-08-23:09:38:53	89
48.84064	2.45405	1	2009-08-23:09:38:53	89
48.84179	2.44983	1	2009-08-23:09:38:53	89
48.84397	2.4464	1	2009-08-23:09:38:53	89
48.84443	2.44167	1	2009-08-23:09:38:53	89
48.84484	2.43698	1	2009-08-23:09:38:53	89
48.84516	2.43224	1	2009-08-23:09:38:53	89
48.84567	2.42762	1	2009-08-23:09:38:53	89
48.84607	2.42291	1	2009-08-23:09:38:53	89
48.84652	2.41828	1	2009-08-23:09:38:53	89
48.84695	2.41369	1	2009-08-23:09:38:53	89
48.84741	2.40886	1	2009-08-23:09:38:53	89
48.84909	2.40666	1	2009-08-23:09:38:53	89
48.85223	2.40622	1	2009-08-23:09:38:53	89
48.85533	2.40524	1	2009-08-23:09:38:53	89
48.8582	2.40348	1	2009-08-23:09:38:53	89
48.86224	2.40016	1	2009-08-23:09:38:53	89
48.86514	2.39834	1	2009-08-23:09:38:53	89
48.86791	2.39616	1	2009-08-23:09:38:53	89
48.86981	2.39377	1	2009-08-23:09:38:53	89
48.86861	2.38956	1	2009-08-23:09:38:53	89
48.86857	2.38588	1	2009-08-23:09:38:53	89
48.86814	2.38184	1	2009-08-23:09:38:53	89
48.86782	2.37865	1	2009-08-23:09:38:53	89
48.86723	2.37426	1	2009-08-23:09:38:53	89
48.86908	2.37167	1	2009-08-23:09:38:53	89
48.87162	2.36988	1	2009-08-23:09:38:53	89
48.87206	2.36586	1	2009-08-23:09:38:53	89
48.87211	2.36534	1	2009-08-23:09:38:53	89
48.87214	2.36538	1	2009-08-23:09:38:53	89
48.87216	2.36542	1	2009-08-23:09:38:53	89
48.87218	2.36545	1	2009-08-23:09:38:53	89
48.8722	2.36549	1	2009-08-23:09:38:53	89
48.87222	2.36552	1	2009-08-23:09:38:53	89
48.87223	2.36554	1	2009-08-23:09:38:53	89
48.87225	2.36556	1	2009-08-23:09:38:53	89
48.87227	2.36558	1	2009-08-23:09:38:53	89
48.87227	2.3656	1	2009-08-23:09:38:53	89
48.87228	2.36562	1	2009-08-23:09:38:53	89
48.87226	2.36563	1	2009-08-23:09:38:53	89
48.87223	2.36564	1	2009-08-23:09:38:53	89
48.87221	2.36564	1	2009-08-23:09:38:53	89
48.87218	2.36565	1	2009-08-23:09:38:53	89
48.87214	2.36565	1	2009-08-23:09:38:53	89
48.87208	2.36564	1	2009-08-23:09:38:53	89
48.87208	2.36564	1	2009-08-23:09:38:53	89
48.87208	2.36565	1	2009-08-23:09:38:53	89
48.87205	2.36565	1	2009-08-23:09:38:53	89
48.87206	2.36563	1	2009-08-23:09:38:53	89
48.87206	2.36561	1	2009-08-23:09:38:53	89
48.87207	2.3656	1	2009-08-23:09:38:53	89
48.76643	2.18123	1	2009-08-27:17:58:03	90
48.76632	2.18282	1	2009-08-27:17:58:03	90
48.76637	2.18419	1	2009-08-27:17:58:03	90
48.76613	2.18534	1	2009-08-27:17:58:03	90
48.76588	2.18657	1	2009-08-27:17:58:03	90
48.76446	2.18644	1	2009-08-27:17:58:03	90
48.76348	2.18697	1	2009-08-27:17:58:03	90
48.76315	2.18843	1	2009-08-27:17:58:03	90
48.76286	2.18972	1	2009-08-27:17:58:03	90
48.76279	2.19119	1	2009-08-27:17:58:03	90
48.76237	2.19277	1	2009-08-27:17:58:03	90
48.76188	2.19398	1	2009-08-27:17:58:03	90
48.76139	2.19587	1	2009-08-27:17:58:03	90
48.7613	2.1971	1	2009-08-27:17:58:03	90
48.76035	2.19756	1	2009-08-27:17:58:03	90
48.75961	2.1978	1	2009-08-27:17:58:03	90
48.75885	2.19894	1	2009-08-27:17:58:03	90
48.75811	2.20053	1	2009-08-27:17:58:03	90
48.75735	2.20169	1	2009-08-27:17:58:03	90
48.75663	2.20308	1	2009-08-27:17:58:03	90
48.75645	2.20472	1	2009-08-27:17:58:03	90
48.75625	2.20604	1	2009-08-27:17:58:03	90
48.75638	2.20741	1	2009-08-27:17:58:03	90
48.75635	2.20873	1	2009-08-27:17:58:03	90
48.75651	2.20995	1	2009-08-27:17:58:03	90
48.75678	2.21102	1	2009-08-27:17:58:03	90
48.75621	2.21216	1	2009-08-27:17:58:03	90
48.75546	2.21308	1	2009-08-27:17:58:03	90
48.75493	2.21469	1	2009-08-27:17:58:03	90
48.75521	2.2159	1	2009-08-27:17:58:03	90
48.75576	2.21707	1	2009-08-27:17:58:03	90
48.75643	2.21801	1	2009-08-27:17:58:03	90
48.75714	2.21861	1	2009-08-27:17:58:03	90
48.75756	2.21896	1	2009-08-27:17:58:03	90
48.75816	2.21942	1	2009-08-27:17:58:03	90
48.75891	2.22008	1	2009-08-27:17:58:03	90
48.75965	2.22072	1	2009-08-27:17:58:03	90
48.76034	2.2215	1	2009-08-27:17:58:03	90
48.76104	2.22239	1	2009-08-27:17:58:03	90
48.76165	2.22341	1	2009-08-27:17:58:03	90
48.76214	2.22438	1	2009-08-27:17:58:03	90
48.76282	2.22505	1	2009-08-27:17:58:03	90
48.76343	2.22607	1	2009-08-27:17:58:03	90
48.76409	2.22688	1	2009-08-27:17:58:03	90
48.76479	2.22767	1	2009-08-27:17:58:03	90
48.7655	2.22842	1	2009-08-27:17:58:03	90
48.76618	2.22922	1	2009-08-27:17:58:03	90
48.76671	2.23038	1	2009-08-27:17:58:03	90
48.76733	2.23048	1	2009-08-27:17:58:03	90
48.76821	2.23034	1	2009-08-27:17:58:03	90
48.76906	2.23041	1	2009-08-27:17:58:03	90
48.76993	2.2302	1	2009-08-27:17:58:03	90
48.77075	2.22977	1	2009-08-27:17:58:03	90
48.77155	2.22944	1	2009-08-27:17:58:03	90
48.77244	2.22925	1	2009-08-27:17:58:03	90
48.77326	2.22912	1	2009-08-27:17:58:03	90
48.77406	2.22901	1	2009-08-27:17:58:03	90
48.77491	2.2289	1	2009-08-27:17:58:03	90
48.7758	2.2289	1	2009-08-27:17:58:03	90
48.77641	2.2298	1	2009-08-27:17:58:03	90
48.7769	2.23096	1	2009-08-27:17:58:03	90
48.77741	2.23195	1	2009-08-27:17:58:03	90
48.77793	2.23306	1	2009-08-27:17:58:03	90
48.77835	2.23416	1	2009-08-27:17:58:03	90
48.77854	2.23474	1	2009-08-27:17:58:03	90
48.77891	2.23585	1	2009-08-27:17:58:03	90
48.77937	2.2368	1	2009-08-27:17:58:03	90
48.77981	2.23786	1	2009-08-27:17:58:03	90
48.78027	2.23892	1	2009-08-27:17:58:03	90
48.78065	2.24	1	2009-08-27:17:58:03	90
48.78109	2.24098	1	2009-08-27:17:58:03	90
48.78149	2.24202	1	2009-08-27:17:58:03	90
48.78194	2.24313	1	2009-08-27:17:58:03	90
48.78237	2.2442	1	2009-08-27:17:58:03	90
48.78283	2.24523	1	2009-08-27:17:58:03	90
48.78329	2.2461	1	2009-08-27:17:58:03	90
48.78322	2.2471	1	2009-08-27:17:58:03	90
48.78279	2.2481	1	2009-08-27:17:58:03	90
48.78249	2.24928	1	2009-08-27:17:58:03	90
48.78234	2.25047	1	2009-08-27:17:58:03	90
48.78218	2.25168	1	2009-08-27:17:58:03	90
48.78209	2.25292	1	2009-08-27:17:58:03	90
48.78203	2.25424	1	2009-08-27:17:58:03	90
48.78218	2.2554	1	2009-08-27:17:58:03	90
48.78226	2.25658	1	2009-08-27:17:58:03	90
48.78228	2.2578	1	2009-08-27:17:58:03	90
48.78234	2.25903	1	2009-08-27:17:58:03	90
48.78237	2.26034	1	2009-08-27:17:58:03	90
48.78273	2.26159	1	2009-08-27:17:58:03	90
48.78275	2.26271	1	2009-08-27:17:58:03	90
48.78297	2.26389	1	2009-08-27:17:58:03	90
48.78332	2.26517	1	2009-08-27:17:58:03	90
48.78345	2.26629	1	2009-08-27:17:58:03	90
48.78336	2.26743	1	2009-08-27:17:58:03	90
48.78338	2.26844	1	2009-08-27:17:58:03	90
48.78326	2.26964	1	2009-08-27:17:58:03	90
48.78259	2.27027	1	2009-08-27:17:58:03	90
48.78178	2.27046	1	2009-08-27:17:58:03	90
48.78142	2.27148	1	2009-08-27:17:58:03	90
48.78149	2.27256	1	2009-08-27:17:58:03	90
48.78111	2.27328	1	2009-08-27:17:58:03	90
48.78032	2.27337	1	2009-08-27:17:58:03	90
48.77981	2.27429	1	2009-08-27:17:58:03	90
48.77956	2.27541	1	2009-08-27:17:58:03	90
48.77935	2.27653	1	2009-08-27:17:58:03	90
48.77913	2.27774	1	2009-08-27:17:58:03	90
48.77915	2.27889	1	2009-08-27:17:58:03	90
48.77912	2.28015	1	2009-08-27:17:58:03	90
48.77892	2.28124	1	2009-08-27:17:58:03	90
48.77906	2.28228	1	2009-08-27:17:58:03	90
48.77913	2.28353	1	2009-08-27:17:58:03	90
48.77916	2.28464	1	2009-08-27:17:58:03	90
48.77899	2.28589	1	2009-08-27:17:58:03	90
48.77883	2.28718	1	2009-08-27:17:58:03	90
48.77881	2.28835	1	2009-08-27:17:58:03	90
48.77901	2.28954	1	2009-08-27:17:58:03	90
48.77892	2.29066	1	2009-08-27:17:58:03	90
48.7787	2.29182	1	2009-08-27:17:58:03	90
48.77872	2.2931	1	2009-08-27:17:58:03	90
48.77866	2.2943	1	2009-08-27:17:58:03	90
48.77868	2.29476	1	2009-08-27:17:58:03	90
48.77855	2.29593	1	2009-08-27:17:58:03	90
48.77848	2.29724	1	2009-08-27:17:58:03	90
48.77837	2.29842	1	2009-08-27:17:58:03	90
48.77836	2.29972	1	2009-08-27:17:58:03	90
48.77836	2.30096	1	2009-08-27:17:58:03	90
48.77829	2.30219	1	2009-08-27:17:58:03	90
48.77826	2.30277	1	2009-08-27:17:58:03	90
48.77801	2.30376	1	2009-08-27:17:58:03	90
48.77801	2.30489	1	2009-08-27:17:58:03	90
48.77759	2.30593	1	2009-08-27:17:58:03	90
48.77742	2.30706	1	2009-08-27:17:58:03	90
48.7773	2.30824	1	2009-08-27:17:58:03	90
48.77704	2.3094	1	2009-08-27:17:58:03	90
48.77688	2.31061	1	2009-08-27:17:58:03	90
48.7767	2.31174	1	2009-08-27:17:58:03	90
48.77628	2.31275	1	2009-08-27:17:58:03	90
48.77634	2.31385	1	2009-08-27:17:58:03	90
48.77668	2.31493	1	2009-08-27:17:58:03	90
48.77676	2.31609	1	2009-08-27:17:58:03	90
48.77669	2.31723	1	2009-08-27:17:58:03	90
48.77665	2.3184	1	2009-08-27:17:58:03	90
48.7767	2.31956	1	2009-08-27:17:58:03	90
48.77666	2.32075	1	2009-08-27:17:58:03	90
48.77665	2.3219	1	2009-08-27:17:58:03	90
48.77663	2.32316	1	2009-08-27:17:58:03	90
48.77634	2.32417	1	2009-08-27:17:58:03	90
48.7759	2.3252	1	2009-08-27:17:58:03	90
48.77548	2.32622	1	2009-08-27:17:58:03	90
48.77523	2.32727	1	2009-08-27:17:58:03	90
48.77532	2.32847	1	2009-08-27:17:58:03	90
48.77575	2.32957	1	2009-08-27:17:58:03	90
48.77612	2.3307	1	2009-08-27:17:58:03	90
48.77648	2.33184	1	2009-08-27:17:58:03	90
48.7771	2.33263	1	2009-08-27:17:58:03	90
48.77763	2.33354	1	2009-08-27:17:58:03	90
48.77805	2.33466	1	2009-08-27:17:58:03	90
48.7787	2.33541	1	2009-08-27:17:58:03	90
48.77898	2.33653	1	2009-08-27:17:58:03	90
48.77883	2.33765	1	2009-08-27:17:58:03	90
48.77874	2.33889	1	2009-08-27:17:58:03	90
48.7785	2.34009	1	2009-08-27:17:58:03	90
48.77833	2.34125	1	2009-08-27:17:58:03	90
48.77817	2.34248	1	2009-08-27:17:58:03	90
48.77813	2.34368	1	2009-08-27:17:58:03	90
48.7781	2.34491	1	2009-08-27:17:58:03	90
48.77799	2.34582	1	2009-08-27:17:58:03	90
48.77777	2.34663	1	2009-08-27:17:58:03	90
48.77791	2.34775	1	2009-08-27:17:58:03	90
48.77795	2.34894	1	2009-08-27:17:58:03	90
48.7779	2.35016	1	2009-08-27:17:58:03	90
48.77735	2.35117	1	2009-08-27:17:58:03	90
48.77681	2.3521	1	2009-08-27:17:58:03	90
48.77631	2.35308	1	2009-08-27:17:58:03	90
48.77567	2.3535	1	2009-08-27:17:58:03	90
48.77501	2.3542	1	2009-08-27:17:58:03	90
48.77428	2.35489	1	2009-08-27:17:58:03	90
48.77348	2.35524	1	2009-08-27:17:58:03	90
48.77275	2.35575	1	2009-08-27:17:58:03	90
48.77209	2.35646	1	2009-08-27:17:58:03	90
48.77183	2.35747	1	2009-08-27:17:58:03	90
48.77192	2.35873	1	2009-08-27:17:58:03	90
48.77177	2.35991	1	2009-08-27:17:58:03	90
48.77144	2.36091	1	2009-08-27:17:58:03	90
48.77098	2.36189	1	2009-08-27:17:58:03	90
48.77058	2.36292	1	2009-08-27:17:58:03	90
48.7702	2.36399	1	2009-08-27:17:58:03	90
48.76982	2.36505	1	2009-08-27:17:58:03	90
48.76938	2.3661	1	2009-08-27:17:58:03	90
48.76896	2.36718	1	2009-08-27:17:58:03	90
48.76865	2.3683	1	2009-08-27:17:58:03	90
48.76854	2.36951	1	2009-08-27:17:58:03	90
48.7684	2.37072	1	2009-08-27:17:58:03	90
48.76829	2.37195	1	2009-08-27:17:58:03	90
48.76813	2.37309	1	2009-08-27:17:58:03	90
48.76798	2.37424	1	2009-08-27:17:58:03	90
48.76782	2.37546	1	2009-08-27:17:58:03	90
48.76769	2.37666	1	2009-08-27:17:58:03	90
48.76753	2.37781	1	2009-08-27:17:58:03	90
48.76737	2.37903	1	2009-08-27:17:58:03	90
48.76719	2.38017	1	2009-08-27:17:58:03	90
48.76707	2.38135	1	2009-08-27:17:58:03	90
48.76691	2.38253	1	2009-08-27:17:58:03	90
48.76677	2.38374	1	2009-08-27:17:58:03	90
48.76662	2.38489	1	2009-08-27:17:58:03	90
48.76646	2.38607	1	2009-08-27:17:58:03	90
48.76641	2.38734	1	2009-08-27:17:58:03	90
48.76629	2.38853	1	2009-08-27:17:58:03	90
48.76612	2.38971	1	2009-08-27:17:58:03	90
48.766	2.39086	1	2009-08-27:17:58:03	90
48.76581	2.39206	1	2009-08-27:17:58:03	90
48.76585	2.39298	1	2009-08-27:17:58:03	90
48.76658	2.39353	1	2009-08-27:17:58:03	90
48.76735	2.3941	1	2009-08-27:17:58:03	90
48.7681	2.39464	1	2009-08-27:17:58:03	90
48.76883	2.39517	1	2009-08-27:17:58:03	90
48.76937	2.3958	1	2009-08-27:17:58:03	90
48.76917	2.39681	1	2009-08-27:17:58:03	90
48.76925	2.39794	1	2009-08-27:17:58:03	90
48.76967	2.39716	1	2009-08-27:17:58:03	90
48.77009	2.39676	1	2009-08-27:17:58:03	90
48.77077	2.39745	1	2009-08-27:17:58:03	90
48.77109	2.39786	1	2009-08-27:17:58:03	90
48.77028	2.39813	1	2009-08-27:17:58:03	90
48.77005	2.39896	1	2009-08-27:17:58:03	90
48.77034	2.40004	1	2009-08-27:17:58:03	90
48.77062	2.40125	1	2009-08-27:17:58:03	90
48.77093	2.40244	1	2009-08-27:17:58:03	90
48.77112	2.40358	1	2009-08-27:17:58:03	90
48.77129	2.4048	1	2009-08-27:17:58:03	90
48.77136	2.40597	1	2009-08-27:17:58:03	90
48.77142	2.40731	1	2009-08-27:17:58:03	90
48.77146	2.4085	1	2009-08-27:17:58:03	90
48.772	2.40928	1	2009-08-27:17:58:03	90
48.77278	2.40947	1	2009-08-27:17:58:03	90
48.77364	2.40956	1	2009-08-27:17:58:03	90
48.77441	2.40959	1	2009-08-27:17:58:03	90
48.7752	2.40935	1	2009-08-27:17:58:03	90
48.77599	2.40921	1	2009-08-27:17:58:03	90
48.77677	2.40899	1	2009-08-27:17:58:03	90
48.77707	2.40913	1	2009-08-27:17:58:03	90
48.77706	2.40932	1	2009-08-27:17:58:03	90
48.77694	2.40894	1	2009-08-27:17:58:03	90
48.77614	2.40915	1	2009-08-27:17:58:03	90
48.77613	2.40923	1	2009-08-27:17:58:03	90
48.77693	2.40892	1	2009-08-27:17:58:03	90
48.7769	2.40965	1	2009-08-27:17:58:03	90
48.77633	2.40989	1	2009-08-27:17:58:03	90
48.77631	2.40989	1	2009-08-27:17:58:03	90
48.77629	2.4099	1	2009-08-27:17:58:03	90
48.77627	2.40989	1	2009-08-27:17:58:03	90
48.77624	2.40989	1	2009-08-27:17:58:03	90
48.77622	2.40991	1	2009-08-27:17:58:03	90
48.7762	2.40994	1	2009-08-27:17:58:03	90
48.77618	2.40994	1	2009-08-27:17:58:03	90
48.77618	2.40996	1	2009-08-27:17:58:03	90
48.77619	2.40997	1	2009-08-27:17:58:03	90
48.77617	2.40993	1	2009-08-27:17:58:03	90
48.77618	2.4099	1	2009-08-27:17:58:03	90
48.7762	2.41002	1	2009-08-27:17:58:03	90
48.77619	2.41005	1	2009-08-27:17:58:03	90
48.77619	2.41007	1	2009-08-27:17:58:03	90
48.77617	2.41009	1	2009-08-27:17:58:03	90
48.7762	2.41002	1	2009-08-27:17:58:03	90
48.77621	2.40999	1	2009-08-27:17:58:03	90
48.77622	2.40997	1	2009-08-27:17:58:03	90
48.77622	2.40995	1	2009-08-27:17:58:03	90
48.77623	2.40993	1	2009-08-27:17:58:03	90
48.77623	2.40991	1	2009-08-27:17:58:03	90
48.77624	2.40989	1	2009-08-27:17:58:03	90
48.77715	2.40903	1	2009-08-27:21:22:01	91
48.77774	2.40874	1	2009-08-27:21:22:01	91
48.77819	2.40861	1	2009-08-27:21:22:01	91
48.77863	2.40845	1	2009-08-27:21:22:01	91
48.7791	2.40833	1	2009-08-27:21:22:01	91
48.77956	2.40825	1	2009-08-27:21:22:01	91
48.78	2.40816	1	2009-08-27:21:22:01	91
48.78041	2.40805	1	2009-08-27:21:22:01	91
48.78091	2.40786	1	2009-08-27:21:22:01	91
48.78137	2.40775	1	2009-08-27:21:22:01	91
48.78171	2.40762	1	2009-08-27:21:22:01	91
48.78212	2.40755	1	2009-08-27:21:22:01	91
48.78251	2.40749	1	2009-08-27:21:22:01	91
48.78291	2.40742	1	2009-08-27:21:22:01	91
48.78328	2.40749	1	2009-08-27:21:22:01	91
48.78361	2.40736	1	2009-08-27:21:22:01	91
48.78378	2.4068	1	2009-08-27:21:22:01	91
48.78407	2.40629	1	2009-08-27:21:22:01	91
48.78435	2.40581	1	2009-08-27:21:22:01	91
48.78471	2.40532	1	2009-08-27:21:22:01	91
48.78498	2.40473	1	2009-08-27:21:22:01	91
48.7853	2.40419	1	2009-08-27:21:22:01	91
48.78559	2.40365	1	2009-08-27:21:22:01	91
48.7859	2.40308	1	2009-08-27:21:22:01	91
48.78628	2.40264	1	2009-08-27:21:22:01	91
48.7866	2.40221	1	2009-08-27:21:22:01	91
48.78702	2.40187	1	2009-08-27:21:22:01	91
48.78738	2.40159	1	2009-08-27:21:22:01	91
48.78773	2.40131	1	2009-08-27:21:22:01	91
48.78809	2.40105	1	2009-08-27:21:22:01	91
48.78857	2.40077	1	2009-08-27:21:22:01	91
48.78903	2.40049	1	2009-08-27:21:22:01	91
48.78942	2.40028	1	2009-08-27:21:22:01	91
48.78981	2.40006	1	2009-08-27:21:22:01	91
48.79024	2.39984	1	2009-08-27:21:22:01	91
48.79062	2.39959	1	2009-08-27:21:22:01	91
48.79084	2.39893	1	2009-08-27:21:22:01	91
48.79099	2.39852	1	2009-08-27:21:22:01	91
48.79096	2.39786	1	2009-08-27:21:22:01	91
48.79107	2.39716	1	2009-08-27:21:22:01	91
48.79119	2.39647	1	2009-08-27:21:22:01	91
48.79131	2.39575	1	2009-08-27:21:22:01	91
48.79143	2.39504	1	2009-08-27:21:22:01	91
48.79181	2.39501	1	2009-08-27:21:22:01	91
48.79228	2.39529	1	2009-08-27:21:22:01	91
48.79262	2.3953	1	2009-08-27:21:22:01	91
48.79303	2.39551	1	2009-08-27:21:22:01	91
48.79344	2.39526	1	2009-08-27:21:22:01	91
48.7938	2.39501	1	2009-08-27:21:22:01	91
48.79424	2.39465	1	2009-08-27:21:22:01	91
48.79469	2.39437	1	2009-08-27:21:22:01	91
48.7951	2.39409	1	2009-08-27:21:22:01	91
48.79546	2.39378	1	2009-08-27:21:22:01	91
48.79592	2.39354	1	2009-08-27:21:22:01	91
48.79638	2.39349	1	2009-08-27:21:22:01	91
48.79683	2.3935	1	2009-08-27:21:22:01	91
48.79722	2.39368	1	2009-08-27:21:22:01	91
48.79759	2.39391	1	2009-08-27:21:22:01	91
48.79801	2.3941	1	2009-08-27:21:22:01	91
48.7984	2.39435	1	2009-08-27:21:22:01	91
48.79881	2.39451	1	2009-08-27:21:22:01	91
48.79923	2.39463	1	2009-08-27:21:22:01	91
48.79966	2.3947	1	2009-08-27:21:22:01	91
48.80008	2.39481	1	2009-08-27:21:22:01	91
48.80027	2.39505	1	2009-08-27:21:22:01	91
48.80045	2.39529	1	2009-08-27:21:22:01	91
48.80067	2.39549	1	2009-08-27:21:22:01	91
48.80086	2.39575	1	2009-08-27:21:22:01	91
48.80124	2.39614	1	2009-08-27:21:22:01	91
48.80161	2.39648	1	2009-08-27:21:22:01	91
48.80201	2.39682	1	2009-08-27:21:22:01	91
48.80235	2.39724	1	2009-08-27:21:22:01	91
48.80271	2.39717	1	2009-08-27:21:22:01	91
48.80305	2.39678	1	2009-08-27:21:22:01	91
48.80339	2.39636	1	2009-08-27:21:22:01	91
48.80371	2.39591	1	2009-08-27:21:22:01	91
48.80407	2.39553	1	2009-08-27:21:22:01	91
48.80444	2.39507	1	2009-08-27:21:22:01	91
48.80478	2.39465	1	2009-08-27:21:22:01	91
48.80512	2.39422	1	2009-08-27:21:22:01	91
48.80551	2.39381	1	2009-08-27:21:22:01	91
48.80588	2.39343	1	2009-08-27:21:22:01	91
48.80622	2.39301	1	2009-08-27:21:22:01	91
48.80671	2.39236	1	2009-08-27:21:22:01	91
48.80696	2.39204	1	2009-08-27:21:22:01	91
48.80734	2.39184	1	2009-08-27:21:22:01	91
48.80776	2.39158	1	2009-08-27:21:22:01	91
48.80817	2.3914	1	2009-08-27:21:22:01	91
48.80845	2.39095	1	2009-08-27:21:22:01	91
48.8087	2.39037	1	2009-08-27:21:22:01	91
48.80916	2.39019	1	2009-08-27:21:22:01	91
48.80956	2.39014	1	2009-08-27:21:22:01	91
48.80994	2.38986	1	2009-08-27:21:22:01	91
48.81024	2.3894	1	2009-08-27:21:22:01	91
48.81054	2.38891	1	2009-08-27:21:22:01	91
48.81084	2.38841	1	2009-08-27:21:22:01	91
48.81111	2.38789	1	2009-08-27:21:22:01	91
48.8114	2.38747	1	2009-08-27:21:22:01	91
48.81177	2.38714	1	2009-08-27:21:22:01	91
48.81217	2.38682	1	2009-08-27:21:22:01	91
48.81253	2.38648	1	2009-08-27:21:22:01	91
48.8128	2.38598	1	2009-08-27:21:22:01	91
48.81307	2.38549	1	2009-08-27:21:22:01	91
48.8134	2.38513	1	2009-08-27:21:22:01	91
48.8138	2.38492	1	2009-08-27:21:22:01	91
48.81416	2.38457	1	2009-08-27:21:22:01	91
48.81452	2.38428	1	2009-08-27:21:22:01	91
48.81484	2.38389	1	2009-08-27:21:22:01	91
48.81522	2.38364	1	2009-08-27:21:22:01	91
48.81557	2.38335	1	2009-08-27:21:22:01	91
48.81591	2.38297	1	2009-08-27:21:22:01	91
48.81629	2.38262	1	2009-08-27:21:22:01	91
48.81665	2.38231	1	2009-08-27:21:22:01	91
48.81701	2.38193	1	2009-08-27:21:22:01	91
48.81737	2.38143	1	2009-08-27:21:22:01	91
48.81779	2.38131	1	2009-08-27:21:22:01	91
48.81817	2.38109	1	2009-08-27:21:22:01	91
48.81859	2.38083	1	2009-08-27:21:22:01	91
48.81899	2.38061	1	2009-08-27:21:22:01	91
48.81943	2.38033	1	2009-08-27:21:22:01	91
48.81982	2.38003	1	2009-08-27:21:22:01	91
48.82021	2.37973	1	2009-08-27:21:22:01	91
48.8206	2.37941	1	2009-08-27:21:22:01	91
48.82106	2.37932	1	2009-08-27:21:22:01	91
48.82143	2.37913	1	2009-08-27:21:22:01	91
48.82181	2.37895	1	2009-08-27:21:22:01	91
48.82214	2.37852	1	2009-08-27:21:22:01	91
48.82234	2.37828	1	2009-08-27:21:22:01	91
48.82251	2.37816	1	2009-08-27:21:22:01	91
48.82274	2.37801	1	2009-08-27:21:22:01	91
48.82292	2.37791	1	2009-08-27:21:22:01	91
48.82332	2.37764	1	2009-08-27:21:22:01	91
48.82367	2.3773	1	2009-08-27:21:22:01	91
48.82404	2.3772	1	2009-08-27:21:22:01	91
48.82419	2.37703	1	2009-08-27:21:22:01	91
48.82441	2.37649	1	2009-08-27:21:22:01	91
48.82459	2.37598	1	2009-08-27:21:22:01	91
48.82488	2.37553	1	2009-08-27:21:22:01	91
48.82509	2.37509	1	2009-08-27:21:22:01	91
48.82539	2.37486	1	2009-08-27:21:22:01	91
48.82568	2.37445	1	2009-08-27:21:22:01	91
48.826	2.37395	1	2009-08-27:21:22:01	91
48.82616	2.3734	1	2009-08-27:21:22:01	91
48.82646	2.37314	1	2009-08-27:21:22:01	91
48.82667	2.37259	1	2009-08-27:21:22:01	91
48.82701	2.3722	1	2009-08-27:21:22:01	91
48.82717	2.37168	1	2009-08-27:21:22:01	91
48.82755	2.37149	1	2009-08-27:21:22:01	91
48.82783	2.371	1	2009-08-27:21:22:01	91
48.82813	2.37054	1	2009-08-27:21:22:01	91
48.8284	2.37003	1	2009-08-27:21:22:01	91
48.82874	2.36967	1	2009-08-27:21:22:01	91
48.8291	2.3693	1	2009-08-27:21:22:01	91
48.82948	2.36928	1	2009-08-27:21:22:01	91
48.82979	2.36903	1	2009-08-27:21:22:01	91
48.83013	2.36866	1	2009-08-27:21:22:01	91
48.83035	2.36811	1	2009-08-27:21:22:01	91
48.83048	2.36746	1	2009-08-27:21:22:01	91
48.8307	2.36693	1	2009-08-27:21:22:01	91
48.83097	2.3665	1	2009-08-27:21:22:01	91
48.83127	2.36616	1	2009-08-27:21:22:01	91
48.83158	2.36578	1	2009-08-27:21:22:01	91
48.83185	2.36541	1	2009-08-27:21:22:01	91
48.83213	2.36518	1	2009-08-27:21:22:01	91
48.83248	2.36485	1	2009-08-27:21:22:01	91
48.83278	2.36451	1	2009-08-27:21:22:01	91
48.83309	2.36412	1	2009-08-27:21:22:01	91
48.83345	2.36373	1	2009-08-27:21:22:01	91
48.83378	2.36333	1	2009-08-27:21:22:01	91
48.83404	2.36285	1	2009-08-27:21:22:01	91
48.83435	2.36242	1	2009-08-27:21:22:01	91
48.83466	2.36199	1	2009-08-27:21:22:01	91
48.83494	2.3615	1	2009-08-27:21:22:01	91
48.8353	2.36127	1	2009-08-27:21:22:01	91
48.83567	2.36106	1	2009-08-27:21:22:01	91
48.83594	2.3606	1	2009-08-27:21:22:01	91
48.83621	2.36016	1	2009-08-27:21:22:01	91
48.83629	2.35973	1	2009-08-27:21:22:01	91
48.83659	2.35932	1	2009-08-27:21:22:01	91
48.83684	2.35885	1	2009-08-27:21:22:01	91
48.83713	2.35847	1	2009-08-27:21:22:01	91
48.83743	2.35814	1	2009-08-27:21:22:01	91
48.83774	2.35779	1	2009-08-27:21:22:01	91
48.83804	2.35737	1	2009-08-27:21:22:01	91
48.83848	2.35732	1	2009-08-27:21:22:01	91
48.83886	2.35704	1	2009-08-27:21:22:01	91
48.83915	2.35669	1	2009-08-27:21:22:01	91
48.83947	2.35654	1	2009-08-27:21:22:01	91
48.83987	2.35643	1	2009-08-27:21:22:01	91
48.84028	2.35629	1	2009-08-27:21:22:01	91
48.84065	2.35618	1	2009-08-27:21:22:01	91
48.84096	2.35581	1	2009-08-27:21:22:01	91
48.84135	2.35605	1	2009-08-27:21:22:01	91
48.84171	2.35567	1	2009-08-27:21:22:01	91
48.8421	2.35543	1	2009-08-27:21:22:01	91
48.84251	2.35549	1	2009-08-27:21:22:01	91
48.84296	2.35547	1	2009-08-27:21:22:01	91
48.8434	2.35552	1	2009-08-27:21:22:01	91
48.84381	2.3555	1	2009-08-27:21:22:01	91
48.84417	2.35527	1	2009-08-27:21:22:01	91
48.84459	2.35502	1	2009-08-27:21:22:01	91
48.84496	2.35481	1	2009-08-27:21:22:01	91
48.84534	2.35463	1	2009-08-27:21:22:01	91
48.84572	2.35476	1	2009-08-27:21:22:01	91
48.84617	2.35475	1	2009-08-27:21:22:01	91
48.84659	2.35459	1	2009-08-27:21:22:01	91
48.84685	2.35412	1	2009-08-27:21:22:01	91
48.84716	2.35369	1	2009-08-27:21:22:01	91
48.84743	2.3532	1	2009-08-27:21:22:01	91
48.84758	2.35265	1	2009-08-27:21:22:01	91
48.84757	2.35201	1	2009-08-27:21:22:01	91
48.84768	2.35143	1	2009-08-27:21:22:01	91
48.8479	2.35092	1	2009-08-27:21:22:01	91
48.84808	2.35034	1	2009-08-27:21:22:01	91
48.84848	2.35016	1	2009-08-27:21:22:01	91
48.84885	2.35001	1	2009-08-27:21:22:01	91
48.84926	2.35014	1	2009-08-27:21:22:01	91
48.84963	2.3504	1	2009-08-27:21:22:01	91
48.85003	2.35059	1	2009-08-27:21:22:01	91
48.85043	2.35089	1	2009-08-27:21:22:01	91
48.85081	2.35108	1	2009-08-27:21:22:01	91
48.85114	2.35132	1	2009-08-27:21:22:01	91
48.85153	2.35157	1	2009-08-27:21:22:01	91
48.85191	2.35185	1	2009-08-27:21:22:01	91
48.85227	2.35205	1	2009-08-27:21:22:01	91
48.85264	2.3523	1	2009-08-27:21:22:01	91
48.85276	2.35289	1	2009-08-27:21:22:01	91
48.85285	2.35346	1	2009-08-27:21:22:01	91
48.85319	2.35378	1	2009-08-27:21:22:01	91
48.85354	2.35409	1	2009-08-27:21:22:01	91
48.85389	2.35448	1	2009-08-27:21:22:01	91
48.85423	2.35481	1	2009-08-27:21:22:01	91
48.85455	2.35512	1	2009-08-27:21:22:01	91
48.85488	2.3555	1	2009-08-27:21:22:01	91
48.85526	2.3558	1	2009-08-27:21:22:01	91
48.85563	2.35603	1	2009-08-27:21:22:01	91
48.85599	2.3564	1	2009-08-27:21:22:01	91
48.85636	2.35669	1	2009-08-27:21:22:01	91
48.85657	2.35693	1	2009-08-27:21:22:01	91
48.85657	2.35695	1	2009-08-27:21:22:01	91
48.85658	2.35699	1	2009-08-27:21:22:01	91
48.85657	2.35701	1	2009-08-27:21:22:01	91
48.85657	2.35705	1	2009-08-27:21:22:01	91
48.85658	2.35707	1	2009-08-27:21:22:01	91
48.85658	2.3571	1	2009-08-27:21:22:01	91
48.85657	2.35713	1	2009-08-27:21:22:01	91
48.85655	2.35715	1	2009-08-27:21:22:01	91
48.85653	2.35716	1	2009-08-27:21:22:01	91
48.85651	2.35717	1	2009-08-27:21:22:01	91
48.85649	2.35718	1	2009-08-27:21:22:01	91
48.85648	2.35721	1	2009-08-27:21:22:01	91
48.85646	2.35724	1	2009-08-27:21:22:01	91
48.85645	2.35727	1	2009-08-27:21:22:01	91
48.85646	2.35729	1	2009-08-27:21:22:01	91
48.8565	2.35731	1	2009-08-27:21:22:01	91
48.85651	2.35734	1	2009-08-27:21:22:01	91
48.8565	2.35737	1	2009-08-27:21:22:01	91
48.8565	2.3574	1	2009-08-27:21:22:01	91
48.85651	2.35742	1	2009-08-27:21:22:01	91
48.85651	2.35745	1	2009-08-27:21:22:01	91
48.85657	2.3576	1	2009-08-27:21:22:01	91
48.8563	2.35717	1	2009-08-28:06:50:51	92
48.85651	2.35557	1	2009-08-28:06:50:51	92
48.85673	2.35413	1	2009-08-28:06:50:51	92
48.85713	2.35273	1	2009-08-28:06:50:51	92
48.85752	2.35114	1	2009-08-28:06:50:51	92
48.85733	2.35016	1	2009-08-28:06:50:51	92
48.85691	2.349	1	2009-08-28:06:50:51	92
48.85599	2.34833	1	2009-08-28:06:50:51	92
48.85483	2.34775	1	2009-08-28:06:50:51	92
48.85362	2.34719	1	2009-08-28:06:50:51	92
48.85231	2.34672	1	2009-08-28:06:50:51	92
48.85138	2.34583	1	2009-08-28:06:50:51	92
48.85067	2.34542	1	2009-08-28:06:50:51	92
48.84975	2.34494	1	2009-08-28:06:50:51	92
48.84885	2.34476	1	2009-08-28:06:50:51	92
48.84802	2.34419	1	2009-08-28:06:50:51	92
48.84718	2.3437	1	2009-08-28:06:50:51	92
48.84631	2.34329	1	2009-08-28:06:50:51	92
48.84544	2.34277	1	2009-08-28:06:50:51	92
48.84459	2.34231	1	2009-08-28:06:50:51	92
48.84372	2.342	1	2009-08-28:06:50:51	92
48.84292	2.34144	1	2009-08-28:06:50:51	92
48.84191	2.34131	1	2009-08-28:06:50:51	92
48.84091	2.34129	1	2009-08-28:06:50:51	92
48.84005	2.34063	1	2009-08-28:06:50:51	92
48.83917	2.3401	1	2009-08-28:06:50:51	92
48.83862	2.3395	1	2009-08-28:06:50:51	92
48.83775	2.33919	1	2009-08-28:06:50:51	92
48.83689	2.33898	1	2009-08-28:06:50:51	92
48.83615	2.33835	1	2009-08-28:06:50:51	92
48.83533	2.33766	1	2009-08-28:06:50:51	92
48.83457	2.33714	1	2009-08-28:06:50:51	92
48.83404	2.33663	1	2009-08-28:06:50:51	92
48.83359	2.33649	1	2009-08-28:06:50:51	92
48.83293	2.33585	1	2009-08-28:06:50:51	92
48.83205	2.33557	1	2009-08-28:06:50:51	92
48.83124	2.33508	1	2009-08-28:06:50:51	92
48.83043	2.33454	1	2009-08-28:06:50:51	92
48.83021	2.33344	1	2009-08-28:06:50:51	92
48.83012	2.33218	1	2009-08-28:06:50:51	92
48.82974	2.33135	1	2009-08-28:06:50:51	92
48.82961	2.33	1	2009-08-28:06:50:51	92
48.82957	2.32877	1	2009-08-28:06:50:51	92
48.829	2.32806	1	2009-08-28:06:50:51	92
48.82825	2.32758	1	2009-08-28:06:50:51	92
48.82754	2.32663	1	2009-08-28:06:50:51	92
48.82701	2.3255	1	2009-08-28:06:50:51	92
48.8266	2.32427	1	2009-08-28:06:50:51	92
48.82613	2.32313	1	2009-08-28:06:50:51	92
48.82573	2.32166	1	2009-08-28:06:50:51	92
48.82508	2.32079	1	2009-08-28:06:50:51	92
48.82469	2.31971	1	2009-08-28:06:50:51	92
48.82427	2.3186	1	2009-08-28:06:50:51	92
48.82384	2.31754	1	2009-08-28:06:50:51	92
48.82333	2.31633	1	2009-08-28:06:50:51	92
48.8229	2.31523	1	2009-08-28:06:50:51	92
48.82246	2.31428	1	2009-08-28:06:50:51	92
48.82174	2.31347	1	2009-08-28:06:50:51	92
48.82113	2.31252	1	2009-08-28:06:50:51	92
48.82039	2.31191	1	2009-08-28:06:50:51	92
48.81976	2.31124	1	2009-08-28:06:50:51	92
48.81921	2.31025	1	2009-08-28:06:50:51	92
48.81862	2.30923	1	2009-08-28:06:50:51	92
48.81793	2.30837	1	2009-08-28:06:50:51	92
48.81758	2.30795	1	2009-08-28:06:50:51	92
48.81713	2.3073	1	2009-08-28:06:50:51	92
48.81649	2.30653	1	2009-08-28:06:50:51	92
48.81608	2.30559	1	2009-08-28:06:50:51	92
48.81533	2.30506	1	2009-08-28:06:50:51	92
48.81483	2.30417	1	2009-08-28:06:50:51	92
48.8143	2.30321	1	2009-08-28:06:50:51	92
48.81358	2.30261	1	2009-08-28:06:50:51	92
48.81292	2.30187	1	2009-08-28:06:50:51	92
48.81221	2.30116	1	2009-08-28:06:50:51	92
48.81159	2.30028	1	2009-08-28:06:50:51	92
48.81094	2.29964	1	2009-08-28:06:50:51	92
48.81019	2.29913	1	2009-08-28:06:50:51	92
48.80959	2.29833	1	2009-08-28:06:50:51	92
48.80901	2.29749	1	2009-08-28:06:50:51	92
48.80847	2.29656	1	2009-08-28:06:50:51	92
48.80794	2.29597	1	2009-08-28:06:50:51	92
48.80746	2.29511	1	2009-08-28:06:50:51	92
48.80711	2.29394	1	2009-08-28:06:50:51	92
48.80666	2.29289	1	2009-08-28:06:50:51	92
48.80605	2.29205	1	2009-08-28:06:50:51	92
48.80555	2.29115	1	2009-08-28:06:50:51	92
48.80497	2.29036	1	2009-08-28:06:50:51	92
48.80449	2.28945	1	2009-08-28:06:50:51	92
48.80386	2.28875	1	2009-08-28:06:50:51	92
48.80321	2.2881	1	2009-08-28:06:50:51	92
48.80254	2.28736	1	2009-08-28:06:50:51	92
48.80192	2.28651	1	2009-08-28:06:50:51	92
48.80178	2.28514	1	2009-08-28:06:50:51	92
48.80121	2.2843	1	2009-08-28:06:50:51	92
48.80077	2.28329	1	2009-08-28:06:50:51	92
48.80015	2.2823	1	2009-08-28:06:50:51	92
48.79957	2.28134	1	2009-08-28:06:50:51	92
48.79893	2.28053	1	2009-08-28:06:50:51	92
48.79828	2.27964	1	2009-08-28:06:50:51	92
48.79779	2.27859	1	2009-08-28:06:50:51	92
48.79722	2.27779	1	2009-08-28:06:50:51	92
48.79659	2.27708	1	2009-08-28:06:50:51	92
48.79616	2.27606	1	2009-08-28:06:50:51	92
48.7957	2.27505	1	2009-08-28:06:50:51	92
48.79527	2.27404	1	2009-08-28:06:50:51	92
48.79488	2.273	1	2009-08-28:06:50:51	92
48.79438	2.27209	1	2009-08-28:06:50:51	92
48.79374	2.27131	1	2009-08-28:06:50:51	92
48.79323	2.27031	1	2009-08-28:06:50:51	92
48.79274	2.26927	1	2009-08-28:06:50:51	92
48.79232	2.26819	1	2009-08-28:06:50:51	92
48.79192	2.26715	1	2009-08-28:06:50:51	92
48.79151	2.26614	1	2009-08-28:06:50:51	92
48.79108	2.26512	1	2009-08-28:06:50:51	92
48.79065	2.26411	1	2009-08-28:06:50:51	92
48.79022	2.263	1	2009-08-28:06:50:51	92
48.78975	2.26198	1	2009-08-28:06:50:51	92
48.78935	2.26096	1	2009-08-28:06:50:51	92
48.78892	2.25986	1	2009-08-28:06:50:51	92
48.78848	2.25887	1	2009-08-28:06:50:51	92
48.78806	2.25772	1	2009-08-28:06:50:51	92
48.78762	2.25665	1	2009-08-28:06:50:51	92
48.7872	2.25563	1	2009-08-28:06:50:51	92
48.78679	2.25462	1	2009-08-28:06:50:51	92
48.78642	2.25357	1	2009-08-28:06:50:51	92
48.78598	2.25249	1	2009-08-28:06:50:51	92
48.78553	2.25144	1	2009-08-28:06:50:51	92
48.78527	2.25095	1	2009-08-28:06:50:51	92
48.78487	2.2499	1	2009-08-28:06:50:51	92
48.78441	2.24885	1	2009-08-28:06:50:51	92
48.78402	2.24779	1	2009-08-28:06:50:51	92
48.78363	2.24674	1	2009-08-28:06:50:51	92
48.78321	2.24568	1	2009-08-28:06:50:51	92
48.78275	2.24473	1	2009-08-28:06:50:51	92
48.78232	2.24365	1	2009-08-28:06:50:51	92
48.78189	2.24261	1	2009-08-28:06:50:51	92
48.78147	2.24159	1	2009-08-28:06:50:51	92
48.78103	2.24061	1	2009-08-28:06:50:51	92
48.78064	2.23962	1	2009-08-28:06:50:51	92
48.78022	2.23854	1	2009-08-28:06:50:51	92
48.77976	2.2375	1	2009-08-28:06:50:51	92
48.77934	2.23642	1	2009-08-28:06:50:51	92
48.77889	2.23534	1	2009-08-28:06:50:51	92
48.77845	2.23425	1	2009-08-28:06:50:51	92
48.77803	2.23325	1	2009-08-28:06:50:51	92
48.77759	2.23217	1	2009-08-28:06:50:51	92
48.77719	2.23114	1	2009-08-28:06:50:51	92
48.77687	2.23007	1	2009-08-28:06:50:51	92
48.77631	2.2291	1	2009-08-28:06:50:51	92
48.77556	2.22864	1	2009-08-28:06:50:51	92
48.77481	2.2287	1	2009-08-28:06:50:51	92
48.774	2.22883	1	2009-08-28:06:50:51	92
48.77324	2.22889	1	2009-08-28:06:50:51	92
48.77246	2.229	1	2009-08-28:06:50:51	92
48.77164	2.22913	1	2009-08-28:06:50:51	92
48.77009	2.22924	1	2009-08-28:06:50:51	92
48.76932	2.22929	1	2009-08-28:06:50:51	92
48.76857	2.22959	1	2009-08-28:06:50:51	92
48.76781	2.22965	1	2009-08-28:06:50:51	92
48.76703	2.22955	1	2009-08-28:06:50:51	92
48.76626	2.22924	1	2009-08-28:06:50:51	92
48.76561	2.22851	1	2009-08-28:06:50:51	92
48.76496	2.22774	1	2009-08-28:06:50:51	92
48.7643	2.22702	1	2009-08-28:06:50:51	92
48.76369	2.22632	1	2009-08-28:06:50:51	92
48.76313	2.2255	1	2009-08-28:06:50:51	92
48.76255	2.22468	1	2009-08-28:06:50:51	92
48.76197	2.22409	1	2009-08-28:06:50:51	92
48.76155	2.22307	1	2009-08-28:06:50:51	92
48.76096	2.22228	1	2009-08-28:06:50:51	92
48.76035	2.22142	1	2009-08-28:06:50:51	92
48.7597	2.22071	1	2009-08-28:06:50:51	92
48.75904	2.22013	1	2009-08-28:06:50:51	92
48.75834	2.21951	1	2009-08-28:06:50:51	92
48.75766	2.21891	1	2009-08-28:06:50:51	92
48.75695	2.21833	1	2009-08-28:06:50:51	92
48.75624	2.21779	1	2009-08-28:06:50:51	92
48.75561	2.21695	1	2009-08-28:06:50:51	92
48.7551	2.21601	1	2009-08-28:06:50:51	92
48.75489	2.21493	1	2009-08-28:06:50:51	92
48.75508	2.21377	1	2009-08-28:06:50:51	92
48.75563	2.21293	1	2009-08-28:06:50:51	92
48.75624	2.21212	1	2009-08-28:06:50:51	92
48.7567	2.21113	1	2009-08-28:06:50:51	92
48.75675	2.21011	1	2009-08-28:06:50:51	92
48.75639	2.20915	1	2009-08-28:06:50:51	92
48.75637	2.20796	1	2009-08-28:06:50:51	92
48.75636	2.20673	1	2009-08-28:06:50:51	92
48.75634	2.20553	1	2009-08-28:06:50:51	92
48.75653	2.20412	1	2009-08-28:06:50:51	92
48.75669	2.20284	1	2009-08-28:06:50:51	92
48.757	2.20169	1	2009-08-28:06:50:51	92
48.75773	2.2014	1	2009-08-28:06:50:51	92
48.75816	2.20044	1	2009-08-28:06:50:51	92
48.75866	2.19948	1	2009-08-28:06:50:51	92
48.75913	2.19851	1	2009-08-28:06:50:51	92
48.75966	2.19767	1	2009-08-28:06:50:51	92
48.76031	2.19751	1	2009-08-28:06:50:51	92
48.76109	2.19767	1	2009-08-28:06:50:51	92
48.76149	2.19661	1	2009-08-28:06:50:51	92
48.76152	2.19542	1	2009-08-28:06:50:51	92
48.76185	2.19432	1	2009-08-28:06:50:51	92
48.76224	2.19326	1	2009-08-28:06:50:51	92
48.76257	2.19218	1	2009-08-28:06:50:51	92
48.7628	2.19104	1	2009-08-28:06:50:51	92
48.76285	2.18974	1	2009-08-28:06:50:51	92
48.76311	2.18854	1	2009-08-28:06:50:51	92
48.76342	2.18749	1	2009-08-28:06:50:51	92
48.76393	2.18662	1	2009-08-28:06:50:51	92
48.76469	2.18642	1	2009-08-28:06:50:51	92
48.76551	2.18663	1	2009-08-28:06:50:51	92
48.76597	2.18595	1	2009-08-28:06:50:51	92
48.76635	2.18492	1	2009-08-28:06:50:51	92
48.7664	2.18379	1	2009-08-28:06:50:51	92
48.76634	2.18264	1	2009-08-28:06:50:51	92
48.76665	2.18153	1	2009-08-28:06:50:51	92
48.76629	2.18127	1	2009-08-28:06:50:51	92
48.76629	2.18129	1	2009-08-28:06:50:51	92
48.76629	2.18132	1	2009-08-28:06:50:51	92
48.76628	2.18135	1	2009-08-28:06:50:51	92
48.76626	2.18137	1	2009-08-28:06:50:51	92
48.76624	2.18141	1	2009-08-28:06:50:51	92
48.76624	2.18143	1	2009-08-28:06:50:51	92
48.76626	2.18144	1	2009-08-28:06:50:51	92
48.76626	2.18146	1	2009-08-28:06:50:51	92
48.76626	2.18148	1	2009-08-28:06:50:51	92
48.76626	2.1815	1	2009-08-28:06:50:51	92
48.76626	2.18153	1	2009-08-28:06:50:51	92
48.76627	2.1815	1	2009-08-28:06:50:51	92
48.76629	2.18143	1	2009-08-28:06:50:51	92
48.7663	2.18138	1	2009-08-28:06:50:51	92
48.76632	2.18132	1	2009-08-28:06:50:51	92
48.76633	2.18129	1	2009-08-28:06:50:51	92
48.76633	2.18124	1	2009-08-28:06:50:51	92
48.76634	2.18121	1	2009-08-28:06:50:51	92
48.76635	2.18117	1	2009-08-28:06:50:51	92
48.76634	2.18117	1	2009-08-28:06:50:51	92
48.76636	2.18116	1	2009-08-28:06:50:51	92
48.76629	2.18115	1	2009-08-28:06:50:51	92
48.84662	2.37718	1	2009-08-29:13:08:43	93
48.84454	2.38169	1	2009-08-29:13:08:43	93
48.84266	2.38661	1	2009-08-29:13:08:43	93
48.84164	2.39009	1	2009-08-29:13:08:43	93
48.84115	2.39788	1	2009-08-29:13:08:43	93
48.8407	2.40505	1	2009-08-29:13:08:43	93
48.84092	2.41146	1	2009-08-29:13:08:43	93
48.83861	2.41348	1	2009-08-29:13:08:43	93
48.8349	2.41201	1	2009-08-29:13:08:43	93
48.83342	2.41322	1	2009-08-29:13:08:43	93
48.83104	2.41731	1	2009-08-29:13:08:43	93
48.82788	2.41925	1	2009-08-29:13:08:43	93
48.8248	2.4214	1	2009-08-29:13:08:43	93
48.82415	2.4263	1	2009-08-29:13:08:43	93
48.82294	2.43105	1	2009-08-29:13:08:43	93
48.82039	2.43491	1	2009-08-29:13:08:43	93
48.81901	2.43905	1	2009-08-29:13:08:43	93
48.81871	2.44301	1	2009-08-29:13:08:43	93
48.82132	2.44583	1	2009-08-29:13:08:43	93
48.82455	2.44621	1	2009-08-29:13:08:43	93
48.82744	2.44726	1	2009-08-29:13:08:43	93
48.8271	2.45199	1	2009-08-29:13:08:43	93
48.82808	2.45321	1	2009-08-29:13:08:43	93
48.83059	2.44982	1	2009-08-29:13:08:43	93
48.83296	2.44656	1	2009-08-29:13:08:43	93
48.83207	2.44471	1	2009-08-29:13:08:43	93
48.82888	2.44396	1	2009-08-29:13:08:43	93
48.82562	2.44325	1	2009-08-29:13:08:43	93
48.8231	2.442	1	2009-08-29:13:08:43	93
48.82624	2.44094	1	2009-08-29:13:08:43	93
48.82945	2.43973	1	2009-08-29:13:08:43	93
48.83256	2.43869	1	2009-08-29:13:08:43	93
48.83476	2.43843	1	2009-08-29:13:08:43	93
48.83408	2.44304	1	2009-08-29:13:08:43	93
48.83188	2.44468	1	2009-08-29:13:08:43	93
48.82873	2.44395	1	2009-08-29:13:08:43	93
48.82561	2.44327	1	2009-08-29:13:08:43	93
48.82302	2.44201	1	2009-08-29:13:08:43	93
48.82609	2.44098	1	2009-08-29:13:08:43	93
48.82907	2.43993	1	2009-08-29:13:08:43	93
48.83219	2.43879	1	2009-08-29:13:08:43	93
48.83464	2.43873	1	2009-08-29:13:08:43	93
48.834	2.4434	1	2009-08-29:13:08:43	93
48.83167	2.44461	1	2009-08-29:13:08:43	93
48.8285	2.44388	1	2009-08-29:13:08:43	93
48.82536	2.44318	1	2009-08-29:13:08:43	93
48.82336	2.44192	1	2009-08-29:13:08:43	93
48.82658	2.44081	1	2009-08-29:13:08:43	93
48.82974	2.43971	1	2009-08-29:13:08:43	93
48.8329	2.43856	1	2009-08-29:13:08:43	93
48.83447	2.43989	1	2009-08-29:13:08:43	93
48.83392	2.44453	1	2009-08-29:13:08:43	93
48.83084	2.44445	1	2009-08-29:13:08:43	93
48.82767	2.44373	1	2009-08-29:13:08:43	93
48.82454	2.44299	1	2009-08-29:13:08:43	93
48.82423	2.44166	1	2009-08-29:13:08:43	93
48.82729	2.44055	1	2009-08-29:13:08:43	93
48.83046	2.43946	1	2009-08-29:13:08:43	93
48.83358	2.43834	1	2009-08-29:13:08:43	93
48.83435	2.44084	1	2009-08-29:13:08:43	93
48.83331	2.44496	1	2009-08-29:13:08:43	93
48.83015	2.44425	1	2009-08-29:13:08:43	93
48.82701	2.44355	1	2009-08-29:13:08:43	93
48.82579	2.4433	1	2009-08-29:13:08:43	93
48.82286	2.4423	1	2009-08-29:13:08:43	93
48.82585	2.44105	1	2009-08-29:13:08:43	93
48.82889	2.43999	1	2009-08-29:13:08:43	93
48.83187	2.43889	1	2009-08-29:13:08:43	93
48.8348	2.43817	1	2009-08-29:13:08:43	93
48.83418	2.44281	1	2009-08-29:13:08:43	93
48.83216	2.44473	1	2009-08-29:13:08:43	93
48.82903	2.44402	1	2009-08-29:13:08:43	93
48.82597	2.44333	1	2009-08-29:13:08:43	93
48.82292	2.44244	1	2009-08-29:13:08:43	93
48.82578	2.44111	1	2009-08-29:13:08:43	93
48.8288	2.44003	1	2009-08-29:13:08:43	93
48.8318	2.43897	1	2009-08-29:13:08:43	93
48.83473	2.43818	1	2009-08-29:13:08:43	93
48.83415	2.44283	1	2009-08-29:13:08:43	93
48.83205	2.4447	1	2009-08-29:13:08:43	93
48.82895	2.44399	1	2009-08-29:13:08:43	93
48.82585	2.44328	1	2009-08-29:13:08:43	93
48.82296	2.44218	1	2009-08-29:13:08:43	93
48.82596	2.44106	1	2009-08-29:13:08:43	93
48.82901	2.43997	1	2009-08-29:13:08:43	93
48.832	2.4389	1	2009-08-29:13:08:43	93
48.83473	2.43845	1	2009-08-29:13:08:43	93
48.83413	2.4431	1	2009-08-29:13:08:43	93
48.8319	2.44463	1	2009-08-29:13:08:43	93
48.82881	2.44398	1	2009-08-29:13:08:43	93
48.82573	2.44328	1	2009-08-29:13:08:43	93
48.82298	2.44213	1	2009-08-29:13:08:43	93
48.82599	2.44106	1	2009-08-29:13:08:43	93
48.82908	2.43999	1	2009-08-29:13:08:43	93
48.83215	2.43885	1	2009-08-29:13:08:43	93
48.83467	2.43871	1	2009-08-29:13:08:43	93
48.8341	2.44333	1	2009-08-29:13:08:43	93
48.83167	2.44461	1	2009-08-29:13:08:43	93
48.82855	2.44392	1	2009-08-29:13:08:43	93
48.82544	2.4432	1	2009-08-29:13:08:43	93
48.82332	2.44203	1	2009-08-29:13:08:43	93
48.8264	2.44093	1	2009-08-29:13:08:43	93
48.82943	2.43984	1	2009-08-29:13:08:43	93
48.83238	2.43876	1	2009-08-29:13:08:43	93
48.83464	2.43904	1	2009-08-29:13:08:43	93
48.83407	2.44375	1	2009-08-29:13:08:43	93
48.83135	2.44456	1	2009-08-29:13:08:43	93
48.82821	2.44382	1	2009-08-29:13:08:43	93
48.82506	2.44315	1	2009-08-29:13:08:43	93
48.82357	2.44191	1	2009-08-29:13:08:43	93
48.82668	2.4408	1	2009-08-29:13:08:43	93
48.82968	2.43972	1	2009-08-29:13:08:43	93
48.83277	2.43862	1	2009-08-29:13:08:43	93
48.83456	2.43971	1	2009-08-29:13:08:43	93
48.83398	2.44436	1	2009-08-29:13:08:43	93
48.83459	2.449	1	2009-08-29:13:08:43	93
48.83606	2.45303	1	2009-08-29:13:08:43	93
48.83903	2.45103	1	2009-08-29:13:08:43	93
48.84199	2.4492	1	2009-08-29:13:08:43	93
48.84402	2.44567	1	2009-08-29:13:08:43	93
48.84442	2.44089	1	2009-08-29:13:08:43	93
48.84469	2.43636	1	2009-08-29:13:08:43	93
48.84509	2.43174	1	2009-08-29:13:08:43	93
48.84562	2.42707	1	2009-08-29:13:08:43	93
48.84611	2.42249	1	2009-08-29:13:08:43	93
48.84657	2.4178	1	2009-08-29:13:08:43	93
48.84722	2.41088	1	2009-08-29:13:08:43	93
48.8476	2.40613	1	2009-08-29:13:08:43	93
48.84799	2.4015	1	2009-08-29:13:08:43	93
48.84856	2.39685	1	2009-08-29:13:08:43	93
48.84898	2.39243	1	2009-08-29:13:08:43	93
48.8496	2.38781	1	2009-08-29:13:08:43	93
48.85026	2.38325	1	2009-08-29:13:08:43	93
48.85074	2.3785	1	2009-08-29:13:08:43	93
48.8518	2.37395	1	2009-08-29:13:08:43	93
48.85333	2.36988	1	2009-08-29:13:08:43	93
48.85386	2.36529	1	2009-08-29:13:08:43	93
48.85516	2.36093	1	2009-08-29:13:08:43	93
48.85606	2.35715	1	2009-08-29:13:08:43	93
48.85606	2.35713	1	2009-08-29:13:08:43	93
48.85606	2.35711	1	2009-08-29:13:08:43	93
48.85606	2.35709	1	2009-08-29:13:08:43	93
48.85605	2.35707	1	2009-08-29:13:08:43	93
48.85607	2.35706	1	2009-08-29:13:08:43	93
48.8561	2.35707	1	2009-08-29:13:08:43	93
48.85613	2.35707	1	2009-08-29:13:08:43	93
48.85615	2.35707	1	2009-08-29:13:08:43	93
48.85617	2.35707	1	2009-08-29:13:08:43	93
48.85619	2.35707	1	2009-08-29:13:08:43	93
48.85621	2.35709	1	2009-08-29:13:08:43	93
48.85622	2.35711	1	2009-08-29:13:08:43	93
48.85625	2.35714	1	2009-08-29:13:08:43	93
48.85627	2.35716	1	2009-08-29:13:08:43	93
48.85629	2.35718	1	2009-08-29:13:08:43	93
48.85631	2.35718	1	2009-08-29:13:08:43	93
48.85634	2.35723	1	2009-08-29:13:08:43	93
48.85648	2.35749	1	2009-08-29:13:08:43	93
48.85658	2.35739	1	2009-08-29:13:08:43	93
48.85661	2.35737	1	2009-08-29:13:08:43	93
48.85666	2.35736	1	2009-08-29:13:08:43	93
48.85666	2.35736	1	2009-08-29:13:08:43	93
48.90228	2.34405	1	2009-08-30:04:29:06	94
48.90489	2.34424	1	2009-08-30:04:29:06	94
48.90686	2.34421	1	2009-08-30:04:29:06	94
48.90919	2.34425	1	2009-08-30:04:29:06	94
48.91127	2.34429	1	2009-08-30:04:29:06	94
48.91338	2.34435	1	2009-08-30:04:29:06	94
48.91531	2.34434	1	2009-08-30:04:29:06	94
48.91752	2.34439	1	2009-08-30:04:29:06	94
48.91936	2.34439	1	2009-08-30:04:29:06	94
48.92077	2.34432	1	2009-08-30:04:29:06	94
48.92093	2.34422	1	2009-08-30:04:29:06	94
48.92292	2.34312	1	2009-08-30:04:29:06	94
48.92533	2.34222	1	2009-08-30:04:29:06	94
48.92734	2.34164	1	2009-08-30:04:29:06	94
48.92926	2.34103	1	2009-08-30:04:29:06	94
48.93168	2.34192	1	2009-08-30:04:29:06	94
48.93355	2.34228	1	2009-08-30:04:29:06	94
48.93473	2.34257	1	2009-08-30:04:29:06	94
48.93642	2.34274	1	2009-08-30:04:29:06	94
48.93802	2.34216	1	2009-08-30:04:29:06	94
48.93982	2.34148	1	2009-08-30:04:29:06	94
48.94151	2.34168	1	2009-08-30:04:29:06	94
48.94279	2.34027	1	2009-08-30:04:29:06	94
48.94397	2.33841	1	2009-08-30:04:29:06	94
48.94522	2.33641	1	2009-08-30:04:29:06	94
48.94629	2.33465	1	2009-08-30:04:29:06	94
48.9475	2.33273	1	2009-08-30:04:29:06	94
48.94873	2.33065	1	2009-08-30:04:29:06	94
48.94995	2.32885	1	2009-08-30:04:29:06	94
48.95054	2.32636	1	2009-08-30:04:29:06	94
48.95101	2.32378	1	2009-08-30:04:29:06	94
48.95156	2.3213	1	2009-08-30:04:29:06	94
48.95197	2.31937	1	2009-08-30:04:29:06	94
48.95234	2.31752	1	2009-08-30:04:29:06	94
48.95324	2.31554	1	2009-08-30:04:29:06	94
48.95427	2.31362	1	2009-08-30:04:29:06	94
48.9555	2.312	1	2009-08-30:04:29:06	94
48.95689	2.31061	1	2009-08-30:04:29:06	94
48.95819	2.30918	1	2009-08-30:04:29:06	94
48.95894	2.30706	1	2009-08-30:04:29:06	94
48.95969	2.30466	1	2009-08-30:04:29:06	94
48.95958	2.30219	1	2009-08-30:04:29:06	94
48.95949	2.29976	1	2009-08-30:04:29:06	94
48.96048	2.2978	1	2009-08-30:04:29:06	94
48.96147	2.29578	1	2009-08-30:04:29:06	94
48.96232	2.29361	1	2009-08-30:04:29:06	94
48.96315	2.29148	1	2009-08-30:04:29:06	94
48.964	2.28936	1	2009-08-30:04:29:06	94
48.96468	2.28715	1	2009-08-30:04:29:06	94
48.9651	2.28481	1	2009-08-30:04:29:06	94
48.96558	2.28249	1	2009-08-30:04:29:06	94
48.96602	2.28009	1	2009-08-30:04:29:06	94
48.96645	2.27772	1	2009-08-30:04:29:06	94
48.96691	2.27527	1	2009-08-30:04:29:06	94
48.96734	2.27309	1	2009-08-30:04:29:06	94
48.96781	2.27071	1	2009-08-30:04:29:06	94
48.96824	2.26835	1	2009-08-30:04:29:06	94
48.96875	2.26598	1	2009-08-30:04:29:06	94
48.96981	2.26439	1	2009-08-30:04:29:06	94
48.96964	2.26352	1	2009-08-30:04:29:06	94
48.97047	2.26127	1	2009-08-30:04:29:06	94
48.97126	2.25898	1	2009-08-30:04:29:06	94
48.97202	2.25678	1	2009-08-30:04:29:06	94
48.97286	2.25463	1	2009-08-30:04:29:06	94
48.97358	2.25307	1	2009-08-30:04:29:06	94
48.97442	2.25095	1	2009-08-30:04:29:06	94
48.9752	2.24887	1	2009-08-30:04:29:06	94
48.97598	2.24667	1	2009-08-30:04:29:06	94
48.97675	2.24446	1	2009-08-30:04:29:06	94
48.9776	2.24234	1	2009-08-30:04:29:06	94
48.97833	2.24021	1	2009-08-30:04:29:06	94
48.97913	2.23822	1	2009-08-30:04:29:06	94
48.97987	2.23621	1	2009-08-30:04:29:06	94
48.98075	2.23429	1	2009-08-30:04:29:06	94
48.98187	2.23248	1	2009-08-30:04:29:06	94
48.98301	2.23068	1	2009-08-30:04:29:06	94
48.98368	2.22865	1	2009-08-30:04:29:06	94
48.98444	2.2264	1	2009-08-30:04:29:06	94
48.98539	2.22441	1	2009-08-30:04:29:06	94
48.98626	2.22232	1	2009-08-30:04:29:06	94
48.98673	2.21999	1	2009-08-30:04:29:06	94
48.98694	2.21752	1	2009-08-30:04:29:06	94
48.98719	2.2151	1	2009-08-30:04:29:06	94
48.98749	2.21271	1	2009-08-30:04:29:06	94
48.98764	2.2104	1	2009-08-30:04:29:06	94
48.98838	2.20832	1	2009-08-30:04:29:06	94
48.98919	2.20613	1	2009-08-30:04:29:06	94
48.98999	2.20407	1	2009-08-30:04:29:06	94
48.99092	2.20208	1	2009-08-30:04:29:06	94
48.99184	2.20017	1	2009-08-30:04:29:06	94
48.99277	2.19824	1	2009-08-30:04:29:06	94
48.99362	2.19625	1	2009-08-30:04:29:06	94
48.99457	2.19418	1	2009-08-30:04:29:06	94
48.99548	2.19219	1	2009-08-30:04:29:06	94
48.9965	2.19025	1	2009-08-30:04:29:06	94
48.99753	2.1883	1	2009-08-30:04:29:06	94
48.99847	2.18641	1	2009-08-30:04:29:06	94
48.99955	2.18453	1	2009-08-30:04:29:06	94
49.00058	2.18264	1	2009-08-30:04:29:06	94
49.00155	2.18077	1	2009-08-30:04:29:06	94
49.00255	2.17886	1	2009-08-30:04:29:06	94
49.00353	2.17702	1	2009-08-30:04:29:06	94
49.00453	2.1751	1	2009-08-30:04:29:06	94
49.00553	2.17314	1	2009-08-30:04:29:06	94
49.00654	2.17121	1	2009-08-30:04:29:06	94
49.00755	2.16934	1	2009-08-30:04:29:06	94
49.00866	2.16764	1	2009-08-30:04:29:06	94
49.00958	2.16573	1	2009-08-30:04:29:06	94
49.01068	2.16393	1	2009-08-30:04:29:06	94
49.01162	2.16221	1	2009-08-30:04:29:06	94
49.0127	2.16037	1	2009-08-30:04:29:06	94
49.01378	2.15853	1	2009-08-30:04:29:06	94
49.01483	2.15671	1	2009-08-30:04:29:06	94
49.01591	2.15483	1	2009-08-30:04:29:06	94
49.017	2.15297	1	2009-08-30:04:29:06	94
49.01803	2.15116	1	2009-08-30:04:29:06	94
49.01909	2.14934	1	2009-08-30:04:29:06	94
49.02017	2.14748	1	2009-08-30:04:29:06	94
49.02116	2.14577	1	2009-08-30:04:29:06	94
49.02224	2.14389	1	2009-08-30:04:29:06	94
49.02327	2.1421	1	2009-08-30:04:29:06	94
49.02432	2.14027	1	2009-08-30:04:29:06	94
49.02538	2.13846	1	2009-08-30:04:29:06	94
49.02644	2.13655	1	2009-08-30:04:29:06	94
49.02751	2.13479	1	2009-08-30:04:29:06	94
49.02867	2.13307	1	2009-08-30:04:29:06	94
49.02988	2.13148	1	2009-08-30:04:29:06	94
49.03105	2.1299	1	2009-08-30:04:29:06	94
49.03222	2.12832	1	2009-08-30:04:29:06	94
49.03333	2.12655	1	2009-08-30:04:29:06	94
49.03441	2.12476	1	2009-08-30:04:29:06	94
49.0355	2.12303	1	2009-08-30:04:29:06	94
49.03649	2.12132	1	2009-08-30:04:29:06	94
49.03747	2.11963	1	2009-08-30:04:29:06	94
49.03857	2.11784	1	2009-08-30:04:29:06	94
49.03958	2.11603	1	2009-08-30:04:29:06	94
49.04067	2.1142	1	2009-08-30:04:29:06	94
49.0417	2.11245	1	2009-08-30:04:29:06	94
49.04251	2.11048	1	2009-08-30:04:29:06	94
49.04325	2.10838	1	2009-08-30:04:29:06	94
49.04464	2.1079	1	2009-08-30:04:29:06	94
49.0458	2.10643	1	2009-08-30:04:29:06	94
49.04585	2.10637	1	2009-08-30:04:29:06	94
49.04589	2.10633	1	2009-08-30:04:29:06	94
49.04594	2.10627	1	2009-08-30:04:29:06	94
49.04599	2.10623	1	2009-08-30:04:29:06	94
49.04603	2.10619	1	2009-08-30:04:29:06	94
49.04607	2.10615	1	2009-08-30:04:29:06	94
49.04612	2.10611	1	2009-08-30:04:29:06	94
49.04617	2.10607	1	2009-08-30:04:29:06	94
49.04622	2.10604	1	2009-08-30:04:29:06	94
49.04625	2.106	1	2009-08-30:04:29:06	94
49.04629	2.10596	1	2009-08-30:04:29:06	94
49.04633	2.10589	1	2009-08-30:04:29:06	94
49.04637	2.10584	1	2009-08-30:04:29:06	94
49.0464	2.10583	1	2009-08-30:04:29:06	94
49.04644	2.10582	1	2009-08-30:04:29:06	94
49.04646	2.10581	1	2009-08-30:04:29:06	94
49.04648	2.10582	1	2009-08-30:04:29:06	94
49.04649	2.1058	1	2009-08-30:04:29:06	94
49.04651	2.10578	1	2009-08-30:04:29:06	94
49.04653	2.10574	1	2009-08-30:04:29:06	94
49.04655	2.10571	1	2009-08-30:04:29:06	94
49.04655	2.10571	1	2009-08-30:04:29:06	94
49.17159	1.75658	1	2009-08-30:07:22:48	95
49.17477	1.75349	1	2009-08-30:07:22:48	95
49.17756	1.748	1	2009-08-30:07:22:48	95
49.17987	1.74248	1	2009-08-30:07:22:48	95
49.18191	1.73763	1	2009-08-30:07:22:48	95
49.184	1.73259	1	2009-08-30:07:22:48	95
49.18597	1.72786	1	2009-08-30:07:22:48	95
49.18798	1.72311	1	2009-08-30:07:22:48	95
49.19007	1.71812	1	2009-08-30:07:22:48	95
49.19104	1.71576	1	2009-08-30:07:22:48	95
49.19292	1.71123	1	2009-08-30:07:22:48	95
49.19481	1.70677	1	2009-08-30:07:22:48	95
49.19662	1.70238	1	2009-08-30:07:22:48	95
49.19845	1.69823	1	2009-08-30:07:22:48	95
49.20059	1.69414	1	2009-08-30:07:22:48	95
49.20415	1.69469	1	2009-08-30:07:22:48	95
49.20754	1.69554	1	2009-08-30:07:22:48	95
49.20959	1.70004	1	2009-08-30:07:22:48	95
49.20893	1.69832	1	2009-08-30:07:22:48	95
49.20756	1.69374	1	2009-08-30:07:22:48	95
49.20777	1.68874	1	2009-08-30:07:22:48	95
49.21038	1.68675	1	2009-08-30:07:22:48	95
49.20974	1.6842	1	2009-08-30:07:22:48	95
49.20753	1.68056	1	2009-08-30:07:22:48	95
49.20495	1.67801	1	2009-08-30:07:22:48	95
49.20431	1.67419	1	2009-08-30:07:22:48	95
49.20669	1.67071	1	2009-08-30:07:22:48	95
49.20812	1.66725	1	2009-08-30:07:22:48	95
49.20981	1.66312	1	2009-08-30:07:22:48	95
49.21275	1.66085	1	2009-08-30:07:22:48	95
49.21589	1.65952	1	2009-08-30:07:22:48	95
49.21693	1.65463	1	2009-08-30:07:22:48	95
49.21871	1.6502	1	2009-08-30:07:22:48	95
49.22057	1.64594	1	2009-08-30:07:22:48	95
49.22268	1.64092	1	2009-08-30:07:22:48	95
49.2244	1.63674	1	2009-08-30:07:22:48	95
49.22609	1.63271	1	2009-08-30:07:22:48	95
49.22782	1.62862	1	2009-08-30:07:22:48	95
49.22954	1.62453	1	2009-08-30:07:22:48	95
49.23132	1.62031	1	2009-08-30:07:22:48	95
49.23309	1.61613	1	2009-08-30:07:22:48	95
49.2349	1.61182	1	2009-08-30:07:22:48	95
49.23666	1.60762	1	2009-08-30:07:22:48	95
49.2384	1.60349	1	2009-08-30:07:22:48	95
49.24014	1.59938	1	2009-08-30:07:22:48	95
49.24194	1.59508	1	2009-08-30:07:22:48	95
49.24365	1.59101	1	2009-08-30:07:22:48	95
49.24542	1.5868	1	2009-08-30:07:22:48	95
49.24716	1.58263	1	2009-08-30:07:22:48	95
49.24894	1.57837	1	2009-08-30:07:22:48	95
49.25072	1.57422	1	2009-08-30:07:22:48	95
49.25244	1.5701	1	2009-08-30:07:22:48	95
49.25418	1.566	1	2009-08-30:07:22:48	95
49.25589	1.56191	1	2009-08-30:07:22:48	95
49.25764	1.55775	1	2009-08-30:07:22:48	95
49.25935	1.55363	1	2009-08-30:07:22:48	95
49.26113	1.54941	1	2009-08-30:07:22:48	95
49.26285	1.54532	1	2009-08-30:07:22:48	95
49.26457	1.54122	1	2009-08-30:07:22:48	95
49.26633	1.53699	1	2009-08-30:07:22:48	95
49.26807	1.53282	1	2009-08-30:07:22:48	95
49.26975	1.52881	1	2009-08-30:07:22:48	95
49.27148	1.52471	1	2009-08-30:07:22:48	95
49.27325	1.52051	1	2009-08-30:07:22:48	95
49.27494	1.51648	1	2009-08-30:07:22:48	95
49.27663	1.51239	1	2009-08-30:07:22:48	95
49.27836	1.50825	1	2009-08-30:07:22:48	95
49.28005	1.5042	1	2009-08-30:07:22:48	95
49.28177	1.50008	1	2009-08-30:07:22:48	95
49.28345	1.49603	1	2009-08-30:07:22:48	95
49.28518	1.49192	1	2009-08-30:07:22:48	95
49.28687	1.48789	1	2009-08-30:07:22:48	95
49.28858	1.48368	1	2009-08-30:07:22:48	95
49.29026	1.47977	1	2009-08-30:07:22:48	95
49.29189	1.47574	1	2009-08-30:07:22:48	95
49.29355	1.47179	1	2009-08-30:07:22:48	95
49.29524	1.46772	1	2009-08-30:07:22:48	95
49.29692	1.46368	1	2009-08-30:07:22:48	95
49.29856	1.4597	1	2009-08-30:07:22:48	95
49.30026	1.45552	1	2009-08-30:07:22:48	95
49.30205	1.45124	1	2009-08-30:07:22:48	95
49.30373	1.44721	1	2009-08-30:07:22:48	95
49.30542	1.44318	1	2009-08-30:07:22:48	95
49.3071	1.43911	1	2009-08-30:07:22:48	95
49.30873	1.435	1	2009-08-30:07:22:48	95
49.31027	1.43133	1	2009-08-30:07:22:48	95
49.31202	1.42731	1	2009-08-30:07:22:48	95
49.31386	1.42344	1	2009-08-30:07:22:48	95
49.31586	1.41986	1	2009-08-30:07:22:48	95
49.31795	1.41616	1	2009-08-30:07:22:48	95
49.31992	1.4126	1	2009-08-30:07:22:48	95
49.32194	1.40896	1	2009-08-30:07:22:48	95
49.324	1.40525	1	2009-08-30:07:22:48	95
49.32601	1.40164	1	2009-08-30:07:22:48	95
49.32804	1.398	1	2009-08-30:07:22:48	95
49.33007	1.39427	1	2009-08-30:07:22:48	95
49.33205	1.39052	1	2009-08-30:07:22:48	95
49.33403	1.3868	1	2009-08-30:07:22:48	95
49.336	1.38313	1	2009-08-30:07:22:48	95
49.33804	1.37926	1	2009-08-30:07:22:48	95
49.33996	1.37565	1	2009-08-30:07:22:48	95
49.34191	1.37201	1	2009-08-30:07:22:48	95
49.34392	1.36836	1	2009-08-30:07:22:48	95
49.34602	1.36483	1	2009-08-30:07:22:48	95
49.34902	1.36358	1	2009-08-30:07:22:48	95
49.35214	1.3625	1	2009-08-30:07:22:48	95
49.355	1.36288	1	2009-08-30:07:22:48	95
49.35535	1.36242	1	2009-08-30:07:22:48	95
49.35435	1.35799	1	2009-08-30:07:22:48	95
49.35561	1.35896	1	2009-08-30:07:22:48	95
49.35762	1.36075	1	2009-08-30:07:22:48	95
49.35975	1.35781	1	2009-08-30:07:22:48	95
49.36246	1.35529	1	2009-08-30:07:22:48	95
49.36442	1.35142	1	2009-08-30:07:22:48	95
49.36624	1.3477	1	2009-08-30:07:22:48	95
49.36828	1.34353	1	2009-08-30:07:22:48	95
49.37044	1.33909	1	2009-08-30:07:22:48	95
49.37234	1.33514	1	2009-08-30:07:22:48	95
49.37436	1.33128	1	2009-08-30:07:22:48	95
49.37645	1.32772	1	2009-08-30:07:22:48	95
49.37857	1.32407	1	2009-08-30:07:22:48	95
49.38071	1.3204	1	2009-08-30:07:22:48	95
49.38282	1.31681	1	2009-08-30:07:22:48	95
49.38483	1.31316	1	2009-08-30:07:22:48	95
49.38611	1.30869	1	2009-08-30:07:22:48	95
49.38738	1.30424	1	2009-08-30:07:22:48	95
49.38799	1.29697	1	2009-08-30:07:22:48	95
49.38834	1.29207	1	2009-08-30:07:22:48	95
49.3884	1.28725	1	2009-08-30:07:22:48	95
49.38788	1.28256	1	2009-08-30:07:22:48	95
49.38736	1.27781	1	2009-08-30:07:22:48	95
49.38686	1.27297	1	2009-08-30:07:22:48	95
49.38626	1.2681	1	2009-08-30:07:22:48	95
49.38574	1.26333	1	2009-08-30:07:22:48	95
49.38519	1.25832	1	2009-08-30:07:22:48	95
49.38519	1.25343	1	2009-08-30:07:22:48	95
49.38554	1.24843	1	2009-08-30:07:22:48	95
49.38589	1.24354	1	2009-08-30:07:22:48	95
49.38621	1.23869	1	2009-08-30:07:22:48	95
49.38654	1.23392	1	2009-08-30:07:22:48	95
49.38688	1.22903	1	2009-08-30:07:22:48	95
49.3872	1.22415	1	2009-08-30:07:22:48	95
49.38754	1.21944	1	2009-08-30:07:22:48	95
49.38789	1.2147	1	2009-08-30:07:22:48	95
49.38823	1.20993	1	2009-08-30:07:22:48	95
49.38852	1.20528	1	2009-08-30:07:22:48	95
49.38923	1.20062	1	2009-08-30:07:22:48	95
49.39086	1.19639	1	2009-08-30:07:22:48	95
49.3925	1.19205	1	2009-08-30:07:22:48	95
49.39407	1.18788	1	2009-08-30:07:22:48	95
49.39563	1.18378	1	2009-08-30:07:22:48	95
49.3972	1.17963	1	2009-08-30:07:22:48	95
49.39868	1.17535	1	2009-08-30:07:22:48	95
49.39996	1.17109	1	2009-08-30:07:22:48	95
49.40112	1.16635	1	2009-08-30:07:22:48	95
49.40217	1.16182	1	2009-08-30:07:22:48	95
49.40316	1.15753	1	2009-08-30:07:22:48	95
49.40473	1.15355	1	2009-08-30:07:22:48	95
49.40661	1.14962	1	2009-08-30:07:22:48	95
49.40844	1.14578	1	2009-08-30:07:22:48	95
49.41035	1.14193	1	2009-08-30:07:22:48	95
49.41267	1.13854	1	2009-08-30:07:22:48	95
49.41506	1.13534	1	2009-08-30:07:22:48	95
49.41745	1.1321	1	2009-08-30:07:22:48	95
49.41984	1.12884	1	2009-08-30:07:22:48	95
49.42239	1.12597	1	2009-08-30:07:22:48	95
49.42451	1.12246	1	2009-08-30:07:22:48	95
49.42606	1.11863	1	2009-08-30:07:22:48	95
49.42642	1.11951	1	2009-08-30:07:22:48	95
49.4283	1.11654	1	2009-08-30:07:22:48	95
49.42971	1.11248	1	2009-08-30:07:22:48	95
49.43199	1.10935	1	2009-08-30:07:22:48	95
49.43447	1.10658	1	2009-08-30:07:22:48	95
49.43582	1.10262	1	2009-08-30:07:22:48	95
49.43691	1.09819	1	2009-08-30:07:22:48	95
49.43907	1.09702	1	2009-08-30:07:22:48	95
49.43991	1.09511	1	2009-08-30:07:22:48	95
49.43978	1.09388	1	2009-08-30:07:22:48	95
49.44165	1.0911	1	2009-08-30:07:22:48	95
49.44312	1.08703	1	2009-08-30:07:22:48	95
49.4431	1.08693	1	2009-08-30:07:22:48	95
49.44311	1.0869	1	2009-08-30:07:22:48	95
49.44311	1.08688	1	2009-08-30:07:22:48	95
49.44311	1.08686	1	2009-08-30:07:22:48	95
49.44311	1.08683	1	2009-08-30:07:22:48	95
49.4431	1.08681	1	2009-08-30:07:22:48	95
49.44306	1.08676	1	2009-08-30:07:22:48	95
49.44302	1.08674	1	2009-08-30:07:22:48	95
49.44301	1.08676	1	2009-08-30:07:22:48	95
49.44303	1.08674	1	2009-08-30:07:22:48	95
49.443	1.08672	1	2009-08-30:07:22:48	95
49.44299	1.08658	1	2009-08-30:07:22:48	95
49.44299	1.08655	1	2009-08-30:07:22:48	95
49.44299	1.08651	1	2009-08-30:07:22:48	95
49.44299	1.08647	1	2009-08-30:07:22:48	95
49.44299	1.08645	1	2009-08-30:07:22:48	95
49.44305	1.08639	1	2009-08-30:07:22:48	95
49.44308	1.08638	1	2009-08-30:07:22:48	95
49.44311	1.08636	1	2009-08-30:07:22:48	95
49.44314	1.08637	1	2009-08-30:07:22:48	95
49.44316	1.08636	1	2009-08-30:07:22:48	95
49.4432	1.08638	1	2009-08-30:07:22:48	95
49.44323	1.0864	1	2009-08-30:07:22:48	95
49.44358	1.08851	1	2009-08-30:11:55:25	96
49.44082	1.08983	1	2009-08-30:11:55:25	96
49.4384	1.09062	1	2009-08-30:11:55:25	96
49.43705	1.09644	1	2009-08-30:11:55:25	96
49.43583	1.10163	1	2009-08-30:11:55:25	96
49.43422	1.10648	1	2009-08-30:11:55:25	96
49.43133	1.11	1	2009-08-30:11:55:25	96
49.4287	1.11397	1	2009-08-30:11:55:25	96
49.42689	1.11597	1	2009-08-30:11:55:25	96
49.42431	1.11637	1	2009-08-30:11:55:25	96
49.42168	1.11965	1	2009-08-30:11:55:25	96
49.41939	1.12136	1	2009-08-30:11:55:25	96
49.41662	1.12248	1	2009-08-30:11:55:25	96
49.41694	1.12749	1	2009-08-30:11:55:25	96
49.41678	1.13259	1	2009-08-30:11:55:25	96
49.4142	1.13626	1	2009-08-30:11:55:25	96
49.41195	1.13925	1	2009-08-30:11:55:25	96
49.4098	1.14263	1	2009-08-30:11:55:25	96
49.40787	1.14664	1	2009-08-30:11:55:25	96
49.40594	1.15069	1	2009-08-30:11:55:25	96
49.40399	1.15475	1	2009-08-30:11:55:25	96
49.40263	1.1592	1	2009-08-30:11:55:25	96
49.40154	1.1639	1	2009-08-30:11:55:25	96
49.40038	1.16862	1	2009-08-30:11:55:25	96
49.39924	1.17324	1	2009-08-30:11:55:25	96
49.39774	1.17765	1	2009-08-30:11:55:25	96
49.39614	1.18196	1	2009-08-30:11:55:25	96
49.3945	1.18629	1	2009-08-30:11:55:25	96
49.39287	1.19068	1	2009-08-30:11:55:25	96
49.39122	1.19507	1	2009-08-30:11:55:25	96
49.38952	1.19932	1	2009-08-30:11:55:25	96
49.38782	1.20352	1	2009-08-30:11:55:25	96
49.38615	1.2069	1	2009-08-30:11:55:25	96
49.38419	1.21082	1	2009-08-30:11:55:25	96
49.38229	1.21469	1	2009-08-30:11:55:25	96
49.38036	1.21858	1	2009-08-30:11:55:25	96
49.3784	1.22249	1	2009-08-30:11:55:25	96
49.37642	1.2263	1	2009-08-30:11:55:25	96
49.37447	1.23028	1	2009-08-30:11:55:25	96
49.37255	1.2341	1	2009-08-30:11:55:25	96
49.37058	1.23806	1	2009-08-30:11:55:25	96
49.36861	1.24194	1	2009-08-30:11:55:25	96
49.36664	1.24581	1	2009-08-30:11:55:25	96
49.36458	1.24954	1	2009-08-30:11:55:25	96
49.36175	1.25164	1	2009-08-30:11:55:25	96
49.35913	1.25444	1	2009-08-30:11:55:25	96
49.35666	1.25754	1	2009-08-30:11:55:25	96
49.35414	1.26061	1	2009-08-30:11:55:25	96
49.352	1.2637	1	2009-08-30:11:55:25	96
49.34879	1.2632	1	2009-08-30:11:55:25	96
49.34579	1.26132	1	2009-08-30:11:55:25	96
49.3426	1.26057	1	2009-08-30:11:55:25	96
49.34034	1.25775	1	2009-08-30:11:55:25	96
49.33996	1.25331	1	2009-08-30:11:55:25	96
49.33852	1.25462	1	2009-08-30:11:55:25	96
49.33765	1.25796	1	2009-08-30:11:55:25	96
49.33966	1.26153	1	2009-08-30:11:55:25	96
49.33757	1.26213	1	2009-08-30:11:55:25	96
49.33644	1.26657	1	2009-08-30:11:55:25	96
49.3351	1.27094	1	2009-08-30:11:55:25	96
49.33358	1.27517	1	2009-08-30:11:55:25	96
49.33201	1.27935	1	2009-08-30:11:55:25	96
49.3317	1.28292	1	2009-08-30:11:55:25	96
49.3324	1.28878	1	2009-08-30:11:55:25	96
49.33323	1.29367	1	2009-08-30:11:55:25	96
49.33188	1.29768	1	2009-08-30:11:55:25	96
49.32893	1.29445	1	2009-08-30:11:55:25	96
49.32618	1.29126	1	2009-08-30:11:55:25	96
49.32313	1.29328	1	2009-08-30:11:55:25	96
49.32054	1.29628	1	2009-08-30:11:55:25	96
49.3182	1.29967	1	2009-08-30:11:55:25	96
49.31606	1.3033	1	2009-08-30:11:55:25	96
49.31425	1.30718	1	2009-08-30:11:55:25	96
49.31219	1.31043	1	2009-08-30:11:55:25	96
49.30944	1.3131	1	2009-08-30:11:55:25	96
49.30695	1.31592	1	2009-08-30:11:55:25	96
49.30447	1.31875	1	2009-08-30:11:55:25	96
49.30337	1.32296	1	2009-08-30:11:55:25	96
49.30148	1.32637	1	2009-08-30:11:55:25	96
49.29879	1.32894	1	2009-08-30:11:55:25	96
49.29636	1.33194	1	2009-08-30:11:55:25	96
49.29415	1.33512	1	2009-08-30:11:55:25	96
49.29138	1.33723	1	2009-08-30:11:55:25	96
49.28855	1.33897	1	2009-08-30:11:55:25	96
49.28616	1.34185	1	2009-08-30:11:55:25	96
49.28458	1.34582	1	2009-08-30:11:55:25	96
49.28338	1.34801	1	2009-08-30:11:55:25	96
49.28166	1.35175	1	2009-08-30:11:55:25	96
49.28348	1.35579	1	2009-08-30:11:55:25	96
49.28246	1.35961	1	2009-08-30:11:55:25	96
49.27959	1.35765	1	2009-08-30:11:55:25	96
49.2764	1.35817	1	2009-08-30:11:55:25	96
49.27313	1.35872	1	2009-08-30:11:55:25	96
49.27005	1.35927	1	2009-08-30:11:55:25	96
49.26679	1.35988	1	2009-08-30:11:55:25	96
49.26367	1.36044	1	2009-08-30:11:55:25	96
49.26048	1.36101	1	2009-08-30:11:55:25	96
49.25847	1.36304	1	2009-08-30:11:55:25	96
49.25857	1.36758	1	2009-08-30:11:55:25	96
49.25732	1.37199	1	2009-08-30:11:55:25	96
49.25699	1.37661	1	2009-08-30:11:55:25	96
49.25478	1.37636	1	2009-08-30:11:55:25	96
49.25644	1.37898	1	2009-08-30:11:55:25	96
49.25545	1.3789	1	2009-08-30:11:55:25	96
49.25319	1.3801	1	2009-08-30:11:55:25	96
49.25121	1.38398	1	2009-08-30:11:55:25	96
49.24957	1.38807	1	2009-08-30:11:55:25	96
49.24759	1.39181	1	2009-08-30:11:55:25	96
49.24611	1.3962	1	2009-08-30:11:55:25	96
49.24607	1.40067	1	2009-08-30:11:55:25	96
49.24634	1.40552	1	2009-08-30:11:55:25	96
49.24446	1.40778	1	2009-08-30:11:55:25	96
49.24548	1.41234	1	2009-08-30:11:55:25	96
49.24654	1.41682	1	2009-08-30:11:55:25	96
49.24674	1.42169	1	2009-08-30:11:55:25	96
49.24812	1.42607	1	2009-08-30:11:55:25	96
49.24893	1.42991	1	2009-08-30:11:55:25	96
49.24783	1.42542	1	2009-08-30:11:55:25	96
49.24679	1.42098	1	2009-08-30:11:55:25	96
49.24642	1.41621	1	2009-08-30:11:55:25	96
49.24549	1.41172	1	2009-08-30:11:55:25	96
49.24442	1.4071	1	2009-08-30:11:55:25	96
49.24343	1.40256	1	2009-08-30:11:55:25	96
49.24229	1.3993	1	2009-08-30:11:55:25	96
49.23968	1.40018	1	2009-08-30:11:55:25	96
49.23671	1.40026	1	2009-08-30:11:55:25	96
49.23293	1.40144	1	2009-08-30:11:55:25	96
49.22998	1.3999	1	2009-08-30:11:55:25	96
49.22707	1.39814	1	2009-08-30:11:55:25	96
49.22417	1.39637	1	2009-08-30:11:55:25	96
49.2211	1.39507	1	2009-08-30:11:55:25	96
49.21799	1.3943	1	2009-08-30:11:55:25	96
49.21499	1.3924	1	2009-08-30:11:55:25	96
49.21199	1.39048	1	2009-08-30:11:55:25	96
49.20916	1.38839	1	2009-08-30:11:55:25	96
49.20654	1.38583	1	2009-08-30:11:55:25	96
49.20407	1.38497	1	2009-08-30:11:55:25	96
49.20083	1.38456	1	2009-08-30:11:55:25	96
49.19773	1.38362	1	2009-08-30:11:55:25	96
49.19467	1.38287	1	2009-08-30:11:55:25	96
49.19159	1.38264	1	2009-08-30:11:55:25	96
49.18849	1.38361	1	2009-08-30:11:55:25	96
49.18537	1.38498	1	2009-08-30:11:55:25	96
49.18222	1.38636	1	2009-08-30:11:55:25	96
49.17922	1.3876	1	2009-08-30:11:55:25	96
49.17624	1.38848	1	2009-08-30:11:55:25	96
49.17514	1.39264	1	2009-08-30:11:55:25	96
49.17491	1.39612	1	2009-08-30:11:55:25	96
49.17246	1.39802	1	2009-08-30:11:55:25	96
49.17118	1.40228	1	2009-08-30:11:55:25	96
49.17082	1.40396	1	2009-08-30:11:55:25	96
49.17079	1.40404	1	2009-08-30:11:55:25	96
49.17076	1.40411	1	2009-08-30:11:55:25	96
49.17074	1.40418	1	2009-08-30:11:55:25	96
49.17071	1.40424	1	2009-08-30:11:55:25	96
49.17068	1.4043	1	2009-08-30:11:55:25	96
49.17066	1.40436	1	2009-08-30:11:55:25	96
49.17064	1.40442	1	2009-08-30:11:55:25	96
49.17062	1.40446	1	2009-08-30:11:55:25	96
49.17061	1.40449	1	2009-08-30:11:55:25	96
49.1706	1.40451	1	2009-08-30:11:55:25	96
49.17061	1.40453	1	2009-08-30:11:55:25	96
49.17061	1.40451	1	2009-08-30:11:55:25	96
49.17062	1.40449	1	2009-08-30:11:55:25	96
49.1706	1.40447	1	2009-08-30:11:55:25	96
49.17058	1.40446	1	2009-08-30:11:55:25	96
49.17059	1.4045	1	2009-08-30:11:55:25	96
49.17061	1.40452	1	2009-08-30:11:55:25	96
49.17061	1.40449	1	2009-08-30:11:55:25	96
49.17064	1.40453	1	2009-08-30:11:55:25	96
49.17065	1.40455	1	2009-08-30:11:55:25	96
49.17063	1.40447	1	2009-08-30:11:55:25	96
49.1706	1.40445	1	2009-08-30:11:55:25	96
49.1706	1.40444	1	2009-08-30:14:56:52	97
49.16987	1.40565	1	2009-08-30:14:56:52	97
49.16925	1.40656	1	2009-08-30:14:56:52	97
49.1686	1.40749	1	2009-08-30:14:56:52	97
49.16796	1.40845	1	2009-08-30:14:56:52	97
49.1673	1.40943	1	2009-08-30:14:56:52	97
49.1667	1.4104	1	2009-08-30:14:56:52	97
49.16599	1.41157	1	2009-08-30:14:56:52	97
49.16515	1.41246	1	2009-08-30:14:56:52	97
49.16437	1.41333	1	2009-08-30:14:56:52	97
49.16374	1.4143	1	2009-08-30:14:56:52	97
49.16311	1.41559	1	2009-08-30:14:56:52	97
49.16254	1.4167	1	2009-08-30:14:56:52	97
49.16178	1.4177	1	2009-08-30:14:56:52	97
49.16097	1.4185	1	2009-08-30:14:56:52	97
49.16011	1.41934	1	2009-08-30:14:56:52	97
49.15938	1.42008	1	2009-08-30:14:56:52	97
49.15862	1.42079	1	2009-08-30:14:56:52	97
49.15776	1.42137	1	2009-08-30:14:56:52	97
49.15683	1.42189	1	2009-08-30:14:56:52	97
49.15587	1.42242	1	2009-08-30:14:56:52	97
49.15498	1.42293	1	2009-08-30:14:56:52	97
49.15413	1.4234	1	2009-08-30:14:56:52	97
49.15323	1.4239	1	2009-08-30:14:56:52	97
49.15232	1.42441	1	2009-08-30:14:56:52	97
49.15139	1.42495	1	2009-08-30:14:56:52	97
49.15042	1.42551	1	2009-08-30:14:56:52	97
49.14949	1.42602	1	2009-08-30:14:56:52	97
49.1486	1.42652	1	2009-08-30:14:56:52	97
49.14773	1.42704	1	2009-08-30:14:56:52	97
49.14704	1.42794	1	2009-08-30:14:56:52	97
49.1464	1.42886	1	2009-08-30:14:56:52	97
49.14598	1.42944	1	2009-08-30:14:56:52	97
49.14568	1.42987	1	2009-08-30:14:56:52	97
49.14518	1.43063	1	2009-08-30:14:56:52	97
49.14457	1.43151	1	2009-08-30:14:56:52	97
49.14397	1.43235	1	2009-08-30:14:56:52	97
49.14339	1.43319	1	2009-08-30:14:56:52	97
49.14279	1.43405	1	2009-08-30:14:56:52	97
49.14216	1.43496	1	2009-08-30:14:56:52	97
49.1415	1.43591	1	2009-08-30:14:56:52	97
49.14082	1.43691	1	2009-08-30:14:56:52	97
49.14013	1.43789	1	2009-08-30:14:56:52	97
49.13949	1.43882	1	2009-08-30:14:56:52	97
49.13883	1.43977	1	2009-08-30:14:56:52	97
49.1382	1.44068	1	2009-08-30:14:56:52	97
49.13755	1.44163	1	2009-08-30:14:56:52	97
49.13679	1.44247	1	2009-08-30:14:56:52	97
49.13589	1.44293	1	2009-08-30:14:56:52	97
49.13502	1.44342	1	2009-08-30:14:56:52	97
49.13418	1.44396	1	2009-08-30:14:56:52	97
49.13345	1.44456	1	2009-08-30:14:56:52	97
49.1326	1.44503	1	2009-08-30:14:56:52	97
49.13183	1.44584	1	2009-08-30:14:56:52	97
49.1312	1.44677	1	2009-08-30:14:56:52	97
49.1305	1.44749	1	2009-08-30:14:56:52	97
49.12986	1.44824	1	2009-08-30:14:56:52	97
49.13004	1.44953	1	2009-08-30:14:56:52	97
49.13027	1.4508	1	2009-08-30:14:56:52	97
49.13031	1.45207	1	2009-08-30:14:56:52	97
49.13	1.45323	1	2009-08-30:14:56:52	97
49.12919	1.4536	1	2009-08-30:14:56:52	97
49.12831	1.45381	1	2009-08-30:14:56:52	97
49.12746	1.45402	1	2009-08-30:14:56:52	97
49.12702	1.45414	1	2009-08-30:14:56:52	97
49.12643	1.45437	1	2009-08-30:14:56:52	97
49.12567	1.45481	1	2009-08-30:14:56:52	97
49.12494	1.45523	1	2009-08-30:14:56:52	97
49.1242	1.45575	1	2009-08-30:14:56:52	97
49.12348	1.45634	1	2009-08-30:14:56:52	97
49.12266	1.45671	1	2009-08-30:14:56:52	97
49.1219	1.45727	1	2009-08-30:14:56:52	97
49.12127	1.45801	1	2009-08-30:14:56:52	97
49.12051	1.45859	1	2009-08-30:14:56:52	97
49.11978	1.45923	1	2009-08-30:14:56:52	97
49.11907	1.45995	1	2009-08-30:14:56:52	97
49.11837	1.46068	1	2009-08-30:14:56:52	97
49.1177	1.46138	1	2009-08-30:14:56:52	97
49.11706	1.4621	1	2009-08-30:14:56:52	97
49.11642	1.46289	1	2009-08-30:14:56:52	97
49.11586	1.46373	1	2009-08-30:14:56:52	97
49.11528	1.46457	1	2009-08-30:14:56:52	97
49.11466	1.46548	1	2009-08-30:14:56:52	97
49.11408	1.46635	1	2009-08-30:14:56:52	97
49.11348	1.46728	1	2009-08-30:14:56:52	97
49.11285	1.46815	1	2009-08-30:14:56:52	97
49.11224	1.46902	1	2009-08-30:14:56:52	97
49.11163	1.46992	1	2009-08-30:14:56:52	97
49.11103	1.47084	1	2009-08-30:14:56:52	97
49.11042	1.47172	1	2009-08-30:14:56:52	97
49.10996	1.47275	1	2009-08-30:14:56:52	97
49.10953	1.47381	1	2009-08-30:14:56:52	97
49.10886	1.47457	1	2009-08-30:14:56:52	97
49.10818	1.47538	1	2009-08-30:14:56:52	97
49.10752	1.47615	1	2009-08-30:14:56:52	97
49.10689	1.47703	1	2009-08-30:14:56:52	97
49.10637	1.4779	1	2009-08-30:14:56:52	97
49.10578	1.47881	1	2009-08-30:14:56:52	97
49.1052	1.4797	1	2009-08-30:14:56:52	97
49.10463	1.48066	1	2009-08-30:14:56:52	97
49.10412	1.48154	1	2009-08-30:14:56:52	97
49.10364	1.48256	1	2009-08-30:14:56:52	97
49.10324	1.48356	1	2009-08-30:14:56:52	97
49.10294	1.48462	1	2009-08-30:14:56:52	97
49.10252	1.48564	1	2009-08-30:14:56:52	97
49.1017	1.48592	1	2009-08-30:14:56:52	97
49.10098	1.48647	1	2009-08-30:14:56:52	97
49.10041	1.48736	1	2009-08-30:14:56:52	97
49.09974	1.48812	1	2009-08-30:14:56:52	97
49.09901	1.48868	1	2009-08-30:14:56:52	97
49.09828	1.48908	1	2009-08-30:14:56:52	97
49.09748	1.48935	1	2009-08-30:14:56:52	97
49.0968	1.48948	1	2009-08-30:14:56:52	97
49.09658	1.49078	1	2009-08-30:14:56:52	97
49.09675	1.49195	1	2009-08-30:14:56:52	97
49.09664	1.49307	1	2009-08-30:14:56:52	97
49.09612	1.49397	1	2009-08-30:14:56:52	97
49.0955	1.49492	1	2009-08-30:14:56:52	97
49.09501	1.49592	1	2009-08-30:14:56:52	97
49.09446	1.49693	1	2009-08-30:14:56:52	97
49.09388	1.49787	1	2009-08-30:14:56:52	97
49.09338	1.49888	1	2009-08-30:14:56:52	97
49.09285	1.49977	1	2009-08-30:14:56:52	97
49.09231	1.50075	1	2009-08-30:14:56:52	97
49.09178	1.50163	1	2009-08-30:14:56:52	97
49.09121	1.50261	1	2009-08-30:14:56:52	97
49.09064	1.50361	1	2009-08-30:14:56:52	97
49.09034	1.50411	1	2009-08-30:14:56:52	97
49.08975	1.50495	1	2009-08-30:14:56:52	97
49.08925	1.50583	1	2009-08-30:14:56:52	97
49.08872	1.50678	1	2009-08-30:14:56:52	97
49.08816	1.5077	1	2009-08-30:14:56:52	97
49.08755	1.50851	1	2009-08-30:14:56:52	97
49.08703	1.50938	1	2009-08-30:14:56:52	97
49.08646	1.51023	1	2009-08-30:14:56:52	97
49.08591	1.51109	1	2009-08-30:14:56:52	97
49.08533	1.51193	1	2009-08-30:14:56:52	97
49.08473	1.51275	1	2009-08-30:14:56:52	97
49.08408	1.51336	1	2009-08-30:14:56:52	97
49.08342	1.51401	1	2009-08-30:14:56:52	97
49.08273	1.51468	1	2009-08-30:14:56:52	97
49.08201	1.51525	1	2009-08-30:14:56:52	97
49.08136	1.51594	1	2009-08-30:14:56:52	97
49.08068	1.51661	1	2009-08-30:14:56:52	97
49.08	1.51732	1	2009-08-30:14:56:52	97
49.07933	1.51796	1	2009-08-30:14:56:52	97
49.07868	1.51876	1	2009-08-30:14:56:52	97
49.07809	1.51961	1	2009-08-30:14:56:52	97
49.07758	1.52059	1	2009-08-30:14:56:52	97
49.07707	1.52153	1	2009-08-30:14:56:52	97
49.07655	1.52242	1	2009-08-30:14:56:52	97
49.07599	1.52328	1	2009-08-30:14:56:52	97
49.07541	1.52409	1	2009-08-30:14:56:52	97
49.07488	1.52496	1	2009-08-30:14:56:52	97
49.07448	1.52603	1	2009-08-30:14:56:52	97
49.07422	1.52727	1	2009-08-30:14:56:52	97
49.07417	1.52858	1	2009-08-30:14:56:52	97
49.0742	1.5298	1	2009-08-30:14:56:52	97
49.0745	1.5309	1	2009-08-30:14:56:52	97
49.07461	1.53208	1	2009-08-30:14:56:52	97
49.07465	1.53333	1	2009-08-30:14:56:52	97
49.07462	1.53453	1	2009-08-30:14:56:52	97
49.07448	1.53574	1	2009-08-30:14:56:52	97
49.07428	1.5369	1	2009-08-30:14:56:52	97
49.07406	1.53807	1	2009-08-30:14:56:52	97
49.07401	1.53924	1	2009-08-30:14:56:52	97
49.07398	1.54044	1	2009-08-30:14:56:52	97
49.07402	1.54142	1	2009-08-30:14:56:52	97
49.07412	1.54009	1	2009-08-30:14:56:52	97
49.07415	1.53883	1	2009-08-30:14:56:52	97
49.07431	1.53766	1	2009-08-30:14:56:52	97
49.07451	1.53647	1	2009-08-30:14:56:52	97
49.07465	1.53524	1	2009-08-30:14:56:52	97
49.07468	1.53397	1	2009-08-30:14:56:52	97
49.07472	1.53271	1	2009-08-30:14:56:52	97
49.07461	1.53276	1	2009-08-30:14:56:52	97
49.07458	1.53407	1	2009-08-30:14:56:52	97
49.07458	1.53527	1	2009-08-30:14:56:52	97
49.07444	1.53643	1	2009-08-30:14:56:52	97
49.07423	1.53764	1	2009-08-30:14:56:52	97
49.07406	1.53882	1	2009-08-30:14:56:52	97
49.07401	1.54	1	2009-08-30:14:56:52	97
49.07398	1.54124	1	2009-08-30:14:56:52	97
49.07405	1.54041	1	2009-08-30:14:56:52	97
49.07407	1.5392	1	2009-08-30:14:56:52	97
49.07424	1.53796	1	2009-08-30:14:56:52	97
49.0744	1.53694	1	2009-08-30:14:56:52	97
49.07467	1.53686	1	2009-08-30:14:56:52	97
49.07518	1.53588	1	2009-08-30:14:56:52	97
49.07532	1.53463	1	2009-08-30:14:56:52	97
49.07555	1.5339	1	2009-08-30:14:56:52	97
49.07546	1.53276	1	2009-08-30:14:56:52	97
49.07475	1.53265	1	2009-08-30:14:56:52	97
49.07461	1.53381	1	2009-08-30:14:56:52	97
49.07457	1.53501	1	2009-08-30:14:56:52	97
49.07446	1.53617	1	2009-08-30:14:56:52	97
49.07443	1.53666	1	2009-08-30:14:56:52	97
49.07442	1.53674	1	2009-08-30:14:56:52	97
49.07441	1.53681	1	2009-08-30:14:56:52	97
49.07441	1.53689	1	2009-08-30:14:56:52	97
49.07441	1.53695	1	2009-08-30:14:56:52	97
49.07442	1.53702	1	2009-08-30:14:56:52	97
49.07441	1.53708	1	2009-08-30:14:56:52	97
49.07442	1.53715	1	2009-08-30:14:56:52	97
49.07444	1.53721	1	2009-08-30:14:56:52	97
49.07445	1.53726	1	2009-08-30:14:56:52	97
49.07447	1.53728	1	2009-08-30:14:56:52	97
49.07449	1.53728	1	2009-08-30:14:56:52	97
49.07447	1.53724	1	2009-08-30:14:56:52	97
49.07448	1.53722	1	2009-08-30:14:56:52	97
49.07447	1.5372	1	2009-08-30:14:56:52	97
49.07449	1.5372	1	2009-08-30:14:56:52	97
49.07448	1.53722	1	2009-08-30:14:56:52	97
49.07448	1.5372	1	2009-08-30:14:56:52	97
49.07446	1.53719	1	2009-08-30:14:56:52	97
49.07443	1.53724	1	2009-08-30:14:56:52	97
49.0745	1.53723	1	2009-08-30:14:56:52	97
49.07451	1.53721	1	2009-08-30:14:56:52	97
49.07449	1.53723	1	2009-08-30:14:56:52	97
49.0745	1.53723	1	2009-08-30:16:33:46	98
49.07423	1.53866	1	2009-08-30:16:33:46	98
49.07411	1.54013	1	2009-08-30:16:33:46	98
49.07408	1.54164	1	2009-08-30:16:33:46	98
49.07436	1.54292	1	2009-08-30:16:33:46	98
49.07471	1.54418	1	2009-08-30:16:33:46	98
49.07504	1.54558	1	2009-08-30:16:33:46	98
49.07545	1.54691	1	2009-08-30:16:33:46	98
49.07586	1.54822	1	2009-08-30:16:33:46	98
49.07615	1.54955	1	2009-08-30:16:33:46	98
49.07661	1.55065	1	2009-08-30:16:33:46	98
49.07701	1.5518	1	2009-08-30:16:33:46	98
49.07728	1.55303	1	2009-08-30:16:33:46	98
49.07745	1.55435	1	2009-08-30:16:33:46	98
49.07762	1.5557	1	2009-08-30:16:33:46	98
49.07774	1.55706	1	2009-08-30:16:33:46	98
49.07785	1.55843	1	2009-08-30:16:33:46	98
49.07798	1.55985	1	2009-08-30:16:33:46	98
49.07811	1.56124	1	2009-08-30:16:33:46	98
49.07827	1.56259	1	2009-08-30:16:33:46	98
49.07847	1.56393	1	2009-08-30:16:33:46	98
49.07873	1.56524	1	2009-08-30:16:33:46	98
49.07896	1.56647	1	2009-08-30:16:33:46	98
49.07911	1.56771	1	2009-08-30:16:33:46	98
49.07925	1.5689	1	2009-08-30:16:33:46	98
49.07932	1.5702	1	2009-08-30:16:33:46	98
49.07945	1.57164	1	2009-08-30:16:33:46	98
49.07966	1.57305	1	2009-08-30:16:33:46	98
49.0798	1.57442	1	2009-08-30:16:33:46	98
49.07991	1.5758	1	2009-08-30:16:33:46	98
49.08019	1.577	1	2009-08-30:16:33:46	98
49.0806	1.57814	1	2009-08-30:16:33:46	98
49.08093	1.57912	1	2009-08-30:16:33:46	98
49.08116	1.57969	1	2009-08-30:16:33:46	98
49.08152	1.58078	1	2009-08-30:16:33:46	98
49.08194	1.58205	1	2009-08-30:16:33:46	98
49.08233	1.58329	1	2009-08-30:16:33:46	98
49.08269	1.58442	1	2009-08-30:16:33:46	98
49.08317	1.58541	1	2009-08-30:16:33:46	98
49.08382	1.58659	1	2009-08-30:16:33:46	98
49.08429	1.58761	1	2009-08-30:16:33:46	98
49.08484	1.58879	1	2009-08-30:16:33:46	98
49.08523	1.59001	1	2009-08-30:16:33:46	98
49.08511	1.59137	1	2009-08-30:16:33:46	98
49.08484	1.59275	1	2009-08-30:16:33:46	98
49.08497	1.59413	1	2009-08-30:16:33:46	98
49.0852	1.59545	1	2009-08-30:16:33:46	98
49.08545	1.59678	1	2009-08-30:16:33:46	98
49.08577	1.59809	1	2009-08-30:16:33:46	98
49.08607	1.5993	1	2009-08-30:16:33:46	98
49.0864	1.60049	1	2009-08-30:16:33:46	98
49.08662	1.6017	1	2009-08-30:16:33:46	98
49.08674	1.60293	1	2009-08-30:16:33:46	98
49.08663	1.60422	1	2009-08-30:16:33:46	98
49.08629	1.60557	1	2009-08-30:16:33:46	98
49.08595	1.6067	1	2009-08-30:16:33:46	98
49.08564	1.6079	1	2009-08-30:16:33:46	98
49.08552	1.60923	1	2009-08-30:16:33:46	98
49.08557	1.61047	1	2009-08-30:16:33:46	98
49.08491	1.61126	1	2009-08-30:16:33:46	98
49.0842	1.61196	1	2009-08-30:16:33:46	98
49.08337	1.61205	1	2009-08-30:16:33:46	98
49.08252	1.61206	1	2009-08-30:16:33:46	98
49.08166	1.61249	1	2009-08-30:16:33:46	98
49.08103	1.61279	1	2009-08-30:16:33:46	98
49.08015	1.61321	1	2009-08-30:16:33:46	98
49.07929	1.61362	1	2009-08-30:16:33:46	98
49.07843	1.61403	1	2009-08-30:16:33:46	98
49.07757	1.61449	1	2009-08-30:16:33:46	98
49.07786	1.61559	1	2009-08-30:16:33:46	98
49.07778	1.6168	1	2009-08-30:16:33:46	98
49.07844	1.61753	1	2009-08-30:16:33:46	98
49.07862	1.61873	1	2009-08-30:16:33:46	98
49.07885	1.62	1	2009-08-30:16:33:46	98
49.07922	1.62107	1	2009-08-30:16:33:46	98
49.07958	1.62215	1	2009-08-30:16:33:46	98
49.07976	1.62342	1	2009-08-30:16:33:46	98
49.07998	1.62468	1	2009-08-30:16:33:46	98
49.08018	1.62593	1	2009-08-30:16:33:46	98
49.08016	1.62722	1	2009-08-30:16:33:46	98
49.08052	1.62824	1	2009-08-30:16:33:46	98
49.08095	1.62932	1	2009-08-30:16:33:46	98
49.08146	1.63045	1	2009-08-30:16:33:46	98
49.08157	1.63048	1	2009-08-30:16:33:46	98
49.08222	1.63111	1	2009-08-30:16:33:46	98
49.08245	1.63228	1	2009-08-30:16:33:46	98
49.08273	1.63345	1	2009-08-30:16:33:46	98
49.08296	1.6347	1	2009-08-30:16:33:46	98
49.08312	1.63591	1	2009-08-30:16:33:46	98
49.08335	1.63718	1	2009-08-30:16:33:46	98
49.08351	1.6384	1	2009-08-30:16:33:46	98
49.08363	1.63959	1	2009-08-30:16:33:46	98
49.08382	1.64081	1	2009-08-30:16:33:46	98
49.08406	1.642	1	2009-08-30:16:33:46	98
49.0842	1.6432	1	2009-08-30:16:33:46	98
49.08429	1.64439	1	2009-08-30:16:33:46	98
49.08427	1.6456	1	2009-08-30:16:33:46	98
49.08424	1.64689	1	2009-08-30:16:33:46	98
49.08419	1.6482	1	2009-08-30:16:33:46	98
49.08416	1.64943	1	2009-08-30:16:33:46	98
49.08415	1.65064	1	2009-08-30:16:33:46	98
49.08415	1.65189	1	2009-08-30:16:33:46	98
49.08407	1.65312	1	2009-08-30:16:33:46	98
49.08385	1.65432	1	2009-08-30:16:33:46	98
49.08373	1.65559	1	2009-08-30:16:33:46	98
49.0835	1.65685	1	2009-08-30:16:33:46	98
49.08326	1.65797	1	2009-08-30:16:33:46	98
49.08306	1.65919	1	2009-08-30:16:33:46	98
49.08287	1.66041	1	2009-08-30:16:33:46	98
49.08261	1.66156	1	2009-08-30:16:33:46	98
49.08232	1.6628	1	2009-08-30:16:33:46	98
49.08203	1.66396	1	2009-08-30:16:33:46	98
49.08174	1.66518	1	2009-08-30:16:33:46	98
49.08144	1.66641	1	2009-08-30:16:33:46	98
49.08117	1.66755	1	2009-08-30:16:33:46	98
49.08082	1.66869	1	2009-08-30:16:33:46	98
49.08044	1.66983	1	2009-08-30:16:33:46	98
49.08003	1.67089	1	2009-08-30:16:33:46	98
49.07977	1.67205	1	2009-08-30:16:33:46	98
49.07917	1.67301	1	2009-08-30:16:33:46	98
49.07874	1.67408	1	2009-08-30:16:33:46	98
49.07833	1.67517	1	2009-08-30:16:33:46	98
49.07792	1.67622	1	2009-08-30:16:33:46	98
49.07746	1.67735	1	2009-08-30:16:33:46	98
49.07706	1.67846	1	2009-08-30:16:33:46	98
49.07665	1.67946	1	2009-08-30:16:33:46	98
49.07622	1.68052	1	2009-08-30:16:33:46	98
49.076	1.68106	1	2009-08-30:16:33:46	98
49.0756	1.68217	1	2009-08-30:16:33:46	98
49.07516	1.68317	1	2009-08-30:16:33:46	98
49.07464	1.6841	1	2009-08-30:16:33:46	98
49.07414	1.68506	1	2009-08-30:16:33:46	98
49.07364	1.68601	1	2009-08-30:16:33:46	98
49.07317	1.68692	1	2009-08-30:16:33:46	98
49.07266	1.68786	1	2009-08-30:16:33:46	98
49.07217	1.68882	1	2009-08-30:16:33:46	98
49.07168	1.6898	1	2009-08-30:16:33:46	98
49.07116	1.69067	1	2009-08-30:16:33:46	98
49.07062	1.69159	1	2009-08-30:16:33:46	98
49.07007	1.69252	1	2009-08-30:16:33:46	98
49.06955	1.6934	1	2009-08-30:16:33:46	98
49.06905	1.69429	1	2009-08-30:16:33:46	98
49.06851	1.69521	1	2009-08-30:16:33:46	98
49.06799	1.69607	1	2009-08-30:16:33:46	98
49.06744	1.69686	1	2009-08-30:16:33:46	98
49.06684	1.69771	1	2009-08-30:16:33:46	98
49.06626	1.69846	1	2009-08-30:16:33:46	98
49.06564	1.69923	1	2009-08-30:16:33:46	98
49.06505	1.70012	1	2009-08-30:16:33:46	98
49.06468	1.70122	1	2009-08-30:16:33:46	98
49.06395	1.70158	1	2009-08-30:16:33:46	98
49.06321	1.70198	1	2009-08-30:16:33:46	98
49.06363	1.70301	1	2009-08-30:16:33:46	98
49.06393	1.7041	1	2009-08-30:16:33:46	98
49.06405	1.70522	1	2009-08-30:16:33:46	98
49.064	1.70649	1	2009-08-30:16:33:46	98
49.06395	1.70771	1	2009-08-30:16:33:46	98
49.0639	1.709	1	2009-08-30:16:33:46	98
49.06393	1.71017	1	2009-08-30:16:33:46	98
49.06387	1.71143	1	2009-08-30:16:33:46	98
49.06386	1.7127	1	2009-08-30:16:33:46	98
49.06382	1.71397	1	2009-08-30:16:33:46	98
49.06381	1.71522	1	2009-08-30:16:33:46	98
49.06376	1.71655	1	2009-08-30:16:33:46	98
49.06321	1.71707	1	2009-08-30:16:33:46	98
49.06245	1.71773	1	2009-08-30:16:33:46	98
49.06186	1.71876	1	2009-08-30:16:33:46	98
49.06148	1.71976	1	2009-08-30:16:33:46	98
49.0623	1.71983	1	2009-08-30:16:33:46	98
49.063	1.7206	1	2009-08-30:16:33:46	98
49.06316	1.72163	1	2009-08-30:16:33:46	98
49.06282	1.72278	1	2009-08-30:16:33:46	98
49.06248	1.72401	1	2009-08-30:16:33:46	98
49.06211	1.72533	1	2009-08-30:16:33:46	98
49.06173	1.72655	1	2009-08-30:16:33:46	98
49.06102	1.72735	1	2009-08-30:16:33:46	98
49.06023	1.72787	1	2009-08-30:16:33:46	98
49.05942	1.7284	1	2009-08-30:16:33:46	98
49.05867	1.72889	1	2009-08-30:16:33:46	98
49.05792	1.72939	1	2009-08-30:16:33:46	98
49.05719	1.72987	1	2009-08-30:16:33:46	98
49.05642	1.73038	1	2009-08-30:16:33:46	98
49.05596	1.73076	1	2009-08-30:16:33:46	98
49.05594	1.73079	1	2009-08-30:16:33:46	98
49.0559	1.73081	1	2009-08-30:16:33:46	98
49.05587	1.73084	1	2009-08-30:16:33:46	98
49.05583	1.73087	1	2009-08-30:16:33:46	98
49.05581	1.73088	1	2009-08-30:16:33:46	98
49.05576	1.73091	1	2009-08-30:16:33:46	98
49.05571	1.73094	1	2009-08-30:16:33:46	98
49.05566	1.73097	1	2009-08-30:16:33:46	98
49.05563	1.73099	1	2009-08-30:16:33:46	98
49.0556	1.731	1	2009-08-30:16:33:46	98
49.05557	1.73102	1	2009-08-30:16:33:46	98
49.05555	1.73104	1	2009-08-30:16:33:46	98
49.05552	1.73106	1	2009-08-30:16:33:46	98
49.05546	1.7311	1	2009-08-30:16:33:46	98
49.05541	1.73113	1	2009-08-30:16:33:46	98
49.05537	1.73115	1	2009-08-30:16:33:46	98
49.05533	1.73118	1	2009-08-30:16:33:46	98
49.0552	1.73132	1	2009-08-30:16:33:46	98
49.05517	1.73135	1	2009-08-30:16:33:46	98
49.05509	1.73141	1	2009-08-30:16:33:46	98
49.05505	1.73147	1	2009-08-30:16:33:46	98
49.05503	1.73149	1	2009-08-30:16:33:46	98
48.8322	2.28727	1	2009-09-07:10:08:30	99
48.83149	2.28627	1	2009-09-07:10:08:30	99
48.83086	2.28528	1	2009-09-07:10:08:30	99
48.83027	2.28483	1	2009-09-07:10:08:30	99
48.82977	2.28377	1	2009-09-07:10:08:30	99
48.82921	2.28286	1	2009-09-07:10:08:30	99
48.82867	2.28207	1	2009-09-07:10:08:30	99
48.82816	2.28114	1	2009-09-07:10:08:30	99
48.8275	2.28017	1	2009-09-07:10:08:30	99
48.82699	2.27915	1	2009-09-07:10:08:30	99
48.82631	2.27812	1	2009-09-07:10:08:30	99
48.82577	2.2771	1	2009-09-07:10:08:30	99
48.82526	2.27613	1	2009-09-07:10:08:30	99
48.82479	2.27487	1	2009-09-07:10:08:30	99
48.8244	2.27368	1	2009-09-07:10:08:30	99
48.82397	2.27246	1	2009-09-07:10:08:30	99
48.82358	2.27112	1	2009-09-07:10:08:30	99
48.82319	2.26982	1	2009-09-07:10:08:30	99
48.8228	2.26848	1	2009-09-07:10:08:30	99
48.82254	2.26716	1	2009-09-07:10:08:30	99
48.82221	2.26576	1	2009-09-07:10:08:30	99
48.82203	2.26437	1	2009-09-07:10:08:30	99
48.8216	2.26306	1	2009-09-07:10:08:30	99
48.82134	2.2618	1	2009-09-07:10:08:30	99
48.82113	2.26062	1	2009-09-07:10:08:30	99
48.82076	2.2595	1	2009-09-07:10:08:30	99
48.82033	2.25839	1	2009-09-07:10:08:30	99
48.81994	2.25705	1	2009-09-07:10:08:30	99
48.81959	2.25576	1	2009-09-07:10:08:30	99
48.81924	2.25456	1	2009-09-07:10:08:30	99
48.81889	2.25346	1	2009-09-07:10:08:30	99
48.81848	2.25216	1	2009-09-07:10:08:30	99
48.81805	2.25141	1	2009-09-07:10:08:30	99
48.81808	2.25065	1	2009-09-07:10:08:30	99
48.8179	2.24942	1	2009-09-07:10:08:30	99
48.81807	2.24808	1	2009-09-07:10:08:30	99
48.81825	2.24677	1	2009-09-07:10:08:30	99
48.81863	2.24559	1	2009-09-07:10:08:30	99
48.81883	2.24431	1	2009-09-07:10:08:30	99
48.81906	2.24305	1	2009-09-07:10:08:30	99
48.81898	2.24173	1	2009-09-07:10:08:30	99
48.8188	2.24045	1	2009-09-07:10:08:30	99
48.81884	2.23946	1	2009-09-07:10:08:30	99
48.81888	2.23819	1	2009-09-07:10:08:30	99
48.81892	2.23686	1	2009-09-07:10:08:30	99
48.81894	2.2355	1	2009-09-07:10:08:30	99
48.81897	2.23421	1	2009-09-07:10:08:30	99
48.81901	2.23292	1	2009-09-07:10:08:30	99
48.81884	2.23166	1	2009-09-07:10:08:30	99
48.81828	2.2307	1	2009-09-07:10:08:30	99
48.81773	2.22969	1	2009-09-07:10:08:30	99
48.81731	2.22855	1	2009-09-07:10:08:30	99
48.81684	2.22757	1	2009-09-07:10:08:30	99
48.81639	2.22643	1	2009-09-07:10:08:30	99
48.81592	2.22536	1	2009-09-07:10:08:30	99
48.81551	2.22427	1	2009-09-07:10:08:30	99
48.81524	2.22306	1	2009-09-07:10:08:30	99
48.81524	2.22179	1	2009-09-07:10:08:30	99
48.81511	2.22052	1	2009-09-07:10:08:30	99
48.81458	2.21947	1	2009-09-07:10:08:30	99
48.81402	2.2184	1	2009-09-07:10:08:30	99
48.81349	2.21738	1	2009-09-07:10:08:30	99
48.81305	2.21633	1	2009-09-07:10:08:30	99
48.81265	2.21549	1	2009-09-07:10:08:30	99
48.81224	2.2147	1	2009-09-07:10:08:30	99
48.81184	2.21362	1	2009-09-07:10:08:30	99
48.81165	2.21236	1	2009-09-07:10:08:30	99
48.81151	2.21113	1	2009-09-07:10:08:30	99
48.81121	2.21004	1	2009-09-07:10:08:30	99
48.8108	2.209	1	2009-09-07:10:08:30	99
48.81038	2.20801	1	2009-09-07:10:08:30	99
48.80994	2.2071	1	2009-09-07:10:08:30	99
48.80948	2.20605	1	2009-09-07:10:08:30	99
48.80909	2.20493	1	2009-09-07:10:08:30	99
48.80875	2.2038	1	2009-09-07:10:08:30	99
48.80855	2.20271	1	2009-09-07:10:08:30	99
48.80869	2.2015	1	2009-09-07:10:08:30	99
48.809	2.20032	1	2009-09-07:10:08:30	99
48.80902	2.19905	1	2009-09-07:10:08:30	99
48.80886	2.19767	1	2009-09-07:10:08:30	99
48.80864	2.19622	1	2009-09-07:10:08:30	99
48.80835	2.19498	1	2009-09-07:10:08:30	99
48.8082	2.19373	1	2009-09-07:10:08:30	99
48.80791	2.19255	1	2009-09-07:10:08:30	99
48.8077	2.19127	1	2009-09-07:10:08:30	99
48.8076	2.1896	1	2009-09-07:10:08:30	99
48.80763	2.18829	1	2009-09-07:10:08:30	99
48.80715	2.18736	1	2009-09-07:10:08:30	99
48.80654	2.18649	1	2009-09-07:10:08:30	99
48.80583	2.18589	1	2009-09-07:10:08:30	99
48.80566	2.18687	1	2009-09-07:10:08:30	99
48.80547	2.18807	1	2009-09-07:10:08:30	99
48.80466	2.18816	1	2009-09-07:10:08:30	99
48.80383	2.18824	1	2009-09-07:10:08:30	99
48.80302	2.18831	1	2009-09-07:10:08:30	99
48.80226	2.18831	1	2009-09-07:10:08:30	99
48.80149	2.18789	1	2009-09-07:10:08:30	99
48.80078	2.18718	1	2009-09-07:10:08:30	99
48.80018	2.18638	1	2009-09-07:10:08:30	99
48.79952	2.18561	1	2009-09-07:10:08:30	99
48.79892	2.18481	1	2009-09-07:10:08:30	99
48.79825	2.18414	1	2009-09-07:10:08:30	99
48.79757	2.18332	1	2009-09-07:10:08:30	99
48.79688	2.18255	1	2009-09-07:10:08:30	99
48.79622	2.18179	1	2009-09-07:10:08:30	99
48.79572	2.18076	1	2009-09-07:10:08:30	99
48.79526	2.17968	1	2009-09-07:10:08:30	99
48.79477	2.17872	1	2009-09-07:10:08:30	99
48.79406	2.17824	1	2009-09-07:10:08:30	99
48.79341	2.17763	1	2009-09-07:10:08:30	99
48.79258	2.17764	1	2009-09-07:10:08:30	99
48.79195	2.17836	1	2009-09-07:10:08:30	99
48.79142	2.17928	1	2009-09-07:10:08:30	99
48.79066	2.17976	1	2009-09-07:10:08:30	99
48.78983	2.1796	1	2009-09-07:10:08:30	99
48.78898	2.17919	1	2009-09-07:10:08:30	99
48.78819	2.17909	1	2009-09-07:10:08:30	99
48.78739	2.17918	1	2009-09-07:10:08:30	99
48.78656	2.17936	1	2009-09-07:10:08:30	99
48.78574	2.17937	1	2009-09-07:10:08:30	99
48.78509	2.17862	1	2009-09-07:10:08:30	99
48.78454	2.17765	1	2009-09-07:10:08:30	99
48.78403	2.17675	1	2009-09-07:10:08:30	99
48.78348	2.17577	1	2009-09-07:10:08:30	99
48.78293	2.17488	1	2009-09-07:10:08:30	99
48.7825	2.17387	1	2009-09-07:10:08:30	99
48.78208	2.17279	1	2009-09-07:10:08:30	99
48.78184	2.17228	1	2009-09-07:10:08:30	99
48.78119	2.17172	1	2009-09-07:10:08:30	99
48.78041	2.17169	1	2009-09-07:10:08:30	99
48.77993	2.17257	1	2009-09-07:10:08:30	99
48.77998	2.17369	1	2009-09-07:10:08:30	99
48.77957	2.17468	1	2009-09-07:10:08:30	99
48.77932	2.17369	1	2009-09-07:10:08:30	99
48.77934	2.17238	1	2009-09-07:10:08:30	99
48.77982	2.17152	1	2009-09-07:10:08:30	99
48.78037	2.17057	1	2009-09-07:10:08:30	99
48.78052	2.16937	1	2009-09-07:10:08:30	99
48.77999	2.16903	1	2009-09-07:10:08:30	99
48.77917	2.16909	1	2009-09-07:10:08:30	99
48.77842	2.16953	1	2009-09-07:10:08:30	99
48.77766	2.17023	1	2009-09-07:10:08:30	99
48.77696	2.17098	1	2009-09-07:10:08:30	99
48.77626	2.17104	1	2009-09-07:10:08:30	99
48.77545	2.17109	1	2009-09-07:10:08:30	99
48.77476	2.17168	1	2009-09-07:10:08:30	99
48.77414	2.17271	1	2009-09-07:10:08:30	99
48.77336	2.17297	1	2009-09-07:10:08:30	99
48.7726	2.17271	1	2009-09-07:10:08:30	99
48.77188	2.17296	1	2009-09-07:10:08:30	99
48.77109	2.17403	1	2009-09-07:10:08:30	99
48.77044	2.1734	1	2009-09-07:10:08:30	99
48.76975	2.17291	1	2009-09-07:10:08:30	99
48.76902	2.17239	1	2009-09-07:10:08:30	99
48.7683	2.172	1	2009-09-07:10:08:30	99
48.76754	2.17164	1	2009-09-07:10:08:30	99
48.76681	2.17117	1	2009-09-07:10:08:30	99
48.76626	2.17026	1	2009-09-07:10:08:30	99
48.76559	2.16948	1	2009-09-07:10:08:30	99
48.76496	2.16881	1	2009-09-07:10:08:30	99
48.76475	2.16984	1	2009-09-07:10:08:30	99
48.76452	2.17095	1	2009-09-07:10:08:30	99
48.76421	2.17211	1	2009-09-07:10:08:30	99
48.76404	2.17329	1	2009-09-07:10:08:30	99
48.7643	2.1744	1	2009-09-07:10:08:30	99
48.7648	2.17544	1	2009-09-07:10:08:30	99
48.76519	2.17639	1	2009-09-07:10:08:30	99
48.76528	2.17759	1	2009-09-07:10:08:30	99
48.7654	2.17878	1	2009-09-07:10:08:30	99
48.76598	2.17957	1	2009-09-07:10:08:30	99
48.7664	2.18057	1	2009-09-07:10:08:30	99
48.76639	2.18062	1	2009-09-07:10:08:30	99
48.76639	2.18066	1	2009-09-07:10:08:30	99
48.7664	2.1807	1	2009-09-07:10:08:30	99
48.7664	2.18075	1	2009-09-07:10:08:30	99
48.76641	2.18079	1	2009-09-07:10:08:30	99
48.76641	2.18084	1	2009-09-07:10:08:30	99
48.76642	2.18087	1	2009-09-07:10:08:30	99
48.76642	2.1809	1	2009-09-07:10:08:30	99
48.76643	2.18093	1	2009-09-07:10:08:30	99
48.76641	2.18097	1	2009-09-07:10:08:30	99
48.7664	2.18099	1	2009-09-07:10:08:30	99
48.76638	2.181	1	2009-09-07:10:08:30	99
48.76638	2.18102	1	2009-09-07:10:08:30	99
48.76641	2.18103	1	2009-09-07:10:08:30	99
48.76643	2.18102	1	2009-09-07:10:08:30	99
48.76645	2.18107	1	2009-09-07:10:08:30	99
48.76645	2.18109	1	2009-09-07:10:08:30	99
48.76646	2.18116	1	2009-09-07:10:08:30	99
48.76645	2.18118	1	2009-09-07:10:08:30	99
48.76635	2.18101	1	2009-09-07:10:08:30	99
48.76634	2.18099	1	2009-09-07:10:08:30	99
48.76636	2.18097	1	2009-09-07:10:08:30	99
48.94269	2.43315	1	2009-09-27:06:11:39	100
48.94441	2.4347	1	2009-09-27:06:11:39	100
48.94598	2.43606	1	2009-09-27:06:11:39	100
48.94768	2.43759	1	2009-09-27:06:11:39	100
48.94928	2.43903	1	2009-09-27:06:11:39	100
48.95085	2.44044	1	2009-09-27:06:11:39	100
48.95247	2.44183	1	2009-09-27:06:11:39	100
48.95414	2.44331	1	2009-09-27:06:11:39	100
48.95582	2.44484	1	2009-09-27:06:11:39	100
48.95764	2.44647	1	2009-09-27:06:11:39	100
48.95927	2.44789	1	2009-09-27:06:11:39	100
48.96083	2.44932	1	2009-09-27:06:11:39	100
48.96259	2.45088	1	2009-09-27:06:11:39	100
48.96428	2.45235	1	2009-09-27:06:11:39	100
48.96585	2.45377	1	2009-09-27:06:11:39	100
48.96743	2.45515	1	2009-09-27:06:11:39	100
48.96883	2.4564	1	2009-09-27:06:11:39	100
48.96984	2.45729	1	2009-09-27:06:11:39	100
48.97135	2.45867	1	2009-09-27:06:11:39	100
48.97278	2.46013	1	2009-09-27:06:11:39	100
48.97425	2.46154	1	2009-09-27:06:11:39	100
48.97577	2.46269	1	2009-09-27:06:11:39	100
48.97722	2.46393	1	2009-09-27:06:11:39	100
48.97878	2.46529	1	2009-09-27:06:11:39	100
48.9803	2.46671	1	2009-09-27:06:11:39	100
48.98186	2.46794	1	2009-09-27:06:11:39	100
48.98332	2.46922	1	2009-09-27:06:11:39	100
48.98485	2.47061	1	2009-09-27:06:11:39	100
48.98622	2.47188	1	2009-09-27:06:11:39	100
48.9876	2.47322	1	2009-09-27:06:11:39	100
48.98911	2.47454	1	2009-09-27:06:11:39	100
48.99058	2.47584	1	2009-09-27:06:11:39	100
48.99167	2.47676	1	2009-09-27:06:11:39	100
48.99295	2.47791	1	2009-09-27:06:11:39	100
48.99433	2.47918	1	2009-09-27:06:11:39	100
48.99565	2.48044	1	2009-09-27:06:11:39	100
48.99707	2.48161	1	2009-09-27:06:11:39	100
48.99847	2.48282	1	2009-09-27:06:11:39	100
48.99982	2.48416	1	2009-09-27:06:11:39	100
49.00116	2.48568	1	2009-09-27:06:11:39	100
49.00248	2.48719	1	2009-09-27:06:11:39	100
49.00392	2.48851	1	2009-09-27:06:11:39	100
49.00544	2.48943	1	2009-09-27:06:11:39	100
49.00701	2.49007	1	2009-09-27:06:11:39	100
49.00866	2.49073	1	2009-09-27:06:11:39	100
49.01034	2.49136	1	2009-09-27:06:11:39	100
49.01199	2.49197	1	2009-09-27:06:11:39	100
49.01356	2.49266	1	2009-09-27:06:11:39	100
49.01512	2.49323	1	2009-09-27:06:11:39	100
49.01669	2.49394	1	2009-09-27:06:11:39	100
49.01819	2.49487	1	2009-09-27:06:11:39	100
49.0197	2.49584	1	2009-09-27:06:11:39	100
49.0213	2.49686	1	2009-09-27:06:11:39	100
49.02274	2.49778	1	2009-09-27:06:11:39	100
49.02428	2.49891	1	2009-09-27:06:11:39	100
49.02583	2.49995	1	2009-09-27:06:11:39	100
49.02745	2.49973	1	2009-09-27:06:11:39	100
49.02894	2.50042	1	2009-09-27:06:11:39	100
49.03044	2.50056	1	2009-09-27:06:11:39	100
49.03137	2.50254	1	2009-09-27:06:11:39	100
49.03266	2.5041	1	2009-09-27:06:11:39	100
49.03424	2.5051	1	2009-09-27:06:11:39	100
49.03581	2.50628	1	2009-09-27:06:11:39	100
49.03731	2.50756	1	2009-09-27:06:11:39	100
49.03808	2.50823	1	2009-09-27:06:11:39	100
49.03943	2.50937	1	2009-09-27:06:11:39	100
49.04091	2.5103	1	2009-09-27:06:11:39	100
49.04251	2.51079	1	2009-09-27:06:11:39	100
49.04411	2.51111	1	2009-09-27:06:11:39	100
49.04563	2.5117	1	2009-09-27:06:11:39	100
49.04717	2.51174	1	2009-09-27:06:11:39	100
49.04873	2.51232	1	2009-09-27:06:11:39	100
49.05021	2.51333	1	2009-09-27:06:11:39	100
49.05162	2.51444	1	2009-09-27:06:11:39	100
49.05311	2.51558	1	2009-09-27:06:11:39	100
49.05454	2.5167	1	2009-09-27:06:11:39	100
49.05599	2.51783	1	2009-09-27:06:11:39	100
49.05749	2.51899	1	2009-09-27:06:11:39	100
49.05893	2.52011	1	2009-09-27:06:11:39	100
49.06041	2.52125	1	2009-09-27:06:11:39	100
49.06186	2.52241	1	2009-09-27:06:11:39	100
49.06326	2.52348	1	2009-09-27:06:11:39	100
49.06471	2.52462	1	2009-09-27:06:11:39	100
49.06617	2.52576	1	2009-09-27:06:11:39	100
49.06765	2.52692	1	2009-09-27:06:11:39	100
49.06904	2.52794	1	2009-09-27:06:11:39	100
49.07053	2.52851	1	2009-09-27:06:11:39	100
49.07216	2.52869	1	2009-09-27:06:11:39	100
49.07374	2.52884	1	2009-09-27:06:11:39	100
49.07538	2.52903	1	2009-09-27:06:11:39	100
49.07702	2.52923	1	2009-09-27:06:11:39	100
49.07865	2.52938	1	2009-09-27:06:11:39	100
49.08031	2.52953	1	2009-09-27:06:11:39	100
49.08194	2.5297	1	2009-09-27:06:11:39	100
49.08355	2.52984	1	2009-09-27:06:11:39	100
49.08513	2.52999	1	2009-09-27:06:11:39	100
49.08671	2.53015	1	2009-09-27:06:11:39	100
49.08831	2.53028	1	2009-09-27:06:11:39	100
49.08993	2.53046	1	2009-09-27:06:11:39	100
49.09146	2.53064	1	2009-09-27:06:11:39	100
49.0931	2.53066	1	2009-09-27:06:11:39	100
49.09472	2.53088	1	2009-09-27:06:11:39	100
49.09631	2.53102	1	2009-09-27:06:11:39	100
49.09787	2.5312	1	2009-09-27:06:11:39	100
49.09941	2.53159	1	2009-09-27:06:11:39	100
49.10098	2.53152	1	2009-09-27:06:11:39	100
49.10251	2.53161	1	2009-09-27:06:11:39	100
49.10411	2.53174	1	2009-09-27:06:11:39	100
49.10574	2.53186	1	2009-09-27:06:11:39	100
49.10728	2.53197	1	2009-09-27:06:11:39	100
49.10883	2.53209	1	2009-09-27:06:11:39	100
49.11038	2.53222	1	2009-09-27:06:11:39	100
49.11192	2.53233	1	2009-09-27:06:11:39	100
49.1135	2.53247	1	2009-09-27:06:11:39	100
49.11502	2.5326	1	2009-09-27:06:11:39	100
49.11662	2.53275	1	2009-09-27:06:11:39	100
49.11813	2.53288	1	2009-09-27:06:11:39	100
49.11972	2.53303	1	2009-09-27:06:11:39	100
49.12124	2.53313	1	2009-09-27:06:11:39	100
49.12289	2.53325	1	2009-09-27:06:11:39	100
49.12452	2.53343	1	2009-09-27:06:11:39	100
49.12613	2.53359	1	2009-09-27:06:11:39	100
49.12775	2.5337	1	2009-09-27:06:11:39	100
49.12937	2.53383	1	2009-09-27:06:11:39	100
49.13093	2.53395	1	2009-09-27:06:11:39	100
49.1326	2.53413	1	2009-09-27:06:11:39	100
49.13414	2.53447	1	2009-09-27:06:11:39	100
49.1356	2.53543	1	2009-09-27:06:11:39	100
49.13702	2.53642	1	2009-09-27:06:11:39	100
49.13844	2.53741	1	2009-09-27:06:11:39	100
49.13983	2.53838	1	2009-09-27:06:11:39	100
49.14129	2.53936	1	2009-09-27:06:11:39	100
49.14273	2.54036	1	2009-09-27:06:11:39	100
49.14417	2.54135	1	2009-09-27:06:11:39	100
49.14556	2.54227	1	2009-09-27:06:11:39	100
49.14696	2.54345	1	2009-09-27:06:11:39	100
49.1483	2.54467	1	2009-09-27:06:11:39	100
49.14966	2.54594	1	2009-09-27:06:11:39	100
49.15099	2.54715	1	2009-09-27:06:11:39	100
49.15238	2.54828	1	2009-09-27:06:11:39	100
49.15377	2.5494	1	2009-09-27:06:11:39	100
49.15515	2.5505	1	2009-09-27:06:11:39	100
49.15663	2.55125	1	2009-09-27:06:11:39	100
49.15819	2.55181	1	2009-09-27:06:11:39	100
49.1597	2.55245	1	2009-09-27:06:11:39	100
49.16115	2.5533	1	2009-09-27:06:11:39	100
49.16254	2.55428	1	2009-09-27:06:11:39	100
49.16397	2.55526	1	2009-09-27:06:11:39	100
49.16542	2.55625	1	2009-09-27:06:11:39	100
49.16689	2.55728	1	2009-09-27:06:11:39	100
49.16831	2.55822	1	2009-09-27:06:11:39	100
49.1697	2.55921	1	2009-09-27:06:11:39	100
49.17109	2.56017	1	2009-09-27:06:11:39	100
49.17252	2.56115	1	2009-09-27:06:11:39	100
49.17395	2.56215	1	2009-09-27:06:11:39	100
49.17538	2.56314	1	2009-09-27:06:11:39	100
49.17677	2.56408	1	2009-09-27:06:11:39	100
49.17818	2.56505	1	2009-09-27:06:11:39	100
49.17962	2.56603	1	2009-09-27:06:11:39	100
49.18102	2.567	1	2009-09-27:06:11:39	100
49.18244	2.56797	1	2009-09-27:06:11:39	100
49.1839	2.569	1	2009-09-27:06:11:39	100
49.18532	2.56996	1	2009-09-27:06:11:39	100
49.18678	2.57097	1	2009-09-27:06:11:39	100
49.18816	2.57192	1	2009-09-27:06:11:39	100
49.18962	2.57294	1	2009-09-27:06:11:39	100
49.19101	2.57416	1	2009-09-27:06:11:39	100
49.19243	2.57498	1	2009-09-27:06:11:39	100
49.19387	2.57597	1	2009-09-27:06:11:39	100
49.1953	2.57704	1	2009-09-27:06:11:39	100
49.19684	2.57793	1	2009-09-27:06:11:39	100
49.19827	2.5789	1	2009-09-27:06:11:39	100
49.19971	2.57988	1	2009-09-27:06:11:39	100
49.20103	2.58114	1	2009-09-27:06:11:39	100
49.20208	2.58281	1	2009-09-27:06:11:39	100
49.20317	2.58457	1	2009-09-27:06:11:39	100
49.20426	2.58632	1	2009-09-27:06:11:39	100
49.20538	2.58806	1	2009-09-27:06:11:39	100
49.2066	2.58956	1	2009-09-27:06:11:39	100
49.20644	2.58735	1	2009-09-27:06:11:39	100
49.20619	2.58672	1	2009-09-27:06:11:39	100
49.20608	2.58721	1	2009-09-27:06:11:39	100
49.20563	2.58649	1	2009-09-27:06:11:39	100
49.20561	2.58647	1	2009-09-27:06:11:39	100
49.20558	2.58645	1	2009-09-27:06:11:39	100
49.20555	2.58641	1	2009-09-27:06:11:39	100
49.20551	2.58642	1	2009-09-27:06:11:39	100
49.20548	2.58641	1	2009-09-27:06:11:39	100
49.20543	2.58641	1	2009-09-27:06:11:39	100
49.20538	2.58637	1	2009-09-27:06:11:39	100
49.20534	2.58638	1	2009-09-27:06:11:39	100
49.20532	2.58633	1	2009-09-27:06:11:39	100
49.2053	2.58627	1	2009-09-27:06:11:39	100
49.20528	2.58623	1	2009-09-27:06:11:39	100
49.20526	2.58621	1	2009-09-27:06:11:39	100
49.20523	2.58619	1	2009-09-27:06:11:39	100
49.20521	2.58615	1	2009-09-27:06:11:39	100
49.2052	2.58612	1	2009-09-27:06:11:39	100
49.20518	2.58611	1	2009-09-27:06:11:39	100
49.20517	2.58608	1	2009-09-27:06:11:39	100
49.20517	2.58606	1	2009-09-27:06:11:39	100
49.20515	2.58608	1	2009-09-27:06:11:39	100
49.20517	2.5861	1	2009-09-27:06:11:39	100
49.20523	2.58608	1	2009-09-27:06:11:39	100
49.20523	2.58609	1	2009-09-27:06:11:39	100
49.20521	2.58604	1	2009-09-27:08:19:41	101
49.20566	2.58417	1	2009-09-27:08:19:41	101
49.20634	2.57978	1	2009-09-27:08:19:41	101
49.20577	2.57449	1	2009-09-27:08:19:41	101
49.2041	2.56867	1	2009-09-27:08:19:41	101
49.20361	2.56249	1	2009-09-27:08:19:41	101
49.2033	2.55659	1	2009-09-27:08:19:41	101
49.2037	2.55107	1	2009-09-27:08:19:41	101
49.20273	2.54622	1	2009-09-27:08:19:41	101
49.20163	2.5422	1	2009-09-27:08:19:41	101
49.20044	2.53761	1	2009-09-27:08:19:41	101
49.1999	2.53204	1	2009-09-27:08:19:41	101
49.19943	2.52664	1	2009-09-27:08:19:41	101
49.199	2.5215	1	2009-09-27:08:19:41	101
49.19859	2.5161	1	2009-09-27:08:19:41	101
49.19827	2.51112	1	2009-09-27:08:19:41	101
49.19747	2.50658	1	2009-09-27:08:19:41	101
49.19688	2.50232	1	2009-09-27:08:19:41	101
49.19789	2.49801	1	2009-09-27:08:19:41	101
49.19818	2.49303	1	2009-09-27:08:19:41	101
49.19876	2.48816	1	2009-09-27:08:19:41	101
49.19917	2.48304	1	2009-09-27:08:19:41	101
49.19961	2.4794	1	2009-09-27:08:19:41	101
49.19648	2.47822	1	2009-09-27:08:19:41	101
49.19438	2.47759	1	2009-09-27:08:19:41	101
49.19441	2.47263	1	2009-09-27:08:19:41	101
49.1933	2.46893	1	2009-09-27:08:19:41	101
49.19236	2.46467	1	2009-09-27:08:19:41	101
49.18931	2.46263	1	2009-09-27:08:19:41	101
49.18624	2.46066	1	2009-09-27:08:19:41	101
49.18329	2.45892	1	2009-09-27:08:19:41	101
49.18027	2.45685	1	2009-09-27:08:19:41	101
49.17761	2.45517	1	2009-09-27:08:19:41	101
49.17471	2.45332	1	2009-09-27:08:19:41	101
49.17171	2.45142	1	2009-09-27:08:19:41	101
49.16879	2.44957	1	2009-09-27:08:19:41	101
49.16576	2.44762	1	2009-09-27:08:19:41	101
49.16261	2.44815	1	2009-09-27:08:19:41	101
49.15953	2.44698	1	2009-09-27:08:19:41	101
49.15647	2.44563	1	2009-09-27:08:19:41	101
49.15341	2.44422	1	2009-09-27:08:19:41	101
49.15031	2.44285	1	2009-09-27:08:19:41	101
49.14717	2.44141	1	2009-09-27:08:19:41	101
49.14412	2.44003	1	2009-09-27:08:19:41	101
49.14091	2.43859	1	2009-09-27:08:19:41	101
49.13782	2.4372	1	2009-09-27:08:19:41	101
49.13472	2.43573	1	2009-09-27:08:19:41	101
49.13184	2.43359	1	2009-09-27:08:19:41	101
49.12894	2.4313	1	2009-09-27:08:19:41	101
49.12619	2.42904	1	2009-09-27:08:19:41	101
49.12339	2.42691	1	2009-09-27:08:19:41	101
49.12027	2.42693	1	2009-09-27:08:19:41	101
49.11744	2.42842	1	2009-09-27:08:19:41	101
49.11448	2.43033	1	2009-09-27:08:19:41	101
49.11132	2.42997	1	2009-09-27:08:19:41	101
49.10854	2.42783	1	2009-09-27:08:19:41	101
49.10571	2.42553	1	2009-09-27:08:19:41	101
49.10283	2.42315	1	2009-09-27:08:19:41	101
49.09987	2.42102	1	2009-09-27:08:19:41	101
49.09697	2.41904	1	2009-09-27:08:19:41	101
49.094	2.41699	1	2009-09-27:08:19:41	101
49.09103	2.41509	1	2009-09-27:08:19:41	101
49.08785	2.41556	1	2009-09-27:08:19:41	101
49.08382	2.41461	1	2009-09-27:08:19:41	101
49.08105	2.41261	1	2009-09-27:08:19:41	101
49.07819	2.41089	1	2009-09-27:08:19:41	101
49.07532	2.40922	1	2009-09-27:08:19:41	101
49.07251	2.40759	1	2009-09-27:08:19:41	101
49.06962	2.40592	1	2009-09-27:08:19:41	101
49.06676	2.40425	1	2009-09-27:08:19:41	101
49.06382	2.40257	1	2009-09-27:08:19:41	101
49.0609	2.40108	1	2009-09-27:08:19:41	101
49.05782	2.40096	1	2009-09-27:08:19:41	101
49.05485	2.40212	1	2009-09-27:08:19:41	101
49.05177	2.40318	1	2009-09-27:08:19:41	101
49.04879	2.40253	1	2009-09-27:08:19:41	101
49.04609	2.40008	1	2009-09-27:08:19:41	101
49.0435	2.39745	1	2009-09-27:08:19:41	101
49.04065	2.39565	1	2009-09-27:08:19:41	101
49.03781	2.39395	1	2009-09-27:08:19:41	101
49.03489	2.39221	1	2009-09-27:08:19:41	101
49.03196	2.39051	1	2009-09-27:08:19:41	101
49.02913	2.38877	1	2009-09-27:08:19:41	101
49.02623	2.38726	1	2009-09-27:08:19:41	101
49.02308	2.3865	1	2009-09-27:08:19:41	101
49.01997	2.38643	1	2009-09-27:08:19:41	101
49.01681	2.38598	1	2009-09-27:08:19:41	101
49.01345	2.38492	1	2009-09-27:08:19:41	101
49.01043	2.38401	1	2009-09-27:08:19:41	101
49.00742	2.38304	1	2009-09-27:08:19:41	101
49.0043	2.38383	1	2009-09-27:08:19:41	101
49.00127	2.3851	1	2009-09-27:08:19:41	101
48.99828	2.38632	1	2009-09-27:08:19:41	101
48.99522	2.38718	1	2009-09-27:08:19:41	101
48.99214	2.38648	1	2009-09-27:08:19:41	101
48.9894	2.38423	1	2009-09-27:08:19:41	101
48.98739	2.38081	1	2009-09-27:08:19:41	101
48.98592	2.37656	1	2009-09-27:08:19:41	101
48.98439	2.37251	1	2009-09-27:08:19:41	101
48.98205	2.36974	1	2009-09-27:08:19:41	101
48.97903	2.3683	1	2009-09-27:08:19:41	101
48.97612	2.36682	1	2009-09-27:08:19:41	101
48.97298	2.36606	1	2009-09-27:08:19:41	101
48.9699	2.36564	1	2009-09-27:08:19:41	101
48.96696	2.36442	1	2009-09-27:08:19:41	101
48.96437	2.36173	1	2009-09-27:08:19:41	101
48.96204	2.35903	1	2009-09-27:08:19:41	101
48.95893	2.35865	1	2009-09-27:08:19:41	101
48.95571	2.35823	1	2009-09-27:08:19:41	101
48.95259	2.35791	1	2009-09-27:08:19:41	101
48.94943	2.35754	1	2009-09-27:08:19:41	101
48.94664	2.35798	1	2009-09-27:08:19:41	101
48.94435	2.36136	1	2009-09-27:08:19:41	101
48.94217	2.36492	1	2009-09-27:08:19:41	101
48.93994	2.36825	1	2009-09-27:08:19:41	101
48.93707	2.3679	1	2009-09-27:08:19:41	101
48.93401	2.36699	1	2009-09-27:08:19:41	101
48.93158	2.36399	1	2009-09-27:08:19:41	101
48.92975	2.36033	1	2009-09-27:08:19:41	101
48.93022	2.35685	1	2009-09-27:08:19:41	101
48.92743	2.35656	1	2009-09-27:08:19:41	101
48.92424	2.35671	1	2009-09-27:08:19:41	101
48.9212	2.35697	1	2009-09-27:08:19:41	101
48.91806	2.35725	1	2009-09-27:08:19:41	101
48.91492	2.35742	1	2009-09-27:08:19:41	101
48.91177	2.35771	1	2009-09-27:08:19:41	101
48.90703	2.35813	1	2009-09-27:08:19:41	101
48.90395	2.3584	1	2009-09-27:08:19:41	101
48.90097	2.35839	1	2009-09-27:08:19:41	101
48.89874	2.35682	1	2009-09-27:08:19:41	101
48.89861	2.35261	1	2009-09-27:08:19:41	101
48.89823	2.34799	1	2009-09-27:08:19:41	101
48.89755	2.34443	1	2009-09-27:08:19:41	101
48.89562	2.3413	1	2009-09-27:08:19:41	101
48.89467	2.34079	1	2009-09-27:08:19:41	101
48.89465	2.34063	1	2009-09-27:08:19:41	101
48.89461	2.34061	1	2009-09-27:08:19:41	101
48.89455	2.34059	1	2009-09-27:08:19:41	101
48.89447	2.34057	1	2009-09-27:08:19:41	101
48.89438	2.34057	1	2009-09-27:08:19:41	101
48.89423	2.34053	1	2009-09-27:08:19:41	101
48.89415	2.34053	1	2009-09-27:08:19:41	101
48.89408	2.3405	1	2009-09-27:08:19:41	101
48.89393	2.34047	1	2009-09-27:08:19:41	101
48.89384	2.34046	1	2009-09-27:08:19:41	101
48.89376	2.34043	1	2009-09-27:08:19:41	101
48.89371	2.34044	1	2009-09-27:08:19:41	101
48.89365	2.34043	1	2009-09-27:08:19:41	101
48.8936	2.34042	1	2009-09-27:08:19:41	101
48.89354	2.3404	1	2009-09-27:08:19:41	101
48.89347	2.34036	1	2009-09-27:08:19:41	101
48.89341	2.3403	1	2009-09-27:08:19:41	101
48.89336	2.34024	1	2009-09-27:08:19:41	101
48.89332	2.3402	1	2009-09-27:08:19:41	101
48.8933	2.34015	1	2009-09-27:08:19:41	101
48.89314	2.34015	1	2009-09-27:08:19:41	101
48.89311	2.34024	1	2009-09-27:08:19:41	101
48.89311	2.34024	1	2009-09-27:08:19:41	101
48.89307	2.34026	1	2009-09-27:11:04:22	102
48.89298	2.34118	1	2009-09-27:11:04:22	102
48.89288	2.34177	1	2009-09-27:11:04:22	102
48.89282	2.34241	1	2009-09-27:11:04:22	102
48.89274	2.34315	1	2009-09-27:11:04:22	102
48.89271	2.34383	1	2009-09-27:11:04:22	102
48.89253	2.34441	1	2009-09-27:11:04:22	102
48.89239	2.34501	1	2009-09-27:11:04:22	102
48.89223	2.34576	1	2009-09-27:11:04:22	102
48.89189	2.34627	1	2009-09-27:11:04:22	102
48.89148	2.34683	1	2009-09-27:11:04:22	102
48.8913	2.3472	1	2009-09-27:11:04:22	102
48.89096	2.34758	1	2009-09-27:11:04:22	102
48.8905	2.34797	1	2009-09-27:11:04:22	102
48.89018	2.34846	1	2009-09-27:11:04:22	102
48.8899	2.3491	1	2009-09-27:11:04:22	102
48.88983	2.34976	1	2009-09-27:11:04:22	102
48.88957	2.3498	1	2009-09-27:11:04:22	102
48.88911	2.34986	1	2009-09-27:11:04:22	102
48.88845	2.34989	1	2009-09-27:11:04:22	102
48.88812	2.34991	1	2009-09-27:11:04:22	102
48.88766	2.34999	1	2009-09-27:11:04:22	102
48.88718	2.34975	1	2009-09-27:11:04:22	102
48.8868	2.34999	1	2009-09-27:11:04:22	102
48.88636	2.34986	1	2009-09-27:11:04:22	102
48.88589	2.35002	1	2009-09-27:11:04:22	102
48.88548	2.34991	1	2009-09-27:11:04:22	102
48.88497	2.35	1	2009-09-27:11:04:22	102
48.88448	2.34969	1	2009-09-27:11:04:22	102
48.88398	2.3496	1	2009-09-27:11:04:22	102
48.88355	2.34943	1	2009-09-27:11:04:22	102
48.88325	2.34982	1	2009-09-27:11:04:22	102
48.88277	2.35021	1	2009-09-27:11:04:22	102
48.88249	2.35073	1	2009-09-27:11:04:22	102
48.8821	2.35124	1	2009-09-27:11:04:22	102
48.8817	2.35166	1	2009-09-27:11:04:22	102
48.88119	2.35161	1	2009-09-27:11:04:22	102
48.88084	2.35216	1	2009-09-27:11:04:22	102
48.8804	2.35218	1	2009-09-27:11:04:22	102
48.87978	2.35238	1	2009-09-27:11:04:22	102
48.87909	2.35362	1	2009-09-27:11:04:22	102
48.87851	2.35397	1	2009-09-27:11:04:22	102
48.87822	2.35382	1	2009-09-27:11:04:22	102
48.87775	2.35403	1	2009-09-27:11:04:22	102
48.87725	2.35419	1	2009-09-27:11:04:22	102
48.87691	2.35462	1	2009-09-27:11:04:22	102
48.87658	2.35502	1	2009-09-27:11:04:22	102
48.8763	2.35546	1	2009-09-27:11:04:22	102
48.87586	2.35577	1	2009-09-27:11:04:22	102
48.87535	2.3562	1	2009-09-27:11:04:22	102
48.87498	2.35655	1	2009-09-27:11:04:22	102
48.87468	2.35712	1	2009-09-27:11:04:22	102
48.87418	2.35749	1	2009-09-27:11:04:22	102
48.87363	2.35787	1	2009-09-27:11:04:22	102
48.8732	2.35842	1	2009-09-27:11:04:22	102
48.87279	2.35885	1	2009-09-27:11:04:22	102
48.87192	2.35984	1	2009-09-27:11:04:22	102
48.87141	2.35998	1	2009-09-27:11:04:22	102
48.87104	2.36032	1	2009-09-27:11:04:22	102
48.87073	2.36088	1	2009-09-27:11:04:22	102
48.87019	2.36126	1	2009-09-27:11:04:22	102
48.86971	2.36142	1	2009-09-27:11:04:22	102
48.8692	2.36187	1	2009-09-27:11:04:22	102
48.86872	2.36229	1	2009-09-27:11:04:22	102
48.86852	2.36241	1	2009-09-27:11:04:22	102
48.86819	2.36293	1	2009-09-27:11:04:22	102
48.86814	2.36309	1	2009-09-27:11:04:22	102
48.86809	2.36281	1	2009-09-27:11:04:22	102
48.86793	2.36245	1	2009-09-27:11:04:22	102
48.86745	2.36261	1	2009-09-27:11:04:22	102
48.86743	2.36304	1	2009-09-27:11:04:22	102
48.86711	2.36343	1	2009-09-27:11:04:22	102
48.86674	2.36384	1	2009-09-27:11:04:22	102
48.86649	2.3643	1	2009-09-27:11:04:22	102
48.86621	2.36473	1	2009-09-27:11:04:22	102
48.86581	2.365	1	2009-09-27:11:04:22	102
48.86545	2.3652	1	2009-09-27:11:04:22	102
48.86504	2.36547	1	2009-09-27:11:04:22	102
48.86461	2.36564	1	2009-09-27:11:04:22	102
48.86473	2.36609	1	2009-09-27:11:04:22	102
48.86428	2.36621	1	2009-09-27:11:04:22	102
48.86383	2.36629	1	2009-09-27:11:04:22	102
48.8634	2.36648	1	2009-09-27:11:04:22	102
48.86299	2.36679	1	2009-09-27:11:04:22	102
48.86255	2.36687	1	2009-09-27:11:04:22	102
48.86212	2.36686	1	2009-09-27:11:04:22	102
48.8617	2.36711	1	2009-09-27:11:04:22	102
48.86132	2.36734	1	2009-09-27:11:04:22	102
48.86099	2.36711	1	2009-09-27:11:04:22	102
48.86056	2.36729	1	2009-09-27:11:04:22	102
48.86014	2.36746	1	2009-09-27:11:04:22	102
48.85974	2.36751	1	2009-09-27:11:04:22	102
48.85933	2.36763	1	2009-09-27:11:04:22	102
48.85888	2.36777	1	2009-09-27:11:04:22	102
48.8585	2.36785	1	2009-09-27:11:04:22	102
48.85805	2.36798	1	2009-09-27:11:04:22	102
48.85762	2.36803	1	2009-09-27:11:04:22	102
48.85719	2.36808	1	2009-09-27:11:04:22	102
48.85677	2.36813	1	2009-09-27:11:04:22	102
48.85631	2.36826	1	2009-09-27:11:04:22	102
48.85583	2.36837	1	2009-09-27:11:04:22	102
48.85542	2.36849	1	2009-09-27:11:04:22	102
48.85501	2.36856	1	2009-09-27:11:04:22	102
48.85459	2.3687	1	2009-09-27:11:04:22	102
48.85418	2.36884	1	2009-09-27:11:04:22	102
48.85377	2.3689	1	2009-09-27:11:04:22	102
48.85337	2.36856	1	2009-09-27:11:04:22	102
48.85301	2.36836	1	2009-09-27:11:04:22	102
48.85275	2.36874	1	2009-09-27:11:04:22	102
48.85243	2.36912	1	2009-09-27:11:04:22	102
48.852	2.36921	1	2009-09-27:11:04:22	102
48.85179	2.36909	1	2009-09-27:11:04:22	102
48.85135	2.36896	1	2009-09-27:11:04:22	102
48.85098	2.3686	1	2009-09-27:11:04:22	102
48.85059	2.36834	1	2009-09-27:11:04:22	102
48.85013	2.36816	1	2009-09-27:11:04:22	102
48.84973	2.36797	1	2009-09-27:11:04:22	102
48.84934	2.3677	1	2009-09-27:11:04:22	102
48.84893	2.36751	1	2009-09-27:11:04:22	102
48.84854	2.36729	1	2009-09-27:11:04:22	102
48.8481	2.36717	1	2009-09-27:11:04:22	102
48.84766	2.36694	1	2009-09-27:11:04:22	102
48.84722	2.36682	1	2009-09-27:11:04:22	102
48.84681	2.36668	1	2009-09-27:11:04:22	102
48.84634	2.36663	1	2009-09-27:11:04:22	102
48.84597	2.36697	1	2009-09-27:11:04:22	102
48.84571	2.36725	1	2009-09-27:11:04:22	102
48.8456	2.367	1	2009-09-27:11:04:22	102
48.84546	2.36679	1	2009-09-27:11:04:22	102
48.84534	2.36657	1	2009-09-27:11:04:22	102
48.84506	2.36611	1	2009-09-27:11:04:22	102
48.84475	2.36566	1	2009-09-27:11:04:22	102
48.84447	2.36519	1	2009-09-27:11:04:22	102
48.8442	2.36467	1	2009-09-27:11:04:22	102
48.84382	2.36443	1	2009-09-27:11:04:22	102
48.84344	2.36427	1	2009-09-27:11:04:22	102
48.84324	2.36399	1	2009-09-27:11:04:22	102
48.8429	2.36381	1	2009-09-27:11:04:22	102
48.84254	2.36358	1	2009-09-27:11:04:22	102
48.84218	2.36331	1	2009-09-27:11:04:22	102
48.84181	2.36297	1	2009-09-27:11:04:22	102
48.84144	2.36276	1	2009-09-27:11:04:22	102
48.84108	2.36243	1	2009-09-27:11:04:22	102
48.84071	2.36219	1	2009-09-27:11:04:22	102
48.84049	2.36198	1	2009-09-27:11:04:22	102
48.8401	2.36176	1	2009-09-27:11:04:22	102
48.83971	2.36149	1	2009-09-27:11:04:22	102
48.83934	2.36118	1	2009-09-27:11:04:22	102
48.83897	2.36088	1	2009-09-27:11:04:22	102
48.8386	2.3606	1	2009-09-27:11:04:22	102
48.83824	2.36028	1	2009-09-27:11:04:22	102
48.83785	2.36005	1	2009-09-27:11:04:22	102
48.83748	2.35974	1	2009-09-27:11:04:22	102
48.83712	2.35945	1	2009-09-27:11:04:22	102
48.83677	2.35918	1	2009-09-27:11:04:22	102
48.83637	2.35888	1	2009-09-27:11:04:22	102
48.836	2.35861	1	2009-09-27:11:04:22	102
48.83561	2.35833	1	2009-09-27:11:04:22	102
48.83526	2.35803	1	2009-09-27:11:04:22	102
48.83486	2.35781	1	2009-09-27:11:04:22	102
48.83449	2.35759	1	2009-09-27:11:04:22	102
48.83415	2.35721	1	2009-09-27:11:04:22	102
48.83375	2.35694	1	2009-09-27:11:04:22	102
48.83337	2.35668	1	2009-09-27:11:04:22	102
48.83302	2.35633	1	2009-09-27:11:04:22	102
48.83262	2.35611	1	2009-09-27:11:04:22	102
48.83224	2.35589	1	2009-09-27:11:04:22	102
48.83197	2.35547	1	2009-09-27:11:04:22	102
48.83174	2.355	1	2009-09-27:11:04:22	102
48.83136	2.35479	1	2009-09-27:11:04:22	102
48.83102	2.35516	1	2009-09-27:11:04:22	102
48.83083	2.3557	1	2009-09-27:11:04:22	102
48.83065	2.35609	1	2009-09-27:11:04:22	102
48.83028	2.35644	1	2009-09-27:11:04:22	102
48.82994	2.35671	1	2009-09-27:11:04:22	102
48.82955	2.35702	1	2009-09-27:11:04:22	102
48.82916	2.35732	1	2009-09-27:11:04:22	102
48.82885	2.35762	1	2009-09-27:11:04:22	102
48.82846	2.35791	1	2009-09-27:11:04:22	102
48.82808	2.3583	1	2009-09-27:11:04:22	102
48.8277	2.35858	1	2009-09-27:11:04:22	102
48.82738	2.35894	1	2009-09-27:11:04:22	102
48.82699	2.35924	1	2009-09-27:11:04:22	102
48.8266	2.3595	1	2009-09-27:11:04:22	102
48.82625	2.35982	1	2009-09-27:11:04:22	102
48.82593	2.3601	1	2009-09-27:11:04:22	102
48.82556	2.36038	1	2009-09-27:11:04:22	102
48.82517	2.36052	1	2009-09-27:11:04:22	102
48.82484	2.36084	1	2009-09-27:11:04:22	102
48.8245	2.36113	1	2009-09-27:11:04:22	102
48.82411	2.36134	1	2009-09-27:11:04:22	102
48.82369	2.3615	1	2009-09-27:11:04:22	102
48.82364	2.36202	1	2009-09-27:11:04:22	102
48.8238	2.36255	1	2009-09-27:11:04:22	102
48.82414	2.36293	1	2009-09-27:11:04:22	102
48.82445	2.36313	1	2009-09-27:11:04:22	102
48.8242	2.36318	1	2009-09-27:11:04:22	102
48.8242	2.3633	1	2009-09-27:11:04:22	102
48.82418	2.36378	1	2009-09-27:11:04:22	102
48.82395	2.36428	1	2009-09-27:11:04:22	102
48.82362	2.36456	1	2009-09-27:11:04:22	102
48.82324	2.36485	1	2009-09-27:11:04:22	102
48.82289	2.36527	1	2009-09-27:11:04:22	102
48.82254	2.36564	1	2009-09-27:11:04:22	102
48.8225	2.36605	1	2009-09-27:11:04:22	102
48.8227	2.36635	1	2009-09-27:11:04:22	102
48.82274	2.36638	1	2009-09-27:11:04:22	102
48.82277	2.36641	1	2009-09-27:11:04:22	102
48.8228	2.36644	1	2009-09-27:11:04:22	102
48.82283	2.36647	1	2009-09-27:11:04:22	102
48.82285	2.36648	1	2009-09-27:11:04:22	102
48.82287	2.3665	1	2009-09-27:11:04:22	102
48.8229	2.36648	1	2009-09-27:11:04:22	102
48.8229	2.36646	1	2009-09-27:11:04:22	102
48.82292	2.36644	1	2009-09-27:11:04:22	102
48.82291	2.36644	1	2009-09-27:11:04:22	102
48.82293	2.36643	1	2009-09-27:11:04:22	102
48.82294	2.36645	1	2009-09-27:11:04:22	102
48.8229	2.36652	1	2009-09-27:11:04:22	102
48.8229	2.36654	1	2009-09-27:11:04:22	102
48.82288	2.36657	1	2009-09-27:11:04:22	102
48.8229	2.36659	1	2009-09-27:11:04:22	102
48.82288	2.3666	1	2009-09-27:11:04:22	102
48.82288	2.36662	1	2009-09-27:11:04:22	102
48.82288	2.36664	1	2009-09-27:11:04:22	102
48.82289	2.36667	1	2009-09-27:11:04:22	102
48.82292	2.36666	1	2009-09-27:11:04:22	102
48.82278	2.36651	1	2009-09-27:11:04:22	102
48.82129	2.36871	1	2009-09-27:12:53:49	103
48.82032	2.37139	1	2009-09-27:12:53:49	103
48.81916	2.37359	1	2009-09-27:12:53:49	103
48.81782	2.3735	1	2009-09-27:12:53:49	103
48.81692	2.37127	1	2009-09-27:12:53:49	103
48.81619	2.36911	1	2009-09-27:12:53:49	103
48.81585	2.36664	1	2009-09-27:12:53:49	103
48.81502	2.36389	1	2009-09-27:12:53:49	103
48.81468	2.36131	1	2009-09-27:12:53:49	103
48.81413	2.35908	1	2009-09-27:12:53:49	103
48.81337	2.35669	1	2009-09-27:12:53:49	103
48.81222	2.35449	1	2009-09-27:12:53:49	103
48.81289	2.35135	1	2009-09-27:12:53:49	103
48.81455	2.34946	1	2009-09-27:12:53:49	103
48.81436	2.34724	1	2009-09-27:12:53:49	103
48.81334	2.34509	1	2009-09-27:12:53:49	103
48.81232	2.3433	1	2009-09-27:12:53:49	103
48.81162	2.34151	1	2009-09-27:12:53:49	103
48.81098	2.33911	1	2009-09-27:12:53:49	103
48.81127	2.33672	1	2009-09-27:12:53:49	103
48.81123	2.33408	1	2009-09-27:12:53:49	103
48.8107	2.33164	1	2009-09-27:12:53:49	103
48.81052	2.32912	1	2009-09-27:12:53:49	103
48.81034	2.32676	1	2009-09-27:12:53:49	103
48.80974	2.3245	1	2009-09-27:12:53:49	103
48.80983	2.3219	1	2009-09-27:12:53:49	103
48.81005	2.31941	1	2009-09-27:12:53:49	103
48.81021	2.31696	1	2009-09-27:12:53:49	103
48.8102	2.31435	1	2009-09-27:12:53:49	103
48.81042	2.31181	1	2009-09-27:12:53:49	103
48.81056	2.30957	1	2009-09-27:12:53:49	103
48.81088	2.30714	1	2009-09-27:12:53:49	103
48.81109	2.3052	1	2009-09-27:12:53:49	103
48.8112	2.30343	1	2009-09-27:12:53:49	103
48.8117	2.3015	1	2009-09-27:12:53:49	103
48.81165	2.30022	1	2009-09-27:12:53:49	103
48.81029	2.29904	1	2009-09-27:12:53:49	103
48.80914	2.29726	1	2009-09-27:12:53:49	103
48.80799	2.29543	1	2009-09-27:12:53:49	103
48.80706	2.29342	1	2009-09-27:12:53:49	103
48.80586	2.29169	1	2009-09-27:12:53:49	103
48.80481	2.28968	1	2009-09-27:12:53:49	103
48.80366	2.28792	1	2009-09-27:12:53:49	103
48.80256	2.28616	1	2009-09-27:12:53:49	103
48.80139	2.28427	1	2009-09-27:12:53:49	103
48.80028	2.28239	1	2009-09-27:12:53:49	103
48.79914	2.2805	1	2009-09-27:12:53:49	103
48.79799	2.27853	1	2009-09-27:12:53:49	103
48.79691	2.27665	1	2009-09-27:12:53:49	103
48.7958	2.27473	1	2009-09-27:12:53:49	103
48.79468	2.27279	1	2009-09-27:12:53:49	103
48.79357	2.27093	1	2009-09-27:12:53:49	103
48.7926	2.26886	1	2009-09-27:12:53:49	103
48.79179	2.26664	1	2009-09-27:12:53:49	103
48.79087	2.26452	1	2009-09-27:12:53:49	103
48.79001	2.26229	1	2009-09-27:12:53:49	103
48.78919	2.26022	1	2009-09-27:12:53:49	103
48.78835	2.25812	1	2009-09-27:12:53:49	103
48.78745	2.25605	1	2009-09-27:12:53:49	103
48.7866	2.25402	1	2009-09-27:12:53:49	103
48.78574	2.25187	1	2009-09-27:12:53:49	103
48.78489	2.24986	1	2009-09-27:12:53:49	103
48.78403	2.24772	1	2009-09-27:12:53:49	103
48.7832	2.24556	1	2009-09-27:12:53:49	103
48.7826	2.24393	1	2009-09-27:12:53:49	103
48.7817	2.24193	1	2009-09-27:12:53:49	103
48.78079	2.23985	1	2009-09-27:12:53:49	103
48.77992	2.23772	1	2009-09-27:12:53:49	103
48.77909	2.23561	1	2009-09-27:12:53:49	103
48.77819	2.23358	1	2009-09-27:12:53:49	103
48.7774	2.23155	1	2009-09-27:12:53:49	103
48.77657	2.22964	1	2009-09-27:12:53:49	103
48.77518	2.22867	1	2009-09-27:12:53:49	103
48.77352	2.22889	1	2009-09-27:12:53:49	103
48.77199	2.22911	1	2009-09-27:12:53:49	103
48.77009	2.22921	1	2009-09-27:12:53:49	103
48.7685	2.22956	1	2009-09-27:12:53:49	103
48.76699	2.2295	1	2009-09-27:12:53:49	103
48.76562	2.22844	1	2009-09-27:12:53:49	103
48.76431	2.22702	1	2009-09-27:12:53:49	103
48.76305	2.22537	1	2009-09-27:12:53:49	103
48.76186	2.22375	1	2009-09-27:12:53:49	103
48.76083	2.22203	1	2009-09-27:12:53:49	103
48.75959	2.22057	1	2009-09-27:12:53:49	103
48.75816	2.21931	1	2009-09-27:12:53:49	103
48.75674	2.21818	1	2009-09-27:12:53:49	103
48.75555	2.21659	1	2009-09-27:12:53:49	103
48.75469	2.21516	1	2009-09-27:12:53:49	103
48.75323	2.21573	1	2009-09-27:12:53:49	103
48.752	2.21419	1	2009-09-27:12:53:49	103
48.7509	2.21245	1	2009-09-27:12:53:49	103
48.75085	2.21015	1	2009-09-27:12:53:49	103
48.75151	2.20793	1	2009-09-27:12:53:49	103
48.7522	2.20575	1	2009-09-27:12:53:49	103
48.7529	2.20351	1	2009-09-27:12:53:49	103
48.75368	2.2013	1	2009-09-27:12:53:49	103
48.75447	2.19927	1	2009-09-27:12:53:49	103
48.75522	2.19709	1	2009-09-27:12:53:49	103
48.75599	2.19496	1	2009-09-27:12:53:49	103
48.75676	2.19283	1	2009-09-27:12:53:49	103
48.75779	2.19095	1	2009-09-27:12:53:49	103
48.75839	2.18875	1	2009-09-27:12:53:49	103
48.75922	2.18673	1	2009-09-27:12:53:49	103
48.76043	2.18511	1	2009-09-27:12:53:49	103
48.76137	2.18322	1	2009-09-27:12:53:49	103
48.76177	2.18087	1	2009-09-27:12:53:49	103
48.7617	2.17851	1	2009-09-27:12:53:49	103
48.76145	2.17618	1	2009-09-27:12:53:49	103
48.76134	2.17367	1	2009-09-27:12:53:49	103
48.76159	2.17139	1	2009-09-27:12:53:49	103
48.76232	2.16921	1	2009-09-27:12:53:49	103
48.76326	2.16749	1	2009-09-27:12:53:49	103
48.76382	2.16539	1	2009-09-27:12:53:49	103
48.76405	2.16308	1	2009-09-27:12:53:49	103
48.76423	2.16109	1	2009-09-27:12:53:49	103
48.76376	2.15891	1	2009-09-27:12:53:49	103
48.7643	2.15663	1	2009-09-27:12:53:49	103
48.76515	2.15468	1	2009-09-27:12:53:49	103
48.76528	2.15216	1	2009-09-27:12:53:49	103
48.76534	2.1498	1	2009-09-27:12:53:49	103
48.76403	2.14834	1	2009-09-27:12:53:49	103
48.76353	2.14701	1	2009-09-27:12:53:49	103
48.76429	2.14482	1	2009-09-27:12:53:49	103
48.76446	2.14242	1	2009-09-27:12:53:49	103
48.76465	2.14021	1	2009-09-27:12:53:49	103
48.76559	2.13834	1	2009-09-27:12:53:49	103
48.76629	2.13618	1	2009-09-27:12:53:49	103
48.76699	2.13404	1	2009-09-27:12:53:49	103
48.7674	2.13178	1	2009-09-27:12:53:49	103
48.76792	2.12967	1	2009-09-27:12:53:49	103
48.76935	2.12921	1	2009-09-27:12:53:49	103
48.77055	2.13071	1	2009-09-27:12:53:49	103
48.77171	2.13226	1	2009-09-27:12:53:49	103
48.77322	2.13296	1	2009-09-27:12:53:49	103
48.7747	2.13353	1	2009-09-27:12:53:49	103
48.77559	2.13165	1	2009-09-27:12:53:49	103
48.77594	2.13036	1	2009-09-27:12:53:49	103
48.77597	2.1303	1	2009-09-27:12:53:49	103
48.776	2.13023	1	2009-09-27:12:53:49	103
48.77603	2.13017	1	2009-09-27:12:53:49	103
48.77606	2.13011	1	2009-09-27:12:53:49	103
48.77609	2.13006	1	2009-09-27:12:53:49	103
48.77612	2.13002	1	2009-09-27:12:53:49	103
48.77613	2.12998	1	2009-09-27:12:53:49	103
48.77615	2.12997	1	2009-09-27:12:53:49	103
48.77615	2.12999	1	2009-09-27:12:53:49	103
48.77613	2.12998	1	2009-09-27:12:53:49	103
48.77611	2.13	1	2009-09-27:12:53:49	103
48.77609	2.13002	1	2009-09-27:12:53:49	103
48.77607	2.13006	1	2009-09-27:12:53:49	103
48.77605	2.13009	1	2009-09-27:12:53:49	103
48.77603	2.13011	1	2009-09-27:12:53:49	103
48.77601	2.13013	1	2009-09-27:12:53:49	103
48.77599	2.13012	1	2009-09-27:12:53:49	103
48.77598	2.13014	1	2009-09-27:12:53:49	103
48.77596	2.13016	1	2009-09-27:12:53:49	103
48.77595	2.13022	1	2009-09-27:12:53:49	103
48.77607	2.13032	1	2009-09-27:12:53:49	103
48.77607	2.13032	1	2009-09-27:12:53:49	103
48.77607	2.13032	1	2009-09-27:14:19:10	104
48.77512	2.13302	1	2009-09-27:14:19:10	104
48.77349	2.13301	1	2009-09-27:14:19:10	104
48.77171	2.13218	1	2009-09-27:14:19:10	104
48.77055	2.1303	1	2009-09-27:14:19:10	104
48.76893	2.12889	1	2009-09-27:14:19:10	104
48.76726	2.12938	1	2009-09-27:14:19:10	104
48.76577	2.12825	1	2009-09-27:14:19:10	104
48.7642	2.12709	1	2009-09-27:14:19:10	104
48.76262	2.12601	1	2009-09-27:14:19:10	104
48.76108	2.12482	1	2009-09-27:14:19:10	104
48.75934	2.12358	1	2009-09-27:14:19:10	104
48.75718	2.12204	1	2009-09-27:14:19:10	104
48.75518	2.12068	1	2009-09-27:14:19:10	104
48.75295	2.12031	1	2009-09-27:14:19:10	104
48.75091	2.12001	1	2009-09-27:14:19:10	104
48.74959	2.12101	1	2009-09-27:14:19:10	104
48.74866	2.12177	1	2009-09-27:14:19:10	104
48.74706	2.1223	1	2009-09-27:14:19:10	104
48.74521	2.1222	1	2009-09-27:14:19:10	104
48.74346	2.12117	1	2009-09-27:14:19:10	104
48.74251	2.11912	1	2009-09-27:14:19:10	104
48.7413	2.11752	1	2009-09-27:14:19:10	104
48.74088	2.11469	1	2009-09-27:14:19:10	104
48.74054	2.11189	1	2009-09-27:14:19:10	104
48.73986	2.10956	1	2009-09-27:14:19:10	104
48.73829	2.10821	1	2009-09-27:14:19:10	104
48.73665	2.10697	1	2009-09-27:14:19:10	104
48.73513	2.10565	1	2009-09-27:14:19:10	104
48.73369	2.10434	1	2009-09-27:14:19:10	104
48.73217	2.10287	1	2009-09-27:14:19:10	104
48.7319	2.1002	1	2009-09-27:14:19:10	104
48.73229	2.09822	1	2009-09-27:14:19:10	104
48.73269	2.09691	1	2009-09-27:14:19:10	104
48.73304	2.0952	1	2009-09-27:14:19:10	104
48.73331	2.09312	1	2009-09-27:14:19:10	104
48.73219	2.09196	1	2009-09-27:14:19:10	104
48.73066	2.09217	1	2009-09-27:14:19:10	104
48.72925	2.09351	1	2009-09-27:14:19:10	104
48.72769	2.0941	1	2009-09-27:14:19:10	104
48.72617	2.09489	1	2009-09-27:14:19:10	104
48.72465	2.0939	1	2009-09-27:14:19:10	104
48.72419	2.09129	1	2009-09-27:14:19:10	104
48.72308	2.08954	1	2009-09-27:14:19:10	104
48.72152	2.08872	1	2009-09-27:14:19:10	104
48.72001	2.08773	1	2009-09-27:14:19:10	104
48.71842	2.08712	1	2009-09-27:14:19:10	104
48.71689	2.08638	1	2009-09-27:14:19:10	104
48.71533	2.08564	1	2009-09-27:14:19:10	104
48.71372	2.08509	1	2009-09-27:14:19:10	104
48.71204	2.08459	1	2009-09-27:14:19:10	104
48.71042	2.08502	1	2009-09-27:14:19:10	104
48.70943	2.08295	1	2009-09-27:14:19:10	104
48.70962	2.08023	1	2009-09-27:14:19:10	104
48.70905	2.07758	1	2009-09-27:14:19:10	104
48.70764	2.07561	1	2009-09-27:14:19:10	104
48.70657	2.0737	1	2009-09-27:14:19:10	104
48.70612	2.07166	1	2009-09-27:14:19:10	104
48.70723	2.07059	1	2009-09-27:14:19:10	104
48.70739	2.06809	1	2009-09-27:14:19:10	104
48.70699	2.06556	1	2009-09-27:14:19:10	104
48.70676	2.06318	1	2009-09-27:14:19:10	104
48.70648	2.06081	1	2009-09-27:14:19:10	104
48.70631	2.05821	1	2009-09-27:14:19:10	104
48.70654	2.05577	1	2009-09-27:14:19:10	104
48.70676	2.05335	1	2009-09-27:14:19:10	104
48.70706	2.051	1	2009-09-27:14:19:10	104
48.70749	2.04862	1	2009-09-27:14:19:10	104
48.70768	2.04616	1	2009-09-27:14:19:10	104
48.70754	2.04384	1	2009-09-27:14:19:10	104
48.70754	2.04147	1	2009-09-27:14:19:10	104
48.70753	2.03908	1	2009-09-27:14:19:10	104
48.70714	2.03701	1	2009-09-27:14:19:10	104
48.7064	2.03489	1	2009-09-27:14:19:10	104
48.70588	2.03256	1	2009-09-27:14:19:10	104
48.70496	2.03042	1	2009-09-27:14:19:10	104
48.70401	2.02834	1	2009-09-27:14:19:10	104
48.70412	2.02582	1	2009-09-27:14:19:10	104
48.70394	2.02328	1	2009-09-27:14:19:10	104
48.70383	2.02085	1	2009-09-27:14:19:10	104
48.70371	2.01842	1	2009-09-27:14:19:10	104
48.70347	2.01611	1	2009-09-27:14:19:10	104
48.70249	2.01692	1	2009-09-27:14:19:10	104
48.70192	2.01812	1	2009-09-27:14:19:10	104
48.70187	2.01797	1	2009-09-27:14:19:10	104
48.70317	2.01706	1	2009-09-27:14:19:10	104
48.70341	2.01494	1	2009-09-27:14:19:10	104
48.70399	2.01263	1	2009-09-27:14:19:10	104
48.70404	2.01022	1	2009-09-27:14:19:10	104
48.70446	2.00787	1	2009-09-27:14:19:10	104
48.70491	2.00554	1	2009-09-27:14:19:10	104
48.7053	2.0032	1	2009-09-27:14:19:10	104
48.70576	2.00098	1	2009-09-27:14:19:10	104
48.70638	1.99871	1	2009-09-27:14:19:10	104
48.70703	1.99643	1	2009-09-27:14:19:10	104
48.70712	1.994	1	2009-09-27:14:19:10	104
48.70713	1.99162	1	2009-09-27:14:19:10	104
48.70698	1.98918	1	2009-09-27:14:19:10	104
48.70613	1.98713	1	2009-09-27:14:19:10	104
48.70593	1.98677	1	2009-09-27:14:19:10	104
48.70499	1.98582	1	2009-09-27:14:19:10	104
48.7043	1.98481	1	2009-09-27:14:19:10	104
48.70304	1.98352	1	2009-09-27:14:19:10	104
48.70198	1.98159	1	2009-09-27:14:19:10	104
48.70056	1.98054	1	2009-09-27:14:19:10	104
48.69904	1.97952	1	2009-09-27:14:19:10	104
48.69753	1.97859	1	2009-09-27:14:19:10	104
48.69601	1.9775	1	2009-09-27:14:19:10	104
48.69453	1.97647	1	2009-09-27:14:19:10	104
48.69302	1.97562	1	2009-09-27:14:19:10	104
48.6915	1.97478	1	2009-09-27:14:19:10	104
48.68995	1.9738	1	2009-09-27:14:19:10	104
48.68847	1.97265	1	2009-09-27:14:19:10	104
48.68712	1.9715	1	2009-09-27:14:19:10	104
48.68565	1.97067	1	2009-09-27:14:19:10	104
48.6841	1.97006	1	2009-09-27:14:19:10	104
48.6832	1.9681	1	2009-09-27:14:19:10	104
48.68267	1.96578	1	2009-09-27:14:19:10	104
48.68117	1.9651	1	2009-09-27:14:19:10	104
48.67998	1.9661	1	2009-09-27:14:19:10	104
48.67893	1.96623	1	2009-09-27:14:19:10	104
48.67894	1.96635	1	2009-09-27:14:19:10	104
48.67902	1.96787	1	2009-09-27:14:19:10	104
48.67986	1.96985	1	2009-09-27:14:19:10	104
48.68011	1.97199	1	2009-09-27:14:19:10	104
48.68012	1.97418	1	2009-09-27:14:19:10	104
48.68026	1.97644	1	2009-09-27:14:19:10	104
48.68002	1.97856	1	2009-09-27:14:19:10	104
48.67934	1.98067	1	2009-09-27:14:19:10	104
48.67942	1.9824	1	2009-09-27:14:19:10	104
48.68082	1.98154	1	2009-09-27:14:19:10	104
48.68189	1.98204	1	2009-09-27:14:19:10	104
48.68278	1.98204	1	2009-09-27:14:19:10	104
48.68149	1.98213	1	2009-09-27:14:19:10	104
48.68002	1.98313	1	2009-09-27:14:19:10	104
48.67885	1.98491	1	2009-09-27:14:19:10	104
48.67764	1.98642	1	2009-09-27:14:19:10	104
48.67673	1.98771	1	2009-09-27:14:19:10	104
48.67742	1.99012	1	2009-09-27:14:19:10	104
48.67793	1.99234	1	2009-09-27:14:19:10	104
48.67886	1.99422	1	2009-09-27:14:19:10	104
48.67991	1.99603	1	2009-09-27:14:19:10	104
48.68101	1.99767	1	2009-09-27:14:19:10	104
48.68204	1.99951	1	2009-09-27:14:19:10	104
48.6831	2.00138	1	2009-09-27:14:19:10	104
48.68421	2.00301	1	2009-09-27:14:19:10	104
48.68502	2.00496	1	2009-09-27:14:19:10	104
48.68544	2.00719	1	2009-09-27:14:19:10	104
48.68607	2.01015	1	2009-09-27:14:19:10	104
48.68539	2.01201	1	2009-09-27:14:19:10	104
48.68542	2.01376	1	2009-09-27:14:19:10	104
48.68694	2.01405	1	2009-09-27:14:19:10	104
48.68851	2.01423	1	2009-09-27:14:19:10	104
48.69005	2.01472	1	2009-09-27:14:19:10	104
48.69138	2.01601	1	2009-09-27:14:19:10	104
48.69282	2.01715	1	2009-09-27:14:19:10	104
48.69427	2.01822	1	2009-09-27:14:19:10	104
48.6956	2.0194	1	2009-09-27:14:19:10	104
48.69663	2.02101	1	2009-09-27:14:19:10	104
48.69733	2.02311	1	2009-09-27:14:19:10	104
48.698	2.02525	1	2009-09-27:14:19:10	104
48.69861	2.02746	1	2009-09-27:14:19:10	104
48.6992	2.02963	1	2009-09-27:14:19:10	104
48.70058	2.03067	1	2009-09-27:14:19:10	104
48.7019	2.03185	1	2009-09-27:14:19:10	104
48.7027	2.03388	1	2009-09-27:14:19:10	104
48.70341	2.03604	1	2009-09-27:14:19:10	104
48.70455	2.03754	1	2009-09-27:14:19:10	104
48.70587	2.03778	1	2009-09-27:14:19:10	104
48.70723	2.03898	1	2009-09-27:14:19:10	104
48.70829	2.04087	1	2009-09-27:14:19:10	104
48.70766	2.04037	1	2009-09-27:14:19:10	104
48.70767	2.04277	1	2009-09-27:14:19:10	104
48.70772	2.04513	1	2009-09-27:14:19:10	104
48.70757	2.04746	1	2009-09-27:14:19:10	104
48.7072	2.04982	1	2009-09-27:14:19:10	104
48.70683	2.0522	1	2009-09-27:14:19:10	104
48.70654	2.05455	1	2009-09-27:14:19:10	104
48.70634	2.0569	1	2009-09-27:14:19:10	104
48.70621	2.05925	1	2009-09-27:14:19:10	104
48.70654	2.0616	1	2009-09-27:14:19:10	104
48.70677	2.06388	1	2009-09-27:14:19:10	104
48.70704	2.0662	1	2009-09-27:14:19:10	104
48.70738	2.0685	1	2009-09-27:14:19:10	104
48.70714	2.07089	1	2009-09-27:14:19:10	104
48.70604	2.07181	1	2009-09-27:14:19:10	104
48.70647	2.07405	1	2009-09-27:14:19:10	104
48.70761	2.0757	1	2009-09-27:14:19:10	104
48.70892	2.07741	1	2009-09-27:14:19:10	104
48.70952	2.07992	1	2009-09-27:14:19:10	104
48.70933	2.08246	1	2009-09-27:14:19:10	104
48.71002	2.08479	1	2009-09-27:14:19:10	104
48.71161	2.08467	1	2009-09-27:14:19:10	104
48.71322	2.08511	1	2009-09-27:14:19:10	104
48.71485	2.08556	1	2009-09-27:14:19:10	104
48.71648	2.08628	1	2009-09-27:14:19:10	104
48.71803	2.08699	1	2009-09-27:14:19:10	104
48.71951	2.08776	1	2009-09-27:14:19:10	104
48.72097	2.08845	1	2009-09-27:14:19:10	104
48.72244	2.08924	1	2009-09-27:14:19:10	104
48.72386	2.09039	1	2009-09-27:14:19:10	104
48.72436	2.09266	1	2009-09-27:14:19:10	104
48.72502	2.09469	1	2009-09-27:14:19:10	104
48.7265	2.09519	1	2009-09-27:14:19:10	104
48.72785	2.09412	1	2009-09-27:14:19:10	104
48.72919	2.09369	1	2009-09-27:14:19:10	104
48.73051	2.09247	1	2009-09-27:14:19:10	104
48.732	2.09195	1	2009-09-27:14:19:10	104
48.73339	2.09296	1	2009-09-27:14:19:10	104
48.73284	2.09491	1	2009-09-27:14:19:10	104
48.73252	2.09738	1	2009-09-27:14:19:10	104
48.73192	2.0994	1	2009-09-27:14:19:10	104
48.7318	2.10213	1	2009-09-27:14:19:10	104
48.73306	2.10387	1	2009-09-27:14:19:10	104
48.73451	2.10514	1	2009-09-27:14:19:10	104
48.73593	2.10644	1	2009-09-27:14:19:10	104
48.73737	2.10759	1	2009-09-27:14:19:10	104
48.73883	2.1087	1	2009-09-27:14:19:10	104
48.74007	2.11022	1	2009-09-27:14:19:10	104
48.74055	2.11242	1	2009-09-27:14:19:10	104
48.74083	2.11477	1	2009-09-27:14:19:10	104
48.74112	2.117	1	2009-09-27:14:19:10	104
48.7419	2.11892	1	2009-09-27:14:19:10	104
48.74299	2.12065	1	2009-09-27:14:19:10	104
48.74441	2.12197	1	2009-09-27:14:19:10	104
48.74603	2.12247	1	2009-09-27:14:19:10	104
48.74757	2.12234	1	2009-09-27:14:19:10	104
48.74909	2.12163	1	2009-09-27:14:19:10	104
48.75038	2.12033	1	2009-09-27:14:19:10	104
48.75201	2.1203	1	2009-09-27:14:19:10	104
48.75358	2.12053	1	2009-09-27:14:19:10	104
48.75509	2.12078	1	2009-09-27:14:19:10	104
48.75652	2.12163	1	2009-09-27:14:19:10	104
48.75793	2.12267	1	2009-09-27:14:19:10	104
48.75936	2.12379	1	2009-09-27:14:19:10	104
48.76082	2.12481	1	2009-09-27:14:19:10	104
48.76227	2.12586	1	2009-09-27:14:19:10	104
48.76369	2.1269	1	2009-09-27:14:19:10	104
48.76507	2.1279	1	2009-09-27:14:19:10	104
48.76649	2.12892	1	2009-09-27:14:19:10	104
48.76794	2.12954	1	2009-09-27:14:19:10	104
48.76945	2.12936	1	2009-09-27:14:19:10	104
48.7706	2.13094	1	2009-09-27:14:19:10	104
48.77198	2.13247	1	2009-09-27:14:19:10	104
48.77344	2.13304	1	2009-09-27:14:19:10	104
48.77493	2.13335	1	2009-09-27:14:19:10	104
48.77575	2.1313	1	2009-09-27:14:19:10	104
48.7765	2.12947	1	2009-09-27:14:19:10	104
48.77624	2.12891	1	2009-09-27:14:19:10	104
48.77626	2.12893	1	2009-09-27:14:19:10	104
48.77626	2.12895	1	2009-09-27:14:19:10	104
48.77628	2.12894	1	2009-09-27:14:19:10	104
48.77629	2.12892	1	2009-09-27:14:19:10	104
48.77632	2.12893	1	2009-09-27:14:19:10	104
48.77634	2.12892	1	2009-09-27:14:19:10	104
48.77634	2.1289	1	2009-09-27:14:19:10	104
48.77635	2.12887	1	2009-09-27:14:19:10	104
48.77636	2.12885	1	2009-09-27:14:19:10	104
48.77638	2.12882	1	2009-09-27:14:19:10	104
48.77638	2.1288	1	2009-09-27:14:19:10	104
48.7764	2.12879	1	2009-09-27:14:19:10	104
48.77642	2.12879	1	2009-09-27:14:19:10	104
48.77641	2.12886	1	2009-09-27:14:19:10	104
48.7764	2.12888	1	2009-09-27:14:19:10	104
48.77639	2.1289	1	2009-09-27:14:19:10	104
48.77641	2.12889	1	2009-09-27:14:19:10	104
48.7764	2.12886	1	2009-09-27:14:19:10	104
48.77638	2.12885	1	2009-09-27:14:19:10	104
48.77636	2.12884	1	2009-09-27:14:19:10	104
48.77632	2.12883	1	2009-09-27:14:19:10	104
48.77633	2.12882	1	2009-09-27:14:19:10	104
48.88304	2.37063	1	2009-10-04:11:35:58	105
48.88398	2.37212	1	2009-10-04:11:35:58	105
48.88455	2.37322	1	2009-10-04:11:35:58	105
48.88512	2.37432	1	2009-10-04:11:35:58	105
48.88571	2.37539	1	2009-10-04:11:35:58	105
48.88625	2.37658	1	2009-10-04:11:35:58	105
48.88679	2.37765	1	2009-10-04:11:35:58	105
48.88738	2.37884	1	2009-10-04:11:35:58	105
48.88802	2.37998	1	2009-10-04:11:35:58	105
48.88871	2.38064	1	2009-10-04:11:35:58	105
48.88928	2.38168	1	2009-10-04:11:35:58	105
48.88988	2.38279	1	2009-10-04:11:35:58	105
48.89045	2.38403	1	2009-10-04:11:35:58	105
48.89105	2.38525	1	2009-10-04:11:35:58	105
48.89162	2.38643	1	2009-10-04:11:35:58	105
48.89218	2.38746	1	2009-10-04:11:35:58	105
48.89283	2.38839	1	2009-10-04:11:35:58	105
48.89342	2.38969	1	2009-10-04:11:35:58	105
48.89405	2.39095	1	2009-10-04:11:35:58	105
48.89467	2.3923	1	2009-10-04:11:35:58	105
48.89525	2.39356	1	2009-10-04:11:35:58	105
48.89533	2.39505	1	2009-10-04:11:35:58	105
48.89529	2.39634	1	2009-10-04:11:35:58	105
48.89579	2.39718	1	2009-10-04:11:35:58	105
48.89588	2.39863	1	2009-10-04:11:35:58	105
48.89583	2.3999	1	2009-10-04:11:35:58	105
48.89579	2.40124	1	2009-10-04:11:35:58	105
48.89575	2.40297	1	2009-10-04:11:35:58	105
48.89558	2.40462	1	2009-10-04:11:35:58	105
48.89544	2.40605	1	2009-10-04:11:35:58	105
48.8955	2.40738	1	2009-10-04:11:35:58	105
48.89526	2.4086	1	2009-10-04:11:35:58	105
48.89511	2.40963	1	2009-10-04:11:35:58	105
48.89513	2.41036	1	2009-10-04:11:35:58	105
48.89511	2.4117	1	2009-10-04:11:35:58	105
48.89512	2.41302	1	2009-10-04:11:35:58	105
48.89524	2.41434	1	2009-10-04:11:35:58	105
48.89567	2.41548	1	2009-10-04:11:35:58	105
48.8964	2.41558	1	2009-10-04:11:35:58	105
48.8964	2.41655	1	2009-10-04:11:35:58	105
48.89642	2.41783	1	2009-10-04:11:35:58	105
48.89653	2.41915	1	2009-10-04:11:35:58	105
48.89659	2.42042	1	2009-10-04:11:35:58	105
48.89663	2.42174	1	2009-10-04:11:35:58	105
48.8967	2.4231	1	2009-10-04:11:35:58	105
48.89673	2.42431	1	2009-10-04:11:35:58	105
48.89653	2.42554	1	2009-10-04:11:35:58	105
48.89667	2.42691	1	2009-10-04:11:35:58	105
48.89688	2.42822	1	2009-10-04:11:35:58	105
48.89715	2.42954	1	2009-10-04:11:35:58	105
48.89742	2.43086	1	2009-10-04:11:35:58	105
48.89769	2.43222	1	2009-10-04:11:35:58	105
48.89796	2.43348	1	2009-10-04:11:35:58	105
48.898	2.43527	1	2009-10-04:11:35:58	105
48.89847	2.43654	1	2009-10-04:11:35:58	105
48.89877	2.43781	1	2009-10-04:11:35:58	105
48.89905	2.43921	1	2009-10-04:11:35:58	105
48.8993	2.4405	1	2009-10-04:11:35:58	105
48.89962	2.44204	1	2009-10-04:11:35:58	105
48.89987	2.44327	1	2009-10-04:11:35:58	105
48.90009	2.44443	1	2009-10-04:11:35:58	105
48.90037	2.44559	1	2009-10-04:11:35:58	105
48.90072	2.4469	1	2009-10-04:11:35:58	105
48.90095	2.44812	1	2009-10-04:11:35:58	105
48.90107	2.4487	1	2009-10-04:11:35:58	105
48.90118	2.44935	1	2009-10-04:11:35:58	105
48.90135	2.4502	1	2009-10-04:11:35:58	105
48.9016	2.45142	1	2009-10-04:11:35:58	105
48.90184	2.45263	1	2009-10-04:11:35:58	105
48.90207	2.45376	1	2009-10-04:11:35:58	105
48.90232	2.45497	1	2009-10-04:11:35:58	105
48.90254	2.45611	1	2009-10-04:11:35:58	105
48.90276	2.45725	1	2009-10-04:11:35:58	105
48.90301	2.45846	1	2009-10-04:11:35:58	105
48.90323	2.45958	1	2009-10-04:11:35:58	105
48.90349	2.46084	1	2009-10-04:11:35:58	105
48.90373	2.46195	1	2009-10-04:11:35:58	105
48.90397	2.46311	1	2009-10-04:11:35:58	105
48.90421	2.46433	1	2009-10-04:11:35:58	105
48.90444	2.46574	1	2009-10-04:11:35:58	105
48.9047	2.4669	1	2009-10-04:11:35:58	105
48.90492	2.46807	1	2009-10-04:11:35:58	105
48.90513	2.46921	1	2009-10-04:11:35:58	105
48.90534	2.47038	1	2009-10-04:11:35:58	105
48.9056	2.47152	1	2009-10-04:11:35:58	105
48.90588	2.47273	1	2009-10-04:11:35:58	105
48.9059	2.47385	1	2009-10-04:11:35:58	105
48.90604	2.47506	1	2009-10-04:11:35:58	105
48.90625	2.47626	1	2009-10-04:11:35:58	105
48.90648	2.47747	1	2009-10-04:11:35:58	105
48.90674	2.47868	1	2009-10-04:11:35:58	105
48.90701	2.47992	1	2009-10-04:11:35:58	105
48.90731	2.48117	1	2009-10-04:11:35:58	105
48.90756	2.48241	1	2009-10-04:11:35:58	105
48.90778	2.48365	1	2009-10-04:11:35:58	105
48.90799	2.48478	1	2009-10-04:11:35:58	105
48.90824	2.48598	1	2009-10-04:11:35:58	105
48.90848	2.48712	1	2009-10-04:11:35:58	105
48.90871	2.48825	1	2009-10-04:11:35:58	105
48.90894	2.4894	1	2009-10-04:11:35:58	105
48.90919	2.49067	1	2009-10-04:11:35:58	105
48.90937	2.49186	1	2009-10-04:11:35:58	105
48.9096	2.49306	1	2009-10-04:11:35:58	105
48.90986	2.49429	1	2009-10-04:11:35:58	105
48.91018	2.49548	1	2009-10-04:11:35:58	105
48.91039	2.4966	1	2009-10-04:11:35:58	105
48.91082	2.49766	1	2009-10-04:11:35:58	105
48.91136	2.4986	1	2009-10-04:11:35:58	105
48.91192	2.49939	1	2009-10-04:11:35:58	105
48.91256	2.50008	1	2009-10-04:11:35:58	105
48.91324	2.50089	1	2009-10-04:11:35:58	105
48.9139	2.50166	1	2009-10-04:11:35:58	105
48.91465	2.50225	1	2009-10-04:11:35:58	105
48.91523	2.50314	1	2009-10-04:11:35:58	105
48.9159	2.5039	1	2009-10-04:11:35:58	105
48.91656	2.50463	1	2009-10-04:11:35:58	105
48.91723	2.50535	1	2009-10-04:11:35:58	105
48.91788	2.50606	1	2009-10-04:11:35:58	105
48.91855	2.50679	1	2009-10-04:11:35:58	105
48.9192	2.50751	1	2009-10-04:11:35:58	105
48.91983	2.50823	1	2009-10-04:11:35:58	105
48.9205	2.50889	1	2009-10-04:11:35:58	105
48.92118	2.50969	1	2009-10-04:11:35:58	105
48.92187	2.51044	1	2009-10-04:11:35:58	105
48.92252	2.51116	1	2009-10-04:11:35:58	105
48.92318	2.5119	1	2009-10-04:11:35:58	105
48.92382	2.51266	1	2009-10-04:11:35:58	105
48.92418	2.51289	1	2009-10-04:11:35:58	105
48.92482	2.51364	1	2009-10-04:11:35:58	105
48.92545	2.51445	1	2009-10-04:11:35:58	105
48.92629	2.5154	1	2009-10-04:11:35:58	105
48.92696	2.51608	1	2009-10-04:11:35:58	105
48.92761	2.51677	1	2009-10-04:11:35:58	105
48.9283	2.51741	1	2009-10-04:11:35:58	105
48.92899	2.51801	1	2009-10-04:11:35:58	105
48.92956	2.51887	1	2009-10-04:11:35:58	105
48.93018	2.51956	1	2009-10-04:11:35:58	105
48.93081	2.52025	1	2009-10-04:11:35:58	105
48.93141	2.52114	1	2009-10-04:11:35:58	105
48.93184	2.52215	1	2009-10-04:11:35:58	105
48.9322	2.52322	1	2009-10-04:11:35:58	105
48.9325	2.52439	1	2009-10-04:11:35:58	105
48.93279	2.52557	1	2009-10-04:11:35:58	105
48.93304	2.52674	1	2009-10-04:11:35:58	105
48.93334	2.52791	1	2009-10-04:11:35:58	105
48.93365	2.52908	1	2009-10-04:11:35:58	105
48.93396	2.53027	1	2009-10-04:11:35:58	105
48.93424	2.53142	1	2009-10-04:11:35:58	105
48.93454	2.53259	1	2009-10-04:11:35:58	105
48.9349	2.53371	1	2009-10-04:11:35:58	105
48.93522	2.53487	1	2009-10-04:11:35:58	105
48.93544	2.53611	1	2009-10-04:11:35:58	105
48.93571	2.53726	1	2009-10-04:11:35:58	105
48.93595	2.53842	1	2009-10-04:11:35:58	105
48.93622	2.53956	1	2009-10-04:11:35:58	105
48.93651	2.54069	1	2009-10-04:11:35:58	105
48.93681	2.54184	1	2009-10-04:11:35:58	105
48.93711	2.54298	1	2009-10-04:11:35:58	105
48.93736	2.54411	1	2009-10-04:11:35:58	105
48.93766	2.54524	1	2009-10-04:11:35:58	105
48.93792	2.5464	1	2009-10-04:11:35:58	105
48.93819	2.54754	1	2009-10-04:11:35:58	105
48.93791	2.5485	1	2009-10-04:11:35:58	105
48.93818	2.5497	1	2009-10-04:11:35:58	105
48.93844	2.55086	1	2009-10-04:11:35:58	105
48.93874	2.55197	1	2009-10-04:11:35:58	105
48.93904	2.55308	1	2009-10-04:11:35:58	105
48.93927	2.55421	1	2009-10-04:11:35:58	105
48.93952	2.55543	1	2009-10-04:11:35:58	105
48.93981	2.55656	1	2009-10-04:11:35:58	105
48.9401	2.5577	1	2009-10-04:11:35:58	105
48.94033	2.55881	1	2009-10-04:11:35:58	105
48.94061	2.55993	1	2009-10-04:11:35:58	105
48.94088	2.56106	1	2009-10-04:11:35:58	105
48.94113	2.56219	1	2009-10-04:11:35:58	105
48.94148	2.56329	1	2009-10-04:11:35:58	105
48.94178	2.56445	1	2009-10-04:11:35:58	105
48.9424	2.56519	1	2009-10-04:11:35:58	105
48.94288	2.56622	1	2009-10-04:11:35:58	105
48.94327	2.56731	1	2009-10-04:11:35:58	105
48.94361	2.5684	1	2009-10-04:11:35:58	105
48.94358	2.56817	1	2009-10-04:11:35:58	105
48.94386	2.56923	1	2009-10-04:11:35:58	105
48.94411	2.57051	1	2009-10-04:11:35:58	105
48.94443	2.57166	1	2009-10-04:11:35:58	105
48.94472	2.57286	1	2009-10-04:11:35:58	105
48.94493	2.57398	1	2009-10-04:11:35:58	105
48.94519	2.5751	1	2009-10-04:11:35:58	105
48.94557	2.57622	1	2009-10-04:11:35:58	105
48.94579	2.57743	1	2009-10-04:11:35:58	105
48.94611	2.57865	1	2009-10-04:11:35:58	105
48.94645	2.57971	1	2009-10-04:11:35:58	105
48.94683	2.58082	1	2009-10-04:11:35:58	105
48.94715	2.58191	1	2009-10-04:11:35:58	105
48.94752	2.58301	1	2009-10-04:11:35:58	105
48.94758	2.5841	1	2009-10-04:11:35:58	105
48.9478	2.58521	1	2009-10-04:11:35:58	105
48.94812	2.58635	1	2009-10-04:11:35:58	105
48.94842	2.58752	1	2009-10-04:11:35:58	105
48.94882	2.58852	1	2009-10-04:11:35:58	105
48.94892	2.58979	1	2009-10-04:11:35:58	105
48.9497	2.59191	1	2009-10-04:11:35:58	105
48.94993	2.59302	1	2009-10-04:11:35:58	105
48.95017	2.59429	1	2009-10-04:11:35:58	105
48.95053	2.59588	1	2009-10-04:11:35:58	105
48.95083	2.59701	1	2009-10-04:11:35:58	105
48.95133	2.5991	1	2009-10-04:11:35:58	105
48.95158	2.60049	1	2009-10-04:11:35:58	105
48.95189	2.60153	1	2009-10-04:11:35:58	105
48.95131	2.60213	1	2009-10-04:11:35:58	105
48.9517	2.60166	1	2009-10-04:11:35:58	105
48.95222	2.60106	1	2009-10-04:11:35:58	105
48.95221	2.60104	1	2009-10-04:11:35:58	105
48.95223	2.60103	1	2009-10-04:11:35:58	105
48.95223	2.60105	1	2009-10-04:11:35:58	105
48.95229	2.60107	1	2009-10-04:11:35:58	105
48.9523	2.6011	1	2009-10-04:11:35:58	105
48.95229	2.60112	1	2009-10-04:11:35:58	105
48.95226	2.60108	1	2009-10-04:11:35:58	105
48.95229	2.60105	1	2009-10-04:11:35:58	105
48.9523	2.60103	1	2009-10-04:11:35:58	105
48.95231	2.60105	1	2009-10-04:11:35:58	105
48.95231	2.60105	1	2009-10-04:11:35:58	105
48.95225	2.60113	1	2009-10-04:11:35:58	105
48.95221	2.60119	1	2009-10-04:11:35:58	105
48.9522	2.60121	1	2009-10-04:11:35:58	105
48.95219	2.60123	1	2009-10-04:11:35:58	105
48.95219	2.60125	1	2009-10-04:11:35:58	105
48.9522	2.60122	1	2009-10-04:11:35:58	105
48.95219	2.60119	1	2009-10-04:11:35:58	105
48.95221	2.60118	1	2009-10-04:11:35:58	105
48.95221	2.6011	1	2009-10-04:11:35:58	105
48.95223	2.60111	1	2009-10-04:11:35:58	105
48.95225	2.60109	1	2009-10-04:11:35:58	105
48.95222	2.60105	1	2009-10-04:11:35:58	105
48.95223	2.60105	1	2009-10-04:13:10:21	106
48.95149	2.59967	1	2009-10-04:13:10:21	106
48.95031	2.59394	1	2009-10-04:13:10:21	106
48.94892	2.58945	1	2009-10-04:13:10:21	106
48.94815	2.58581	1	2009-10-04:13:10:21	106
48.94659	2.58038	1	2009-10-04:13:10:21	106
48.94577	2.5769	1	2009-10-04:13:10:21	106
48.94486	2.57338	1	2009-10-04:13:10:21	106
48.94331	2.5671	1	2009-10-04:13:10:21	106
48.94165	2.56434	1	2009-10-04:13:10:21	106
48.9405	2.55929	1	2009-10-04:13:10:21	106
48.93955	2.55536	1	2009-10-04:13:10:21	106
48.93876	2.55214	1	2009-10-04:13:10:21	106
48.93792	2.54826	1	2009-10-04:13:10:21	106
48.9377	2.54568	1	2009-10-04:13:10:21	106
48.93694	2.54244	1	2009-10-04:13:10:21	106
48.93637	2.53985	1	2009-10-04:13:10:21	106
48.93591	2.53808	1	2009-10-04:13:10:21	106
48.93532	2.53557	1	2009-10-04:13:10:21	106
48.93454	2.53266	1	2009-10-04:13:10:21	106
48.93397	2.53028	1	2009-10-04:13:10:21	106
48.93337	2.5278	1	2009-10-04:13:10:21	106
48.93278	2.52539	1	2009-10-04:13:10:21	106
48.93213	2.52289	1	2009-10-04:13:10:21	106
48.93113	2.52073	1	2009-10-04:13:10:21	106
48.92979	2.51914	1	2009-10-04:13:10:21	106
48.92835	2.51756	1	2009-10-04:13:10:21	106
48.92695	2.51604	1	2009-10-04:13:10:21	106
48.92546	2.51446	1	2009-10-04:13:10:21	106
48.92397	2.51281	1	2009-10-04:13:10:21	106
48.92253	2.51119	1	2009-10-04:13:10:21	106
48.92111	2.50962	1	2009-10-04:13:10:21	106
48.92009	2.50851	1	2009-10-04:13:10:21	106
48.91871	2.50701	1	2009-10-04:13:10:21	106
48.91735	2.50546	1	2009-10-04:13:10:21	106
48.91596	2.50403	1	2009-10-04:13:10:21	106
48.91468	2.50253	1	2009-10-04:13:10:21	106
48.91338	2.50111	1	2009-10-04:13:10:21	106
48.91208	2.4996	1	2009-10-04:13:10:21	106
48.91089	2.49783	1	2009-10-04:13:10:21	106
48.91015	2.4956	1	2009-10-04:13:10:21	106
48.9096	2.4932	1	2009-10-04:13:10:21	106
48.90922	2.49081	1	2009-10-04:13:10:21	106
48.90871	2.48845	1	2009-10-04:13:10:21	106
48.90825	2.48608	1	2009-10-04:13:10:21	106
48.90777	2.48368	1	2009-10-04:13:10:21	106
48.90726	2.48125	1	2009-10-04:13:10:21	106
48.90681	2.47891	1	2009-10-04:13:10:21	106
48.90628	2.47657	1	2009-10-04:13:10:21	106
48.90588	2.47404	1	2009-10-04:13:10:21	106
48.90557	2.47177	1	2009-10-04:13:10:21	106
48.90502	2.46944	1	2009-10-04:13:10:21	106
48.90472	2.46691	1	2009-10-04:13:10:21	106
48.9042	2.46451	1	2009-10-04:13:10:21	106
48.9037	2.46211	1	2009-10-04:13:10:21	106
48.90323	2.45968	1	2009-10-04:13:10:21	106
48.90274	2.45728	1	2009-10-04:13:10:21	106
48.90224	2.45479	1	2009-10-04:13:10:21	106
48.90175	2.45237	1	2009-10-04:13:10:21	106
48.90124	2.44998	1	2009-10-04:13:10:21	106
48.90077	2.44748	1	2009-10-04:13:10:21	106
48.90024	2.44525	1	2009-10-04:13:10:21	106
48.89977	2.44296	1	2009-10-04:13:10:21	106
48.89924	2.44042	1	2009-10-04:13:10:21	106
48.89878	2.43796	1	2009-10-04:13:10:21	106
48.89827	2.43564	1	2009-10-04:13:10:21	106
48.89789	2.43334	1	2009-10-04:13:10:21	106
48.89744	2.43103	1	2009-10-04:13:10:21	106
48.89697	2.42867	1	2009-10-04:13:10:21	106
48.8965	2.42622	1	2009-10-04:13:10:21	106
48.89665	2.42381	1	2009-10-04:13:10:21	106
48.89667	2.42138	1	2009-10-04:13:10:21	106
48.8966	2.4189	1	2009-10-04:13:10:21	106
48.89653	2.41639	1	2009-10-04:13:10:21	106
48.89538	2.41515	1	2009-10-04:13:10:21	106
48.89504	2.41267	1	2009-10-04:13:10:21	106
48.8952	2.41028	1	2009-10-04:13:10:21	106
48.89535	2.40792	1	2009-10-04:13:10:21	106
48.89542	2.40556	1	2009-10-04:13:10:21	106
48.89565	2.40311	1	2009-10-04:13:10:21	106
48.8959	2.40072	1	2009-10-04:13:10:21	106
48.89591	2.39816	1	2009-10-04:13:10:21	106
48.89528	2.39618	1	2009-10-04:13:10:21	106
48.89552	2.3944	1	2009-10-04:13:10:21	106
48.89462	2.39239	1	2009-10-04:13:10:21	106
48.89363	2.39039	1	2009-10-04:13:10:21	106
48.89264	2.38837	1	2009-10-04:13:10:21	106
48.89159	2.38652	1	2009-10-04:13:10:21	106
48.89062	2.38454	1	2009-10-04:13:10:21	106
48.88967	2.38256	1	2009-10-04:13:10:21	106
48.88865	2.3806	1	2009-10-04:13:10:21	106
48.88748	2.37926	1	2009-10-04:13:10:21	106
48.8866	2.37724	1	2009-10-04:13:10:21	106
48.8856	2.37529	1	2009-10-04:13:10:21	106
48.88463	2.37333	1	2009-10-04:13:10:21	106
48.88366	2.37146	1	2009-10-04:13:10:21	106
48.88258	2.3697	1	2009-10-04:13:10:21	106
48.88132	2.36824	1	2009-10-04:13:10:21	106
48.87986	2.36712	1	2009-10-04:13:10:21	106
48.87837	2.36611	1	2009-10-04:13:10:21	106
48.87696	2.36479	1	2009-10-04:13:10:21	106
48.87552	2.36359	1	2009-10-04:13:10:21	106
48.87397	2.36302	1	2009-10-04:13:10:21	106
48.87251	2.36419	1	2009-10-04:13:10:21	106
48.87104	2.36517	1	2009-10-04:13:10:21	106
48.86962	2.3664	1	2009-10-04:13:10:21	106
48.86818	2.36749	1	2009-10-04:13:10:21	106
48.86664	2.3687	1	2009-10-04:13:10:21	106
48.86529	2.36979	1	2009-10-04:13:10:21	106
48.86392	2.37102	1	2009-10-04:13:10:21	106
48.86249	2.37212	1	2009-10-04:13:10:21	106
48.86091	2.37233	1	2009-10-04:13:10:21	106
48.85938	2.37169	1	2009-10-04:13:10:21	106
48.85783	2.37105	1	2009-10-04:13:10:21	106
48.85625	2.37041	1	2009-10-04:13:10:21	106
48.8547	2.3696	1	2009-10-04:13:10:21	106
48.85337	2.36857	1	2009-10-04:13:10:21	106
48.85182	2.36929	1	2009-10-04:13:10:21	106
48.85026	2.36864	1	2009-10-04:13:10:21	106
48.84872	2.36788	1	2009-10-04:13:10:21	106
48.84718	2.36715	1	2009-10-04:13:10:21	106
48.84565	2.3671	1	2009-10-04:13:10:21	106
48.84457	2.3653	1	2009-10-04:13:10:21	106
48.84317	2.36419	1	2009-10-04:13:10:21	106
48.84167	2.36306	1	2009-10-04:13:10:21	106
48.84023	2.3619	1	2009-10-04:13:10:21	106
48.83794	2.36031	1	2009-10-04:13:10:21	106
48.83642	2.35917	1	2009-10-04:13:10:21	106
48.83492	2.35817	1	2009-10-04:13:10:21	106
48.83351	2.35704	1	2009-10-04:13:10:21	106
48.83199	2.35583	1	2009-10-04:13:10:21	106
48.83093	2.35553	1	2009-10-04:13:10:21	106
48.82944	2.35624	1	2009-10-04:13:10:21	106
48.82789	2.35678	1	2009-10-04:13:10:21	106
48.82624	2.35717	1	2009-10-04:13:10:21	106
48.82619	2.35948	1	2009-10-04:13:10:21	106
48.82583	2.36091	1	2009-10-04:13:10:21	106
48.82483	2.36271	1	2009-10-04:13:10:21	106
48.82406	2.36425	1	2009-10-04:13:10:21	106
48.82317	2.36562	1	2009-10-04:13:10:21	106
48.82315	2.36564	1	2009-10-04:13:10:21	106
48.82313	2.36569	1	2009-10-04:13:10:21	106
48.82311	2.36571	1	2009-10-04:13:10:21	106
48.8231	2.36573	1	2009-10-04:13:10:21	106
48.82308	2.36576	1	2009-10-04:13:10:21	106
48.82306	2.3658	1	2009-10-04:13:10:21	106
48.82304	2.36585	1	2009-10-04:13:10:21	106
48.82302	2.3659	1	2009-10-04:13:10:21	106
48.823	2.36596	1	2009-10-04:13:10:21	106
48.82299	2.36603	1	2009-10-04:13:10:21	106
48.82298	2.36607	1	2009-10-04:13:10:21	106
48.82297	2.36611	1	2009-10-04:13:10:21	106
48.82296	2.36618	1	2009-10-04:13:10:21	106
48.82296	2.36622	1	2009-10-04:13:10:21	106
48.82296	2.36627	1	2009-10-04:13:10:21	106
48.82298	2.36633	1	2009-10-04:13:10:21	106
48.82297	2.36637	1	2009-10-04:13:10:21	106
48.82297	2.36641	1	2009-10-04:13:10:21	106
48.82296	2.36645	1	2009-10-04:13:10:21	106
48.82296	2.36649	1	2009-10-04:13:10:21	106
48.82297	2.36654	1	2009-10-04:13:10:21	106
48.82305	2.36652	1	2009-10-04:13:10:21	106
48.83389	2.44488	1	2009-10-07:18:41:11	107
48.83445	2.44442	1	2009-10-07:18:41:11	107
48.83481	2.44396	1	2009-10-07:18:41:11	107
48.83517	2.4435	1	2009-10-07:18:41:11	107
48.83554	2.44302	1	2009-10-07:18:41:11	107
48.83591	2.44254	1	2009-10-07:18:41:11	107
48.83629	2.44201	1	2009-10-07:18:41:11	107
48.83666	2.44148	1	2009-10-07:18:41:11	107
48.83703	2.44099	1	2009-10-07:18:41:11	107
48.83742	2.44045	1	2009-10-07:18:41:11	107
48.83779	2.43996	1	2009-10-07:18:41:11	107
48.83812	2.43946	1	2009-10-07:18:41:11	107
48.83847	2.43898	1	2009-10-07:18:41:11	107
48.83879	2.43852	1	2009-10-07:18:41:11	107
48.83917	2.43807	1	2009-10-07:18:41:11	107
48.83953	2.43758	1	2009-10-07:18:41:11	107
48.83984	2.43713	1	2009-10-07:18:41:11	107
48.84019	2.4367	1	2009-10-07:18:41:11	107
48.84059	2.4364	1	2009-10-07:18:41:11	107
48.8407	2.43583	1	2009-10-07:18:41:11	107
48.84077	2.4352	1	2009-10-07:18:41:11	107
48.84083	2.43456	1	2009-10-07:18:41:11	107
48.84088	2.43391	1	2009-10-07:18:41:11	107
48.84097	2.43327	1	2009-10-07:18:41:11	107
48.84071	2.43276	1	2009-10-07:18:41:11	107
48.84036	2.43242	1	2009-10-07:18:41:11	107
48.83997	2.43212	1	2009-10-07:18:41:11	107
48.83981	2.43147	1	2009-10-07:18:41:11	107
48.83961	2.43069	1	2009-10-07:18:41:11	107
48.83943	2.42992	1	2009-10-07:18:41:11	107
48.83923	2.42909	1	2009-10-07:18:41:11	107
48.83899	2.42838	1	2009-10-07:18:41:11	107
48.83873	2.42775	1	2009-10-07:18:41:11	107
48.83848	2.42707	1	2009-10-07:18:41:11	107
48.83817	2.42642	1	2009-10-07:18:41:11	107
48.83785	2.4258	1	2009-10-07:18:41:11	107
48.83748	2.42524	1	2009-10-07:18:41:11	107
48.83711	2.4247	1	2009-10-07:18:41:11	107
48.83676	2.42412	1	2009-10-07:18:41:11	107
48.83643	2.42355	1	2009-10-07:18:41:11	107
48.83614	2.42291	1	2009-10-07:18:41:11	107
48.83588	2.42225	1	2009-10-07:18:41:11	107
48.8356	2.42164	1	2009-10-07:18:41:11	107
48.83536	2.42092	1	2009-10-07:18:41:11	107
48.83517	2.42036	1	2009-10-07:18:41:11	107
48.83499	2.41971	1	2009-10-07:18:41:11	107
48.83479	2.41919	1	2009-10-07:18:41:11	107
48.83457	2.41864	1	2009-10-07:18:41:11	107
48.83437	2.41804	1	2009-10-07:18:41:11	107
48.83414	2.41735	1	2009-10-07:18:41:11	107
48.83396	2.4167	1	2009-10-07:18:41:11	107
48.83386	2.41597	1	2009-10-07:18:41:11	107
48.83377	2.41517	1	2009-10-07:18:41:11	107
48.83374	2.41445	1	2009-10-07:18:41:11	107
48.83374	2.4137	1	2009-10-07:18:41:11	107
48.8338	2.41294	1	2009-10-07:18:41:11	107
48.83389	2.41206	1	2009-10-07:18:41:11	107
48.83399	2.41137	1	2009-10-07:18:41:11	107
48.83426	2.41085	1	2009-10-07:18:41:11	107
48.83442	2.41022	1	2009-10-07:18:41:11	107
48.83456	2.40957	1	2009-10-07:18:41:11	107
48.83476	2.40897	1	2009-10-07:18:41:11	107
48.83496	2.40843	1	2009-10-07:18:41:11	107
48.83525	2.40799	1	2009-10-07:18:41:11	107
48.83537	2.4077	1	2009-10-07:18:41:11	107
48.83545	2.40738	1	2009-10-07:18:41:11	107
48.83553	2.40702	1	2009-10-07:18:41:11	107
48.83556	2.40658	1	2009-10-07:18:41:11	107
48.83523	2.40623	1	2009-10-07:18:41:11	107
48.835	2.40572	1	2009-10-07:18:41:11	107
48.83471	2.40531	1	2009-10-07:18:41:11	107
48.83437	2.40495	1	2009-10-07:18:41:11	107
48.83411	2.40443	1	2009-10-07:18:41:11	107
48.83395	2.40375	1	2009-10-07:18:41:11	107
48.83372	2.40319	1	2009-10-07:18:41:11	107
48.83354	2.40268	1	2009-10-07:18:41:11	107
48.83334	2.40211	1	2009-10-07:18:41:11	107
48.83316	2.40155	1	2009-10-07:18:41:11	107
48.833	2.40095	1	2009-10-07:18:41:11	107
48.83284	2.40039	1	2009-10-07:18:41:11	107
48.83263	2.39979	1	2009-10-07:18:41:11	107
48.83242	2.39923	1	2009-10-07:18:41:11	107
48.83224	2.39864	1	2009-10-07:18:41:11	107
48.83201	2.39808	1	2009-10-07:18:41:11	107
48.83179	2.39754	1	2009-10-07:18:41:11	107
48.83152	2.39693	1	2009-10-07:18:41:11	107
48.83131	2.3964	1	2009-10-07:18:41:11	107
48.83112	2.39583	1	2009-10-07:18:41:11	107
48.83094	2.39524	1	2009-10-07:18:41:11	107
48.83075	2.39465	1	2009-10-07:18:41:11	107
48.8306	2.39403	1	2009-10-07:18:41:11	107
48.83047	2.39341	1	2009-10-07:18:41:11	107
48.83032	2.39276	1	2009-10-07:18:41:11	107
48.83014	2.39212	1	2009-10-07:18:41:11	107
48.82994	2.3915	1	2009-10-07:18:41:11	107
48.82973	2.39089	1	2009-10-07:18:41:11	107
48.8295	2.39033	1	2009-10-07:18:41:11	107
48.82928	2.38978	1	2009-10-07:18:41:11	107
48.82907	2.38927	1	2009-10-07:18:41:11	107
48.82881	2.38867	1	2009-10-07:18:41:11	107
48.82859	2.3882	1	2009-10-07:18:41:11	107
48.82835	2.38771	1	2009-10-07:18:41:11	107
48.82811	2.38721	1	2009-10-07:18:41:11	107
48.82787	2.38671	1	2009-10-07:18:41:11	107
48.82765	2.38624	1	2009-10-07:18:41:11	107
48.82742	2.38577	1	2009-10-07:18:41:11	107
48.82716	2.38524	1	2009-10-07:18:41:11	107
48.82696	2.3847	1	2009-10-07:18:41:11	107
48.82671	2.38415	1	2009-10-07:18:41:11	107
48.82645	2.38368	1	2009-10-07:18:41:11	107
48.82628	2.38306	1	2009-10-07:18:41:11	107
48.82607	2.38246	1	2009-10-07:18:41:11	107
48.82585	2.38188	1	2009-10-07:18:41:11	107
48.82567	2.38132	1	2009-10-07:18:41:11	107
48.82549	2.3807	1	2009-10-07:18:41:11	107
48.82529	2.38012	1	2009-10-07:18:41:11	107
48.82511	2.37955	1	2009-10-07:18:41:11	107
48.82492	2.379	1	2009-10-07:18:41:11	107
48.82477	2.37837	1	2009-10-07:18:41:11	107
48.82453	2.37775	1	2009-10-07:18:41:11	107
48.8243	2.37712	1	2009-10-07:18:41:11	107
48.82413	2.37648	1	2009-10-07:18:41:11	107
48.82392	2.37591	1	2009-10-07:18:41:11	107
48.82373	2.37533	1	2009-10-07:18:41:11	107
48.8235	2.37474	1	2009-10-07:18:41:11	107
48.82318	2.37431	1	2009-10-07:18:41:11	107
48.82296	2.37374	1	2009-10-07:18:41:11	107
48.82287	2.37345	1	2009-10-07:18:41:11	107
48.8228	2.37314	1	2009-10-07:18:41:11	107
48.82267	2.37256	1	2009-10-07:18:41:11	107
48.82251	2.37195	1	2009-10-07:18:41:11	107
48.82234	2.37134	1	2009-10-07:18:41:11	107
48.82213	2.37075	1	2009-10-07:18:41:11	107
48.82191	2.37015	1	2009-10-07:18:41:11	107
48.82175	2.36953	1	2009-10-07:18:41:11	107
48.82177	2.36891	1	2009-10-07:18:41:11	107
48.82204	2.36842	1	2009-10-07:18:41:11	107
48.82232	2.36799	1	2009-10-07:18:41:11	107
48.82252	2.36767	1	2009-10-07:18:41:11	107
48.82254	2.36761	1	2009-10-07:18:41:11	107
48.82253	2.36751	1	2009-10-07:18:41:11	107
48.82255	2.36745	1	2009-10-07:18:41:11	107
48.82257	2.36741	1	2009-10-07:18:41:11	107
48.82259	2.36738	1	2009-10-07:18:41:11	107
48.82262	2.36736	1	2009-10-07:18:41:11	107
48.82265	2.36734	1	2009-10-07:18:41:11	107
48.82268	2.36734	1	2009-10-07:18:41:11	107
48.8227	2.36736	1	2009-10-07:18:41:11	107
48.82272	2.36739	1	2009-10-07:18:41:11	107
48.82274	2.36741	1	2009-10-07:18:41:11	107
48.82275	2.36744	1	2009-10-07:18:41:11	107
48.82276	2.36748	1	2009-10-07:18:41:11	107
48.82279	2.36747	1	2009-10-07:18:41:11	107
48.82281	2.36745	1	2009-10-07:18:41:11	107
48.82283	2.36739	1	2009-10-07:18:41:11	107
48.82284	2.36734	1	2009-10-07:18:41:11	107
48.82286	2.3673	1	2009-10-07:18:41:11	107
48.82288	2.36726	1	2009-10-07:18:41:11	107
48.82291	2.36723	1	2009-10-07:18:41:11	107
48.82292	2.36719	1	2009-10-07:18:41:11	107
48.82298	2.36679	1	2009-10-07:18:41:11	107
48.82127	2.39419	1	2009-10-11:08:51:39	108
48.81814	2.39818	1	2009-10-11:08:51:39	108
48.81516	2.40153	1	2009-10-11:08:51:39	108
48.81449	2.40638	1	2009-10-11:08:51:39	108
48.81202	2.40863	1	2009-10-11:08:51:39	108
48.80828	2.40768	1	2009-10-11:08:51:39	108
48.80465	2.40846	1	2009-10-11:08:51:39	108
48.80175	2.41161	1	2009-10-11:08:51:39	108
48.7989	2.41422	1	2009-10-11:08:51:39	108
48.79643	2.41626	1	2009-10-11:08:51:39	108
48.79369	2.41935	1	2009-10-11:08:51:39	108
48.79031	2.42075	1	2009-10-11:08:51:39	108
48.78682	2.42002	1	2009-10-11:08:51:39	108
48.78334	2.41775	1	2009-10-11:08:51:39	108
48.78013	2.41552	1	2009-10-11:08:51:39	108
48.77699	2.41305	1	2009-10-11:08:51:39	108
48.77431	2.41076	1	2009-10-11:08:51:39	108
48.77126	2.41079	1	2009-10-11:08:51:39	108
48.7679	2.41098	1	2009-10-11:08:51:39	108
48.76474	2.41246	1	2009-10-11:08:51:39	108
48.76217	2.41537	1	2009-10-11:08:51:39	108
48.75961	2.4185	1	2009-10-11:08:51:39	108
48.75648	2.42015	1	2009-10-11:08:51:39	108
48.75351	2.42223	1	2009-10-11:08:51:39	108
48.75095	2.42547	1	2009-10-11:08:51:39	108
48.74874	2.42923	1	2009-10-11:08:51:39	108
48.74666	2.43299	1	2009-10-11:08:51:39	108
48.74413	2.43639	1	2009-10-11:08:51:39	108
48.74135	2.43826	1	2009-10-11:08:51:39	108
48.73871	2.44111	1	2009-10-11:08:51:39	108
48.73575	2.44345	1	2009-10-11:08:51:39	108
48.73248	2.44377	1	2009-10-11:08:51:39	108
48.72965	2.44342	1	2009-10-11:08:51:39	108
48.72691	2.44125	1	2009-10-11:08:51:39	108
48.72549	2.43701	1	2009-10-11:08:51:39	108
48.72448	2.43211	1	2009-10-11:08:51:39	108
48.72397	2.42731	1	2009-10-11:08:51:39	108
48.7228	2.42285	1	2009-10-11:08:51:39	108
48.72135	2.41859	1	2009-10-11:08:51:39	108
48.71942	2.41455	1	2009-10-11:08:51:39	108
48.71724	2.41099	1	2009-10-11:08:51:39	108
48.71503	2.40729	1	2009-10-11:08:51:39	108
48.71266	2.40442	1	2009-10-11:08:51:39	108
48.70954	2.40262	1	2009-10-11:08:51:39	108
48.70633	2.4016	1	2009-10-11:08:51:39	108
48.7033	2.40001	1	2009-10-11:08:51:39	108
48.70051	2.39767	1	2009-10-11:08:51:39	108
48.6979	2.39488	1	2009-10-11:08:51:39	108
48.6954	2.39205	1	2009-10-11:08:51:39	108
48.69271	2.38923	1	2009-10-11:08:51:39	108
48.68978	2.38721	1	2009-10-11:08:51:39	108
48.68675	2.38553	1	2009-10-11:08:51:39	108
48.68365	2.38493	1	2009-10-11:08:51:39	108
48.68041	2.3854	1	2009-10-11:08:51:39	108
48.67752	2.38725	1	2009-10-11:08:51:39	108
48.67521	2.39054	1	2009-10-11:08:51:39	108
48.67288	2.39379	1	2009-10-11:08:51:39	108
48.6703	2.39586	1	2009-10-11:08:51:39	108
48.66783	2.39837	1	2009-10-11:08:51:39	108
48.66533	2.40129	1	2009-10-11:08:51:39	108
48.66386	2.40406	1	2009-10-11:08:51:39	108
48.66601	2.40049	1	2009-10-11:08:51:39	108
48.6685	2.3973	1	2009-10-11:08:51:39	108
48.66934	2.39372	1	2009-10-11:08:51:39	108
48.66727	2.39533	1	2009-10-11:08:51:39	108
48.66468	2.39834	1	2009-10-11:08:51:39	108
48.66215	2.4013	1	2009-10-11:08:51:39	108
48.65971	2.40438	1	2009-10-11:08:51:39	108
48.65864	2.40863	1	2009-10-11:08:51:39	108
48.6586	2.4126	1	2009-10-11:08:51:39	108
48.65993	2.416	1	2009-10-11:08:51:39	108
48.658	2.41963	1	2009-10-11:08:51:39	108
48.65597	2.42329	1	2009-10-11:08:51:39	108
48.65391	2.42692	1	2009-10-11:08:51:39	108
48.65187	2.43054	1	2009-10-11:08:51:39	108
48.64976	2.43408	1	2009-10-11:08:51:39	108
48.64748	2.4374	1	2009-10-11:08:51:39	108
48.64512	2.44075	1	2009-10-11:08:51:39	108
48.64246	2.44341	1	2009-10-11:08:51:39	108
48.63996	2.44648	1	2009-10-11:08:51:39	108
48.63765	2.44989	1	2009-10-11:08:51:39	108
48.63564	2.45363	1	2009-10-11:08:51:39	108
48.63475	2.45558	1	2009-10-11:08:51:39	108
48.63226	2.45862	1	2009-10-11:08:51:39	108
48.62949	2.46009	1	2009-10-11:08:51:39	108
48.62735	2.46356	1	2009-10-11:08:51:39	108
48.62611	2.46751	1	2009-10-11:08:51:39	108
48.62403	2.47059	1	2009-10-11:08:51:39	108
48.62164	2.47347	1	2009-10-11:08:51:39	108
48.61893	2.47594	1	2009-10-11:08:51:39	108
48.61622	2.47858	1	2009-10-11:08:51:39	108
48.61383	2.4799	1	2009-10-11:08:51:39	108
48.61366	2.48271	1	2009-10-11:08:51:39	108
48.61125	2.4859	1	2009-10-11:08:51:39	108
48.60866	2.48841	1	2009-10-11:08:51:39	108
48.60563	2.49001	1	2009-10-11:08:51:39	108
48.60249	2.48931	1	2009-10-11:08:51:39	108
48.59979	2.48657	1	2009-10-11:08:51:39	108
48.59707	2.48425	1	2009-10-11:08:51:39	108
48.59394	2.48377	1	2009-10-11:08:51:39	108
48.59087	2.48274	1	2009-10-11:08:51:39	108
48.58773	2.48241	1	2009-10-11:08:51:39	108
48.58458	2.4818	1	2009-10-11:08:51:39	108
48.58146	2.48062	1	2009-10-11:08:51:39	108
48.5784	2.47911	1	2009-10-11:08:51:39	108
48.57522	2.47923	1	2009-10-11:08:51:39	108
48.57239	2.48124	1	2009-10-11:08:51:39	108
48.56973	2.48394	1	2009-10-11:08:51:39	108
48.56786	2.48772	1	2009-10-11:08:51:39	108
48.56691	2.49223	1	2009-10-11:08:51:39	108
48.56651	2.49696	1	2009-10-11:08:51:39	108
48.56704	2.50155	1	2009-10-11:08:51:39	108
48.56829	2.50611	1	2009-10-11:08:51:39	108
48.56947	2.51076	1	2009-10-11:08:51:39	108
48.57052	2.51529	1	2009-10-11:08:51:39	108
48.57188	2.5199	1	2009-10-11:08:51:39	108
48.57251	2.52457	1	2009-10-11:08:51:39	108
48.57247	2.5292	1	2009-10-11:08:51:39	108
48.57121	2.53356	1	2009-10-11:08:51:39	108
48.5698	2.53767	1	2009-10-11:08:51:39	108
48.5679	2.54139	1	2009-10-11:08:51:39	108
48.5648	2.54308	1	2009-10-11:08:51:39	108
48.56331	2.54507	1	2009-10-11:08:51:39	108
48.56106	2.54142	1	2009-10-11:08:51:39	108
48.55875	2.53805	1	2009-10-11:08:51:39	108
48.5564	2.5348	1	2009-10-11:08:51:39	108
48.55272	2.53015	1	2009-10-11:08:51:39	108
48.54972	2.52877	1	2009-10-11:08:51:39	108
48.54652	2.52854	1	2009-10-11:08:51:39	108
48.54353	2.53006	1	2009-10-11:08:51:39	108
48.5409	2.53296	1	2009-10-11:08:51:39	108
48.53909	2.53688	1	2009-10-11:08:51:39	108
48.53804	2.54149	1	2009-10-11:08:51:39	108
48.53716	2.54611	1	2009-10-11:08:51:39	108
48.53617	2.55055	1	2009-10-11:08:51:39	108
48.53448	2.55446	1	2009-10-11:08:51:39	108
48.53327	2.55841	1	2009-10-11:08:51:39	108
48.5326	2.56308	1	2009-10-11:08:51:39	108
48.53335	2.56524	1	2009-10-11:08:51:39	108
48.5325	2.56378	1	2009-10-11:08:51:39	108
48.53288	2.56153	1	2009-10-11:08:51:39	108
48.53289	2.56151	1	2009-10-11:08:51:39	108
48.53289	2.56149	1	2009-10-11:08:51:39	108
48.53289	2.56147	1	2009-10-11:08:51:39	108
48.53288	2.56145	1	2009-10-11:08:51:39	108
48.53289	2.56143	1	2009-10-11:08:51:39	108
48.53288	2.56141	1	2009-10-11:08:51:39	108
48.53288	2.56139	1	2009-10-11:08:51:39	108
48.5329	2.56135	1	2009-10-11:08:51:39	108
48.53291	2.56133	1	2009-10-11:08:51:39	108
48.53291	2.56131	1	2009-10-11:08:51:39	108
48.53291	2.56129	1	2009-10-11:08:51:39	108
48.53291	2.56127	1	2009-10-11:08:51:39	108
48.53292	2.56124	1	2009-10-11:08:51:39	108
48.53292	2.56122	1	2009-10-11:08:51:39	108
48.53293	2.5612	1	2009-10-11:08:51:39	108
48.53294	2.56118	1	2009-10-11:08:51:39	108
48.53294	2.56116	1	2009-10-11:08:51:39	108
48.53295	2.56113	1	2009-10-11:08:51:39	108
48.53295	2.56111	1	2009-10-11:08:51:39	108
48.53295	2.56109	1	2009-10-11:08:51:39	108
48.53295	2.56107	1	2009-10-11:08:51:39	108
48.53294	2.56107	1	2009-10-11:08:51:39	108
48.53294	2.56105	1	2009-10-11:12:10:11	109
48.53324	2.55933	1	2009-10-11:12:10:11	109
48.5334	2.55797	1	2009-10-11:12:10:11	109
48.53359	2.55661	1	2009-10-11:12:10:11	109
48.53384	2.55522	1	2009-10-11:12:10:11	109
48.53461	2.5545	1	2009-10-11:12:10:11	109
48.5354	2.5536	1	2009-10-11:12:10:11	109
48.53594	2.55258	1	2009-10-11:12:10:11	109
48.53611	2.55121	1	2009-10-11:12:10:11	109
48.5364	2.54992	1	2009-10-11:12:10:11	109
48.53666	2.54862	1	2009-10-11:12:10:11	109
48.53709	2.54775	1	2009-10-11:12:10:11	109
48.53795	2.54819	1	2009-10-11:12:10:11	109
48.53796	2.54957	1	2009-10-11:12:10:11	109
48.53765	2.55104	1	2009-10-11:12:10:11	109
48.53737	2.55227	1	2009-10-11:12:10:11	109
48.53729	2.55356	1	2009-10-11:12:10:11	109
48.53719	2.55481	1	2009-10-11:12:10:11	109
48.537	2.55619	1	2009-10-11:12:10:11	109
48.5368	2.55762	1	2009-10-11:12:10:11	109
48.5366	2.5591	1	2009-10-11:12:10:11	109
48.53631	2.5605	1	2009-10-11:12:10:11	109
48.53603	2.5619	1	2009-10-11:12:10:11	109
48.53575	2.56323	1	2009-10-11:12:10:11	109
48.53542	2.56462	1	2009-10-11:12:10:11	109
48.53509	2.56596	1	2009-10-11:12:10:11	109
48.5348	2.56731	1	2009-10-11:12:10:11	109
48.53436	2.56885	1	2009-10-11:12:10:11	109
48.53387	2.57015	1	2009-10-11:12:10:11	109
48.53351	2.57152	1	2009-10-11:12:10:11	109
48.53325	2.57275	1	2009-10-11:12:10:11	109
48.53291	2.57394	1	2009-10-11:12:10:11	109
48.53252	2.5747	1	2009-10-11:12:10:11	109
48.53226	2.57521	1	2009-10-11:12:10:11	109
48.53191	2.57599	1	2009-10-11:12:10:11	109
48.53134	2.57693	1	2009-10-11:12:10:11	109
48.53076	2.57797	1	2009-10-11:12:10:11	109
48.53024	2.57898	1	2009-10-11:12:10:11	109
48.52975	2.57992	1	2009-10-11:12:10:11	109
48.52925	2.58102	1	2009-10-11:12:10:11	109
48.52867	2.58191	1	2009-10-11:12:10:11	109
48.52842	2.58309	1	2009-10-11:12:10:11	109
48.52759	2.58351	1	2009-10-11:12:10:11	109
48.52674	2.58403	1	2009-10-11:12:10:11	109
48.52645	2.5851	1	2009-10-11:12:10:11	109
48.52665	2.58629	1	2009-10-11:12:10:11	109
48.52678	2.58735	1	2009-10-11:12:10:11	109
48.52595	2.58704	1	2009-10-11:12:10:11	109
48.52665	2.58763	1	2009-10-11:12:10:11	109
48.52628	2.58861	1	2009-10-11:12:10:11	109
48.52622	2.5899	1	2009-10-11:12:10:11	109
48.52601	2.5911	1	2009-10-11:12:10:11	109
48.52552	2.59215	1	2009-10-11:12:10:11	109
48.52542	2.59327	1	2009-10-11:12:10:11	109
48.52523	2.59447	1	2009-10-11:12:10:11	109
48.52531	2.59565	1	2009-10-11:12:10:11	109
48.52528	2.59697	1	2009-10-11:12:10:11	109
48.52537	2.59822	1	2009-10-11:12:10:11	109
48.52568	2.59943	1	2009-10-11:12:10:11	109
48.5262	2.60049	1	2009-10-11:12:10:11	109
48.52674	2.60146	1	2009-10-11:12:10:11	109
48.52722	2.60243	1	2009-10-11:12:10:11	109
48.5277	2.60355	1	2009-10-11:12:10:11	109
48.52827	2.60451	1	2009-10-11:12:10:11	109
48.52863	2.60498	1	2009-10-11:12:10:11	109
48.52912	2.60551	1	2009-10-11:12:10:11	109
48.52982	2.60613	1	2009-10-11:12:10:11	109
48.53029	2.60717	1	2009-10-11:12:10:11	109
48.5305	2.60846	1	2009-10-11:12:10:11	109
48.53069	2.60969	1	2009-10-11:12:10:11	109
48.53104	2.61086	1	2009-10-11:12:10:11	109
48.53144	2.61192	1	2009-10-11:12:10:11	109
48.53185	2.61304	1	2009-10-11:12:10:11	109
48.53225	2.61417	1	2009-10-11:12:10:11	109
48.53266	2.6153	1	2009-10-11:12:10:11	109
48.5331	2.61636	1	2009-10-11:12:10:11	109
48.53351	2.61741	1	2009-10-11:12:10:11	109
48.53383	2.61852	1	2009-10-11:12:10:11	109
48.53414	2.61966	1	2009-10-11:12:10:11	109
48.53454	2.62077	1	2009-10-11:12:10:11	109
48.53494	2.62184	1	2009-10-11:12:10:11	109
48.53536	2.62298	1	2009-10-11:12:10:11	109
48.53577	2.62408	1	2009-10-11:12:10:11	109
48.53616	2.62516	1	2009-10-11:12:10:11	109
48.53658	2.62613	1	2009-10-11:12:10:11	109
48.53706	2.62718	1	2009-10-11:12:10:11	109
48.53744	2.62821	1	2009-10-11:12:10:11	109
48.53792	2.62932	1	2009-10-11:12:10:11	109
48.53849	2.63	1	2009-10-11:12:10:11	109
48.5392	2.63074	1	2009-10-11:12:10:11	109
48.53996	2.63128	1	2009-10-11:12:10:11	109
48.54074	2.63146	1	2009-10-11:12:10:11	109
48.54154	2.63149	1	2009-10-11:12:10:11	109
48.54233	2.63135	1	2009-10-11:12:10:11	109
48.54319	2.63117	1	2009-10-11:12:10:11	109
48.54404	2.63141	1	2009-10-11:12:10:11	109
48.5449	2.63168	1	2009-10-11:12:10:11	109
48.54571	2.63207	1	2009-10-11:12:10:11	109
48.54646	2.63274	1	2009-10-11:12:10:11	109
48.54705	2.63355	1	2009-10-11:12:10:11	109
48.54762	2.63446	1	2009-10-11:12:10:11	109
48.54804	2.6356	1	2009-10-11:12:10:11	109
48.54857	2.63645	1	2009-10-11:12:10:11	109
48.54854	2.63749	1	2009-10-11:12:10:11	109
48.54873	2.63876	1	2009-10-11:12:10:11	109
48.54859	2.63994	1	2009-10-11:12:10:11	109
48.54819	2.64105	1	2009-10-11:12:10:11	109
48.54858	2.64214	1	2009-10-11:12:10:11	109
48.54892	2.64287	1	2009-10-11:12:10:11	109
48.54856	2.64399	1	2009-10-11:12:10:11	109
48.54824	2.64515	1	2009-10-11:12:10:11	109
48.54791	2.64623	1	2009-10-11:12:10:11	109
48.5477	2.64736	1	2009-10-11:12:10:11	109
48.54741	2.64846	1	2009-10-11:12:10:11	109
48.54709	2.64958	1	2009-10-11:12:10:11	109
48.54645	2.65037	1	2009-10-11:12:10:11	109
48.54578	2.65115	1	2009-10-11:12:10:11	109
48.54517	2.65194	1	2009-10-11:12:10:11	109
48.54448	2.65268	1	2009-10-11:12:10:11	109
48.5438	2.65355	1	2009-10-11:12:10:11	109
48.54316	2.65435	1	2009-10-11:12:10:11	109
48.5425	2.65511	1	2009-10-11:12:10:11	109
48.54188	2.65592	1	2009-10-11:12:10:11	109
48.54125	2.65663	1	2009-10-11:12:10:11	109
48.54062	2.65742	1	2009-10-11:12:10:11	109
48.53989	2.65811	1	2009-10-11:12:10:11	109
48.53925	2.65896	1	2009-10-11:12:10:11	109
48.53862	2.65939	1	2009-10-11:12:10:11	109
48.53842	2.65987	1	2009-10-11:12:10:11	109
48.53893	2.66089	1	2009-10-11:12:10:11	109
48.53932	2.66184	1	2009-10-11:12:10:11	109
48.53919	2.66175	1	2009-10-11:12:10:11	109
48.53916	2.66211	1	2009-10-11:12:10:11	109
48.53923	2.66226	1	2009-10-11:12:10:11	109
48.53924	2.66255	1	2009-10-11:12:10:11	109
48.53998	2.66297	1	2009-10-11:12:10:11	109
48.54083	2.66313	1	2009-10-11:12:10:11	109
48.5416	2.66341	1	2009-10-11:12:10:11	109
48.54238	2.66374	1	2009-10-11:12:10:11	109
48.54312	2.66398	1	2009-10-11:12:10:11	109
48.54389	2.6645	1	2009-10-11:12:10:11	109
48.54432	2.66556	1	2009-10-11:12:10:11	109
48.54475	2.66655	1	2009-10-11:12:10:11	109
48.54522	2.66757	1	2009-10-11:12:10:11	109
48.54572	2.66853	1	2009-10-11:12:10:11	109
48.54616	2.66956	1	2009-10-11:12:10:11	109
48.54648	2.67063	1	2009-10-11:12:10:11	109
48.54698	2.67156	1	2009-10-11:12:10:11	109
48.54733	2.67268	1	2009-10-11:12:10:11	109
48.54788	2.67352	1	2009-10-11:12:10:11	109
48.54842	2.67395	1	2009-10-11:12:10:11	109
48.54902	2.67478	1	2009-10-11:12:10:11	109
48.54962	2.67562	1	2009-10-11:12:10:11	109
48.55007	2.67667	1	2009-10-11:12:10:11	109
48.55053	2.67776	1	2009-10-11:12:10:11	109
48.55111	2.67879	1	2009-10-11:12:10:11	109
48.55162	2.67871	1	2009-10-11:12:10:11	109
48.5522	2.67787	1	2009-10-11:12:10:11	109
48.55299	2.67817	1	2009-10-11:12:10:11	109
48.55376	2.67852	1	2009-10-11:12:10:11	109
48.55453	2.67895	1	2009-10-11:12:10:11	109
48.55536	2.67905	1	2009-10-11:12:10:11	109
48.55619	2.67923	1	2009-10-11:12:10:11	109
48.55695	2.6798	1	2009-10-11:12:10:11	109
48.55776	2.68012	1	2009-10-11:12:10:11	109
48.55857	2.68012	1	2009-10-11:12:10:11	109
48.55925	2.68057	1	2009-10-11:12:10:11	109
48.55972	2.68154	1	2009-10-11:12:10:11	109
48.56018	2.68255	1	2009-10-11:12:10:11	109
48.56068	2.68351	1	2009-10-11:12:10:11	109
48.56113	2.68442	1	2009-10-11:12:10:11	109
48.56162	2.68544	1	2009-10-11:12:10:11	109
48.56214	2.6865	1	2009-10-11:12:10:11	109
48.56256	2.6875	1	2009-10-11:12:10:11	109
48.56313	2.68835	1	2009-10-11:12:10:11	109
48.56377	2.68925	1	2009-10-11:12:10:11	109
48.56438	2.69003	1	2009-10-11:12:10:11	109
48.56483	2.69096	1	2009-10-11:12:10:11	109
48.56554	2.69154	1	2009-10-11:12:10:11	109
48.56614	2.69234	1	2009-10-11:12:10:11	109
48.56674	2.69314	1	2009-10-11:12:10:11	109
48.56699	2.6942	1	2009-10-11:12:10:11	109
48.56709	2.69545	1	2009-10-11:12:10:11	109
48.56712	2.69669	1	2009-10-11:12:10:11	109
48.56722	2.69788	1	2009-10-11:12:10:11	109
48.56734	2.69915	1	2009-10-11:12:10:11	109
48.5674	2.70037	1	2009-10-11:12:10:11	109
48.5675	2.70157	1	2009-10-11:12:10:11	109
48.56762	2.70278	1	2009-10-11:12:10:11	109
48.56773	2.70397	1	2009-10-11:12:10:11	109
48.56781	2.70516	1	2009-10-11:12:10:11	109
48.5679	2.70631	1	2009-10-11:12:10:11	109
48.56798	2.70749	1	2009-10-11:12:10:11	109
48.56809	2.70864	1	2009-10-11:12:10:11	109
48.56819	2.70985	1	2009-10-11:12:10:11	109
48.56821	2.7111	1	2009-10-11:12:10:11	109
48.56833	2.71227	1	2009-10-11:12:10:11	109
48.56839	2.71344	1	2009-10-11:12:10:11	109
48.56779	2.71346	1	2009-10-11:12:10:11	109
48.56803	2.71272	1	2009-10-11:12:10:11	109
48.56804	2.71266	1	2009-10-11:12:10:11	109
48.56805	2.71264	1	2009-10-11:12:10:11	109
48.56803	2.71267	1	2009-10-11:12:10:11	109
48.56805	2.71268	1	2009-10-11:12:10:11	109
48.56804	2.7127	1	2009-10-11:12:10:11	109
48.56802	2.71268	1	2009-10-11:12:10:11	109
48.56801	2.71266	1	2009-10-11:12:10:11	109
48.568	2.71264	1	2009-10-11:12:10:11	109
48.56799	2.71262	1	2009-10-11:12:10:11	109
48.56799	2.71253	1	2009-10-11:12:10:11	109
48.568	2.71245	1	2009-10-11:12:10:11	109
48.56799	2.71243	1	2009-10-11:12:10:11	109
48.56798	2.71238	1	2009-10-11:12:10:11	109
48.56796	2.71236	1	2009-10-11:12:10:11	109
48.56794	2.71234	1	2009-10-11:12:10:11	109
48.56795	2.7123	1	2009-10-11:12:10:11	109
48.56796	2.71227	1	2009-10-11:12:10:11	109
48.56794	2.71225	1	2009-10-11:12:10:11	109
48.5679	2.71228	1	2009-10-11:12:10:11	109
48.56778	2.71231	1	2009-10-11:12:10:11	109
48.56778	2.71233	1	2009-10-11:12:10:11	109
48.56791	2.7123	1	2009-10-11:12:10:11	109
48.56788	2.7123	1	2009-10-11:12:10:11	109
48.81831	2.49186	1	2009-10-25:07:22:37	110
48.81697	2.49816	1	2009-10-25:07:22:37	110
48.81571	2.50414	1	2009-10-25:07:22:37	110
48.81402	2.50933	1	2009-10-25:07:22:37	110
48.81247	2.5151	1	2009-10-25:07:22:37	110
48.81072	2.52019	1	2009-10-25:07:22:37	110
48.8084	2.52467	1	2009-10-25:07:22:37	110
48.80641	2.52833	1	2009-10-25:07:22:37	110
48.80591	2.53316	1	2009-10-25:07:22:37	110
48.80397	2.53648	1	2009-10-25:07:22:37	110
48.80169	2.54035	1	2009-10-25:07:22:37	110
48.79932	2.54406	1	2009-10-25:07:22:37	110
48.79711	2.54789	1	2009-10-25:07:22:37	110
48.79447	2.55173	1	2009-10-25:07:22:37	110
48.79175	2.55533	1	2009-10-25:07:22:37	110
48.7896	2.55939	1	2009-10-25:07:22:37	110
48.78715	2.56247	1	2009-10-25:07:22:37	110
48.78486	2.56455	1	2009-10-25:07:22:37	110
48.78277	2.56837	1	2009-10-25:07:22:37	110
48.7811	2.57257	1	2009-10-25:07:22:37	110
48.78011	2.57706	1	2009-10-25:07:22:37	110
48.77944	2.58185	1	2009-10-25:07:22:37	110
48.77851	2.58644	1	2009-10-25:07:22:37	110
48.77769	2.59126	1	2009-10-25:07:22:37	110
48.77686	2.59582	1	2009-10-25:07:22:37	110
48.77605	2.60019	1	2009-10-25:07:22:37	110
48.7752	2.60474	1	2009-10-25:07:22:37	110
48.77434	2.60956	1	2009-10-25:07:22:37	110
48.77347	2.61426	1	2009-10-25:07:22:37	110
48.7726	2.61879	1	2009-10-25:07:22:37	110
48.77181	2.62329	1	2009-10-25:07:22:37	110
48.77097	2.62795	1	2009-10-25:07:22:37	110
48.77037	2.63144	1	2009-10-25:07:22:37	110
48.76962	2.63598	1	2009-10-25:07:22:37	110
48.76884	2.64042	1	2009-10-25:07:22:37	110
48.7679	2.64491	1	2009-10-25:07:22:37	110
48.76683	2.64942	1	2009-10-25:07:22:37	110
48.76581	2.65393	1	2009-10-25:07:22:37	110
48.76425	2.65817	1	2009-10-25:07:22:37	110
48.76212	2.66166	1	2009-10-25:07:22:37	110
48.76001	2.66537	1	2009-10-25:07:22:37	110
48.75802	2.66912	1	2009-10-25:07:22:37	110
48.75602	2.67292	1	2009-10-25:07:22:37	110
48.75393	2.6767	1	2009-10-25:07:22:37	110
48.75148	2.67997	1	2009-10-25:07:22:37	110
48.74884	2.68274	1	2009-10-25:07:22:37	110
48.74629	2.6856	1	2009-10-25:07:22:37	110
48.74384	2.68874	1	2009-10-25:07:22:37	110
48.74159	2.69207	1	2009-10-25:07:22:37	110
48.73953	2.6958	1	2009-10-25:07:22:37	110
48.73769	2.69962	1	2009-10-25:07:22:37	110
48.73598	2.70374	1	2009-10-25:07:22:37	110
48.73456	2.70804	1	2009-10-25:07:22:37	110
48.7336	2.71259	1	2009-10-25:07:22:37	110
48.73315	2.71719	1	2009-10-25:07:22:37	110
48.73324	2.72195	1	2009-10-25:07:22:37	110
48.73371	2.72679	1	2009-10-25:07:22:37	110
48.73416	2.73163	1	2009-10-25:07:22:37	110
48.73462	2.73651	1	2009-10-25:07:22:37	110
48.73505	2.74119	1	2009-10-25:07:22:37	110
48.73527	2.74588	1	2009-10-25:07:22:37	110
48.73549	2.75079	1	2009-10-25:07:22:37	110
48.73607	2.75549	1	2009-10-25:07:22:37	110
48.7368	2.76011	1	2009-10-25:07:22:37	110
48.73679	2.76367	1	2009-10-25:07:22:37	110
48.73613	2.76838	1	2009-10-25:07:22:37	110
48.73533	2.77295	1	2009-10-25:07:22:37	110
48.73418	2.77741	1	2009-10-25:07:22:37	110
48.73336	2.78211	1	2009-10-25:07:22:37	110
48.73249	2.78667	1	2009-10-25:07:22:37	110
48.73153	2.79126	1	2009-10-25:07:22:37	110
48.73057	2.79568	1	2009-10-25:07:22:37	110
48.72957	2.80027	1	2009-10-25:07:22:37	110
48.72887	2.80484	1	2009-10-25:07:22:37	110
48.72859	2.8096	1	2009-10-25:07:22:37	110
48.72764	2.81422	1	2009-10-25:07:22:37	110
48.72649	2.81872	1	2009-10-25:07:22:37	110
48.72534	2.82332	1	2009-10-25:07:22:37	110
48.72423	2.8277	1	2009-10-25:07:22:37	110
48.72311	2.83212	1	2009-10-25:07:22:37	110
48.722	2.83648	1	2009-10-25:07:22:37	110
48.72087	2.84086	1	2009-10-25:07:22:37	110
48.71938	2.84497	1	2009-10-25:07:22:37	110
48.71794	2.84708	1	2009-10-25:07:22:37	110
48.72077	2.84913	1	2009-10-25:07:22:37	110
48.72366	2.85092	1	2009-10-25:07:22:37	110
48.72663	2.85253	1	2009-10-25:07:22:37	110
48.72969	2.85395	1	2009-10-25:07:22:37	110
48.73271	2.85507	1	2009-10-25:07:22:37	110
48.73574	2.856	1	2009-10-25:07:22:37	110
48.73885	2.85669	1	2009-10-25:07:22:37	110
48.74192	2.85716	1	2009-10-25:07:22:37	110
48.74513	2.85757	1	2009-10-25:07:22:37	110
48.74814	2.85795	1	2009-10-25:07:22:37	110
48.75129	2.85835	1	2009-10-25:07:22:37	110
48.7544	2.85876	1	2009-10-25:07:22:37	110
48.75747	2.85916	1	2009-10-25:07:22:37	110
48.76058	2.8598	1	2009-10-25:07:22:37	110
48.76367	2.86077	1	2009-10-25:07:22:37	110
48.76672	2.86203	1	2009-10-25:07:22:37	110
48.76973	2.86327	1	2009-10-25:07:22:37	110
48.77284	2.8642	1	2009-10-25:07:22:37	110
48.7759	2.86505	1	2009-10-25:07:22:37	110
48.77898	2.86584	1	2009-10-25:07:22:37	110
48.78202	2.86663	1	2009-10-25:07:22:37	110
48.78512	2.86746	1	2009-10-25:07:22:37	110
48.78824	2.86828	1	2009-10-25:07:22:37	110
48.79137	2.86916	1	2009-10-25:07:22:37	110
48.79443	2.86992	1	2009-10-25:07:22:37	110
48.79755	2.87075	1	2009-10-25:07:22:37	110
48.8006	2.87162	1	2009-10-25:07:22:37	110
48.80367	2.87235	1	2009-10-25:07:22:37	110
48.80689	2.87319	1	2009-10-25:07:22:37	110
48.80991	2.87399	1	2009-10-25:07:22:37	110
48.81306	2.87482	1	2009-10-25:07:22:37	110
48.81609	2.87559	1	2009-10-25:07:22:37	110
48.81921	2.87637	1	2009-10-25:07:22:37	110
48.82227	2.87715	1	2009-10-25:07:22:37	110
48.82538	2.87798	1	2009-10-25:07:22:37	110
48.8285	2.87877	1	2009-10-25:07:22:37	110
48.8316	2.87949	1	2009-10-25:07:22:37	110
48.83454	2.87809	1	2009-10-25:07:22:37	110
48.83722	2.8757	1	2009-10-25:07:22:37	110
48.83995	2.87331	1	2009-10-25:07:22:37	110
48.84271	2.87098	1	2009-10-25:07:22:37	110
48.84542	2.86865	1	2009-10-25:07:22:37	110
48.84949	2.86515	1	2009-10-25:07:22:37	110
48.85217	2.86275	1	2009-10-25:07:22:37	110
48.85445	2.85941	1	2009-10-25:07:22:37	110
48.85612	2.85543	1	2009-10-25:07:22:37	110
48.85781	2.85143	1	2009-10-25:07:22:37	110
48.85949	2.84734	1	2009-10-25:07:22:37	110
48.85845	2.84957	1	2009-10-25:07:22:37	110
48.85681	2.85355	1	2009-10-25:07:22:37	110
48.85519	2.85746	1	2009-10-25:07:22:37	110
48.85331	2.86114	1	2009-10-25:07:22:37	110
48.85477	2.86065	1	2009-10-25:07:22:37	110
48.85756	2.85823	1	2009-10-25:07:22:37	110
48.86047	2.85642	1	2009-10-25:07:22:37	110
48.8635	2.85554	1	2009-10-25:07:22:37	110
48.86659	2.85468	1	2009-10-25:07:22:37	110
48.86962	2.8538	1	2009-10-25:07:22:37	110
48.87267	2.85294	1	2009-10-25:07:22:37	110
48.87564	2.85215	1	2009-10-25:07:22:37	110
48.87865	2.85128	1	2009-10-25:07:22:37	110
48.88168	2.85113	1	2009-10-25:07:22:37	110
48.8837	2.854	1	2009-10-25:07:22:37	110
48.88635	2.85638	1	2009-10-25:07:22:37	110
48.88938	2.85795	1	2009-10-25:07:22:37	110
48.89235	2.85949	1	2009-10-25:07:22:37	110
48.89544	2.86112	1	2009-10-25:07:22:37	110
48.8975	2.8639	1	2009-10-25:07:22:37	110
48.89911	2.86801	1	2009-10-25:07:22:37	110
48.90063	2.87215	1	2009-10-25:07:22:37	110
48.90222	2.87622	1	2009-10-25:07:22:37	110
48.90409	2.87989	1	2009-10-25:07:22:37	110
48.90591	2.88352	1	2009-10-25:07:22:37	110
48.90725	2.88709	1	2009-10-25:07:22:37	110
48.90806	2.88971	1	2009-10-25:07:22:37	110
48.90957	2.89389	1	2009-10-25:07:22:37	110
48.91103	2.89799	1	2009-10-25:07:22:37	110
48.91253	2.90217	1	2009-10-25:07:22:37	110
48.91385	2.90664	1	2009-10-25:07:22:37	110
48.91413	2.91152	1	2009-10-25:07:22:37	110
48.91329	2.91614	1	2009-10-25:07:22:37	110
48.91166	2.92019	1	2009-10-25:07:22:37	110
48.91353	2.91878	1	2009-10-25:07:22:37	110
48.9155	2.91512	1	2009-10-25:07:22:37	110
48.91834	2.91343	1	2009-10-25:07:22:37	110
48.92131	2.91315	1	2009-10-25:07:22:37	110
48.92355	2.91013	1	2009-10-25:07:22:37	110
48.92523	2.90683	1	2009-10-25:07:22:37	110
48.92667	2.90296	1	2009-10-25:07:22:37	110
48.92553	2.9003	1	2009-10-25:07:22:37	110
48.9282	2.8979	1	2009-10-25:07:22:37	110
48.93089	2.89493	1	2009-10-25:07:22:37	110
48.93212	2.89103	1	2009-10-25:07:22:37	110
48.93485	2.88843	1	2009-10-25:07:22:37	110
48.93773	2.88672	1	2009-10-25:07:22:37	110
48.94067	2.8851	1	2009-10-25:07:22:37	110
48.94353	2.88339	1	2009-10-25:07:22:37	110
48.94581	2.88026	1	2009-10-25:07:22:37	110
48.94892	2.88011	1	2009-10-25:07:22:37	110
48.95207	2.87971	1	2009-10-25:07:22:37	110
48.95511	2.87914	1	2009-10-25:07:22:37	110
48.95758	2.8762	1	2009-10-25:07:22:37	110
48.95931	2.87927	1	2009-10-25:07:22:37	110
48.96009	2.87857	1	2009-10-25:07:22:37	110
48.96008	2.87854	1	2009-10-25:07:22:37	110
48.9601	2.87852	1	2009-10-25:07:22:37	110
48.96011	2.8785	1	2009-10-25:07:22:37	110
48.96011	2.87848	1	2009-10-25:07:22:37	110
48.96011	2.87846	1	2009-10-25:07:22:37	110
48.96011	2.87844	1	2009-10-25:07:22:37	110
48.9601	2.87842	1	2009-10-25:07:22:37	110
48.9601	2.8784	1	2009-10-25:07:22:37	110
48.9601	2.87838	1	2009-10-25:07:22:37	110
48.96009	2.87835	1	2009-10-25:07:22:37	110
48.96009	2.87833	1	2009-10-25:07:22:37	110
48.96009	2.8783	1	2009-10-25:07:22:37	110
48.96008	2.87828	1	2009-10-25:07:22:37	110
48.96007	2.87826	1	2009-10-25:07:22:37	110
48.96007	2.87823	1	2009-10-25:07:22:37	110
48.96005	2.87822	1	2009-10-25:07:22:37	110
48.96004	2.8782	1	2009-10-25:07:22:37	110
48.96004	2.87818	1	2009-10-25:07:22:37	110
48.96004	2.87814	1	2009-10-25:07:22:37	110
48.96001	2.87809	1	2009-10-25:07:22:37	110
48.95999	2.87798	1	2009-10-25:07:22:37	110
48.96005	2.87791	1	2009-10-25:07:22:37	110
48.96005	2.87791	1	2009-10-25:10:25:19	111
48.96006	2.87778	1	2009-10-25:10:25:19	111
48.95917	2.87792	1	2009-10-25:10:25:19	111
48.95856	2.87568	1	2009-10-25:10:25:19	111
48.95939	2.87344	1	2009-10-25:10:25:19	111
48.95805	2.87245	1	2009-10-25:10:25:19	111
48.95625	2.87254	1	2009-10-25:10:25:19	111
48.95494	2.87171	1	2009-10-25:10:25:19	111
48.95512	2.86891	1	2009-10-25:10:25:19	111
48.95555	2.86628	1	2009-10-25:10:25:19	111
48.95594	2.86356	1	2009-10-25:10:25:19	111
48.95625	2.86078	1	2009-10-25:10:25:19	111
48.9568	2.85815	1	2009-10-25:10:25:19	111
48.95697	2.85481	1	2009-10-25:10:25:19	111
48.95739	2.85128	1	2009-10-25:10:25:19	111
48.95775	2.84827	1	2009-10-25:10:25:19	111
48.95806	2.84548	1	2009-10-25:10:25:19	111
48.95817	2.84387	1	2009-10-25:10:25:19	111
48.95837	2.84137	1	2009-10-25:10:25:19	111
48.95859	2.83876	1	2009-10-25:10:25:19	111
48.9588	2.8362	1	2009-10-25:10:25:19	111
48.959	2.83367	1	2009-10-25:10:25:19	111
48.95909	2.83094	1	2009-10-25:10:25:19	111
48.95912	2.8284	1	2009-10-25:10:25:19	111
48.959	2.82588	1	2009-10-25:10:25:19	111
48.95885	2.82306	1	2009-10-25:10:25:19	111
48.9587	2.8203	1	2009-10-25:10:25:19	111
48.95856	2.81773	1	2009-10-25:10:25:19	111
48.95844	2.81495	1	2009-10-25:10:25:19	111
48.95835	2.81255	1	2009-10-25:10:25:19	111
48.95821	2.80978	1	2009-10-25:10:25:19	111
48.95806	2.80711	1	2009-10-25:10:25:19	111
48.95798	2.80508	1	2009-10-25:10:25:19	111
48.95784	2.80283	1	2009-10-25:10:25:19	111
48.9577	2.80035	1	2009-10-25:10:25:19	111
48.95753	2.79783	1	2009-10-25:10:25:19	111
48.95743	2.79548	1	2009-10-25:10:25:19	111
48.9573	2.79304	1	2009-10-25:10:25:19	111
48.95702	2.7906	1	2009-10-25:10:25:19	111
48.95653	2.78837	1	2009-10-25:10:25:19	111
48.95601	2.78595	1	2009-10-25:10:25:19	111
48.95548	2.7836	1	2009-10-25:10:25:19	111
48.95499	2.78137	1	2009-10-25:10:25:19	111
48.95446	2.77897	1	2009-10-25:10:25:19	111
48.95392	2.77653	1	2009-10-25:10:25:19	111
48.95342	2.77424	1	2009-10-25:10:25:19	111
48.9529	2.77188	1	2009-10-25:10:25:19	111
48.95243	2.76965	1	2009-10-25:10:25:19	111
48.95187	2.76728	1	2009-10-25:10:25:19	111
48.95137	2.76503	1	2009-10-25:10:25:19	111
48.95088	2.76279	1	2009-10-25:10:25:19	111
48.95038	2.7605	1	2009-10-25:10:25:19	111
48.94988	2.75825	1	2009-10-25:10:25:19	111
48.94939	2.75599	1	2009-10-25:10:25:19	111
48.94889	2.75368	1	2009-10-25:10:25:19	111
48.94869	2.75126	1	2009-10-25:10:25:19	111
48.94858	2.74876	1	2009-10-25:10:25:19	111
48.94848	2.74634	1	2009-10-25:10:25:19	111
48.94837	2.74391	1	2009-10-25:10:25:19	111
48.94825	2.74151	1	2009-10-25:10:25:19	111
48.94816	2.739	1	2009-10-25:10:25:19	111
48.94804	2.73643	1	2009-10-25:10:25:19	111
48.94793	2.73408	1	2009-10-25:10:25:19	111
48.94779	2.7316	1	2009-10-25:10:25:19	111
48.94774	2.7304	1	2009-10-25:10:25:19	111
48.94759	2.728	1	2009-10-25:10:25:19	111
48.94748	2.7256	1	2009-10-25:10:25:19	111
48.94736	2.72303	1	2009-10-25:10:25:19	111
48.94725	2.72058	1	2009-10-25:10:25:19	111
48.94714	2.7181	1	2009-10-25:10:25:19	111
48.947	2.71561	1	2009-10-25:10:25:19	111
48.94688	2.71317	1	2009-10-25:10:25:19	111
48.94675	2.71065	1	2009-10-25:10:25:19	111
48.94661	2.70824	1	2009-10-25:10:25:19	111
48.94651	2.70582	1	2009-10-25:10:25:19	111
48.94656	2.70347	1	2009-10-25:10:25:19	111
48.94687	2.70104	1	2009-10-25:10:25:19	111
48.9473	2.70024	1	2009-10-25:10:25:19	111
48.94679	2.6996	1	2009-10-25:10:25:19	111
48.94534	2.69852	1	2009-10-25:10:25:19	111
48.94462	2.69643	1	2009-10-25:10:25:19	111
48.94499	2.69406	1	2009-10-25:10:25:19	111
48.94523	2.69172	1	2009-10-25:10:25:19	111
48.94586	2.68959	1	2009-10-25:10:25:19	111
48.9471	2.68842	1	2009-10-25:10:25:19	111
48.94824	2.69014	1	2009-10-25:10:25:19	111
48.94949	2.69152	1	2009-10-25:10:25:19	111
48.95088	2.69073	1	2009-10-25:10:25:19	111
48.95181	2.68872	1	2009-10-25:10:25:19	111
48.95221	2.68639	1	2009-10-25:10:25:19	111
48.95255	2.68389	1	2009-10-25:10:25:19	111
48.95262	2.68136	1	2009-10-25:10:25:19	111
48.95272	2.67888	1	2009-10-25:10:25:19	111
48.95369	2.67703	1	2009-10-25:10:25:19	111
48.95515	2.67613	1	2009-10-25:10:25:19	111
48.95665	2.67692	1	2009-10-25:10:25:19	111
48.95816	2.67638	1	2009-10-25:10:25:19	111
48.95918	2.67459	1	2009-10-25:10:25:19	111
48.95919	2.67217	1	2009-10-25:10:25:19	111
48.95867	2.66996	1	2009-10-25:10:25:19	111
48.95746	2.66829	1	2009-10-25:10:25:19	111
48.95687	2.66606	1	2009-10-25:10:25:19	111
48.95688	2.66452	1	2009-10-25:10:25:19	111
48.95663	2.66213	1	2009-10-25:10:25:19	111
48.95639	2.65968	1	2009-10-25:10:25:19	111
48.95618	2.65716	1	2009-10-25:10:25:19	111
48.95597	2.65478	1	2009-10-25:10:25:19	111
48.95578	2.65231	1	2009-10-25:10:25:19	111
48.95555	2.64987	1	2009-10-25:10:25:19	111
48.95532	2.64742	1	2009-10-25:10:25:19	111
48.95512	2.64509	1	2009-10-25:10:25:19	111
48.95492	2.64275	1	2009-10-25:10:25:19	111
48.95468	2.64033	1	2009-10-25:10:25:19	111
48.95449	2.63792	1	2009-10-25:10:25:19	111
48.95425	2.63555	1	2009-10-25:10:25:19	111
48.95407	2.63316	1	2009-10-25:10:25:19	111
48.95385	2.63069	1	2009-10-25:10:25:19	111
48.95362	2.62833	1	2009-10-25:10:25:19	111
48.95338	2.62595	1	2009-10-25:10:25:19	111
48.95323	2.62354	1	2009-10-25:10:25:19	111
48.95305	2.62113	1	2009-10-25:10:25:19	111
48.95265	2.61871	1	2009-10-25:10:25:19	111
48.95203	2.61659	1	2009-10-25:10:25:19	111
48.95108	2.61462	1	2009-10-25:10:25:19	111
48.9509	2.61221	1	2009-10-25:10:25:19	111
48.95131	2.60983	1	2009-10-25:10:25:19	111
48.95184	2.6075	1	2009-10-25:10:25:19	111
48.9523	2.60532	1	2009-10-25:10:25:19	111
48.95255	2.60294	1	2009-10-25:10:25:19	111
48.95193	2.60127	1	2009-10-25:10:25:19	111
48.95139	2.59911	1	2009-10-25:10:25:19	111
48.95094	2.59693	1	2009-10-25:10:25:19	111
48.95059	2.5946	1	2009-10-25:10:25:19	111
48.95025	2.59239	1	2009-10-25:10:25:19	111
48.94988	2.59016	1	2009-10-25:10:25:19	111
48.94939	2.588	1	2009-10-25:10:25:19	111
48.94916	2.58577	1	2009-10-25:10:25:19	111
48.94872	2.58346	1	2009-10-25:10:25:19	111
48.94777	2.58169	1	2009-10-25:10:25:19	111
48.94721	2.57938	1	2009-10-25:10:25:19	111
48.94696	2.5767	1	2009-10-25:10:25:19	111
48.94645	2.57451	1	2009-10-25:10:25:19	111
48.94597	2.56969	1	2009-10-25:10:25:19	111
48.94542	2.56767	1	2009-10-25:10:25:19	111
48.94319	2.56129	1	2009-10-25:10:25:19	111
48.94192	2.56176	1	2009-10-25:10:25:19	111
48.94112	2.55975	1	2009-10-25:10:25:19	111
48.94057	2.55752	1	2009-10-25:10:25:19	111
48.94002	2.55536	1	2009-10-25:10:25:19	111
48.9395	2.55295	1	2009-10-25:10:25:19	111
48.93906	2.55075	1	2009-10-25:10:25:19	111
48.93898	2.54848	1	2009-10-25:10:25:19	111
48.93846	2.54632	1	2009-10-25:10:25:19	111
48.93787	2.54414	1	2009-10-25:10:25:19	111
48.93719	2.54203	1	2009-10-25:10:25:19	111
48.93662	2.5398	1	2009-10-25:10:25:19	111
48.93593	2.53782	1	2009-10-25:10:25:19	111
48.93535	2.53566	1	2009-10-25:10:25:19	111
48.93487	2.53347	1	2009-10-25:10:25:19	111
48.93425	2.53131	1	2009-10-25:10:25:19	111
48.93366	2.52905	1	2009-10-25:10:25:19	111
48.93307	2.52682	1	2009-10-25:10:25:19	111
48.93261	2.52459	1	2009-10-25:10:25:19	111
48.93197	2.52241	1	2009-10-25:10:25:19	111
48.93095	2.52059	1	2009-10-25:10:25:19	111
48.92974	2.51905	1	2009-10-25:10:25:19	111
48.92854	2.51757	1	2009-10-25:10:25:19	111
48.92714	2.51638	1	2009-10-25:10:25:19	111
48.92586	2.51499	1	2009-10-25:10:25:19	111
48.92466	2.51349	1	2009-10-25:10:25:19	111
48.92338	2.51215	1	2009-10-25:10:25:19	111
48.92214	2.5108	1	2009-10-25:10:25:19	111
48.92088	2.50944	1	2009-10-25:10:25:19	111
48.91959	2.50798	1	2009-10-25:10:25:19	111
48.9183	2.50659	1	2009-10-25:10:25:19	111
48.91702	2.50518	1	2009-10-25:10:25:19	111
48.91572	2.50373	1	2009-10-25:10:25:19	111
48.91452	2.50219	1	2009-10-25:10:25:19	111
48.9132	2.50089	1	2009-10-25:10:25:19	111
48.91191	2.49939	1	2009-10-25:10:25:19	111
48.91079	2.49763	1	2009-10-25:10:25:19	111
48.91012	2.49553	1	2009-10-25:10:25:19	111
48.9096	2.49316	1	2009-10-25:10:25:19	111
48.90927	2.4908	1	2009-10-25:10:25:19	111
48.90877	2.48851	1	2009-10-25:10:25:19	111
48.90828	2.48616	1	2009-10-25:10:25:19	111
48.90781	2.48381	1	2009-10-25:10:25:19	111
48.90738	2.48148	1	2009-10-25:10:25:19	111
48.90698	2.47973	1	2009-10-25:10:25:19	111
48.90649	2.47746	1	2009-10-25:10:25:19	111
48.90609	2.47516	1	2009-10-25:10:25:19	111
48.9059	2.47292	1	2009-10-25:10:25:19	111
48.90543	2.47072	1	2009-10-25:10:25:19	111
48.90496	2.4686	1	2009-10-25:10:25:19	111
48.90457	2.46625	1	2009-10-25:10:25:19	111
48.9041	2.46409	1	2009-10-25:10:25:19	111
48.90365	2.46177	1	2009-10-25:10:25:19	111
48.90321	2.45952	1	2009-10-25:10:25:19	111
48.90276	2.45728	1	2009-10-25:10:25:19	111
48.90229	2.45501	1	2009-10-25:10:25:19	111
48.90185	2.45278	1	2009-10-25:10:25:19	111
48.9014	2.45057	1	2009-10-25:10:25:19	111
48.90092	2.44832	1	2009-10-25:10:25:19	111
48.90051	2.44609	1	2009-10-25:10:25:19	111
48.89994	2.44376	1	2009-10-25:10:25:19	111
48.89936	2.44151	1	2009-10-25:10:25:19	111
48.899	2.43914	1	2009-10-25:10:25:19	111
48.89857	2.43686	1	2009-10-25:10:25:19	111
48.89828	2.43466	1	2009-10-25:10:25:19	111
48.89772	2.43246	1	2009-10-25:10:25:19	111
48.89727	2.43018	1	2009-10-25:10:25:19	111
48.89681	2.42783	1	2009-10-25:10:25:19	111
48.89652	2.4255	1	2009-10-25:10:25:19	111
48.8967	2.42318	1	2009-10-25:10:25:19	111
48.89662	2.42078	1	2009-10-25:10:25:19	111
48.89658	2.41838	1	2009-10-25:10:25:19	111
48.89659	2.41597	1	2009-10-25:10:25:19	111
48.89538	2.41512	1	2009-10-25:10:25:19	111
48.895	2.4129	1	2009-10-25:10:25:19	111
48.89522	2.41055	1	2009-10-25:10:25:19	111
48.89546	2.4082	1	2009-10-25:10:25:19	111
48.89544	2.40589	1	2009-10-25:10:25:19	111
48.89568	2.40354	1	2009-10-25:10:25:19	111
48.89599	2.40108	1	2009-10-25:10:25:19	111
48.8959	2.39871	1	2009-10-25:10:25:19	111
48.89535	2.39687	1	2009-10-25:10:25:19	111
48.8956	2.39499	1	2009-10-25:10:25:19	111
48.89504	2.39313	1	2009-10-25:10:25:19	111
48.89409	2.39121	1	2009-10-25:10:25:19	111
48.89315	2.38931	1	2009-10-25:10:25:19	111
48.89224	2.38726	1	2009-10-25:10:25:19	111
48.89117	2.38556	1	2009-10-25:10:25:19	111
48.89022	2.38361	1	2009-10-25:10:25:19	111
48.88923	2.38168	1	2009-10-25:10:25:19	111
48.88828	2.37969	1	2009-10-25:10:25:19	111
48.88718	2.37853	1	2009-10-25:10:25:19	111
48.88627	2.37653	1	2009-10-25:10:25:19	111
48.88532	2.37466	1	2009-10-25:10:25:19	111
48.88442	2.37276	1	2009-10-25:10:25:19	111
48.88344	2.37092	1	2009-10-25:10:25:19	111
48.88245	2.36912	1	2009-10-25:10:25:19	111
48.88107	2.36793	1	2009-10-25:10:25:19	111
48.87967	2.3668	1	2009-10-25:10:25:19	111
48.87782	2.36551	1	2009-10-25:10:25:19	111
48.87649	2.36423	1	2009-10-25:10:25:19	111
48.87511	2.36308	1	2009-10-25:10:25:19	111
48.87351	2.36307	1	2009-10-25:10:25:19	111
48.87225	2.36436	1	2009-10-25:10:25:19	111
48.8708	2.36515	1	2009-10-25:10:25:19	111
48.86996	2.36595	1	2009-10-25:10:25:19	111
48.86991	2.36602	1	2009-10-25:10:25:19	111
48.86986	2.36611	1	2009-10-25:10:25:19	111
48.86977	2.36622	1	2009-10-25:10:25:19	111
48.8697	2.36624	1	2009-10-25:10:25:19	111
48.86966	2.36626	1	2009-10-25:10:25:19	111
48.86958	2.36628	1	2009-10-25:10:25:19	111
48.8695	2.36629	1	2009-10-25:10:25:19	111
48.86923	2.36639	1	2009-10-25:10:25:19	111
48.86919	2.36641	1	2009-10-25:10:25:19	111
48.86914	2.36641	1	2009-10-25:10:25:19	111
48.86907	2.3664	1	2009-10-25:10:25:19	111
48.86902	2.36641	1	2009-10-25:10:25:19	111
48.86898	2.36644	1	2009-10-25:10:25:19	111
48.86893	2.36646	1	2009-10-25:10:25:19	111
48.8689	2.36649	1	2009-10-25:10:25:19	111
48.86887	2.36652	1	2009-10-25:10:25:19	111
48.86883	2.36654	1	2009-10-25:10:25:19	111
48.8688	2.36657	1	2009-10-25:10:25:19	111
48.86878	2.3666	1	2009-10-25:10:25:19	111
48.86874	2.36663	1	2009-10-25:10:25:19	111
48.8687	2.36666	1	2009-10-25:10:25:19	111
48.8687	2.36666	1	2009-10-25:10:25:19	111
