colour	y	x	key	tooltip	showSelected1	showSelected2	fill
#FF0000	48.75659431	2.206465776	bievres (91064), essonne (91), Île-de-France	bievres (91064), essonne (91), Île-de-France	2009-04-09:18:11:56	nearby cities	#FF0000
#FF0000	48.796455388	2.254300971	clamart (92023), hauts-de-seine (92), Île-de-France	clamart (92023), hauts-de-seine (92), Île-de-France	2009-04-09:18:11:56	nearby cities	#FF0000
#FF0000	48.796455388	2.254300971	clamart (92023), hauts-de-seine (92), Île-de-France	clamart (92023), hauts-de-seine (92), Île-de-France	2009-04-09:18:11:56	nearby cities	#FF0000
#FF0000	48.815232931	2.317223763	montrouge (92049), hauts-de-seine (92), Île-de-France	montrouge (92049), hauts-de-seine (92), Île-de-France	2009-04-09:18:11:56	nearby cities	#FF0000
#FF0000	48.780251597	2.25980883	le plessis robinson (92060), hauts-de-seine (92), Île-de-France	le plessis robinson (92060), hauts-de-seine (92), Île-de-France	2009-04-09:18:11:56	nearby cities	#FF0000
#FF0000	48.813266743	2.344190973	gentilly (94037), val-de-marne (94), Île-de-France	gentilly (94037), val-de-marne (94), Île-de-France	2009-04-09:18:11:56	nearby cities	#FF0000
#FF0000	48.80363284	2.288340335	chatillon (92020), hauts-de-seine (92), Île-de-France	chatillon (92020), hauts-de-seine (92), Île-de-France	2009-04-09:18:11:56	nearby cities	#FF0000
#FF0000	48.816575085	2.296075861	malakoff (92046), hauts-de-seine (92), Île-de-France	malakoff (92046), hauts-de-seine (92), Île-de-France	2009-04-09:18:11:56	nearby cities	#FF0000
#FF0000	48.780251597	2.25980883	le plessis robinson (92060), hauts-de-seine (92), Île-de-France	le plessis robinson (92060), hauts-de-seine (92), Île-de-France	2009-04-09:18:11:56	nearby cities	#FF0000
#FF0000	48.696591847	2.561137172	perigny sur yerres (94056), val-de-marne (94), Île-de-France	perigny sur yerres (94056), val-de-marne (94), Île-de-France	2009-04-11:09:52:48	nearby cities	#FF0000
#FF0000	48.720848417	2.531345894	villecresnes (94075), val-de-marne (94), Île-de-France	villecresnes (94075), val-de-marne (94), Île-de-France	2009-04-11:09:52:48	nearby cities	#FF0000
#FF0000	48.773381326	2.487751746	bonneuil sur marne (94011), val-de-marne (94), Île-de-France	bonneuil sur marne (94011), val-de-marne (94), Île-de-France	2009-04-11:09:52:48	nearby cities	#FF0000
#FF0000	48.783768446	2.454728618	creteil (94028), val-de-marne (94), Île-de-France	creteil (94028), val-de-marne (94), Île-de-France	2009-04-11:09:52:48	nearby cities	#FF0000
#FF0000	48.70599764	2.548010574	mandres les roses (94047), val-de-marne (94), Île-de-France	mandres les roses (94047), val-de-marne (94), Île-de-France	2009-04-11:09:52:48	nearby cities	#FF0000
#FF0000	48.747047399	2.525046124	boissy st leger (94004), val-de-marne (94), Île-de-France	boissy st leger (94004), val-de-marne (94), Île-de-France	2009-04-11:09:52:48	nearby cities	#FF0000
#FF0000	48.813266743	2.344190973	gentilly (94037), val-de-marne (94), Île-de-France	gentilly (94037), val-de-marne (94), Île-de-France	2009-04-11:15:51:05	nearby cities	#FF0000
#FF0000	48.806206275	2.438053127	maisons alfort (94046), val-de-marne (94), Île-de-France	maisons alfort (94046), val-de-marne (94), Île-de-France	2009-04-11:15:51:05	nearby cities	#FF0000
#FF0000	48.696591847	2.561137172	perigny sur yerres (94056), val-de-marne (94), Île-de-France	perigny sur yerres (94056), val-de-marne (94), Île-de-France	2009-04-11:15:51:05	nearby cities	#FF0000
#FF0000	48.818390376	2.437334691	st maurice (94069), val-de-marne (94), Île-de-France	st maurice (94069), val-de-marne (94), Île-de-France	2009-04-11:15:51:05	nearby cities	#FF0000
#FF0000	48.720848417	2.531345894	villecresnes (94075), val-de-marne (94), Île-de-France	villecresnes (94075), val-de-marne (94), Île-de-France	2009-04-11:15:51:05	nearby cities	#FF0000
#FF0000	48.828424546	2.362253766	paris (75113), paris (75), Île-de-France	paris (75113), paris (75), Île-de-France	2009-04-11:15:51:05	nearby cities	#FF0000
#FF0000	48.773381326	2.487751746	bonneuil sur marne (94011), val-de-marne (94), Île-de-France	bonneuil sur marne (94011), val-de-marne (94), Île-de-France	2009-04-11:15:51:05	nearby cities	#FF0000
#FF0000	48.783768446	2.454728618	creteil (94028), val-de-marne (94), Île-de-France	creteil (94028), val-de-marne (94), Île-de-France	2009-04-11:15:51:05	nearby cities	#FF0000
#FF0000	48.70599764	2.548010574	mandres les roses (94047), val-de-marne (94), Île-de-France	mandres les roses (94047), val-de-marne (94), Île-de-France	2009-04-11:15:51:05	nearby cities	#FF0000
#FF0000	48.747047399	2.525046124	boissy st leger (94004), val-de-marne (94), Île-de-France	boissy st leger (94004), val-de-marne (94), Île-de-France	2009-04-11:15:51:05	nearby cities	#FF0000
#FF0000	48.822572708	2.406597157	charenton le pont (94018), val-de-marne (94), Île-de-France	charenton le pont (94018), val-de-marne (94), Île-de-France	2009-04-11:15:51:05	nearby cities	#FF0000
#FF0000	48.8122892	2.387712363	ivry sur seine (94041), val-de-marne (94), Île-de-France	ivry sur seine (94041), val-de-marne (94), Île-de-France	2009-04-11:15:51:05	nearby cities	#FF0000
#FF0000	48.86287791	2.3599986	paris (75103), paris (75), Île-de-France	paris (75103), paris (75), Île-de-France	2009-04-13:11:59:58	nearby cities	#FF0000
#FF0000	48.859054908	2.380025153	paris (75111), paris (75), Île-de-France	paris (75111), paris (75), Île-de-France	2009-04-13:11:59:58	nearby cities	#FF0000
#FF0000	48.876129334	2.360715102	paris (75110), paris (75), Île-de-France	paris (75110), paris (75), Île-de-France	2009-04-13:11:59:58	nearby cities	#FF0000
#FF0000	48.854350603	2.357625608	paris (75104), paris (75), Île-de-France	paris (75104), paris (75), Île-de-France	2009-04-13:11:59:58	nearby cities	#FF0000
#FF0000	48.844452823	2.350706645	paris (75105), paris (75), Île-de-France	paris (75105), paris (75), Île-de-France	2009-04-13:16:39:34	nearby cities	#FF0000
#FF0000	48.813266743	2.344190973	gentilly (94037), val-de-marne (94), Île-de-France	gentilly (94037), val-de-marne (94), Île-de-France	2009-04-13:16:39:34	nearby cities	#FF0000
#FF0000	48.828424546	2.362253766	paris (75113), paris (75), Île-de-France	paris (75113), paris (75), Île-de-France	2009-04-13:16:39:34	nearby cities	#FF0000
#FF0000	48.854350603	2.357625608	paris (75104), paris (75), Île-de-France	paris (75104), paris (75), Île-de-France	2009-04-13:16:39:34	nearby cities	#FF0000
#FF0000	48.765889291	2.163600257	jouy en josas (78322), yvelines (78), Île-de-France	jouy en josas (78322), yvelines (78), Île-de-France	2009-04-21:06:54:34	nearby cities	#FF0000
#FF0000	48.75659431	2.206465776	bievres (91064), essonne (91), Île-de-France	bievres (91064), essonne (91), Île-de-France	2009-04-21:06:54:34	nearby cities	#FF0000
#FF0000	48.796455388	2.254300971	clamart (92023), hauts-de-seine (92), Île-de-France	clamart (92023), hauts-de-seine (92), Île-de-France	2009-04-21:06:54:34	nearby cities	#FF0000
#FF0000	48.796455388	2.254300971	clamart (92023), hauts-de-seine (92), Île-de-France	clamart (92023), hauts-de-seine (92), Île-de-France	2009-04-21:06:54:34	nearby cities	#FF0000
#FF0000	48.815232931	2.317223763	montrouge (92049), hauts-de-seine (92), Île-de-France	montrouge (92049), hauts-de-seine (92), Île-de-France	2009-04-21:06:54:34	nearby cities	#FF0000
#FF0000	48.780251597	2.25980883	le plessis robinson (92060), hauts-de-seine (92), Île-de-France	le plessis robinson (92060), hauts-de-seine (92), Île-de-France	2009-04-21:06:54:34	nearby cities	#FF0000
#FF0000	48.80363284	2.288340335	chatillon (92020), hauts-de-seine (92), Île-de-France	chatillon (92020), hauts-de-seine (92), Île-de-France	2009-04-21:06:54:34	nearby cities	#FF0000
#FF0000	48.829262233	2.326537267	paris (75114), paris (75), Île-de-France	paris (75114), paris (75), Île-de-France	2009-04-21:06:54:34	nearby cities	#FF0000
#FF0000	48.816575085	2.296075861	malakoff (92046), hauts-de-seine (92), Île-de-France	malakoff (92046), hauts-de-seine (92), Île-de-France	2009-04-21:06:54:34	nearby cities	#FF0000
#FF0000	48.780251597	2.25980883	le plessis robinson (92060), hauts-de-seine (92), Île-de-France	le plessis robinson (92060), hauts-de-seine (92), Île-de-France	2009-04-21:06:54:34	nearby cities	#FF0000
#FF0000	48.75659431	2.206465776	bievres (91064), essonne (91), Île-de-France	bievres (91064), essonne (91), Île-de-France	2009-04-21:17:04:43	nearby cities	#FF0000
#FF0000	48.796455388	2.254300971	clamart (92023), hauts-de-seine (92), Île-de-France	clamart (92023), hauts-de-seine (92), Île-de-France	2009-04-21:17:04:43	nearby cities	#FF0000
#FF0000	48.796455388	2.254300971	clamart (92023), hauts-de-seine (92), Île-de-France	clamart (92023), hauts-de-seine (92), Île-de-France	2009-04-21:17:04:43	nearby cities	#FF0000
#FF0000	48.815232931	2.317223763	montrouge (92049), hauts-de-seine (92), Île-de-France	montrouge (92049), hauts-de-seine (92), Île-de-France	2009-04-21:17:04:43	nearby cities	#FF0000
#FF0000	48.780251597	2.25980883	le plessis robinson (92060), hauts-de-seine (92), Île-de-France	le plessis robinson (92060), hauts-de-seine (92), Île-de-France	2009-04-21:17:04:43	nearby cities	#FF0000
#FF0000	48.813266743	2.344190973	gentilly (94037), val-de-marne (94), Île-de-France	gentilly (94037), val-de-marne (94), Île-de-France	2009-04-21:17:04:43	nearby cities	#FF0000
#FF0000	48.80363284	2.288340335	chatillon (92020), hauts-de-seine (92), Île-de-France	chatillon (92020), hauts-de-seine (92), Île-de-France	2009-04-21:17:04:43	nearby cities	#FF0000
#FF0000	48.828424546	2.362253766	paris (75113), paris (75), Île-de-France	paris (75113), paris (75), Île-de-France	2009-04-21:17:04:43	nearby cities	#FF0000
#FF0000	48.829262233	2.326537267	paris (75114), paris (75), Île-de-France	paris (75114), paris (75), Île-de-France	2009-04-21:17:04:43	nearby cities	#FF0000
#FF0000	48.816575085	2.296075861	malakoff (92046), hauts-de-seine (92), Île-de-France	malakoff (92046), hauts-de-seine (92), Île-de-France	2009-04-21:17:04:43	nearby cities	#FF0000
#FF0000	48.780251597	2.25980883	le plessis robinson (92060), hauts-de-seine (92), Île-de-France	le plessis robinson (92060), hauts-de-seine (92), Île-de-France	2009-04-21:17:04:43	nearby cities	#FF0000
#FF0000	48.765889291	2.163600257	jouy en josas (78322), yvelines (78), Île-de-France	jouy en josas (78322), yvelines (78), Île-de-France	2009-04-22:07:22:38	nearby cities	#FF0000
#FF0000	48.75659431	2.206465776	bievres (91064), essonne (91), Île-de-France	bievres (91064), essonne (91), Île-de-France	2009-04-22:07:22:38	nearby cities	#FF0000
#FF0000	48.796455388	2.254300971	clamart (92023), hauts-de-seine (92), Île-de-France	clamart (92023), hauts-de-seine (92), Île-de-France	2009-04-22:07:22:38	nearby cities	#FF0000
#FF0000	48.796455388	2.254300971	clamart (92023), hauts-de-seine (92), Île-de-France	clamart (92023), hauts-de-seine (92), Île-de-France	2009-04-22:07:22:38	nearby cities	#FF0000
#FF0000	48.815232931	2.317223763	montrouge (92049), hauts-de-seine (92), Île-de-France	montrouge (92049), hauts-de-seine (92), Île-de-France	2009-04-22:07:22:38	nearby cities	#FF0000
#FF0000	48.780251597	2.25980883	le plessis robinson (92060), hauts-de-seine (92), Île-de-France	le plessis robinson (92060), hauts-de-seine (92), Île-de-France	2009-04-22:07:22:38	nearby cities	#FF0000
#FF0000	48.80363284	2.288340335	chatillon (92020), hauts-de-seine (92), Île-de-France	chatillon (92020), hauts-de-seine (92), Île-de-France	2009-04-22:07:22:38	nearby cities	#FF0000
#FF0000	48.816575085	2.296075861	malakoff (92046), hauts-de-seine (92), Île-de-France	malakoff (92046), hauts-de-seine (92), Île-de-France	2009-04-22:07:22:38	nearby cities	#FF0000
#FF0000	48.780251597	2.25980883	le plessis robinson (92060), hauts-de-seine (92), Île-de-France	le plessis robinson (92060), hauts-de-seine (92), Île-de-France	2009-04-22:07:22:38	nearby cities	#FF0000
#FF0000	48.765889291	2.163600257	jouy en josas (78322), yvelines (78), Île-de-France	jouy en josas (78322), yvelines (78), Île-de-France	2009-04-22:17:10:06	nearby cities	#FF0000
#FF0000	48.75659431	2.206465776	bievres (91064), essonne (91), Île-de-France	bievres (91064), essonne (91), Île-de-France	2009-04-22:17:10:06	nearby cities	#FF0000
#FF0000	48.796455388	2.254300971	clamart (92023), hauts-de-seine (92), Île-de-France	clamart (92023), hauts-de-seine (92), Île-de-France	2009-04-22:17:10:06	nearby cities	#FF0000
#FF0000	48.796455388	2.254300971	clamart (92023), hauts-de-seine (92), Île-de-France	clamart (92023), hauts-de-seine (92), Île-de-France	2009-04-22:17:10:06	nearby cities	#FF0000
#FF0000	48.815232931	2.317223763	montrouge (92049), hauts-de-seine (92), Île-de-France	montrouge (92049), hauts-de-seine (92), Île-de-France	2009-04-22:17:10:06	nearby cities	#FF0000
#FF0000	48.780251597	2.25980883	le plessis robinson (92060), hauts-de-seine (92), Île-de-France	le plessis robinson (92060), hauts-de-seine (92), Île-de-France	2009-04-22:17:10:06	nearby cities	#FF0000
#FF0000	48.813266743	2.344190973	gentilly (94037), val-de-marne (94), Île-de-France	gentilly (94037), val-de-marne (94), Île-de-France	2009-04-22:17:10:06	nearby cities	#FF0000
#FF0000	48.80363284	2.288340335	chatillon (92020), hauts-de-seine (92), Île-de-France	chatillon (92020), hauts-de-seine (92), Île-de-France	2009-04-22:17:10:06	nearby cities	#FF0000
#FF0000	48.828424546	2.362253766	paris (75113), paris (75), Île-de-France	paris (75113), paris (75), Île-de-France	2009-04-22:17:10:06	nearby cities	#FF0000
#FF0000	48.829262233	2.326537267	paris (75114), paris (75), Île-de-France	paris (75114), paris (75), Île-de-France	2009-04-22:17:10:06	nearby cities	#FF0000
#FF0000	48.816575085	2.296075861	malakoff (92046), hauts-de-seine (92), Île-de-France	malakoff (92046), hauts-de-seine (92), Île-de-France	2009-04-22:17:10:06	nearby cities	#FF0000
#FF0000	48.780251597	2.25980883	le plessis robinson (92060), hauts-de-seine (92), Île-de-France	le plessis robinson (92060), hauts-de-seine (92), Île-de-France	2009-04-22:17:10:06	nearby cities	#FF0000
#FF0000	48.765889291	2.163600257	jouy en josas (78322), yvelines (78), Île-de-France	jouy en josas (78322), yvelines (78), Île-de-France	2009-04-23:07:07:29	nearby cities	#FF0000
#FF0000	48.796455388	2.254300971	clamart (92023), hauts-de-seine (92), Île-de-France	clamart (92023), hauts-de-seine (92), Île-de-France	2009-04-23:07:07:29	nearby cities	#FF0000
#FF0000	48.796455388	2.254300971	clamart (92023), hauts-de-seine (92), Île-de-France	clamart (92023), hauts-de-seine (92), Île-de-France	2009-04-23:07:07:29	nearby cities	#FF0000
#FF0000	48.815232931	2.317223763	montrouge (92049), hauts-de-seine (92), Île-de-France	montrouge (92049), hauts-de-seine (92), Île-de-France	2009-04-23:07:07:29	nearby cities	#FF0000
#FF0000	48.780251597	2.25980883	le plessis robinson (92060), hauts-de-seine (92), Île-de-France	le plessis robinson (92060), hauts-de-seine (92), Île-de-France	2009-04-23:07:07:29	nearby cities	#FF0000
#FF0000	48.80363284	2.288340335	chatillon (92020), hauts-de-seine (92), Île-de-France	chatillon (92020), hauts-de-seine (92), Île-de-France	2009-04-23:07:07:29	nearby cities	#FF0000
#FF0000	48.783876041	2.19738706	velizy villacoublay (78640), yvelines (78), Île-de-France	velizy villacoublay (78640), yvelines (78), Île-de-France	2009-04-23:07:07:29	nearby cities	#FF0000
#FF0000	48.816575085	2.296075861	malakoff (92046), hauts-de-seine (92), Île-de-France	malakoff (92046), hauts-de-seine (92), Île-de-France	2009-04-23:07:07:29	nearby cities	#FF0000
#FF0000	48.780251597	2.25980883	le plessis robinson (92060), hauts-de-seine (92), Île-de-France	le plessis robinson (92060), hauts-de-seine (92), Île-de-France	2009-04-23:07:07:29	nearby cities	#FF0000
#FF0000	48.75659431	2.206465776	bievres (91064), essonne (91), Île-de-France	bievres (91064), essonne (91), Île-de-France	2009-04-27:16:57:48	nearby cities	#FF0000
#FF0000	48.796455388	2.254300971	clamart (92023), hauts-de-seine (92), Île-de-France	clamart (92023), hauts-de-seine (92), Île-de-France	2009-04-27:16:57:48	nearby cities	#FF0000
#FF0000	48.796455388	2.254300971	clamart (92023), hauts-de-seine (92), Île-de-France	clamart (92023), hauts-de-seine (92), Île-de-France	2009-04-27:16:57:48	nearby cities	#FF0000
#FF0000	48.815232931	2.317223763	montrouge (92049), hauts-de-seine (92), Île-de-France	montrouge (92049), hauts-de-seine (92), Île-de-France	2009-04-27:16:57:48	nearby cities	#FF0000
#FF0000	48.780251597	2.25980883	le plessis robinson (92060), hauts-de-seine (92), Île-de-France	le plessis robinson (92060), hauts-de-seine (92), Île-de-France	2009-04-27:16:57:48	nearby cities	#FF0000
#FF0000	48.813266743	2.344190973	gentilly (94037), val-de-marne (94), Île-de-France	gentilly (94037), val-de-marne (94), Île-de-France	2009-04-27:16:57:48	nearby cities	#FF0000
#FF0000	48.80363284	2.288340335	chatillon (92020), hauts-de-seine (92), Île-de-France	chatillon (92020), hauts-de-seine (92), Île-de-France	2009-04-27:16:57:48	nearby cities	#FF0000
#FF0000	48.816575085	2.296075861	malakoff (92046), hauts-de-seine (92), Île-de-France	malakoff (92046), hauts-de-seine (92), Île-de-France	2009-04-27:16:57:48	nearby cities	#FF0000
#FF0000	48.780251597	2.25980883	le plessis robinson (92060), hauts-de-seine (92), Île-de-France	le plessis robinson (92060), hauts-de-seine (92), Île-de-France	2009-04-27:16:57:48	nearby cities	#FF0000
#FF0000	48.765889291	2.163600257	jouy en josas (78322), yvelines (78), Île-de-France	jouy en josas (78322), yvelines (78), Île-de-France	2009-04-28:07:06:02	nearby cities	#FF0000
#FF0000	48.75659431	2.206465776	bievres (91064), essonne (91), Île-de-France	bievres (91064), essonne (91), Île-de-France	2009-04-28:07:06:02	nearby cities	#FF0000
#FF0000	48.796455388	2.254300971	clamart (92023), hauts-de-seine (92), Île-de-France	clamart (92023), hauts-de-seine (92), Île-de-France	2009-04-28:07:06:02	nearby cities	#FF0000
#FF0000	48.796455388	2.254300971	clamart (92023), hauts-de-seine (92), Île-de-France	clamart (92023), hauts-de-seine (92), Île-de-France	2009-04-28:07:06:02	nearby cities	#FF0000
#FF0000	48.780251597	2.25980883	le plessis robinson (92060), hauts-de-seine (92), Île-de-France	le plessis robinson (92060), hauts-de-seine (92), Île-de-France	2009-04-28:07:06:02	nearby cities	#FF0000
#FF0000	48.80363284	2.288340335	chatillon (92020), hauts-de-seine (92), Île-de-France	chatillon (92020), hauts-de-seine (92), Île-de-France	2009-04-28:07:06:02	nearby cities	#FF0000
#FF0000	48.816575085	2.296075861	malakoff (92046), hauts-de-seine (92), Île-de-France	malakoff (92046), hauts-de-seine (92), Île-de-France	2009-04-28:07:06:02	nearby cities	#FF0000
#FF0000	48.780251597	2.25980883	le plessis robinson (92060), hauts-de-seine (92), Île-de-France	le plessis robinson (92060), hauts-de-seine (92), Île-de-France	2009-04-28:07:06:02	nearby cities	#FF0000
#FF0000	48.765889291	2.163600257	jouy en josas (78322), yvelines (78), Île-de-France	jouy en josas (78322), yvelines (78), Île-de-France	2009-04-28:16:52:05	nearby cities	#FF0000
#FF0000	48.75659431	2.206465776	bievres (91064), essonne (91), Île-de-France	bievres (91064), essonne (91), Île-de-France	2009-04-28:16:52:05	nearby cities	#FF0000
#FF0000	48.796455388	2.254300971	clamart (92023), hauts-de-seine (92), Île-de-France	clamart (92023), hauts-de-seine (92), Île-de-France	2009-04-28:16:52:05	nearby cities	#FF0000
#FF0000	48.796455388	2.254300971	clamart (92023), hauts-de-seine (92), Île-de-France	clamart (92023), hauts-de-seine (92), Île-de-France	2009-04-28:16:52:05	nearby cities	#FF0000
#FF0000	48.815232931	2.317223763	montrouge (92049), hauts-de-seine (92), Île-de-France	montrouge (92049), hauts-de-seine (92), Île-de-France	2009-04-28:16:52:05	nearby cities	#FF0000
#FF0000	48.780251597	2.25980883	le plessis robinson (92060), hauts-de-seine (92), Île-de-France	le plessis robinson (92060), hauts-de-seine (92), Île-de-France	2009-04-28:16:52:05	nearby cities	#FF0000
#FF0000	48.813266743	2.344190973	gentilly (94037), val-de-marne (94), Île-de-France	gentilly (94037), val-de-marne (94), Île-de-France	2009-04-28:16:52:05	nearby cities	#FF0000
#FF0000	48.80363284	2.288340335	chatillon (92020), hauts-de-seine (92), Île-de-France	chatillon (92020), hauts-de-seine (92), Île-de-France	2009-04-28:16:52:05	nearby cities	#FF0000
#FF0000	48.816575085	2.296075861	malakoff (92046), hauts-de-seine (92), Île-de-France	malakoff (92046), hauts-de-seine (92), Île-de-France	2009-04-28:16:52:05	nearby cities	#FF0000
#FF0000	48.780251597	2.25980883	le plessis robinson (92060), hauts-de-seine (92), Île-de-France	le plessis robinson (92060), hauts-de-seine (92), Île-de-France	2009-04-28:16:52:05	nearby cities	#FF0000
#FF0000	48.844452823	2.350706645	paris (75105), paris (75), Île-de-France	paris (75105), paris (75), Île-de-France	2009-04-29:09:00:28	nearby cities	#FF0000
#FF0000	48.765889291	2.163600257	jouy en josas (78322), yvelines (78), Île-de-France	jouy en josas (78322), yvelines (78), Île-de-France	2009-04-29:09:00:28	nearby cities	#FF0000
#FF0000	48.75659431	2.206465776	bievres (91064), essonne (91), Île-de-France	bievres (91064), essonne (91), Île-de-France	2009-04-29:09:00:28	nearby cities	#FF0000
#FF0000	48.796455388	2.254300971	clamart (92023), hauts-de-seine (92), Île-de-France	clamart (92023), hauts-de-seine (92), Île-de-France	2009-04-29:09:00:28	nearby cities	#FF0000
#FF0000	48.796455388	2.254300971	clamart (92023), hauts-de-seine (92), Île-de-France	clamart (92023), hauts-de-seine (92), Île-de-France	2009-04-29:09:00:28	nearby cities	#FF0000
#FF0000	48.815232931	2.317223763	montrouge (92049), hauts-de-seine (92), Île-de-France	montrouge (92049), hauts-de-seine (92), Île-de-France	2009-04-29:09:00:28	nearby cities	#FF0000
#FF0000	48.780251597	2.25980883	le plessis robinson (92060), hauts-de-seine (92), Île-de-France	le plessis robinson (92060), hauts-de-seine (92), Île-de-France	2009-04-29:09:00:28	nearby cities	#FF0000
#FF0000	48.80363284	2.288340335	chatillon (92020), hauts-de-seine (92), Île-de-France	chatillon (92020), hauts-de-seine (92), Île-de-France	2009-04-29:09:00:28	nearby cities	#FF0000
#FF0000	48.828424546	2.362253766	paris (75113), paris (75), Île-de-France	paris (75113), paris (75), Île-de-France	2009-04-29:09:00:28	nearby cities	#FF0000
#FF0000	48.854350603	2.357625608	paris (75104), paris (75), Île-de-France	paris (75104), paris (75), Île-de-France	2009-04-29:09:00:28	nearby cities	#FF0000
#FF0000	48.829262233	2.326537267	paris (75114), paris (75), Île-de-France	paris (75114), paris (75), Île-de-France	2009-04-29:09:00:28	nearby cities	#FF0000
#FF0000	48.816575085	2.296075861	malakoff (92046), hauts-de-seine (92), Île-de-France	malakoff (92046), hauts-de-seine (92), Île-de-France	2009-04-29:09:00:28	nearby cities	#FF0000
#FF0000	48.780251597	2.25980883	le plessis robinson (92060), hauts-de-seine (92), Île-de-France	le plessis robinson (92060), hauts-de-seine (92), Île-de-France	2009-04-29:09:00:28	nearby cities	#FF0000
#FF0000	48.75659431	2.206465776	bievres (91064), essonne (91), Île-de-France	bievres (91064), essonne (91), Île-de-France	2009-04-29:16:24:31	nearby cities	#FF0000
#FF0000	48.796455388	2.254300971	clamart (92023), hauts-de-seine (92), Île-de-France	clamart (92023), hauts-de-seine (92), Île-de-France	2009-04-29:16:24:31	nearby cities	#FF0000
#FF0000	48.796455388	2.254300971	clamart (92023), hauts-de-seine (92), Île-de-France	clamart (92023), hauts-de-seine (92), Île-de-France	2009-04-29:16:24:31	nearby cities	#FF0000
#FF0000	48.815232931	2.317223763	montrouge (92049), hauts-de-seine (92), Île-de-France	montrouge (92049), hauts-de-seine (92), Île-de-France	2009-04-29:16:24:31	nearby cities	#FF0000
#FF0000	48.780251597	2.25980883	le plessis robinson (92060), hauts-de-seine (92), Île-de-France	le plessis robinson (92060), hauts-de-seine (92), Île-de-France	2009-04-29:16:24:31	nearby cities	#FF0000
#FF0000	48.813266743	2.344190973	gentilly (94037), val-de-marne (94), Île-de-France	gentilly (94037), val-de-marne (94), Île-de-France	2009-04-29:16:24:31	nearby cities	#FF0000
#FF0000	48.80363284	2.288340335	chatillon (92020), hauts-de-seine (92), Île-de-France	chatillon (92020), hauts-de-seine (92), Île-de-France	2009-04-29:16:24:31	nearby cities	#FF0000
#FF0000	48.816575085	2.296075861	malakoff (92046), hauts-de-seine (92), Île-de-France	malakoff (92046), hauts-de-seine (92), Île-de-France	2009-04-29:16:24:31	nearby cities	#FF0000
#FF0000	48.780251597	2.25980883	le plessis robinson (92060), hauts-de-seine (92), Île-de-France	le plessis robinson (92060), hauts-de-seine (92), Île-de-France	2009-04-29:16:24:31	nearby cities	#FF0000
#FF0000	48.796455388	2.254300971	clamart (92023), hauts-de-seine (92), Île-de-France	clamart (92023), hauts-de-seine (92), Île-de-France	2009-04-29:17:49:15	nearby cities	#FF0000
#FF0000	48.796455388	2.254300971	clamart (92023), hauts-de-seine (92), Île-de-France	clamart (92023), hauts-de-seine (92), Île-de-France	2009-04-29:17:49:15	nearby cities	#FF0000
#FF0000	48.815232931	2.317223763	montrouge (92049), hauts-de-seine (92), Île-de-France	montrouge (92049), hauts-de-seine (92), Île-de-France	2009-04-29:17:49:15	nearby cities	#FF0000
#FF0000	48.780251597	2.25980883	le plessis robinson (92060), hauts-de-seine (92), Île-de-France	le plessis robinson (92060), hauts-de-seine (92), Île-de-France	2009-04-29:17:49:15	nearby cities	#FF0000
#FF0000	48.813266743	2.344190973	gentilly (94037), val-de-marne (94), Île-de-France	gentilly (94037), val-de-marne (94), Île-de-France	2009-04-29:17:49:15	nearby cities	#FF0000
#FF0000	48.80363284	2.288340335	chatillon (92020), hauts-de-seine (92), Île-de-France	chatillon (92020), hauts-de-seine (92), Île-de-France	2009-04-29:17:49:15	nearby cities	#FF0000
#FF0000	48.816575085	2.296075861	malakoff (92046), hauts-de-seine (92), Île-de-France	malakoff (92046), hauts-de-seine (92), Île-de-France	2009-04-29:17:49:15	nearby cities	#FF0000
#FF0000	48.780251597	2.25980883	le plessis robinson (92060), hauts-de-seine (92), Île-de-France	le plessis robinson (92060), hauts-de-seine (92), Île-de-France	2009-04-29:17:49:15	nearby cities	#FF0000
#FF0000	48.765889291	2.163600257	jouy en josas (78322), yvelines (78), Île-de-France	jouy en josas (78322), yvelines (78), Île-de-France	2009-04-30:06:50:20	nearby cities	#FF0000
#FF0000	48.75659431	2.206465776	bievres (91064), essonne (91), Île-de-France	bievres (91064), essonne (91), Île-de-France	2009-04-30:06:50:20	nearby cities	#FF0000
#FF0000	48.796455388	2.254300971	clamart (92023), hauts-de-seine (92), Île-de-France	clamart (92023), hauts-de-seine (92), Île-de-France	2009-04-30:06:50:20	nearby cities	#FF0000
#FF0000	48.796455388	2.254300971	clamart (92023), hauts-de-seine (92), Île-de-France	clamart (92023), hauts-de-seine (92), Île-de-France	2009-04-30:06:50:20	nearby cities	#FF0000
#FF0000	48.815232931	2.317223763	montrouge (92049), hauts-de-seine (92), Île-de-France	montrouge (92049), hauts-de-seine (92), Île-de-France	2009-04-30:06:50:20	nearby cities	#FF0000
#FF0000	48.780251597	2.25980883	le plessis robinson (92060), hauts-de-seine (92), Île-de-France	le plessis robinson (92060), hauts-de-seine (92), Île-de-France	2009-04-30:06:50:20	nearby cities	#FF0000
#FF0000	48.813266743	2.344190973	gentilly (94037), val-de-marne (94), Île-de-France	gentilly (94037), val-de-marne (94), Île-de-France	2009-04-30:06:50:20	nearby cities	#FF0000
#FF0000	48.80363284	2.288340335	chatillon (92020), hauts-de-seine (92), Île-de-France	chatillon (92020), hauts-de-seine (92), Île-de-France	2009-04-30:06:50:20	nearby cities	#FF0000
#FF0000	48.816575085	2.296075861	malakoff (92046), hauts-de-seine (92), Île-de-France	malakoff (92046), hauts-de-seine (92), Île-de-France	2009-04-30:06:50:20	nearby cities	#FF0000
#FF0000	48.780251597	2.25980883	le plessis robinson (92060), hauts-de-seine (92), Île-de-France	le plessis robinson (92060), hauts-de-seine (92), Île-de-France	2009-04-30:06:50:20	nearby cities	#FF0000
#FF0000	48.765889291	2.163600257	jouy en josas (78322), yvelines (78), Île-de-France	jouy en josas (78322), yvelines (78), Île-de-France	2009-04-30:16:54:25	nearby cities	#FF0000
#FF0000	48.75659431	2.206465776	bievres (91064), essonne (91), Île-de-France	bievres (91064), essonne (91), Île-de-France	2009-04-30:16:54:25	nearby cities	#FF0000
#FF0000	48.796455388	2.254300971	clamart (92023), hauts-de-seine (92), Île-de-France	clamart (92023), hauts-de-seine (92), Île-de-France	2009-04-30:16:54:25	nearby cities	#FF0000
#FF0000	48.796455388	2.254300971	clamart (92023), hauts-de-seine (92), Île-de-France	clamart (92023), hauts-de-seine (92), Île-de-France	2009-04-30:16:54:25	nearby cities	#FF0000
#FF0000	48.815232931	2.317223763	montrouge (92049), hauts-de-seine (92), Île-de-France	montrouge (92049), hauts-de-seine (92), Île-de-France	2009-04-30:16:54:25	nearby cities	#FF0000
#FF0000	48.780251597	2.25980883	le plessis robinson (92060), hauts-de-seine (92), Île-de-France	le plessis robinson (92060), hauts-de-seine (92), Île-de-France	2009-04-30:16:54:25	nearby cities	#FF0000
#FF0000	48.813266743	2.344190973	gentilly (94037), val-de-marne (94), Île-de-France	gentilly (94037), val-de-marne (94), Île-de-France	2009-04-30:16:54:25	nearby cities	#FF0000
#FF0000	48.80363284	2.288340335	chatillon (92020), hauts-de-seine (92), Île-de-France	chatillon (92020), hauts-de-seine (92), Île-de-France	2009-04-30:16:54:25	nearby cities	#FF0000
#FF0000	48.816575085	2.296075861	malakoff (92046), hauts-de-seine (92), Île-de-France	malakoff (92046), hauts-de-seine (92), Île-de-France	2009-04-30:16:54:25	nearby cities	#FF0000
#FF0000	48.780251597	2.25980883	le plessis robinson (92060), hauts-de-seine (92), Île-de-France	le plessis robinson (92060), hauts-de-seine (92), Île-de-France	2009-04-30:16:54:25	nearby cities	#FF0000
#FF0000	48.854527247	1.869760642	beynes (78062), yvelines (78), Île-de-France	beynes (78062), yvelines (78), Île-de-France	2009-05-01:05:28:32	nearby cities	#FF0000
#FF0000	48.829192097	2.119984317	le chesnay rocquencourt (78158), yvelines (78), Île-de-France	le chesnay rocquencourt (78158), yvelines (78), Île-de-France	2009-05-01:05:28:32	nearby cities	#FF0000
#FF0000	48.895139741	1.746682865	hargeville (78300), yvelines (78), Île-de-France	hargeville (78300), yvelines (78), Île-de-France	2009-05-01:05:28:32	nearby cities	#FF0000
#FF0000	48.889124252	1.874811348	mareil sur mauldre (78368), yvelines (78), Île-de-France	mareil sur mauldre (78368), yvelines (78), Île-de-France	2009-05-01:05:28:32	nearby cities	#FF0000
#FF0000	48.846228479	2.054883263	noisy le roi (78455), yvelines (78), Île-de-France	noisy le roi (78455), yvelines (78), Île-de-France	2009-05-01:05:28:32	nearby cities	#FF0000
#FF0000	48.863157933	2.018960257	st nom la breteche (78571), yvelines (78), Île-de-France	st nom la breteche (78571), yvelines (78), Île-de-France	2009-05-01:05:28:32	nearby cities	#FF0000
#FF0000	48.836400822	2.239066161	boulogne billancourt (92012), hauts-de-seine (92), Île-de-France	boulogne billancourt (92012), hauts-de-seine (92), Île-de-France	2009-05-01:05:28:32	nearby cities	#FF0000
#FF0000	48.842089267	2.16063419	vaucresson (92076), hauts-de-seine (92), Île-de-France	vaucresson (92076), hauts-de-seine (92), Île-de-France	2009-05-01:05:28:32	nearby cities	#FF0000
#FF0000	48.842563081	2.208695657	st cloud (92064), hauts-de-seine (92), Île-de-France	st cloud (92064), hauts-de-seine (92), Île-de-France	2009-05-01:05:28:32	nearby cities	#FF0000
#FF0000	48.854527247	1.869760642	beynes (78062), yvelines (78), Île-de-France	beynes (78062), yvelines (78), Île-de-France	2009-05-01:05:28:32	nearby cities	#FF0000
#FF0000	48.887912901	1.684199373	septeuil (78591), yvelines (78), Île-de-France	septeuil (78591), yvelines (78), Île-de-France	2009-05-01:05:28:32	nearby cities	#FF0000
#FF0000	48.872526688	1.798179809	thoiry (78616), yvelines (78), Île-de-France	thoiry (78616), yvelines (78), Île-de-France	2009-05-01:05:28:32	nearby cities	#FF0000
#FF0000	48.836908799	2.080545301	bailly (78043), yvelines (78), Île-de-France	bailly (78043), yvelines (78), Île-de-France	2009-05-01:05:28:32	nearby cities	#FF0000
#FF0000	48.854527247	1.869760642	beynes (78062), yvelines (78), Île-de-France	beynes (78062), yvelines (78), Île-de-France	2009-05-01:05:28:32	nearby cities	#FF0000
#FF0000	48.829192097	2.119984317	le chesnay rocquencourt (78158), yvelines (78), Île-de-France	le chesnay rocquencourt (78158), yvelines (78), Île-de-France	2009-05-01:05:28:32	nearby cities	#FF0000
#FF0000	48.88209244	1.920844959	crespieres (78189), yvelines (78), Île-de-France	crespieres (78189), yvelines (78), Île-de-France	2009-05-01:05:28:32	nearby cities	#FF0000
#FF0000	48.863157933	2.018960257	st nom la breteche (78571), yvelines (78), Île-de-France	st nom la breteche (78571), yvelines (78), Île-de-France	2009-05-01:05:28:32	nearby cities	#FF0000
#FF0000	48.829192097	2.119984317	le chesnay rocquencourt (78158), yvelines (78), Île-de-France	le chesnay rocquencourt (78158), yvelines (78), Île-de-France	2009-05-01:05:28:32	nearby cities	#FF0000
#FF0000	48.880686478	1.767114589	goupillieres (78278), yvelines (78), Île-de-France	goupillieres (78278), yvelines (78), Île-de-France	2009-05-01:05:28:32	nearby cities	#FF0000
#FF0000	48.863962507	1.823800522	marcq (78364), yvelines (78), Île-de-France	marcq (78364), yvelines (78), Île-de-France	2009-05-01:05:28:32	nearby cities	#FF0000
#FF0000	48.84550185	2.187473342	garches (92033), hauts-de-seine (92), Île-de-France	garches (92033), hauts-de-seine (92), Île-de-France	2009-05-01:05:28:32	nearby cities	#FF0000
#FF0000	48.83076684	2.166605457	marnes la coquette (92047), hauts-de-seine (92), Île-de-France	marnes la coquette (92047), hauts-de-seine (92), Île-de-France	2009-05-01:05:28:32	nearby cities	#FF0000
#FF0000	48.951123549	1.368298149	la boissiere (27078), eure (27), Normandie	la boissiere (27078), eure (27), Normandie	2009-05-01:09:27:43	nearby cities	#FF0000
#FF0000	49.020916802	1.29714744	boncourt (27081), eure (27), Normandie	boncourt (27081), eure (27), Normandie	2009-05-01:09:27:43	nearby cities	#FF0000
#FF0000	49.005828514	1.425966936	aigleville (27004), eure (27), Normandie	aigleville (27004), eure (27), Normandie	2009-05-01:09:27:43	nearby cities	#FF0000
#FF0000	48.946457123	1.341967285	bretagnolles (27111), eure (27), Normandie	bretagnolles (27111), eure (27), Normandie	2009-05-01:09:27:43	nearby cities	#FF0000
#FF0000	48.934518036	1.444456125	bueil (27119), eure (27), Normandie	bueil (27119), eure (27), Normandie	2009-05-01:09:27:43	nearby cities	#FF0000
#FF0000	49.013719699	1.451813635	chaignes (27136), eure (27), Normandie	chaignes (27136), eure (27), Normandie	2009-05-01:09:27:43	nearby cities	#FF0000
#FF0000	49.019515403	1.260885303	miserey (27410), eure (27), Normandie	miserey (27410), eure (27), Normandie	2009-05-01:09:27:43	nearby cities	#FF0000
#FF0000	49.003734006	1.315003883	caillouet orgeville (27123), eure (27), Normandie	caillouet orgeville (27123), eure (27), Normandie	2009-05-01:09:27:43	nearby cities	#FF0000
#FF0000	48.96661683	1.332655086	boisset les prevanches (27076), eure (27), Normandie	boisset les prevanches (27076), eure (27), Normandie	2009-05-01:09:27:43	nearby cities	#FF0000
#FF0000	48.987019866	1.236294333	la trinite (27659), eure (27), Normandie	la trinite (27659), eure (27), Normandie	2009-05-01:09:27:43	nearby cities	#FF0000
#FF0000	48.979620051	1.262206921	le val david (27668), eure (27), Normandie	le val david (27668), eure (27), Normandie	2009-05-01:09:27:43	nearby cities	#FF0000
#FF0000	49.003444075	1.212958736	le vieil evreux (27684), eure (27), Normandie	le vieil evreux (27684), eure (27), Normandie	2009-05-01:09:27:43	nearby cities	#FF0000
#FF0000	48.934681883	1.395802004	epieds (27220), eure (27), Normandie	epieds (27220), eure (27), Normandie	2009-05-01:09:27:43	nearby cities	#FF0000
#FF0000	48.9297855	1.417358293	neuilly (27429), eure (27), Normandie	neuilly (27429), eure (27), Normandie	2009-05-01:09:27:43	nearby cities	#FF0000
#FF0000	48.911051106	1.618287214	dammartin en serve (78192), yvelines (78), Île-de-France	dammartin en serve (78192), yvelines (78), Île-de-France	2009-05-01:09:27:43	nearby cities	#FF0000
#FF0000	48.935504487	1.54283833	neauphlette (78444), yvelines (78), Île-de-France	neauphlette (78444), yvelines (78), Île-de-France	2009-05-01:09:27:43	nearby cities	#FF0000
#FF0000	48.887912901	1.684199373	septeuil (78591), yvelines (78), Île-de-France	septeuil (78591), yvelines (78), Île-de-France	2009-05-01:09:27:43	nearby cities	#FF0000
#FF0000	48.891560364	1.626370985	montchauvet (78417), yvelines (78), Île-de-France	montchauvet (78417), yvelines (78), Île-de-France	2009-05-01:09:27:43	nearby cities	#FF0000
#FF0000	48.895674602	1.659474038	courgent (78185), yvelines (78), Île-de-France	courgent (78185), yvelines (78), Île-de-France	2009-05-01:09:27:43	nearby cities	#FF0000
#FF0000	48.922850087	1.579843547	longnes (78346), yvelines (78), Île-de-France	longnes (78346), yvelines (78), Île-de-France	2009-05-01:09:27:43	nearby cities	#FF0000
#FF0000	49.013719699	1.451813635	chaignes (27136), eure (27), Normandie	chaignes (27136), eure (27), Normandie	2009-05-01:12:41:53	nearby cities	#FF0000
#FF0000	49.015757443	1.4853735	chaufour les bonnieres (78147), yvelines (78), Île-de-France	chaufour les bonnieres (78147), yvelines (78), Île-de-France	2009-05-01:12:41:53	nearby cities	#FF0000
#FF0000	48.952948273	1.782865081	mezieres sur seine (78402), yvelines (78), Île-de-France	mezieres sur seine (78402), yvelines (78), Île-de-France	2009-05-01:12:41:53	nearby cities	#FF0000
#FF0000	48.960180189	1.897374735	bouafle (78090), yvelines (78), Île-de-France	bouafle (78090), yvelines (78), Île-de-France	2009-05-01:12:41:53	nearby cities	#FF0000
#FF0000	48.945850142	1.920725015	ecquevilly (78206), yvelines (78), Île-de-France	ecquevilly (78206), yvelines (78), Île-de-France	2009-05-01:12:41:53	nearby cities	#FF0000
#FF0000	48.998365533	1.69406992	mantes la jolie (78361), yvelines (78), Île-de-France	mantes la jolie (78361), yvelines (78), Île-de-France	2009-05-01:12:41:53	nearby cities	#FF0000
#FF0000	48.933321989	1.94535877	morainvilliers (78431), yvelines (78), Île-de-France	morainvilliers (78431), yvelines (78), Île-de-France	2009-05-01:12:41:53	nearby cities	#FF0000
#FF0000	49.019424603	1.601700814	rolleboise (78528), yvelines (78), Île-de-France	rolleboise (78528), yvelines (78), Île-de-France	2009-05-01:12:41:53	nearby cities	#FF0000
#FF0000	48.962720904	1.849559735	aubergenville (78029), yvelines (78), Île-de-France	aubergenville (78029), yvelines (78), Île-de-France	2009-05-01:12:41:53	nearby cities	#FF0000
#FF0000	48.962720904	1.849559735	aubergenville (78029), yvelines (78), Île-de-France	aubergenville (78029), yvelines (78), Île-de-France	2009-05-01:12:41:53	nearby cities	#FF0000
#FF0000	48.967666071	1.873143748	flins sur seine (78238), yvelines (78), Île-de-France	flins sur seine (78238), yvelines (78), Île-de-France	2009-05-01:12:41:53	nearby cities	#FF0000
#FF0000	48.893736101	2.105052068	le pecq (78481), yvelines (78), Île-de-France	le pecq (78481), yvelines (78), Île-de-France	2009-05-01:15:52:16	nearby cities	#FF0000
#FF0000	48.863492566	2.137406812	bougival (78092), yvelines (78), Île-de-France	bougival (78092), yvelines (78), Île-de-France	2009-05-01:15:52:16	nearby cities	#FF0000
#FF0000	48.813266743	2.344190973	gentilly (94037), val-de-marne (94), Île-de-France	gentilly (94037), val-de-marne (94), Île-de-France	2009-05-01:15:52:16	nearby cities	#FF0000
#FF0000	48.840071988	2.292837347	paris (75115), paris (75), Île-de-France	paris (75115), paris (75), Île-de-France	2009-05-01:15:52:16	nearby cities	#FF0000
#FF0000	48.880475952	2.109133464	le port marly (78502), yvelines (78), Île-de-France	le port marly (78502), yvelines (78), Île-de-France	2009-05-01:15:52:16	nearby cities	#FF0000
#FF0000	48.829262233	2.326537267	paris (75114), paris (75), Île-de-France	paris (75114), paris (75), Île-de-France	2009-05-01:15:52:16	nearby cities	#FF0000
#FF0000	48.870018531	2.220022482	suresnes (92073), hauts-de-seine (92), Île-de-France	suresnes (92073), hauts-de-seine (92), Île-de-France	2009-05-01:15:52:16	nearby cities	#FF0000
#FF0000	48.869374523	2.17771477	rueil malmaison (92063), hauts-de-seine (92), Île-de-France	rueil malmaison (92063), hauts-de-seine (92), Île-de-France	2009-05-01:15:52:16	nearby cities	#FF0000
#FF0000	48.869374523	2.17771477	rueil malmaison (92063), hauts-de-seine (92), Île-de-France	rueil malmaison (92063), hauts-de-seine (92), Île-de-France	2009-05-01:15:52:16	nearby cities	#FF0000
#FF0000	48.765889291	2.163600257	jouy en josas (78322), yvelines (78), Île-de-France	jouy en josas (78322), yvelines (78), Île-de-France	2009-05-04:07:18:11	nearby cities	#FF0000
#FF0000	48.75659431	2.206465776	bievres (91064), essonne (91), Île-de-France	bievres (91064), essonne (91), Île-de-France	2009-05-04:07:18:11	nearby cities	#FF0000
#FF0000	48.796455388	2.254300971	clamart (92023), hauts-de-seine (92), Île-de-France	clamart (92023), hauts-de-seine (92), Île-de-France	2009-05-04:07:18:11	nearby cities	#FF0000
#FF0000	48.796455388	2.254300971	clamart (92023), hauts-de-seine (92), Île-de-France	clamart (92023), hauts-de-seine (92), Île-de-France	2009-05-04:07:18:11	nearby cities	#FF0000
#FF0000	48.815232931	2.317223763	montrouge (92049), hauts-de-seine (92), Île-de-France	montrouge (92049), hauts-de-seine (92), Île-de-France	2009-05-04:07:18:11	nearby cities	#FF0000
#FF0000	48.780251597	2.25980883	le plessis robinson (92060), hauts-de-seine (92), Île-de-France	le plessis robinson (92060), hauts-de-seine (92), Île-de-France	2009-05-04:07:18:11	nearby cities	#FF0000
#FF0000	48.80363284	2.288340335	chatillon (92020), hauts-de-seine (92), Île-de-France	chatillon (92020), hauts-de-seine (92), Île-de-France	2009-05-04:07:18:11	nearby cities	#FF0000
#FF0000	48.816575085	2.296075861	malakoff (92046), hauts-de-seine (92), Île-de-France	malakoff (92046), hauts-de-seine (92), Île-de-France	2009-05-04:07:18:11	nearby cities	#FF0000
#FF0000	48.780251597	2.25980883	le plessis robinson (92060), hauts-de-seine (92), Île-de-France	le plessis robinson (92060), hauts-de-seine (92), Île-de-France	2009-05-04:07:18:11	nearby cities	#FF0000
#FF0000	48.75659431	2.206465776	bievres (91064), essonne (91), Île-de-France	bievres (91064), essonne (91), Île-de-France	2009-05-04:16:13:39	nearby cities	#FF0000
#FF0000	48.796455388	2.254300971	clamart (92023), hauts-de-seine (92), Île-de-France	clamart (92023), hauts-de-seine (92), Île-de-France	2009-05-04:16:13:39	nearby cities	#FF0000
#FF0000	48.796455388	2.254300971	clamart (92023), hauts-de-seine (92), Île-de-France	clamart (92023), hauts-de-seine (92), Île-de-France	2009-05-04:16:13:39	nearby cities	#FF0000
#FF0000	48.815232931	2.317223763	montrouge (92049), hauts-de-seine (92), Île-de-France	montrouge (92049), hauts-de-seine (92), Île-de-France	2009-05-04:16:13:39	nearby cities	#FF0000
#FF0000	48.780251597	2.25980883	le plessis robinson (92060), hauts-de-seine (92), Île-de-France	le plessis robinson (92060), hauts-de-seine (92), Île-de-France	2009-05-04:16:13:39	nearby cities	#FF0000
#FF0000	48.813266743	2.344190973	gentilly (94037), val-de-marne (94), Île-de-France	gentilly (94037), val-de-marne (94), Île-de-France	2009-05-04:16:13:39	nearby cities	#FF0000
#FF0000	48.80363284	2.288340335	chatillon (92020), hauts-de-seine (92), Île-de-France	chatillon (92020), hauts-de-seine (92), Île-de-France	2009-05-04:16:13:39	nearby cities	#FF0000
#FF0000	48.816575085	2.296075861	malakoff (92046), hauts-de-seine (92), Île-de-France	malakoff (92046), hauts-de-seine (92), Île-de-France	2009-05-04:16:13:39	nearby cities	#FF0000
#FF0000	48.780251597	2.25980883	le plessis robinson (92060), hauts-de-seine (92), Île-de-France	le plessis robinson (92060), hauts-de-seine (92), Île-de-France	2009-05-04:16:13:39	nearby cities	#FF0000
#FF0000	48.765889291	2.163600257	jouy en josas (78322), yvelines (78), Île-de-France	jouy en josas (78322), yvelines (78), Île-de-France	2009-05-05:08:02:31	nearby cities	#FF0000
#FF0000	48.75659431	2.206465776	bievres (91064), essonne (91), Île-de-France	bievres (91064), essonne (91), Île-de-France	2009-05-05:08:02:31	nearby cities	#FF0000
#FF0000	48.796455388	2.254300971	clamart (92023), hauts-de-seine (92), Île-de-France	clamart (92023), hauts-de-seine (92), Île-de-France	2009-05-05:08:02:31	nearby cities	#FF0000
#FF0000	48.796455388	2.254300971	clamart (92023), hauts-de-seine (92), Île-de-France	clamart (92023), hauts-de-seine (92), Île-de-France	2009-05-05:08:02:31	nearby cities	#FF0000
#FF0000	48.815232931	2.317223763	montrouge (92049), hauts-de-seine (92), Île-de-France	montrouge (92049), hauts-de-seine (92), Île-de-France	2009-05-05:08:02:31	nearby cities	#FF0000
#FF0000	48.780251597	2.25980883	le plessis robinson (92060), hauts-de-seine (92), Île-de-France	le plessis robinson (92060), hauts-de-seine (92), Île-de-France	2009-05-05:08:02:31	nearby cities	#FF0000
#FF0000	48.80363284	2.288340335	chatillon (92020), hauts-de-seine (92), Île-de-France	chatillon (92020), hauts-de-seine (92), Île-de-France	2009-05-05:08:02:31	nearby cities	#FF0000
#FF0000	48.816575085	2.296075861	malakoff (92046), hauts-de-seine (92), Île-de-France	malakoff (92046), hauts-de-seine (92), Île-de-France	2009-05-05:08:02:31	nearby cities	#FF0000
#FF0000	48.780251597	2.25980883	le plessis robinson (92060), hauts-de-seine (92), Île-de-France	le plessis robinson (92060), hauts-de-seine (92), Île-de-France	2009-05-05:08:02:31	nearby cities	#FF0000
#FF0000	48.765889291	2.163600257	jouy en josas (78322), yvelines (78), Île-de-France	jouy en josas (78322), yvelines (78), Île-de-France	2009-05-05:16:32:25	nearby cities	#FF0000
#FF0000	48.75659431	2.206465776	bievres (91064), essonne (91), Île-de-France	bievres (91064), essonne (91), Île-de-France	2009-05-05:16:32:25	nearby cities	#FF0000
#FF0000	48.796455388	2.254300971	clamart (92023), hauts-de-seine (92), Île-de-France	clamart (92023), hauts-de-seine (92), Île-de-France	2009-05-05:16:32:25	nearby cities	#FF0000
#FF0000	48.796455388	2.254300971	clamart (92023), hauts-de-seine (92), Île-de-France	clamart (92023), hauts-de-seine (92), Île-de-France	2009-05-05:16:32:25	nearby cities	#FF0000
#FF0000	48.815232931	2.317223763	montrouge (92049), hauts-de-seine (92), Île-de-France	montrouge (92049), hauts-de-seine (92), Île-de-France	2009-05-05:16:32:25	nearby cities	#FF0000
#FF0000	48.780251597	2.25980883	le plessis robinson (92060), hauts-de-seine (92), Île-de-France	le plessis robinson (92060), hauts-de-seine (92), Île-de-France	2009-05-05:16:32:25	nearby cities	#FF0000
#FF0000	48.813266743	2.344190973	gentilly (94037), val-de-marne (94), Île-de-France	gentilly (94037), val-de-marne (94), Île-de-France	2009-05-05:16:32:25	nearby cities	#FF0000
#FF0000	48.80363284	2.288340335	chatillon (92020), hauts-de-seine (92), Île-de-France	chatillon (92020), hauts-de-seine (92), Île-de-France	2009-05-05:16:32:25	nearby cities	#FF0000
#FF0000	48.816575085	2.296075861	malakoff (92046), hauts-de-seine (92), Île-de-France	malakoff (92046), hauts-de-seine (92), Île-de-France	2009-05-05:16:32:25	nearby cities	#FF0000
#FF0000	48.780251597	2.25980883	le plessis robinson (92060), hauts-de-seine (92), Île-de-France	le plessis robinson (92060), hauts-de-seine (92), Île-de-France	2009-05-05:16:32:25	nearby cities	#FF0000
#FF0000	48.765889291	2.163600257	jouy en josas (78322), yvelines (78), Île-de-France	jouy en josas (78322), yvelines (78), Île-de-France	2009-05-06:07:59:05	nearby cities	#FF0000
#FF0000	48.75659431	2.206465776	bievres (91064), essonne (91), Île-de-France	bievres (91064), essonne (91), Île-de-France	2009-05-06:07:59:05	nearby cities	#FF0000
#FF0000	48.796455388	2.254300971	clamart (92023), hauts-de-seine (92), Île-de-France	clamart (92023), hauts-de-seine (92), Île-de-France	2009-05-06:07:59:05	nearby cities	#FF0000
#FF0000	48.796455388	2.254300971	clamart (92023), hauts-de-seine (92), Île-de-France	clamart (92023), hauts-de-seine (92), Île-de-France	2009-05-06:07:59:05	nearby cities	#FF0000
#FF0000	48.815232931	2.317223763	montrouge (92049), hauts-de-seine (92), Île-de-France	montrouge (92049), hauts-de-seine (92), Île-de-France	2009-05-06:07:59:05	nearby cities	#FF0000
#FF0000	48.780251597	2.25980883	le plessis robinson (92060), hauts-de-seine (92), Île-de-France	le plessis robinson (92060), hauts-de-seine (92), Île-de-France	2009-05-06:07:59:05	nearby cities	#FF0000
#FF0000	48.80363284	2.288340335	chatillon (92020), hauts-de-seine (92), Île-de-France	chatillon (92020), hauts-de-seine (92), Île-de-France	2009-05-06:07:59:05	nearby cities	#FF0000
#FF0000	48.816575085	2.296075861	malakoff (92046), hauts-de-seine (92), Île-de-France	malakoff (92046), hauts-de-seine (92), Île-de-France	2009-05-06:07:59:05	nearby cities	#FF0000
#FF0000	48.780251597	2.25980883	le plessis robinson (92060), hauts-de-seine (92), Île-de-France	le plessis robinson (92060), hauts-de-seine (92), Île-de-France	2009-05-06:07:59:05	nearby cities	#FF0000
#FF0000	48.863457789	2.401155799	paris (75120), paris (75), Île-de-France	paris (75120), paris (75), Île-de-France	2009-05-06:16:22:50	nearby cities	#FF0000
#FF0000	48.765889291	2.163600257	jouy en josas (78322), yvelines (78), Île-de-France	jouy en josas (78322), yvelines (78), Île-de-France	2009-05-06:16:22:50	nearby cities	#FF0000
#FF0000	48.75659431	2.206465776	bievres (91064), essonne (91), Île-de-France	bievres (91064), essonne (91), Île-de-France	2009-05-06:16:22:50	nearby cities	#FF0000
#FF0000	48.796455388	2.254300971	clamart (92023), hauts-de-seine (92), Île-de-France	clamart (92023), hauts-de-seine (92), Île-de-France	2009-05-06:16:22:50	nearby cities	#FF0000
#FF0000	48.796455388	2.254300971	clamart (92023), hauts-de-seine (92), Île-de-France	clamart (92023), hauts-de-seine (92), Île-de-France	2009-05-06:16:22:50	nearby cities	#FF0000
#FF0000	48.815232931	2.317223763	montrouge (92049), hauts-de-seine (92), Île-de-France	montrouge (92049), hauts-de-seine (92), Île-de-France	2009-05-06:16:22:50	nearby cities	#FF0000
#FF0000	48.780251597	2.25980883	le plessis robinson (92060), hauts-de-seine (92), Île-de-France	le plessis robinson (92060), hauts-de-seine (92), Île-de-France	2009-05-06:16:22:50	nearby cities	#FF0000
#FF0000	48.813266743	2.344190973	gentilly (94037), val-de-marne (94), Île-de-France	gentilly (94037), val-de-marne (94), Île-de-France	2009-05-06:16:22:50	nearby cities	#FF0000
#FF0000	48.841029852	2.418861571	st mande (94067), val-de-marne (94), Île-de-France	st mande (94067), val-de-marne (94), Île-de-France	2009-05-06:16:22:50	nearby cities	#FF0000
#FF0000	48.80363284	2.288340335	chatillon (92020), hauts-de-seine (92), Île-de-France	chatillon (92020), hauts-de-seine (92), Île-de-France	2009-05-06:16:22:50	nearby cities	#FF0000
#FF0000	48.828424546	2.362253766	paris (75113), paris (75), Île-de-France	paris (75113), paris (75), Île-de-France	2009-05-06:16:22:50	nearby cities	#FF0000
#FF0000	48.816575085	2.296075861	malakoff (92046), hauts-de-seine (92), Île-de-France	malakoff (92046), hauts-de-seine (92), Île-de-France	2009-05-06:16:22:50	nearby cities	#FF0000
#FF0000	48.780251597	2.25980883	le plessis robinson (92060), hauts-de-seine (92), Île-de-France	le plessis robinson (92060), hauts-de-seine (92), Île-de-France	2009-05-06:16:22:50	nearby cities	#FF0000
#FF0000	48.869038019	2.422697136	bagnolet (93006), seine-saint-denis (93), Île-de-France	bagnolet (93006), seine-saint-denis (93), Île-de-France	2009-05-06:16:22:50	nearby cities	#FF0000
#FF0000	48.765889291	2.163600257	jouy en josas (78322), yvelines (78), Île-de-France	jouy en josas (78322), yvelines (78), Île-de-France	2009-05-07:06:49:31	nearby cities	#FF0000
#FF0000	48.75659431	2.206465776	bievres (91064), essonne (91), Île-de-France	bievres (91064), essonne (91), Île-de-France	2009-05-07:06:49:31	nearby cities	#FF0000
#FF0000	48.796455388	2.254300971	clamart (92023), hauts-de-seine (92), Île-de-France	clamart (92023), hauts-de-seine (92), Île-de-France	2009-05-07:06:49:31	nearby cities	#FF0000
#FF0000	48.796455388	2.254300971	clamart (92023), hauts-de-seine (92), Île-de-France	clamart (92023), hauts-de-seine (92), Île-de-France	2009-05-07:06:49:31	nearby cities	#FF0000
#FF0000	48.815232931	2.317223763	montrouge (92049), hauts-de-seine (92), Île-de-France	montrouge (92049), hauts-de-seine (92), Île-de-France	2009-05-07:06:49:31	nearby cities	#FF0000
#FF0000	48.780251597	2.25980883	le plessis robinson (92060), hauts-de-seine (92), Île-de-France	le plessis robinson (92060), hauts-de-seine (92), Île-de-France	2009-05-07:06:49:31	nearby cities	#FF0000
#FF0000	48.80363284	2.288340335	chatillon (92020), hauts-de-seine (92), Île-de-France	chatillon (92020), hauts-de-seine (92), Île-de-France	2009-05-07:06:49:31	nearby cities	#FF0000
#FF0000	48.816575085	2.296075861	malakoff (92046), hauts-de-seine (92), Île-de-France	malakoff (92046), hauts-de-seine (92), Île-de-France	2009-05-07:06:49:31	nearby cities	#FF0000
#FF0000	48.780251597	2.25980883	le plessis robinson (92060), hauts-de-seine (92), Île-de-France	le plessis robinson (92060), hauts-de-seine (92), Île-de-France	2009-05-07:06:49:31	nearby cities	#FF0000
#FF0000	48.765889291	2.163600257	jouy en josas (78322), yvelines (78), Île-de-France	jouy en josas (78322), yvelines (78), Île-de-France	2009-05-07:18:30:24	nearby cities	#FF0000
#FF0000	48.75659431	2.206465776	bievres (91064), essonne (91), Île-de-France	bievres (91064), essonne (91), Île-de-France	2009-05-07:18:30:24	nearby cities	#FF0000
#FF0000	48.796455388	2.254300971	clamart (92023), hauts-de-seine (92), Île-de-France	clamart (92023), hauts-de-seine (92), Île-de-France	2009-05-07:18:30:24	nearby cities	#FF0000
#FF0000	48.796455388	2.254300971	clamart (92023), hauts-de-seine (92), Île-de-France	clamart (92023), hauts-de-seine (92), Île-de-France	2009-05-07:18:30:24	nearby cities	#FF0000
#FF0000	48.815232931	2.317223763	montrouge (92049), hauts-de-seine (92), Île-de-France	montrouge (92049), hauts-de-seine (92), Île-de-France	2009-05-07:18:30:24	nearby cities	#FF0000
#FF0000	48.780251597	2.25980883	le plessis robinson (92060), hauts-de-seine (92), Île-de-France	le plessis robinson (92060), hauts-de-seine (92), Île-de-France	2009-05-07:18:30:24	nearby cities	#FF0000
#FF0000	48.813266743	2.344190973	gentilly (94037), val-de-marne (94), Île-de-France	gentilly (94037), val-de-marne (94), Île-de-France	2009-05-07:18:30:24	nearby cities	#FF0000
#FF0000	48.80363284	2.288340335	chatillon (92020), hauts-de-seine (92), Île-de-France	chatillon (92020), hauts-de-seine (92), Île-de-France	2009-05-07:18:30:24	nearby cities	#FF0000
#FF0000	48.816575085	2.296075861	malakoff (92046), hauts-de-seine (92), Île-de-France	malakoff (92046), hauts-de-seine (92), Île-de-France	2009-05-07:18:30:24	nearby cities	#FF0000
#FF0000	48.780251597	2.25980883	le plessis robinson (92060), hauts-de-seine (92), Île-de-France	le plessis robinson (92060), hauts-de-seine (92), Île-de-France	2009-05-07:18:30:24	nearby cities	#FF0000
#FF0000	48.765889291	2.163600257	jouy en josas (78322), yvelines (78), Île-de-France	jouy en josas (78322), yvelines (78), Île-de-France	2009-05-11:10:43:59	nearby cities	#FF0000
#FF0000	48.75659431	2.206465776	bievres (91064), essonne (91), Île-de-France	bievres (91064), essonne (91), Île-de-France	2009-05-11:10:43:59	nearby cities	#FF0000
#FF0000	48.796455388	2.254300971	clamart (92023), hauts-de-seine (92), Île-de-France	clamart (92023), hauts-de-seine (92), Île-de-France	2009-05-11:10:43:59	nearby cities	#FF0000
#FF0000	48.796455388	2.254300971	clamart (92023), hauts-de-seine (92), Île-de-France	clamart (92023), hauts-de-seine (92), Île-de-France	2009-05-11:10:43:59	nearby cities	#FF0000
#FF0000	48.780251597	2.25980883	le plessis robinson (92060), hauts-de-seine (92), Île-de-France	le plessis robinson (92060), hauts-de-seine (92), Île-de-France	2009-05-11:10:43:59	nearby cities	#FF0000
#FF0000	48.80363284	2.288340335	chatillon (92020), hauts-de-seine (92), Île-de-France	chatillon (92020), hauts-de-seine (92), Île-de-France	2009-05-11:10:43:59	nearby cities	#FF0000
#FF0000	48.816575085	2.296075861	malakoff (92046), hauts-de-seine (92), Île-de-France	malakoff (92046), hauts-de-seine (92), Île-de-France	2009-05-11:10:43:59	nearby cities	#FF0000
#FF0000	48.780251597	2.25980883	le plessis robinson (92060), hauts-de-seine (92), Île-de-France	le plessis robinson (92060), hauts-de-seine (92), Île-de-France	2009-05-11:10:43:59	nearby cities	#FF0000
#FF0000	48.75659431	2.206465776	bievres (91064), essonne (91), Île-de-France	bievres (91064), essonne (91), Île-de-France	2009-05-11:17:11:27	nearby cities	#FF0000
#FF0000	48.796455388	2.254300971	clamart (92023), hauts-de-seine (92), Île-de-France	clamart (92023), hauts-de-seine (92), Île-de-France	2009-05-11:17:11:27	nearby cities	#FF0000
#FF0000	48.796455388	2.254300971	clamart (92023), hauts-de-seine (92), Île-de-France	clamart (92023), hauts-de-seine (92), Île-de-France	2009-05-11:17:11:27	nearby cities	#FF0000
#FF0000	48.815232931	2.317223763	montrouge (92049), hauts-de-seine (92), Île-de-France	montrouge (92049), hauts-de-seine (92), Île-de-France	2009-05-11:17:11:27	nearby cities	#FF0000
#FF0000	48.780251597	2.25980883	le plessis robinson (92060), hauts-de-seine (92), Île-de-France	le plessis robinson (92060), hauts-de-seine (92), Île-de-France	2009-05-11:17:11:27	nearby cities	#FF0000
#FF0000	48.813266743	2.344190973	gentilly (94037), val-de-marne (94), Île-de-France	gentilly (94037), val-de-marne (94), Île-de-France	2009-05-11:17:11:27	nearby cities	#FF0000
#FF0000	48.80363284	2.288340335	chatillon (92020), hauts-de-seine (92), Île-de-France	chatillon (92020), hauts-de-seine (92), Île-de-France	2009-05-11:17:11:27	nearby cities	#FF0000
#FF0000	48.816575085	2.296075861	malakoff (92046), hauts-de-seine (92), Île-de-France	malakoff (92046), hauts-de-seine (92), Île-de-France	2009-05-11:17:11:27	nearby cities	#FF0000
#FF0000	48.780251597	2.25980883	le plessis robinson (92060), hauts-de-seine (92), Île-de-France	le plessis robinson (92060), hauts-de-seine (92), Île-de-France	2009-05-11:17:11:27	nearby cities	#FF0000
#FF0000	48.765889291	2.163600257	jouy en josas (78322), yvelines (78), Île-de-France	jouy en josas (78322), yvelines (78), Île-de-France	2009-05-12:07:08:48	nearby cities	#FF0000
#FF0000	48.75659431	2.206465776	bievres (91064), essonne (91), Île-de-France	bievres (91064), essonne (91), Île-de-France	2009-05-12:07:08:48	nearby cities	#FF0000
#FF0000	48.796455388	2.254300971	clamart (92023), hauts-de-seine (92), Île-de-France	clamart (92023), hauts-de-seine (92), Île-de-France	2009-05-12:07:08:48	nearby cities	#FF0000
#FF0000	48.796455388	2.254300971	clamart (92023), hauts-de-seine (92), Île-de-France	clamart (92023), hauts-de-seine (92), Île-de-France	2009-05-12:07:08:48	nearby cities	#FF0000
#FF0000	48.780251597	2.25980883	le plessis robinson (92060), hauts-de-seine (92), Île-de-France	le plessis robinson (92060), hauts-de-seine (92), Île-de-France	2009-05-12:07:08:48	nearby cities	#FF0000
#FF0000	48.80363284	2.288340335	chatillon (92020), hauts-de-seine (92), Île-de-France	chatillon (92020), hauts-de-seine (92), Île-de-France	2009-05-12:07:08:48	nearby cities	#FF0000
#FF0000	48.816575085	2.296075861	malakoff (92046), hauts-de-seine (92), Île-de-France	malakoff (92046), hauts-de-seine (92), Île-de-France	2009-05-12:07:08:48	nearby cities	#FF0000
#FF0000	48.780251597	2.25980883	le plessis robinson (92060), hauts-de-seine (92), Île-de-France	le plessis robinson (92060), hauts-de-seine (92), Île-de-France	2009-05-12:07:08:48	nearby cities	#FF0000
#FF0000	48.75659431	2.206465776	bievres (91064), essonne (91), Île-de-France	bievres (91064), essonne (91), Île-de-France	2009-05-12:17:04:56	nearby cities	#FF0000
#FF0000	48.796455388	2.254300971	clamart (92023), hauts-de-seine (92), Île-de-France	clamart (92023), hauts-de-seine (92), Île-de-France	2009-05-12:17:04:56	nearby cities	#FF0000
#FF0000	48.796455388	2.254300971	clamart (92023), hauts-de-seine (92), Île-de-France	clamart (92023), hauts-de-seine (92), Île-de-France	2009-05-12:17:04:56	nearby cities	#FF0000
#FF0000	48.780251597	2.25980883	le plessis robinson (92060), hauts-de-seine (92), Île-de-France	le plessis robinson (92060), hauts-de-seine (92), Île-de-France	2009-05-12:17:04:56	nearby cities	#FF0000
#FF0000	48.780251597	2.25980883	le plessis robinson (92060), hauts-de-seine (92), Île-de-France	le plessis robinson (92060), hauts-de-seine (92), Île-de-France	2009-05-12:17:04:56	nearby cities	#FF0000
#FF0000	48.815232931	2.317223763	montrouge (92049), hauts-de-seine (92), Île-de-France	montrouge (92049), hauts-de-seine (92), Île-de-France	2009-05-12:17:53:45	nearby cities	#FF0000
#FF0000	48.813266743	2.344190973	gentilly (94037), val-de-marne (94), Île-de-France	gentilly (94037), val-de-marne (94), Île-de-France	2009-05-12:17:53:45	nearby cities	#FF0000
#FF0000	48.80363284	2.288340335	chatillon (92020), hauts-de-seine (92), Île-de-France	chatillon (92020), hauts-de-seine (92), Île-de-France	2009-05-12:17:53:45	nearby cities	#FF0000
#FF0000	48.828424546	2.362253766	paris (75113), paris (75), Île-de-France	paris (75113), paris (75), Île-de-France	2009-05-12:17:53:45	nearby cities	#FF0000
#FF0000	48.829262233	2.326537267	paris (75114), paris (75), Île-de-France	paris (75114), paris (75), Île-de-France	2009-05-12:17:53:45	nearby cities	#FF0000
#FF0000	48.816575085	2.296075861	malakoff (92046), hauts-de-seine (92), Île-de-France	malakoff (92046), hauts-de-seine (92), Île-de-France	2009-05-12:17:53:45	nearby cities	#FF0000
#FF0000	48.765889291	2.163600257	jouy en josas (78322), yvelines (78), Île-de-France	jouy en josas (78322), yvelines (78), Île-de-France	2009-05-13:06:56:19	nearby cities	#FF0000
#FF0000	48.75659431	2.206465776	bievres (91064), essonne (91), Île-de-France	bievres (91064), essonne (91), Île-de-France	2009-05-13:06:56:19	nearby cities	#FF0000
#FF0000	48.796455388	2.254300971	clamart (92023), hauts-de-seine (92), Île-de-France	clamart (92023), hauts-de-seine (92), Île-de-France	2009-05-13:06:56:19	nearby cities	#FF0000
#FF0000	48.796455388	2.254300971	clamart (92023), hauts-de-seine (92), Île-de-France	clamart (92023), hauts-de-seine (92), Île-de-France	2009-05-13:06:56:19	nearby cities	#FF0000
#FF0000	48.815232931	2.317223763	montrouge (92049), hauts-de-seine (92), Île-de-France	montrouge (92049), hauts-de-seine (92), Île-de-France	2009-05-13:06:56:19	nearby cities	#FF0000
#FF0000	48.780251597	2.25980883	le plessis robinson (92060), hauts-de-seine (92), Île-de-France	le plessis robinson (92060), hauts-de-seine (92), Île-de-France	2009-05-13:06:56:19	nearby cities	#FF0000
#FF0000	48.80363284	2.288340335	chatillon (92020), hauts-de-seine (92), Île-de-France	chatillon (92020), hauts-de-seine (92), Île-de-France	2009-05-13:06:56:19	nearby cities	#FF0000
#FF0000	48.816575085	2.296075861	malakoff (92046), hauts-de-seine (92), Île-de-France	malakoff (92046), hauts-de-seine (92), Île-de-France	2009-05-13:06:56:19	nearby cities	#FF0000
#FF0000	48.780251597	2.25980883	le plessis robinson (92060), hauts-de-seine (92), Île-de-France	le plessis robinson (92060), hauts-de-seine (92), Île-de-France	2009-05-13:06:56:19	nearby cities	#FF0000
#FF0000	48.765889291	2.163600257	jouy en josas (78322), yvelines (78), Île-de-France	jouy en josas (78322), yvelines (78), Île-de-France	2009-05-13:16:31:56	nearby cities	#FF0000
#FF0000	48.75659431	2.206465776	bievres (91064), essonne (91), Île-de-France	bievres (91064), essonne (91), Île-de-France	2009-05-13:16:31:56	nearby cities	#FF0000
#FF0000	48.796455388	2.254300971	clamart (92023), hauts-de-seine (92), Île-de-France	clamart (92023), hauts-de-seine (92), Île-de-France	2009-05-13:16:31:56	nearby cities	#FF0000
#FF0000	48.796455388	2.254300971	clamart (92023), hauts-de-seine (92), Île-de-France	clamart (92023), hauts-de-seine (92), Île-de-France	2009-05-13:16:31:56	nearby cities	#FF0000
#FF0000	48.815232931	2.317223763	montrouge (92049), hauts-de-seine (92), Île-de-France	montrouge (92049), hauts-de-seine (92), Île-de-France	2009-05-13:16:31:56	nearby cities	#FF0000
#FF0000	48.780251597	2.25980883	le plessis robinson (92060), hauts-de-seine (92), Île-de-France	le plessis robinson (92060), hauts-de-seine (92), Île-de-France	2009-05-13:16:31:56	nearby cities	#FF0000
#FF0000	48.813266743	2.344190973	gentilly (94037), val-de-marne (94), Île-de-France	gentilly (94037), val-de-marne (94), Île-de-France	2009-05-13:16:31:56	nearby cities	#FF0000
#FF0000	48.80363284	2.288340335	chatillon (92020), hauts-de-seine (92), Île-de-France	chatillon (92020), hauts-de-seine (92), Île-de-France	2009-05-13:16:31:56	nearby cities	#FF0000
#FF0000	48.816575085	2.296075861	malakoff (92046), hauts-de-seine (92), Île-de-France	malakoff (92046), hauts-de-seine (92), Île-de-France	2009-05-13:16:31:56	nearby cities	#FF0000
#FF0000	48.780251597	2.25980883	le plessis robinson (92060), hauts-de-seine (92), Île-de-France	le plessis robinson (92060), hauts-de-seine (92), Île-de-France	2009-05-13:16:31:56	nearby cities	#FF0000
#FF0000	48.765889291	2.163600257	jouy en josas (78322), yvelines (78), Île-de-France	jouy en josas (78322), yvelines (78), Île-de-France	2009-05-14:08:25:13	nearby cities	#FF0000
#FF0000	48.75659431	2.206465776	bievres (91064), essonne (91), Île-de-France	bievres (91064), essonne (91), Île-de-France	2009-05-14:08:25:13	nearby cities	#FF0000
#FF0000	48.796455388	2.254300971	clamart (92023), hauts-de-seine (92), Île-de-France	clamart (92023), hauts-de-seine (92), Île-de-France	2009-05-14:08:25:13	nearby cities	#FF0000
#FF0000	48.796455388	2.254300971	clamart (92023), hauts-de-seine (92), Île-de-France	clamart (92023), hauts-de-seine (92), Île-de-France	2009-05-14:08:25:13	nearby cities	#FF0000
#FF0000	48.815232931	2.317223763	montrouge (92049), hauts-de-seine (92), Île-de-France	montrouge (92049), hauts-de-seine (92), Île-de-France	2009-05-14:08:25:13	nearby cities	#FF0000
#FF0000	48.780251597	2.25980883	le plessis robinson (92060), hauts-de-seine (92), Île-de-France	le plessis robinson (92060), hauts-de-seine (92), Île-de-France	2009-05-14:08:25:13	nearby cities	#FF0000
#FF0000	48.80363284	2.288340335	chatillon (92020), hauts-de-seine (92), Île-de-France	chatillon (92020), hauts-de-seine (92), Île-de-France	2009-05-14:08:25:13	nearby cities	#FF0000
#FF0000	48.816575085	2.296075861	malakoff (92046), hauts-de-seine (92), Île-de-France	malakoff (92046), hauts-de-seine (92), Île-de-France	2009-05-14:08:25:13	nearby cities	#FF0000
#FF0000	48.780251597	2.25980883	le plessis robinson (92060), hauts-de-seine (92), Île-de-France	le plessis robinson (92060), hauts-de-seine (92), Île-de-France	2009-05-14:08:25:13	nearby cities	#FF0000
#FF0000	48.765889291	2.163600257	jouy en josas (78322), yvelines (78), Île-de-France	jouy en josas (78322), yvelines (78), Île-de-France	2009-05-14:16:54:51	nearby cities	#FF0000
#FF0000	48.75659431	2.206465776	bievres (91064), essonne (91), Île-de-France	bievres (91064), essonne (91), Île-de-France	2009-05-14:16:54:51	nearby cities	#FF0000
#FF0000	48.796455388	2.254300971	clamart (92023), hauts-de-seine (92), Île-de-France	clamart (92023), hauts-de-seine (92), Île-de-France	2009-05-14:16:54:51	nearby cities	#FF0000
#FF0000	48.796455388	2.254300971	clamart (92023), hauts-de-seine (92), Île-de-France	clamart (92023), hauts-de-seine (92), Île-de-France	2009-05-14:16:54:51	nearby cities	#FF0000
#FF0000	48.815232931	2.317223763	montrouge (92049), hauts-de-seine (92), Île-de-France	montrouge (92049), hauts-de-seine (92), Île-de-France	2009-05-14:16:54:51	nearby cities	#FF0000
#FF0000	48.780251597	2.25980883	le plessis robinson (92060), hauts-de-seine (92), Île-de-France	le plessis robinson (92060), hauts-de-seine (92), Île-de-France	2009-05-14:16:54:51	nearby cities	#FF0000
#FF0000	48.813266743	2.344190973	gentilly (94037), val-de-marne (94), Île-de-France	gentilly (94037), val-de-marne (94), Île-de-France	2009-05-14:16:54:51	nearby cities	#FF0000
#FF0000	48.80363284	2.288340335	chatillon (92020), hauts-de-seine (92), Île-de-France	chatillon (92020), hauts-de-seine (92), Île-de-France	2009-05-14:16:54:51	nearby cities	#FF0000
#FF0000	48.816575085	2.296075861	malakoff (92046), hauts-de-seine (92), Île-de-France	malakoff (92046), hauts-de-seine (92), Île-de-France	2009-05-14:16:54:51	nearby cities	#FF0000
#FF0000	48.780251597	2.25980883	le plessis robinson (92060), hauts-de-seine (92), Île-de-France	le plessis robinson (92060), hauts-de-seine (92), Île-de-France	2009-05-14:16:54:51	nearby cities	#FF0000
#FF0000	48.765889291	2.163600257	jouy en josas (78322), yvelines (78), Île-de-France	jouy en josas (78322), yvelines (78), Île-de-France	2009-05-18:07:12:45	nearby cities	#FF0000
#FF0000	48.75659431	2.206465776	bievres (91064), essonne (91), Île-de-France	bievres (91064), essonne (91), Île-de-France	2009-05-18:07:12:45	nearby cities	#FF0000
#FF0000	48.796455388	2.254300971	clamart (92023), hauts-de-seine (92), Île-de-France	clamart (92023), hauts-de-seine (92), Île-de-France	2009-05-18:07:12:45	nearby cities	#FF0000
#FF0000	48.796455388	2.254300971	clamart (92023), hauts-de-seine (92), Île-de-France	clamart (92023), hauts-de-seine (92), Île-de-France	2009-05-18:07:12:45	nearby cities	#FF0000
#FF0000	48.815232931	2.317223763	montrouge (92049), hauts-de-seine (92), Île-de-France	montrouge (92049), hauts-de-seine (92), Île-de-France	2009-05-18:07:12:45	nearby cities	#FF0000
#FF0000	48.780251597	2.25980883	le plessis robinson (92060), hauts-de-seine (92), Île-de-France	le plessis robinson (92060), hauts-de-seine (92), Île-de-France	2009-05-18:07:12:45	nearby cities	#FF0000
#FF0000	48.80363284	2.288340335	chatillon (92020), hauts-de-seine (92), Île-de-France	chatillon (92020), hauts-de-seine (92), Île-de-France	2009-05-18:07:12:45	nearby cities	#FF0000
#FF0000	48.816575085	2.296075861	malakoff (92046), hauts-de-seine (92), Île-de-France	malakoff (92046), hauts-de-seine (92), Île-de-France	2009-05-18:07:12:45	nearby cities	#FF0000
#FF0000	48.780251597	2.25980883	le plessis robinson (92060), hauts-de-seine (92), Île-de-France	le plessis robinson (92060), hauts-de-seine (92), Île-de-France	2009-05-18:07:12:45	nearby cities	#FF0000
#FF0000	48.765889291	2.163600257	jouy en josas (78322), yvelines (78), Île-de-France	jouy en josas (78322), yvelines (78), Île-de-France	2009-05-19:07:16:30	nearby cities	#FF0000
#FF0000	48.75659431	2.206465776	bievres (91064), essonne (91), Île-de-France	bievres (91064), essonne (91), Île-de-France	2009-05-19:07:16:30	nearby cities	#FF0000
#FF0000	48.796455388	2.254300971	clamart (92023), hauts-de-seine (92), Île-de-France	clamart (92023), hauts-de-seine (92), Île-de-France	2009-05-19:07:16:30	nearby cities	#FF0000
#FF0000	48.796455388	2.254300971	clamart (92023), hauts-de-seine (92), Île-de-France	clamart (92023), hauts-de-seine (92), Île-de-France	2009-05-19:07:16:30	nearby cities	#FF0000
#FF0000	48.815232931	2.317223763	montrouge (92049), hauts-de-seine (92), Île-de-France	montrouge (92049), hauts-de-seine (92), Île-de-France	2009-05-19:07:16:30	nearby cities	#FF0000
#FF0000	48.780251597	2.25980883	le plessis robinson (92060), hauts-de-seine (92), Île-de-France	le plessis robinson (92060), hauts-de-seine (92), Île-de-France	2009-05-19:07:16:30	nearby cities	#FF0000
#FF0000	48.813266743	2.344190973	gentilly (94037), val-de-marne (94), Île-de-France	gentilly (94037), val-de-marne (94), Île-de-France	2009-05-19:07:16:30	nearby cities	#FF0000
#FF0000	48.80363284	2.288340335	chatillon (92020), hauts-de-seine (92), Île-de-France	chatillon (92020), hauts-de-seine (92), Île-de-France	2009-05-19:07:16:30	nearby cities	#FF0000
#FF0000	48.816575085	2.296075861	malakoff (92046), hauts-de-seine (92), Île-de-France	malakoff (92046), hauts-de-seine (92), Île-de-France	2009-05-19:07:16:30	nearby cities	#FF0000
#FF0000	48.780251597	2.25980883	le plessis robinson (92060), hauts-de-seine (92), Île-de-France	le plessis robinson (92060), hauts-de-seine (92), Île-de-France	2009-05-19:07:16:30	nearby cities	#FF0000
#FF0000	48.765889291	2.163600257	jouy en josas (78322), yvelines (78), Île-de-France	jouy en josas (78322), yvelines (78), Île-de-France	2009-05-19:17:16:32	nearby cities	#FF0000
#FF0000	48.75659431	2.206465776	bievres (91064), essonne (91), Île-de-France	bievres (91064), essonne (91), Île-de-France	2009-05-19:17:16:32	nearby cities	#FF0000
#FF0000	48.796455388	2.254300971	clamart (92023), hauts-de-seine (92), Île-de-France	clamart (92023), hauts-de-seine (92), Île-de-France	2009-05-19:17:16:32	nearby cities	#FF0000
#FF0000	48.796455388	2.254300971	clamart (92023), hauts-de-seine (92), Île-de-France	clamart (92023), hauts-de-seine (92), Île-de-France	2009-05-19:17:16:32	nearby cities	#FF0000
#FF0000	48.815232931	2.317223763	montrouge (92049), hauts-de-seine (92), Île-de-France	montrouge (92049), hauts-de-seine (92), Île-de-France	2009-05-19:17:16:32	nearby cities	#FF0000
#FF0000	48.780251597	2.25980883	le plessis robinson (92060), hauts-de-seine (92), Île-de-France	le plessis robinson (92060), hauts-de-seine (92), Île-de-France	2009-05-19:17:16:32	nearby cities	#FF0000
#FF0000	48.813266743	2.344190973	gentilly (94037), val-de-marne (94), Île-de-France	gentilly (94037), val-de-marne (94), Île-de-France	2009-05-19:17:16:32	nearby cities	#FF0000
#FF0000	48.80363284	2.288340335	chatillon (92020), hauts-de-seine (92), Île-de-France	chatillon (92020), hauts-de-seine (92), Île-de-France	2009-05-19:17:16:32	nearby cities	#FF0000
#FF0000	48.816575085	2.296075861	malakoff (92046), hauts-de-seine (92), Île-de-France	malakoff (92046), hauts-de-seine (92), Île-de-France	2009-05-19:17:16:32	nearby cities	#FF0000
#FF0000	48.780251597	2.25980883	le plessis robinson (92060), hauts-de-seine (92), Île-de-France	le plessis robinson (92060), hauts-de-seine (92), Île-de-France	2009-05-19:17:16:32	nearby cities	#FF0000
#FF0000	48.765889291	2.163600257	jouy en josas (78322), yvelines (78), Île-de-France	jouy en josas (78322), yvelines (78), Île-de-France	2009-05-20:08:14:40	nearby cities	#FF0000
#FF0000	48.75659431	2.206465776	bievres (91064), essonne (91), Île-de-France	bievres (91064), essonne (91), Île-de-France	2009-05-20:08:14:40	nearby cities	#FF0000
#FF0000	48.796455388	2.254300971	clamart (92023), hauts-de-seine (92), Île-de-France	clamart (92023), hauts-de-seine (92), Île-de-France	2009-05-20:08:14:40	nearby cities	#FF0000
#FF0000	48.796455388	2.254300971	clamart (92023), hauts-de-seine (92), Île-de-France	clamart (92023), hauts-de-seine (92), Île-de-France	2009-05-20:08:14:40	nearby cities	#FF0000
#FF0000	48.815232931	2.317223763	montrouge (92049), hauts-de-seine (92), Île-de-France	montrouge (92049), hauts-de-seine (92), Île-de-France	2009-05-20:08:14:40	nearby cities	#FF0000
#FF0000	48.780251597	2.25980883	le plessis robinson (92060), hauts-de-seine (92), Île-de-France	le plessis robinson (92060), hauts-de-seine (92), Île-de-France	2009-05-20:08:14:40	nearby cities	#FF0000
#FF0000	48.813266743	2.344190973	gentilly (94037), val-de-marne (94), Île-de-France	gentilly (94037), val-de-marne (94), Île-de-France	2009-05-20:08:14:40	nearby cities	#FF0000
#FF0000	48.80363284	2.288340335	chatillon (92020), hauts-de-seine (92), Île-de-France	chatillon (92020), hauts-de-seine (92), Île-de-France	2009-05-20:08:14:40	nearby cities	#FF0000
#FF0000	48.816575085	2.296075861	malakoff (92046), hauts-de-seine (92), Île-de-France	malakoff (92046), hauts-de-seine (92), Île-de-France	2009-05-20:08:14:40	nearby cities	#FF0000
#FF0000	48.780251597	2.25980883	le plessis robinson (92060), hauts-de-seine (92), Île-de-France	le plessis robinson (92060), hauts-de-seine (92), Île-de-France	2009-05-20:08:14:40	nearby cities	#FF0000
#FF0000	48.765889291	2.163600257	jouy en josas (78322), yvelines (78), Île-de-France	jouy en josas (78322), yvelines (78), Île-de-France	2009-05-20:16:12:12	nearby cities	#FF0000
#FF0000	48.75659431	2.206465776	bievres (91064), essonne (91), Île-de-France	bievres (91064), essonne (91), Île-de-France	2009-05-20:16:12:12	nearby cities	#FF0000
#FF0000	48.796455388	2.254300971	clamart (92023), hauts-de-seine (92), Île-de-France	clamart (92023), hauts-de-seine (92), Île-de-France	2009-05-20:16:12:12	nearby cities	#FF0000
#FF0000	48.796455388	2.254300971	clamart (92023), hauts-de-seine (92), Île-de-France	clamart (92023), hauts-de-seine (92), Île-de-France	2009-05-20:16:12:12	nearby cities	#FF0000
#FF0000	48.815232931	2.317223763	montrouge (92049), hauts-de-seine (92), Île-de-France	montrouge (92049), hauts-de-seine (92), Île-de-France	2009-05-20:16:12:12	nearby cities	#FF0000
#FF0000	48.780251597	2.25980883	le plessis robinson (92060), hauts-de-seine (92), Île-de-France	le plessis robinson (92060), hauts-de-seine (92), Île-de-France	2009-05-20:16:12:12	nearby cities	#FF0000
#FF0000	48.813266743	2.344190973	gentilly (94037), val-de-marne (94), Île-de-France	gentilly (94037), val-de-marne (94), Île-de-France	2009-05-20:16:12:12	nearby cities	#FF0000
#FF0000	48.80363284	2.288340335	chatillon (92020), hauts-de-seine (92), Île-de-France	chatillon (92020), hauts-de-seine (92), Île-de-France	2009-05-20:16:12:12	nearby cities	#FF0000
#FF0000	48.816575085	2.296075861	malakoff (92046), hauts-de-seine (92), Île-de-France	malakoff (92046), hauts-de-seine (92), Île-de-France	2009-05-20:16:12:12	nearby cities	#FF0000
#FF0000	48.780251597	2.25980883	le plessis robinson (92060), hauts-de-seine (92), Île-de-France	le plessis robinson (92060), hauts-de-seine (92), Île-de-France	2009-05-20:16:12:12	nearby cities	#FF0000
#FF0000	48.939819605	2.17448669	sartrouville (78586), yvelines (78), Île-de-France	sartrouville (78586), yvelines (78), Île-de-France	2009-05-21:10:39:03	nearby cities	#FF0000
#FF0000	48.952574131	2.152458608	maisons laffitte (78358), yvelines (78), Île-de-France	maisons laffitte (78358), yvelines (78), Île-de-France	2009-05-21:10:39:03	nearby cities	#FF0000
#FF0000	48.975019705	2.178020378	la frette sur seine (95257), val-d'oise (95), Île-de-France	la frette sur seine (95257), val-d'oise (95), Île-de-France	2009-05-21:10:39:03	nearby cities	#FF0000
#FF0000	48.926810989	2.122439577	le mesnil le roi (78396), yvelines (78), Île-de-France	le mesnil le roi (78396), yvelines (78), Île-de-France	2009-05-21:15:09:59	nearby cities	#FF0000
#FF0000	48.917259145	2.139969436	montesson (78418), yvelines (78), Île-de-France	montesson (78418), yvelines (78), Île-de-France	2009-05-21:15:09:59	nearby cities	#FF0000
#FF0000	48.893736101	2.105052068	le pecq (78481), yvelines (78), Île-de-France	le pecq (78481), yvelines (78), Île-de-France	2009-05-21:15:09:59	nearby cities	#FF0000
#FF0000	48.893565927	2.130150516	le vesinet (78650), yvelines (78), Île-de-France	le vesinet (78650), yvelines (78), Île-de-France	2009-05-21:15:09:59	nearby cities	#FF0000
#FF0000	48.878352539	2.136042047	croissy sur seine (78190), yvelines (78), Île-de-France	croissy sur seine (78190), yvelines (78), Île-de-France	2009-05-21:15:09:59	nearby cities	#FF0000
#FF0000	48.836400822	2.239066161	boulogne billancourt (92012), hauts-de-seine (92), Île-de-France	boulogne billancourt (92012), hauts-de-seine (92), Île-de-France	2009-05-21:15:09:59	nearby cities	#FF0000
#FF0000	48.813266743	2.344190973	gentilly (94037), val-de-marne (94), Île-de-France	gentilly (94037), val-de-marne (94), Île-de-France	2009-05-21:15:09:59	nearby cities	#FF0000
#FF0000	48.840071988	2.292837347	paris (75115), paris (75), Île-de-France	paris (75115), paris (75), Île-de-France	2009-05-21:15:09:59	nearby cities	#FF0000
#FF0000	48.896391692	2.153571449	chatou (78146), yvelines (78), Île-de-France	chatou (78146), yvelines (78), Île-de-France	2009-05-21:15:09:59	nearby cities	#FF0000
#FF0000	48.926810989	2.122439577	le mesnil le roi (78396), yvelines (78), Île-de-France	le mesnil le roi (78396), yvelines (78), Île-de-France	2009-05-21:15:09:59	nearby cities	#FF0000
#FF0000	48.829262233	2.326537267	paris (75114), paris (75), Île-de-France	paris (75114), paris (75), Île-de-France	2009-05-21:15:09:59	nearby cities	#FF0000
#FF0000	48.870018531	2.220022482	suresnes (92073), hauts-de-seine (92), Île-de-France	suresnes (92073), hauts-de-seine (92), Île-de-France	2009-05-21:15:09:59	nearby cities	#FF0000
#FF0000	48.869374523	2.17771477	rueil malmaison (92063), hauts-de-seine (92), Île-de-France	rueil malmaison (92063), hauts-de-seine (92), Île-de-France	2009-05-21:15:09:59	nearby cities	#FF0000
#FF0000	48.869374523	2.17771477	rueil malmaison (92063), hauts-de-seine (92), Île-de-France	rueil malmaison (92063), hauts-de-seine (92), Île-de-France	2009-05-21:15:09:59	nearby cities	#FF0000
#FF0000	48.844452823	2.350706645	paris (75105), paris (75), Île-de-France	paris (75105), paris (75), Île-de-France	2009-05-22:09:04:06	nearby cities	#FF0000
#FF0000	48.859054908	2.380025153	paris (75111), paris (75), Île-de-France	paris (75111), paris (75), Île-de-France	2009-05-22:09:04:06	nearby cities	#FF0000
#FF0000	48.854350603	2.357625608	paris (75104), paris (75), Île-de-France	paris (75104), paris (75), Île-de-France	2009-05-22:09:04:06	nearby cities	#FF0000
#FF0000	48.84912057	2.332883793	paris (75106), paris (75), Île-de-France	paris (75106), paris (75), Île-de-France	2009-05-22:09:04:06	nearby cities	#FF0000
#FF0000	48.856165776	2.312154016	paris (75107), paris (75), Île-de-France	paris (75107), paris (75), Île-de-France	2009-05-22:09:04:06	nearby cities	#FF0000
#FF0000	48.829262233	2.326537267	paris (75114), paris (75), Île-de-France	paris (75114), paris (75), Île-de-France	2009-05-22:09:04:06	nearby cities	#FF0000
#FF0000	48.844452823	2.350706645	paris (75105), paris (75), Île-de-France	paris (75105), paris (75), Île-de-France	2009-05-22:11:50:59	nearby cities	#FF0000
#FF0000	48.828424546	2.362253766	paris (75113), paris (75), Île-de-France	paris (75113), paris (75), Île-de-France	2009-05-22:11:50:59	nearby cities	#FF0000
#FF0000	48.854350603	2.357625608	paris (75104), paris (75), Île-de-France	paris (75104), paris (75), Île-de-France	2009-05-22:11:50:59	nearby cities	#FF0000
#FF0000	48.765889291	2.163600257	jouy en josas (78322), yvelines (78), Île-de-France	jouy en josas (78322), yvelines (78), Île-de-France	2009-05-25:16:22:05	nearby cities	#FF0000
#FF0000	48.75659431	2.206465776	bievres (91064), essonne (91), Île-de-France	bievres (91064), essonne (91), Île-de-France	2009-05-25:16:22:05	nearby cities	#FF0000
#FF0000	48.796455388	2.254300971	clamart (92023), hauts-de-seine (92), Île-de-France	clamart (92023), hauts-de-seine (92), Île-de-France	2009-05-25:16:22:05	nearby cities	#FF0000
#FF0000	48.796455388	2.254300971	clamart (92023), hauts-de-seine (92), Île-de-France	clamart (92023), hauts-de-seine (92), Île-de-France	2009-05-25:16:22:05	nearby cities	#FF0000
#FF0000	48.815232931	2.317223763	montrouge (92049), hauts-de-seine (92), Île-de-France	montrouge (92049), hauts-de-seine (92), Île-de-France	2009-05-25:16:22:05	nearby cities	#FF0000
#FF0000	48.780251597	2.25980883	le plessis robinson (92060), hauts-de-seine (92), Île-de-France	le plessis robinson (92060), hauts-de-seine (92), Île-de-France	2009-05-25:16:22:05	nearby cities	#FF0000
#FF0000	48.813266743	2.344190973	gentilly (94037), val-de-marne (94), Île-de-France	gentilly (94037), val-de-marne (94), Île-de-France	2009-05-25:16:22:05	nearby cities	#FF0000
#FF0000	48.80363284	2.288340335	chatillon (92020), hauts-de-seine (92), Île-de-France	chatillon (92020), hauts-de-seine (92), Île-de-France	2009-05-25:16:22:05	nearby cities	#FF0000
#FF0000	48.816575085	2.296075861	malakoff (92046), hauts-de-seine (92), Île-de-France	malakoff (92046), hauts-de-seine (92), Île-de-France	2009-05-25:16:22:05	nearby cities	#FF0000
#FF0000	48.780251597	2.25980883	le plessis robinson (92060), hauts-de-seine (92), Île-de-France	le plessis robinson (92060), hauts-de-seine (92), Île-de-France	2009-05-25:16:22:05	nearby cities	#FF0000
#FF0000	48.844452823	2.350706645	paris (75105), paris (75), Île-de-France	paris (75105), paris (75), Île-de-France	2009-05-25:18:21:16	nearby cities	#FF0000
#FF0000	48.813266743	2.344190973	gentilly (94037), val-de-marne (94), Île-de-France	gentilly (94037), val-de-marne (94), Île-de-France	2009-05-25:18:21:16	nearby cities	#FF0000
#FF0000	48.854350603	2.357625608	paris (75104), paris (75), Île-de-France	paris (75104), paris (75), Île-de-France	2009-05-25:18:21:16	nearby cities	#FF0000
#FF0000	48.84912057	2.332883793	paris (75106), paris (75), Île-de-France	paris (75106), paris (75), Île-de-France	2009-05-25:18:21:16	nearby cities	#FF0000
#FF0000	48.829262233	2.326537267	paris (75114), paris (75), Île-de-France	paris (75114), paris (75), Île-de-France	2009-05-25:18:21:16	nearby cities	#FF0000
#FF0000	48.844452823	2.350706645	paris (75105), paris (75), Île-de-France	paris (75105), paris (75), Île-de-France	2009-05-26:17:46:35	nearby cities	#FF0000
#FF0000	48.859054908	2.380025153	paris (75111), paris (75), Île-de-France	paris (75111), paris (75), Île-de-France	2009-05-26:17:46:35	nearby cities	#FF0000
#FF0000	48.765889291	2.163600257	jouy en josas (78322), yvelines (78), Île-de-France	jouy en josas (78322), yvelines (78), Île-de-France	2009-05-26:17:46:35	nearby cities	#FF0000
#FF0000	48.75659431	2.206465776	bievres (91064), essonne (91), Île-de-France	bievres (91064), essonne (91), Île-de-France	2009-05-26:17:46:35	nearby cities	#FF0000
#FF0000	48.796455388	2.254300971	clamart (92023), hauts-de-seine (92), Île-de-France	clamart (92023), hauts-de-seine (92), Île-de-France	2009-05-26:17:46:35	nearby cities	#FF0000
#FF0000	48.796455388	2.254300971	clamart (92023), hauts-de-seine (92), Île-de-France	clamart (92023), hauts-de-seine (92), Île-de-France	2009-05-26:17:46:35	nearby cities	#FF0000
#FF0000	48.815232931	2.317223763	montrouge (92049), hauts-de-seine (92), Île-de-France	montrouge (92049), hauts-de-seine (92), Île-de-France	2009-05-26:17:46:35	nearby cities	#FF0000
#FF0000	48.780251597	2.25980883	le plessis robinson (92060), hauts-de-seine (92), Île-de-France	le plessis robinson (92060), hauts-de-seine (92), Île-de-France	2009-05-26:17:46:35	nearby cities	#FF0000
#FF0000	48.813266743	2.344190973	gentilly (94037), val-de-marne (94), Île-de-France	gentilly (94037), val-de-marne (94), Île-de-France	2009-05-26:17:46:35	nearby cities	#FF0000
#FF0000	48.80363284	2.288340335	chatillon (92020), hauts-de-seine (92), Île-de-France	chatillon (92020), hauts-de-seine (92), Île-de-France	2009-05-26:17:46:35	nearby cities	#FF0000
#FF0000	48.828424546	2.362253766	paris (75113), paris (75), Île-de-France	paris (75113), paris (75), Île-de-France	2009-05-26:17:46:35	nearby cities	#FF0000
#FF0000	48.816575085	2.296075861	malakoff (92046), hauts-de-seine (92), Île-de-France	malakoff (92046), hauts-de-seine (92), Île-de-France	2009-05-26:17:46:35	nearby cities	#FF0000
#FF0000	48.780251597	2.25980883	le plessis robinson (92060), hauts-de-seine (92), Île-de-France	le plessis robinson (92060), hauts-de-seine (92), Île-de-France	2009-05-26:17:46:35	nearby cities	#FF0000
#FF0000	48.765889291	2.163600257	jouy en josas (78322), yvelines (78), Île-de-France	jouy en josas (78322), yvelines (78), Île-de-France	2009-05-27:06:59:24	nearby cities	#FF0000
#FF0000	48.75659431	2.206465776	bievres (91064), essonne (91), Île-de-France	bievres (91064), essonne (91), Île-de-France	2009-05-27:06:59:24	nearby cities	#FF0000
#FF0000	48.796455388	2.254300971	clamart (92023), hauts-de-seine (92), Île-de-France	clamart (92023), hauts-de-seine (92), Île-de-France	2009-05-27:06:59:24	nearby cities	#FF0000
#FF0000	48.796455388	2.254300971	clamart (92023), hauts-de-seine (92), Île-de-France	clamart (92023), hauts-de-seine (92), Île-de-France	2009-05-27:06:59:24	nearby cities	#FF0000
#FF0000	48.815232931	2.317223763	montrouge (92049), hauts-de-seine (92), Île-de-France	montrouge (92049), hauts-de-seine (92), Île-de-France	2009-05-27:06:59:24	nearby cities	#FF0000
#FF0000	48.780251597	2.25980883	le plessis robinson (92060), hauts-de-seine (92), Île-de-France	le plessis robinson (92060), hauts-de-seine (92), Île-de-France	2009-05-27:06:59:24	nearby cities	#FF0000
#FF0000	48.813266743	2.344190973	gentilly (94037), val-de-marne (94), Île-de-France	gentilly (94037), val-de-marne (94), Île-de-France	2009-05-27:06:59:24	nearby cities	#FF0000
#FF0000	48.80363284	2.288340335	chatillon (92020), hauts-de-seine (92), Île-de-France	chatillon (92020), hauts-de-seine (92), Île-de-France	2009-05-27:06:59:24	nearby cities	#FF0000
#FF0000	48.816575085	2.296075861	malakoff (92046), hauts-de-seine (92), Île-de-France	malakoff (92046), hauts-de-seine (92), Île-de-France	2009-05-27:06:59:24	nearby cities	#FF0000
#FF0000	48.780251597	2.25980883	le plessis robinson (92060), hauts-de-seine (92), Île-de-France	le plessis robinson (92060), hauts-de-seine (92), Île-de-France	2009-05-27:06:59:24	nearby cities	#FF0000
#FF0000	48.765889291	2.163600257	jouy en josas (78322), yvelines (78), Île-de-France	jouy en josas (78322), yvelines (78), Île-de-France	2009-05-27:16:39:11	nearby cities	#FF0000
#FF0000	48.75659431	2.206465776	bievres (91064), essonne (91), Île-de-France	bievres (91064), essonne (91), Île-de-France	2009-05-27:16:39:11	nearby cities	#FF0000
#FF0000	48.796455388	2.254300971	clamart (92023), hauts-de-seine (92), Île-de-France	clamart (92023), hauts-de-seine (92), Île-de-France	2009-05-27:16:39:11	nearby cities	#FF0000
#FF0000	48.796455388	2.254300971	clamart (92023), hauts-de-seine (92), Île-de-France	clamart (92023), hauts-de-seine (92), Île-de-France	2009-05-27:16:39:11	nearby cities	#FF0000
#FF0000	48.815232931	2.317223763	montrouge (92049), hauts-de-seine (92), Île-de-France	montrouge (92049), hauts-de-seine (92), Île-de-France	2009-05-27:16:39:11	nearby cities	#FF0000
#FF0000	48.780251597	2.25980883	le plessis robinson (92060), hauts-de-seine (92), Île-de-France	le plessis robinson (92060), hauts-de-seine (92), Île-de-France	2009-05-27:16:39:11	nearby cities	#FF0000
#FF0000	48.813266743	2.344190973	gentilly (94037), val-de-marne (94), Île-de-France	gentilly (94037), val-de-marne (94), Île-de-France	2009-05-27:16:39:11	nearby cities	#FF0000
#FF0000	48.80363284	2.288340335	chatillon (92020), hauts-de-seine (92), Île-de-France	chatillon (92020), hauts-de-seine (92), Île-de-France	2009-05-27:16:39:11	nearby cities	#FF0000
#FF0000	48.816575085	2.296075861	malakoff (92046), hauts-de-seine (92), Île-de-France	malakoff (92046), hauts-de-seine (92), Île-de-France	2009-05-27:16:39:11	nearby cities	#FF0000
#FF0000	48.780251597	2.25980883	le plessis robinson (92060), hauts-de-seine (92), Île-de-France	le plessis robinson (92060), hauts-de-seine (92), Île-de-France	2009-05-27:16:39:11	nearby cities	#FF0000
#FF0000	48.765889291	2.163600257	jouy en josas (78322), yvelines (78), Île-de-France	jouy en josas (78322), yvelines (78), Île-de-France	2009-05-28:08:25:08	nearby cities	#FF0000
#FF0000	48.75659431	2.206465776	bievres (91064), essonne (91), Île-de-France	bievres (91064), essonne (91), Île-de-France	2009-05-28:08:25:08	nearby cities	#FF0000
#FF0000	48.796455388	2.254300971	clamart (92023), hauts-de-seine (92), Île-de-France	clamart (92023), hauts-de-seine (92), Île-de-France	2009-05-28:08:25:08	nearby cities	#FF0000
#FF0000	48.796455388	2.254300971	clamart (92023), hauts-de-seine (92), Île-de-France	clamart (92023), hauts-de-seine (92), Île-de-France	2009-05-28:08:25:08	nearby cities	#FF0000
#FF0000	48.815232931	2.317223763	montrouge (92049), hauts-de-seine (92), Île-de-France	montrouge (92049), hauts-de-seine (92), Île-de-France	2009-05-28:08:25:08	nearby cities	#FF0000
#FF0000	48.780251597	2.25980883	le plessis robinson (92060), hauts-de-seine (92), Île-de-France	le plessis robinson (92060), hauts-de-seine (92), Île-de-France	2009-05-28:08:25:08	nearby cities	#FF0000
#FF0000	48.813266743	2.344190973	gentilly (94037), val-de-marne (94), Île-de-France	gentilly (94037), val-de-marne (94), Île-de-France	2009-05-28:08:25:08	nearby cities	#FF0000
#FF0000	48.80363284	2.288340335	chatillon (92020), hauts-de-seine (92), Île-de-France	chatillon (92020), hauts-de-seine (92), Île-de-France	2009-05-28:08:25:08	nearby cities	#FF0000
#FF0000	48.816575085	2.296075861	malakoff (92046), hauts-de-seine (92), Île-de-France	malakoff (92046), hauts-de-seine (92), Île-de-France	2009-05-28:08:25:08	nearby cities	#FF0000
#FF0000	48.780251597	2.25980883	le plessis robinson (92060), hauts-de-seine (92), Île-de-France	le plessis robinson (92060), hauts-de-seine (92), Île-de-France	2009-05-28:08:25:08	nearby cities	#FF0000
#FF0000	48.75659431	2.206465776	bievres (91064), essonne (91), Île-de-France	bievres (91064), essonne (91), Île-de-France	2009-05-28:18:53:51	nearby cities	#FF0000
#FF0000	48.796455388	2.254300971	clamart (92023), hauts-de-seine (92), Île-de-France	clamart (92023), hauts-de-seine (92), Île-de-France	2009-05-28:18:53:51	nearby cities	#FF0000
#FF0000	48.796455388	2.254300971	clamart (92023), hauts-de-seine (92), Île-de-France	clamart (92023), hauts-de-seine (92), Île-de-France	2009-05-28:18:53:51	nearby cities	#FF0000
#FF0000	48.815232931	2.317223763	montrouge (92049), hauts-de-seine (92), Île-de-France	montrouge (92049), hauts-de-seine (92), Île-de-France	2009-05-28:18:53:51	nearby cities	#FF0000
#FF0000	48.780251597	2.25980883	le plessis robinson (92060), hauts-de-seine (92), Île-de-France	le plessis robinson (92060), hauts-de-seine (92), Île-de-France	2009-05-28:18:53:51	nearby cities	#FF0000
#FF0000	48.813266743	2.344190973	gentilly (94037), val-de-marne (94), Île-de-France	gentilly (94037), val-de-marne (94), Île-de-France	2009-05-28:18:53:51	nearby cities	#FF0000
#FF0000	48.80363284	2.288340335	chatillon (92020), hauts-de-seine (92), Île-de-France	chatillon (92020), hauts-de-seine (92), Île-de-France	2009-05-28:18:53:51	nearby cities	#FF0000
#FF0000	48.816575085	2.296075861	malakoff (92046), hauts-de-seine (92), Île-de-France	malakoff (92046), hauts-de-seine (92), Île-de-France	2009-05-28:18:53:51	nearby cities	#FF0000
#FF0000	48.780251597	2.25980883	le plessis robinson (92060), hauts-de-seine (92), Île-de-France	le plessis robinson (92060), hauts-de-seine (92), Île-de-France	2009-05-28:18:53:51	nearby cities	#FF0000
#FF0000	48.813266743	2.344190973	gentilly (94037), val-de-marne (94), Île-de-France	gentilly (94037), val-de-marne (94), Île-de-France	2009-05-30:07:22:36	nearby cities	#FF0000
#FF0000	48.828424546	2.362253766	paris (75113), paris (75), Île-de-France	paris (75113), paris (75), Île-de-France	2009-05-30:07:22:36	nearby cities	#FF0000
#FF0000	48.813266743	2.344190973	gentilly (94037), val-de-marne (94), Île-de-France	gentilly (94037), val-de-marne (94), Île-de-France	2009-05-30:08:29:31	nearby cities	#FF0000
#FF0000	48.806206275	2.438053127	maisons alfort (94046), val-de-marne (94), Île-de-France	maisons alfort (94046), val-de-marne (94), Île-de-France	2009-05-30:08:29:31	nearby cities	#FF0000
#FF0000	48.696591847	2.561137172	perigny sur yerres (94056), val-de-marne (94), Île-de-France	perigny sur yerres (94056), val-de-marne (94), Île-de-France	2009-05-30:08:29:31	nearby cities	#FF0000
#FF0000	48.818390376	2.437334691	st maurice (94069), val-de-marne (94), Île-de-France	st maurice (94069), val-de-marne (94), Île-de-France	2009-05-30:08:29:31	nearby cities	#FF0000
#FF0000	48.720848417	2.531345894	villecresnes (94075), val-de-marne (94), Île-de-France	villecresnes (94075), val-de-marne (94), Île-de-France	2009-05-30:08:29:31	nearby cities	#FF0000
#FF0000	48.828424546	2.362253766	paris (75113), paris (75), Île-de-France	paris (75113), paris (75), Île-de-France	2009-05-30:08:29:31	nearby cities	#FF0000
#FF0000	48.773381326	2.487751746	bonneuil sur marne (94011), val-de-marne (94), Île-de-France	bonneuil sur marne (94011), val-de-marne (94), Île-de-France	2009-05-30:08:29:31	nearby cities	#FF0000
#FF0000	48.783768446	2.454728618	creteil (94028), val-de-marne (94), Île-de-France	creteil (94028), val-de-marne (94), Île-de-France	2009-05-30:08:29:31	nearby cities	#FF0000
#FF0000	48.70599764	2.548010574	mandres les roses (94047), val-de-marne (94), Île-de-France	mandres les roses (94047), val-de-marne (94), Île-de-France	2009-05-30:08:29:31	nearby cities	#FF0000
#FF0000	48.747047399	2.525046124	boissy st leger (94004), val-de-marne (94), Île-de-France	boissy st leger (94004), val-de-marne (94), Île-de-France	2009-05-30:08:29:31	nearby cities	#FF0000
#FF0000	48.822572708	2.406597157	charenton le pont (94018), val-de-marne (94), Île-de-France	charenton le pont (94018), val-de-marne (94), Île-de-France	2009-05-30:08:29:31	nearby cities	#FF0000
#FF0000	48.8122892	2.387712363	ivry sur seine (94041), val-de-marne (94), Île-de-France	ivry sur seine (94041), val-de-marne (94), Île-de-France	2009-05-30:08:29:31	nearby cities	#FF0000
#FF0000	48.834961818	2.42138541	paris (75112), paris (75), Île-de-France	paris (75112), paris (75), Île-de-France	2009-05-30:14:48:13	nearby cities	#FF0000
#FF0000	48.863457789	2.401155799	paris (75120), paris (75), Île-de-France	paris (75120), paris (75), Île-de-France	2009-05-30:14:48:13	nearby cities	#FF0000
#FF0000	48.806206275	2.438053127	maisons alfort (94046), val-de-marne (94), Île-de-France	maisons alfort (94046), val-de-marne (94), Île-de-France	2009-05-30:14:48:13	nearby cities	#FF0000
#FF0000	48.841029852	2.418861571	st mande (94067), val-de-marne (94), Île-de-France	st mande (94067), val-de-marne (94), Île-de-France	2009-05-30:14:48:13	nearby cities	#FF0000
#FF0000	48.696591847	2.561137172	perigny sur yerres (94056), val-de-marne (94), Île-de-France	perigny sur yerres (94056), val-de-marne (94), Île-de-France	2009-05-30:14:48:13	nearby cities	#FF0000
#FF0000	48.818390376	2.437334691	st maurice (94069), val-de-marne (94), Île-de-France	st maurice (94069), val-de-marne (94), Île-de-France	2009-05-30:14:48:13	nearby cities	#FF0000
#FF0000	48.720848417	2.531345894	villecresnes (94075), val-de-marne (94), Île-de-France	villecresnes (94075), val-de-marne (94), Île-de-France	2009-05-30:14:48:13	nearby cities	#FF0000
#FF0000	48.887051437	2.384822082	paris (75119), paris (75), Île-de-France	paris (75119), paris (75), Île-de-France	2009-05-30:14:48:13	nearby cities	#FF0000
#FF0000	48.773381326	2.487751746	bonneuil sur marne (94011), val-de-marne (94), Île-de-France	bonneuil sur marne (94011), val-de-marne (94), Île-de-France	2009-05-30:14:48:13	nearby cities	#FF0000
#FF0000	48.783768446	2.454728618	creteil (94028), val-de-marne (94), Île-de-France	creteil (94028), val-de-marne (94), Île-de-France	2009-05-30:14:48:13	nearby cities	#FF0000
#FF0000	48.70599764	2.548010574	mandres les roses (94047), val-de-marne (94), Île-de-France	mandres les roses (94047), val-de-marne (94), Île-de-France	2009-05-30:14:48:13	nearby cities	#FF0000
#FF0000	48.884753073	2.405680234	le pre st gervais (93061), seine-saint-denis (93), Île-de-France	le pre st gervais (93061), seine-saint-denis (93), Île-de-France	2009-05-30:14:48:13	nearby cities	#FF0000
#FF0000	48.747047399	2.525046124	boissy st leger (94004), val-de-marne (94), Île-de-France	boissy st leger (94004), val-de-marne (94), Île-de-France	2009-05-30:14:48:13	nearby cities	#FF0000
#FF0000	48.822572708	2.406597157	charenton le pont (94018), val-de-marne (94), Île-de-France	charenton le pont (94018), val-de-marne (94), Île-de-France	2009-05-30:14:48:13	nearby cities	#FF0000
#FF0000	48.872724688	2.312557715	paris (75108), paris (75), Île-de-France	paris (75108), paris (75), Île-de-France	2009-05-30:17:58:35	nearby cities	#FF0000
#FF0000	48.898414495	2.255695763	courbevoie (92026), hauts-de-seine (92), Île-de-France	courbevoie (92026), hauts-de-seine (92), Île-de-France	2009-05-30:17:58:35	nearby cities	#FF0000
#FF0000	48.906873428	2.245228942	la garenne colombes (92035), hauts-de-seine (92), Île-de-France	la garenne colombes (92035), hauts-de-seine (92), Île-de-France	2009-05-30:17:58:35	nearby cities	#FF0000
#FF0000	48.896168757	2.207090178	nanterre (92050), hauts-de-seine (92), Île-de-France	nanterre (92050), hauts-de-seine (92), Île-de-France	2009-05-30:17:58:35	nearby cities	#FF0000
#FF0000	48.87716521	2.337456318	paris (75109), paris (75), Île-de-France	paris (75109), paris (75), Île-de-France	2009-05-30:17:58:35	nearby cities	#FF0000
#FF0000	48.876129334	2.360715102	paris (75110), paris (75), Île-de-France	paris (75110), paris (75), Île-de-France	2009-05-30:17:58:35	nearby cities	#FF0000
#FF0000	48.892570317	2.348176598	paris (75118), paris (75), Île-de-France	paris (75118), paris (75), Île-de-France	2009-05-30:17:58:35	nearby cities	#FF0000
#FF0000	48.887051437	2.384822082	paris (75119), paris (75), Île-de-France	paris (75119), paris (75), Île-de-France	2009-05-30:17:58:35	nearby cities	#FF0000
#FF0000	48.887331019	2.306778316	paris (75117), paris (75), Île-de-France	paris (75117), paris (75), Île-de-France	2009-05-30:17:58:35	nearby cities	#FF0000
#FF0000	48.91591925	2.287808861	asnieres sur seine (92004), hauts-de-seine (92), Île-de-France	asnieres sur seine (92004), hauts-de-seine (92), Île-de-France	2009-05-30:17:58:35	nearby cities	#FF0000
#FF0000	48.89515415	2.286897554	levallois perret (92044), hauts-de-seine (92), Île-de-France	levallois perret (92044), hauts-de-seine (92), Île-de-France	2009-05-30:17:58:35	nearby cities	#FF0000
#FF0000	48.961062049	2.363217687	pierrefitte sur seine (93059), seine-saint-denis (93), Île-de-France	pierrefitte sur seine (93059), seine-saint-denis (93), Île-de-France	2009-05-30:21:33:48	nearby cities	#FF0000
#FF0000	48.898414495	2.255695763	courbevoie (92026), hauts-de-seine (92), Île-de-France	courbevoie (92026), hauts-de-seine (92), Île-de-France	2009-05-30:21:33:48	nearby cities	#FF0000
#FF0000	48.906873428	2.245228942	la garenne colombes (92035), hauts-de-seine (92), Île-de-France	la garenne colombes (92035), hauts-de-seine (92), Île-de-France	2009-05-30:21:33:48	nearby cities	#FF0000
#FF0000	48.957545912	2.345516528	villetaneuse (93079), seine-saint-denis (93), Île-de-France	villetaneuse (93079), seine-saint-denis (93), Île-de-France	2009-05-30:21:33:48	nearby cities	#FF0000
#FF0000	48.990236727	2.381117319	sarcelles (95585), val-d'oise (95), Île-de-France	sarcelles (95585), val-d'oise (95), Île-de-France	2009-05-30:21:33:48	nearby cities	#FF0000
#FF0000	48.87716521	2.337456318	paris (75109), paris (75), Île-de-France	paris (75109), paris (75), Île-de-France	2009-05-30:21:33:48	nearby cities	#FF0000
#FF0000	48.876129334	2.360715102	paris (75110), paris (75), Île-de-France	paris (75110), paris (75), Île-de-France	2009-05-30:21:33:48	nearby cities	#FF0000
#FF0000	48.892570317	2.348176598	paris (75118), paris (75), Île-de-France	paris (75118), paris (75), Île-de-France	2009-05-30:21:33:48	nearby cities	#FF0000
#FF0000	48.887331019	2.306778316	paris (75117), paris (75), Île-de-France	paris (75117), paris (75), Île-de-France	2009-05-30:21:33:48	nearby cities	#FF0000
#FF0000	48.89515415	2.286897554	levallois perret (92044), hauts-de-seine (92), Île-de-France	levallois perret (92044), hauts-de-seine (92), Île-de-France	2009-05-30:21:33:48	nearby cities	#FF0000
#FF0000	48.885661807	2.266596324	neuilly sur seine (92051), hauts-de-seine (92), Île-de-France	neuilly sur seine (92051), hauts-de-seine (92), Île-de-France	2009-05-30:21:33:48	nearby cities	#FF0000
#FF0000	48.929643578	2.359289324	st denis (93066), seine-saint-denis (93), Île-de-France	st denis (93066), seine-saint-denis (93), Île-de-France	2009-05-30:21:33:48	nearby cities	#FF0000
#FF0000	48.929643578	2.359289324	st denis (93066), seine-saint-denis (93), Île-de-France	st denis (93066), seine-saint-denis (93), Île-de-France	2009-05-30:21:33:48	nearby cities	#FF0000
#FF0000	48.844452823	2.350706645	paris (75105), paris (75), Île-de-France	paris (75105), paris (75), Île-de-France	2009-06-02:17:17:15	nearby cities	#FF0000
#FF0000	48.859054908	2.380025153	paris (75111), paris (75), Île-de-France	paris (75111), paris (75), Île-de-France	2009-06-02:17:17:15	nearby cities	#FF0000
#FF0000	48.765889291	2.163600257	jouy en josas (78322), yvelines (78), Île-de-France	jouy en josas (78322), yvelines (78), Île-de-France	2009-06-02:17:17:15	nearby cities	#FF0000
#FF0000	48.75659431	2.206465776	bievres (91064), essonne (91), Île-de-France	bievres (91064), essonne (91), Île-de-France	2009-06-02:17:17:15	nearby cities	#FF0000
#FF0000	48.796455388	2.254300971	clamart (92023), hauts-de-seine (92), Île-de-France	clamart (92023), hauts-de-seine (92), Île-de-France	2009-06-02:17:17:15	nearby cities	#FF0000
#FF0000	48.796455388	2.254300971	clamart (92023), hauts-de-seine (92), Île-de-France	clamart (92023), hauts-de-seine (92), Île-de-France	2009-06-02:17:17:15	nearby cities	#FF0000
#FF0000	48.815232931	2.317223763	montrouge (92049), hauts-de-seine (92), Île-de-France	montrouge (92049), hauts-de-seine (92), Île-de-France	2009-06-02:17:17:15	nearby cities	#FF0000
#FF0000	48.780251597	2.25980883	le plessis robinson (92060), hauts-de-seine (92), Île-de-France	le plessis robinson (92060), hauts-de-seine (92), Île-de-France	2009-06-02:17:17:15	nearby cities	#FF0000
#FF0000	48.813266743	2.344190973	gentilly (94037), val-de-marne (94), Île-de-France	gentilly (94037), val-de-marne (94), Île-de-France	2009-06-02:17:17:15	nearby cities	#FF0000
#FF0000	48.80363284	2.288340335	chatillon (92020), hauts-de-seine (92), Île-de-France	chatillon (92020), hauts-de-seine (92), Île-de-France	2009-06-02:17:17:15	nearby cities	#FF0000
#FF0000	48.828424546	2.362253766	paris (75113), paris (75), Île-de-France	paris (75113), paris (75), Île-de-France	2009-06-02:17:17:15	nearby cities	#FF0000
#FF0000	48.854350603	2.357625608	paris (75104), paris (75), Île-de-France	paris (75104), paris (75), Île-de-France	2009-06-02:17:17:15	nearby cities	#FF0000
#FF0000	48.829262233	2.326537267	paris (75114), paris (75), Île-de-France	paris (75114), paris (75), Île-de-France	2009-06-02:17:17:15	nearby cities	#FF0000
#FF0000	48.816575085	2.296075861	malakoff (92046), hauts-de-seine (92), Île-de-France	malakoff (92046), hauts-de-seine (92), Île-de-France	2009-06-02:17:17:15	nearby cities	#FF0000
#FF0000	48.780251597	2.25980883	le plessis robinson (92060), hauts-de-seine (92), Île-de-France	le plessis robinson (92060), hauts-de-seine (92), Île-de-France	2009-06-02:17:17:15	nearby cities	#FF0000
#FF0000	48.844452823	2.350706645	paris (75105), paris (75), Île-de-France	paris (75105), paris (75), Île-de-France	2009-06-03:20:05:43	nearby cities	#FF0000
#FF0000	48.859054908	2.380025153	paris (75111), paris (75), Île-de-France	paris (75111), paris (75), Île-de-France	2009-06-03:20:05:43	nearby cities	#FF0000
#FF0000	48.796455388	2.254300971	clamart (92023), hauts-de-seine (92), Île-de-France	clamart (92023), hauts-de-seine (92), Île-de-France	2009-06-03:20:05:43	nearby cities	#FF0000
#FF0000	48.796455388	2.254300971	clamart (92023), hauts-de-seine (92), Île-de-France	clamart (92023), hauts-de-seine (92), Île-de-France	2009-06-03:20:05:43	nearby cities	#FF0000
#FF0000	48.815232931	2.317223763	montrouge (92049), hauts-de-seine (92), Île-de-France	montrouge (92049), hauts-de-seine (92), Île-de-France	2009-06-03:20:05:43	nearby cities	#FF0000
#FF0000	48.780251597	2.25980883	le plessis robinson (92060), hauts-de-seine (92), Île-de-France	le plessis robinson (92060), hauts-de-seine (92), Île-de-France	2009-06-03:20:05:43	nearby cities	#FF0000
#FF0000	48.813266743	2.344190973	gentilly (94037), val-de-marne (94), Île-de-France	gentilly (94037), val-de-marne (94), Île-de-France	2009-06-03:20:05:43	nearby cities	#FF0000
#FF0000	48.80363284	2.288340335	chatillon (92020), hauts-de-seine (92), Île-de-France	chatillon (92020), hauts-de-seine (92), Île-de-France	2009-06-03:20:05:43	nearby cities	#FF0000
#FF0000	48.828424546	2.362253766	paris (75113), paris (75), Île-de-France	paris (75113), paris (75), Île-de-France	2009-06-03:20:05:43	nearby cities	#FF0000
#FF0000	48.829262233	2.326537267	paris (75114), paris (75), Île-de-France	paris (75114), paris (75), Île-de-France	2009-06-03:20:05:43	nearby cities	#FF0000
#FF0000	48.816575085	2.296075861	malakoff (92046), hauts-de-seine (92), Île-de-France	malakoff (92046), hauts-de-seine (92), Île-de-France	2009-06-03:20:05:43	nearby cities	#FF0000
#FF0000	48.780251597	2.25980883	le plessis robinson (92060), hauts-de-seine (92), Île-de-France	le plessis robinson (92060), hauts-de-seine (92), Île-de-France	2009-06-03:20:05:43	nearby cities	#FF0000
#FF0000	48.765889291	2.163600257	jouy en josas (78322), yvelines (78), Île-de-France	jouy en josas (78322), yvelines (78), Île-de-France	2009-06-05:07:34:48	nearby cities	#FF0000
#FF0000	48.75659431	2.206465776	bievres (91064), essonne (91), Île-de-France	bievres (91064), essonne (91), Île-de-France	2009-06-05:07:34:48	nearby cities	#FF0000
#FF0000	48.796455388	2.254300971	clamart (92023), hauts-de-seine (92), Île-de-France	clamart (92023), hauts-de-seine (92), Île-de-France	2009-06-05:07:34:48	nearby cities	#FF0000
#FF0000	48.796455388	2.254300971	clamart (92023), hauts-de-seine (92), Île-de-France	clamart (92023), hauts-de-seine (92), Île-de-France	2009-06-05:07:34:48	nearby cities	#FF0000
#FF0000	48.815232931	2.317223763	montrouge (92049), hauts-de-seine (92), Île-de-France	montrouge (92049), hauts-de-seine (92), Île-de-France	2009-06-05:07:34:48	nearby cities	#FF0000
#FF0000	48.780251597	2.25980883	le plessis robinson (92060), hauts-de-seine (92), Île-de-France	le plessis robinson (92060), hauts-de-seine (92), Île-de-France	2009-06-05:07:34:48	nearby cities	#FF0000
#FF0000	48.813266743	2.344190973	gentilly (94037), val-de-marne (94), Île-de-France	gentilly (94037), val-de-marne (94), Île-de-France	2009-06-05:07:34:48	nearby cities	#FF0000
#FF0000	48.80363284	2.288340335	chatillon (92020), hauts-de-seine (92), Île-de-France	chatillon (92020), hauts-de-seine (92), Île-de-France	2009-06-05:07:34:48	nearby cities	#FF0000
#FF0000	48.816575085	2.296075861	malakoff (92046), hauts-de-seine (92), Île-de-France	malakoff (92046), hauts-de-seine (92), Île-de-France	2009-06-05:07:34:48	nearby cities	#FF0000
#FF0000	48.780251597	2.25980883	le plessis robinson (92060), hauts-de-seine (92), Île-de-France	le plessis robinson (92060), hauts-de-seine (92), Île-de-France	2009-06-05:07:34:48	nearby cities	#FF0000
#FF0000	48.86287791	2.3599986	paris (75103), paris (75), Île-de-France	paris (75103), paris (75), Île-de-France	2009-06-07:10:23:12	nearby cities	#FF0000
#FF0000	48.844452823	2.350706645	paris (75105), paris (75), Île-de-France	paris (75105), paris (75), Île-de-France	2009-06-07:10:23:12	nearby cities	#FF0000
#FF0000	48.872724688	2.312557715	paris (75108), paris (75), Île-de-France	paris (75108), paris (75), Île-de-France	2009-06-07:10:23:12	nearby cities	#FF0000
#FF0000	48.815232931	2.317223763	montrouge (92049), hauts-de-seine (92), Île-de-France	montrouge (92049), hauts-de-seine (92), Île-de-France	2009-06-07:10:23:12	nearby cities	#FF0000
#FF0000	48.813266743	2.344190973	gentilly (94037), val-de-marne (94), Île-de-France	gentilly (94037), val-de-marne (94), Île-de-France	2009-06-07:10:23:12	nearby cities	#FF0000
#FF0000	48.87716521	2.337456318	paris (75109), paris (75), Île-de-France	paris (75109), paris (75), Île-de-France	2009-06-07:10:23:12	nearby cities	#FF0000
#FF0000	48.868266543	2.342785169	paris (75102), paris (75), Île-de-France	paris (75102), paris (75), Île-de-France	2009-06-07:10:23:12	nearby cities	#FF0000
#FF0000	48.862549876	2.336419316	paris (75101), paris (75), Île-de-France	paris (75101), paris (75), Île-de-France	2009-06-07:10:23:12	nearby cities	#FF0000
#FF0000	48.854350603	2.357625608	paris (75104), paris (75), Île-de-France	paris (75104), paris (75), Île-de-France	2009-06-07:10:23:12	nearby cities	#FF0000
#FF0000	48.84912057	2.332883793	paris (75106), paris (75), Île-de-France	paris (75106), paris (75), Île-de-France	2009-06-07:10:23:12	nearby cities	#FF0000
#FF0000	48.856165776	2.312154016	paris (75107), paris (75), Île-de-France	paris (75107), paris (75), Île-de-France	2009-06-07:10:23:12	nearby cities	#FF0000
#FF0000	48.829262233	2.326537267	paris (75114), paris (75), Île-de-France	paris (75114), paris (75), Île-de-France	2009-06-07:10:23:12	nearby cities	#FF0000
#FF0000	48.805418818	2.334016124	arcueil (94003), val-de-marne (94), Île-de-France	arcueil (94003), val-de-marne (94), Île-de-France	2009-06-07:10:23:12	nearby cities	#FF0000
#FF0000	48.798310364	2.310099988	bagneux (92007), hauts-de-seine (92), Île-de-France	bagneux (92007), hauts-de-seine (92), Île-de-France	2009-06-07:10:23:12	nearby cities	#FF0000
#FF0000	48.86287791	2.3599986	paris (75103), paris (75), Île-de-France	paris (75103), paris (75), Île-de-France	2009-06-14:04:41:58	nearby cities	#FF0000
#FF0000	48.977739964	2.873223169	cregy les meaux (77143), seine-et-marne (77), Île-de-France	cregy les meaux (77143), seine-et-marne (77), Île-de-France	2009-06-14:04:41:58	nearby cities	#FF0000
#FF0000	48.941461894	2.740131495	fresnes sur marne (77196), seine-et-marne (77), Île-de-France	fresnes sur marne (77196), seine-et-marne (77), Île-de-France	2009-06-14:04:41:58	nearby cities	#FF0000
#FF0000	48.932180284	2.768173877	precy sur marne (77376), seine-et-marne (77), Île-de-France	precy sur marne (77376), seine-et-marne (77), Île-de-France	2009-06-14:04:41:58	nearby cities	#FF0000
#FF0000	48.956861307	2.90006062	meaux (77284), seine-et-marne (77), Île-de-France	meaux (77284), seine-et-marne (77), Île-de-France	2009-06-14:04:41:58	nearby cities	#FF0000
#FF0000	48.941663812	2.851027449	villenoy (77513), seine-et-marne (77), Île-de-France	villenoy (77513), seine-et-marne (77), Île-de-France	2009-06-14:04:41:58	nearby cities	#FF0000
#FF0000	48.898544399	2.409100445	pantin (93055), seine-saint-denis (93), Île-de-France	pantin (93055), seine-saint-denis (93), Île-de-France	2009-06-14:04:41:58	nearby cities	#FF0000
#FF0000	48.876129334	2.360715102	paris (75110), paris (75), Île-de-France	paris (75110), paris (75), Île-de-France	2009-06-14:04:41:58	nearby cities	#FF0000
#FF0000	48.887051437	2.384822082	paris (75119), paris (75), Île-de-France	paris (75119), paris (75), Île-de-France	2009-06-14:04:41:58	nearby cities	#FF0000
#FF0000	48.951117672	2.779143747	charmentray (77094), seine-et-marne (77), Île-de-France	charmentray (77094), seine-et-marne (77), Île-de-France	2009-06-14:04:41:58	nearby cities	#FF0000
#FF0000	48.96520568	2.663956552	gressy (77214), seine-et-marne (77), Île-de-France	gressy (77214), seine-et-marne (77), Île-de-France	2009-06-14:04:41:58	nearby cities	#FF0000
#FF0000	48.916386461	2.831421336	isles les villenoy (77232), seine-et-marne (77), Île-de-France	isles les villenoy (77232), seine-et-marne (77), Île-de-France	2009-06-14:04:41:58	nearby cities	#FF0000
#FF0000	48.948721634	2.804740515	trilbardou (77474), seine-et-marne (77), Île-de-France	trilbardou (77474), seine-et-marne (77), Île-de-France	2009-06-14:04:41:58	nearby cities	#FF0000
#FF0000	48.931868809	2.815583898	vignely (77498), seine-et-marne (77), Île-de-France	vignely (77498), seine-et-marne (77), Île-de-France	2009-06-14:04:41:58	nearby cities	#FF0000
#FF0000	48.908338487	2.503357206	les pavillons sous bois (93057), seine-saint-denis (93), Île-de-France	les pavillons sous bois (93057), seine-saint-denis (93), Île-de-France	2009-06-14:04:41:58	nearby cities	#FF0000
#FF0000	48.902243865	2.484137001	bondy (93010), seine-saint-denis (93), Île-de-France	bondy (93010), seine-saint-denis (93), Île-de-France	2009-06-14:04:41:58	nearby cities	#FF0000
#FF0000	48.907435801	2.439842933	bobigny (93008), seine-saint-denis (93), Île-de-France	bobigny (93008), seine-saint-denis (93), Île-de-France	2009-06-14:04:41:58	nearby cities	#FF0000
#FF0000	48.938717628	2.530589988	sevran (93071), seine-saint-denis (93), Île-de-France	sevran (93071), seine-saint-denis (93), Île-de-France	2009-06-14:04:41:58	nearby cities	#FF0000
#FF0000	49.164927498	3.108603524	marolles (60385), oise (60), Hauts-de-France	marolles (60385), oise (60), Hauts-de-France	2009-06-14:08:18:32	nearby cities	#FF0000
#FF0000	49.138986386	3.073889267	mareuil sur ourcq (60380), oise (60), Hauts-de-France	mareuil sur ourcq (60380), oise (60), Hauts-de-France	2009-06-14:08:18:32	nearby cities	#FF0000
#FF0000	49.115875444	3.052276026	neufchelles (60448), oise (60), Hauts-de-France	neufchelles (60448), oise (60), Hauts-de-France	2009-06-14:08:18:32	nearby cities	#FF0000
#FF0000	49.094116541	3.048270535	varinfroy (60656), oise (60), Hauts-de-France	varinfroy (60656), oise (60), Hauts-de-France	2009-06-14:08:18:32	nearby cities	#FF0000
#FF0000	49.011992691	2.978795309	congis sur therouanne (77126), seine-et-marne (77), Île-de-France	congis sur therouanne (77126), seine-et-marne (77), Île-de-France	2009-06-14:08:18:32	nearby cities	#FF0000
#FF0000	48.956861307	2.90006062	meaux (77284), seine-et-marne (77), Île-de-France	meaux (77284), seine-et-marne (77), Île-de-France	2009-06-14:08:18:32	nearby cities	#FF0000
#FF0000	49.033168779	3.060016198	ocquerre (77343), seine-et-marne (77), Île-de-France	ocquerre (77343), seine-et-marne (77), Île-de-France	2009-06-14:08:18:32	nearby cities	#FF0000
#FF0000	49.035262879	3.01911244	lizy sur ourcq (77257), seine-et-marne (77), Île-de-France	lizy sur ourcq (77257), seine-et-marne (77), Île-de-France	2009-06-14:08:18:32	nearby cities	#FF0000
#FF0000	48.973052624	2.924509346	poincy (77369), seine-et-marne (77), Île-de-France	poincy (77369), seine-et-marne (77), Île-de-France	2009-06-14:08:18:32	nearby cities	#FF0000
#FF0000	49.006153676	2.927393304	varreddes (77483), seine-et-marne (77), Île-de-France	varreddes (77483), seine-et-marne (77), Île-de-France	2009-06-14:08:18:32	nearby cities	#FF0000
#FF0000	49.196526227	3.148542717	silly la poterie (02718), aisne (02), Hauts-de-France	silly la poterie (02718), aisne (02), Hauts-de-France	2009-06-14:11:41:19	nearby cities	#FF0000
#FF0000	49.176033589	3.142644717	la ferte milon (02307), aisne (02), Hauts-de-France	la ferte milon (02307), aisne (02), Hauts-de-France	2009-06-14:11:41:19	nearby cities	#FF0000
#FF0000	49.176033589	3.142644717	la ferte milon (02307), aisne (02), Hauts-de-France	la ferte milon (02307), aisne (02), Hauts-de-France	2009-06-14:11:41:19	nearby cities	#FF0000
#FF0000	49.164927498	3.108603524	marolles (60385), oise (60), Hauts-de-France	marolles (60385), oise (60), Hauts-de-France	2009-06-14:11:41:19	nearby cities	#FF0000
#FF0000	48.956861307	2.90006062	meaux (77284), seine-et-marne (77), Île-de-France	meaux (77284), seine-et-marne (77), Île-de-France	2009-06-14:16:15:28	nearby cities	#FF0000
#FF0000	49.070063948	3.024858111	may en multien (77283), seine-et-marne (77), Île-de-France	may en multien (77283), seine-et-marne (77), Île-de-France	2009-06-14:16:15:28	nearby cities	#FF0000
#FF0000	49.006153676	2.927393304	varreddes (77483), seine-et-marne (77), Île-de-France	varreddes (77483), seine-et-marne (77), Île-de-France	2009-06-14:16:15:28	nearby cities	#FF0000
#FF0000	48.898544399	2.409100445	pantin (93055), seine-saint-denis (93), Île-de-France	pantin (93055), seine-saint-denis (93), Île-de-France	2009-06-18:14:21:13	nearby cities	#FF0000
#FF0000	49.006657374	2.513698714	roissy en france (95527), val-d'oise (95), Île-de-France	roissy en france (95527), val-d'oise (95), Île-de-France	2009-06-18:14:21:13	nearby cities	#FF0000
#FF0000	48.908338487	2.503357206	les pavillons sous bois (93057), seine-saint-denis (93), Île-de-France	les pavillons sous bois (93057), seine-saint-denis (93), Île-de-France	2009-06-18:14:21:13	nearby cities	#FF0000
#FF0000	48.97853055	2.555156635	tremblay en france (93073), seine-saint-denis (93), Île-de-France	tremblay en france (93073), seine-saint-denis (93), Île-de-France	2009-06-18:14:21:13	nearby cities	#FF0000
#FF0000	48.902243865	2.484137001	bondy (93010), seine-saint-denis (93), Île-de-France	bondy (93010), seine-saint-denis (93), Île-de-France	2009-06-18:14:21:13	nearby cities	#FF0000
#FF0000	48.907435801	2.439842933	bobigny (93008), seine-saint-denis (93), Île-de-France	bobigny (93008), seine-saint-denis (93), Île-de-France	2009-06-18:14:21:13	nearby cities	#FF0000
#FF0000	48.938717628	2.530589988	sevran (93071), seine-saint-denis (93), Île-de-France	sevran (93071), seine-saint-denis (93), Île-de-France	2009-06-18:14:21:13	nearby cities	#FF0000
#FF0000	49.006657374	2.513698714	roissy en france (95527), val-d'oise (95), Île-de-France	roissy en france (95527), val-d'oise (95), Île-de-France	2009-06-18:14:21:13	nearby cities	#FF0000
#FF0000	48.75659431	2.206465776	bievres (91064), essonne (91), Île-de-France	bievres (91064), essonne (91), Île-de-France	2009-06-22:08:55:44	nearby cities	#FF0000
#FF0000	48.796455388	2.254300971	clamart (92023), hauts-de-seine (92), Île-de-France	clamart (92023), hauts-de-seine (92), Île-de-France	2009-06-22:08:55:44	nearby cities	#FF0000
#FF0000	48.796455388	2.254300971	clamart (92023), hauts-de-seine (92), Île-de-France	clamart (92023), hauts-de-seine (92), Île-de-France	2009-06-22:08:55:44	nearby cities	#FF0000
#FF0000	48.815232931	2.317223763	montrouge (92049), hauts-de-seine (92), Île-de-France	montrouge (92049), hauts-de-seine (92), Île-de-France	2009-06-22:08:55:44	nearby cities	#FF0000
#FF0000	48.780251597	2.25980883	le plessis robinson (92060), hauts-de-seine (92), Île-de-France	le plessis robinson (92060), hauts-de-seine (92), Île-de-France	2009-06-22:08:55:44	nearby cities	#FF0000
#FF0000	48.735923981	2.166033197	saclay (91534), essonne (91), Île-de-France	saclay (91534), essonne (91), Île-de-France	2009-06-22:08:55:44	nearby cities	#FF0000
#FF0000	48.80363284	2.288340335	chatillon (92020), hauts-de-seine (92), Île-de-France	chatillon (92020), hauts-de-seine (92), Île-de-France	2009-06-22:08:55:44	nearby cities	#FF0000
#FF0000	48.714872473	2.139502723	st aubin (91538), essonne (91), Île-de-France	st aubin (91538), essonne (91), Île-de-France	2009-06-22:08:55:44	nearby cities	#FF0000
#FF0000	48.816575085	2.296075861	malakoff (92046), hauts-de-seine (92), Île-de-France	malakoff (92046), hauts-de-seine (92), Île-de-France	2009-06-22:08:55:44	nearby cities	#FF0000
#FF0000	48.780251597	2.25980883	le plessis robinson (92060), hauts-de-seine (92), Île-de-France	le plessis robinson (92060), hauts-de-seine (92), Île-de-France	2009-06-22:08:55:44	nearby cities	#FF0000
#FF0000	48.735923981	2.166033197	saclay (91534), essonne (91), Île-de-France	saclay (91534), essonne (91), Île-de-France	2009-06-22:08:55:44	nearby cities	#FF0000
#FF0000	48.714872473	2.139502723	st aubin (91538), essonne (91), Île-de-France	st aubin (91538), essonne (91), Île-de-France	2009-06-22:08:55:44	nearby cities	#FF0000
#FF0000	48.765889291	2.163600257	jouy en josas (78322), yvelines (78), Île-de-France	jouy en josas (78322), yvelines (78), Île-de-France	2009-06-22:10:24:12	nearby cities	#FF0000
#FF0000	48.735923981	2.166033197	saclay (91534), essonne (91), Île-de-France	saclay (91534), essonne (91), Île-de-France	2009-06-22:10:24:12	nearby cities	#FF0000
#FF0000	48.700274052	2.187378773	orsay (91471), essonne (91), Île-de-France	orsay (91471), essonne (91), Île-de-France	2009-06-22:10:24:12	nearby cities	#FF0000
#FF0000	48.714872473	2.139502723	st aubin (91538), essonne (91), Île-de-France	st aubin (91538), essonne (91), Île-de-France	2009-06-22:10:24:12	nearby cities	#FF0000
#FF0000	48.700274052	2.187378773	orsay (91471), essonne (91), Île-de-France	orsay (91471), essonne (91), Île-de-France	2009-06-22:10:24:12	nearby cities	#FF0000
#FF0000	48.735923981	2.166033197	saclay (91534), essonne (91), Île-de-France	saclay (91534), essonne (91), Île-de-France	2009-06-22:10:24:12	nearby cities	#FF0000
#FF0000	48.714872473	2.139502723	st aubin (91538), essonne (91), Île-de-France	st aubin (91538), essonne (91), Île-de-France	2009-06-22:10:24:12	nearby cities	#FF0000
#FF0000	48.75659431	2.206465776	bievres (91064), essonne (91), Île-de-France	bievres (91064), essonne (91), Île-de-France	2009-06-23:16:32:10	nearby cities	#FF0000
#FF0000	48.796455388	2.254300971	clamart (92023), hauts-de-seine (92), Île-de-France	clamart (92023), hauts-de-seine (92), Île-de-France	2009-06-23:16:32:10	nearby cities	#FF0000
#FF0000	48.796455388	2.254300971	clamart (92023), hauts-de-seine (92), Île-de-France	clamart (92023), hauts-de-seine (92), Île-de-France	2009-06-23:16:32:10	nearby cities	#FF0000
#FF0000	48.815232931	2.317223763	montrouge (92049), hauts-de-seine (92), Île-de-France	montrouge (92049), hauts-de-seine (92), Île-de-France	2009-06-23:16:32:10	nearby cities	#FF0000
#FF0000	48.780251597	2.25980883	le plessis robinson (92060), hauts-de-seine (92), Île-de-France	le plessis robinson (92060), hauts-de-seine (92), Île-de-France	2009-06-23:16:32:10	nearby cities	#FF0000
#FF0000	48.813266743	2.344190973	gentilly (94037), val-de-marne (94), Île-de-France	gentilly (94037), val-de-marne (94), Île-de-France	2009-06-23:16:32:10	nearby cities	#FF0000
#FF0000	48.80363284	2.288340335	chatillon (92020), hauts-de-seine (92), Île-de-France	chatillon (92020), hauts-de-seine (92), Île-de-France	2009-06-23:16:32:10	nearby cities	#FF0000
#FF0000	48.828424546	2.362253766	paris (75113), paris (75), Île-de-France	paris (75113), paris (75), Île-de-France	2009-06-23:16:32:10	nearby cities	#FF0000
#FF0000	48.816575085	2.296075861	malakoff (92046), hauts-de-seine (92), Île-de-France	malakoff (92046), hauts-de-seine (92), Île-de-France	2009-06-23:16:32:10	nearby cities	#FF0000
#FF0000	48.780251597	2.25980883	le plessis robinson (92060), hauts-de-seine (92), Île-de-France	le plessis robinson (92060), hauts-de-seine (92), Île-de-France	2009-06-23:16:32:10	nearby cities	#FF0000
#FF0000	48.802695909	2.171317656	viroflay (78686), yvelines (78), Île-de-France	viroflay (78686), yvelines (78), Île-de-France	2009-06-23:20:12:13	nearby cities	#FF0000
#FF0000	48.836400822	2.239066161	boulogne billancourt (92012), hauts-de-seine (92), Île-de-France	boulogne billancourt (92012), hauts-de-seine (92), Île-de-France	2009-06-23:20:12:13	nearby cities	#FF0000
#FF0000	48.813266743	2.344190973	gentilly (94037), val-de-marne (94), Île-de-France	gentilly (94037), val-de-marne (94), Île-de-France	2009-06-23:20:12:13	nearby cities	#FF0000
#FF0000	48.840071988	2.292837347	paris (75115), paris (75), Île-de-France	paris (75115), paris (75), Île-de-France	2009-06-23:20:12:13	nearby cities	#FF0000
#FF0000	48.829262233	2.326537267	paris (75114), paris (75), Île-de-France	paris (75114), paris (75), Île-de-France	2009-06-23:20:12:13	nearby cities	#FF0000
#FF0000	48.802292474	2.117410101	versailles (78646), yvelines (78), Île-de-France	versailles (78646), yvelines (78), Île-de-France	2009-06-23:20:12:13	nearby cities	#FF0000
#FF0000	48.807476404	2.192088547	chaville (92022), hauts-de-seine (92), Île-de-France	chaville (92022), hauts-de-seine (92), Île-de-France	2009-06-23:20:12:13	nearby cities	#FF0000
#FF0000	48.820931268	2.209262898	sevres (92072), hauts-de-seine (92), Île-de-France	sevres (92072), hauts-de-seine (92), Île-de-France	2009-06-23:20:12:13	nearby cities	#FF0000
#FF0000	48.844452823	2.350706645	paris (75105), paris (75), Île-de-France	paris (75105), paris (75), Île-de-France	2009-06-23:22:03:48	nearby cities	#FF0000
#FF0000	48.802695909	2.171317656	viroflay (78686), yvelines (78), Île-de-France	viroflay (78686), yvelines (78), Île-de-France	2009-06-23:22:03:48	nearby cities	#FF0000
#FF0000	48.836400822	2.239066161	boulogne billancourt (92012), hauts-de-seine (92), Île-de-France	boulogne billancourt (92012), hauts-de-seine (92), Île-de-France	2009-06-23:22:03:48	nearby cities	#FF0000
#FF0000	48.813266743	2.344190973	gentilly (94037), val-de-marne (94), Île-de-France	gentilly (94037), val-de-marne (94), Île-de-France	2009-06-23:22:03:48	nearby cities	#FF0000
#FF0000	48.828424546	2.362253766	paris (75113), paris (75), Île-de-France	paris (75113), paris (75), Île-de-France	2009-06-23:22:03:48	nearby cities	#FF0000
#FF0000	48.840071988	2.292837347	paris (75115), paris (75), Île-de-France	paris (75115), paris (75), Île-de-France	2009-06-23:22:03:48	nearby cities	#FF0000
#FF0000	48.84912057	2.332883793	paris (75106), paris (75), Île-de-France	paris (75106), paris (75), Île-de-France	2009-06-23:22:03:48	nearby cities	#FF0000
#FF0000	48.807476404	2.192088547	chaville (92022), hauts-de-seine (92), Île-de-France	chaville (92022), hauts-de-seine (92), Île-de-France	2009-06-23:22:03:48	nearby cities	#FF0000
#FF0000	48.820931268	2.209262898	sevres (92072), hauts-de-seine (92), Île-de-France	sevres (92072), hauts-de-seine (92), Île-de-France	2009-06-23:22:03:48	nearby cities	#FF0000
#FF0000	48.844452823	2.350706645	paris (75105), paris (75), Île-de-France	paris (75105), paris (75), Île-de-France	2009-06-24:11:03:54	nearby cities	#FF0000
#FF0000	48.75659431	2.206465776	bievres (91064), essonne (91), Île-de-France	bievres (91064), essonne (91), Île-de-France	2009-06-24:11:03:54	nearby cities	#FF0000
#FF0000	48.796455388	2.254300971	clamart (92023), hauts-de-seine (92), Île-de-France	clamart (92023), hauts-de-seine (92), Île-de-France	2009-06-24:11:03:54	nearby cities	#FF0000
#FF0000	48.796455388	2.254300971	clamart (92023), hauts-de-seine (92), Île-de-France	clamart (92023), hauts-de-seine (92), Île-de-France	2009-06-24:11:03:54	nearby cities	#FF0000
#FF0000	48.815232931	2.317223763	montrouge (92049), hauts-de-seine (92), Île-de-France	montrouge (92049), hauts-de-seine (92), Île-de-France	2009-06-24:11:03:54	nearby cities	#FF0000
#FF0000	48.780251597	2.25980883	le plessis robinson (92060), hauts-de-seine (92), Île-de-France	le plessis robinson (92060), hauts-de-seine (92), Île-de-France	2009-06-24:11:03:54	nearby cities	#FF0000
#FF0000	48.80363284	2.288340335	chatillon (92020), hauts-de-seine (92), Île-de-France	chatillon (92020), hauts-de-seine (92), Île-de-France	2009-06-24:11:03:54	nearby cities	#FF0000
#FF0000	48.84912057	2.332883793	paris (75106), paris (75), Île-de-France	paris (75106), paris (75), Île-de-France	2009-06-24:11:03:54	nearby cities	#FF0000
#FF0000	48.829262233	2.326537267	paris (75114), paris (75), Île-de-France	paris (75114), paris (75), Île-de-France	2009-06-24:11:03:54	nearby cities	#FF0000
#FF0000	48.816575085	2.296075861	malakoff (92046), hauts-de-seine (92), Île-de-France	malakoff (92046), hauts-de-seine (92), Île-de-France	2009-06-24:11:03:54	nearby cities	#FF0000
#FF0000	48.780251597	2.25980883	le plessis robinson (92060), hauts-de-seine (92), Île-de-France	le plessis robinson (92060), hauts-de-seine (92), Île-de-France	2009-06-24:11:03:54	nearby cities	#FF0000
#FF0000	49.121244215	2.52594423	la chapelle en serval (60142), oise (60), Hauts-de-France	la chapelle en serval (60142), oise (60), Hauts-de-France	2009-06-27:07:55:49	nearby cities	#FF0000
#FF0000	49.112246486	2.577514324	plailly (60494), oise (60), Hauts-de-France	plailly (60494), oise (60), Hauts-de-France	2009-06-27:07:55:49	nearby cities	#FF0000
#FF0000	49.085569333	2.5525088	st witz (95580), val-d'oise (95), Île-de-France	st witz (95580), val-d'oise (95), Île-de-France	2009-06-27:07:55:49	nearby cities	#FF0000
#FF0000	49.000472274	2.486593137	vaudherland (95633), val-d'oise (95), Île-de-France	vaudherland (95633), val-d'oise (95), Île-de-France	2009-06-27:07:55:49	nearby cities	#FF0000
#FF0000	48.986294753	2.457534399	gonesse (95277), val-d'oise (95), Île-de-France	gonesse (95277), val-d'oise (95), Île-de-France	2009-06-27:07:55:49	nearby cities	#FF0000
#FF0000	49.106233421	2.544084915	survilliers (95604), val-d'oise (95), Île-de-France	survilliers (95604), val-d'oise (95), Île-de-France	2009-06-27:07:55:49	nearby cities	#FF0000
#FF0000	48.876129334	2.360715102	paris (75110), paris (75), Île-de-France	paris (75110), paris (75), Île-de-France	2009-06-27:07:55:49	nearby cities	#FF0000
#FF0000	48.887051437	2.384822082	paris (75119), paris (75), Île-de-France	paris (75119), paris (75), Île-de-France	2009-06-27:07:55:49	nearby cities	#FF0000
#FF0000	48.936210518	2.427612443	le bourget (93013), seine-saint-denis (93), Île-de-France	le bourget (93013), seine-saint-denis (93), Île-de-France	2009-06-27:07:55:49	nearby cities	#FF0000
#FF0000	49.042203512	2.503963388	louvres (95351), val-d'oise (95), Île-de-France	louvres (95351), val-d'oise (95), Île-de-France	2009-06-27:07:55:49	nearby cities	#FF0000
#FF0000	49.060719686	2.534858214	villeron (95675), val-d'oise (95), Île-de-France	villeron (95675), val-d'oise (95), Île-de-France	2009-06-27:07:55:49	nearby cities	#FF0000
#FF0000	49.085569333	2.5525088	st witz (95580), val-d'oise (95), Île-de-France	st witz (95580), val-d'oise (95), Île-de-France	2009-06-27:17:24:36	nearby cities	#FF0000
#FF0000	49.000472274	2.486593137	vaudherland (95633), val-d'oise (95), Île-de-France	vaudherland (95633), val-d'oise (95), Île-de-France	2009-06-27:17:24:36	nearby cities	#FF0000
#FF0000	48.986294753	2.457534399	gonesse (95277), val-d'oise (95), Île-de-France	gonesse (95277), val-d'oise (95), Île-de-France	2009-06-27:17:24:36	nearby cities	#FF0000
#FF0000	48.87716521	2.337456318	paris (75109), paris (75), Île-de-France	paris (75109), paris (75), Île-de-France	2009-06-27:17:24:36	nearby cities	#FF0000
#FF0000	48.876129334	2.360715102	paris (75110), paris (75), Île-de-France	paris (75110), paris (75), Île-de-France	2009-06-27:17:24:36	nearby cities	#FF0000
#FF0000	48.892570317	2.348176598	paris (75118), paris (75), Île-de-France	paris (75118), paris (75), Île-de-France	2009-06-27:17:24:36	nearby cities	#FF0000
#FF0000	48.887051437	2.384822082	paris (75119), paris (75), Île-de-France	paris (75119), paris (75), Île-de-France	2009-06-27:17:24:36	nearby cities	#FF0000
#FF0000	48.936210518	2.427612443	le bourget (93013), seine-saint-denis (93), Île-de-France	le bourget (93013), seine-saint-denis (93), Île-de-France	2009-06-27:17:24:36	nearby cities	#FF0000
#FF0000	49.042203512	2.503963388	louvres (95351), val-d'oise (95), Île-de-France	louvres (95351), val-d'oise (95), Île-de-France	2009-06-27:17:24:36	nearby cities	#FF0000
#FF0000	49.060719686	2.534858214	villeron (95675), val-d'oise (95), Île-de-France	villeron (95675), val-d'oise (95), Île-de-France	2009-06-27:17:24:36	nearby cities	#FF0000
#FF0000	48.832260315	1.724583079	behoust (78053), yvelines (78), Île-de-France	behoust (78053), yvelines (78), Île-de-France	2009-07-04:10:46:25	nearby cities	#FF0000
#FF0000	48.823519751	1.758646553	garancieres (78265), yvelines (78), Île-de-France	garancieres (78265), yvelines (78), Île-de-France	2009-07-04:10:46:25	nearby cities	#FF0000
#FF0000	48.815632515	1.858821573	neauphle le vieux (78443), yvelines (78), Île-de-France	neauphle le vieux (78443), yvelines (78), Île-de-France	2009-07-04:10:46:25	nearby cities	#FF0000
#FF0000	48.837166162	1.696429873	orgerus (78465), yvelines (78), Île-de-France	orgerus (78465), yvelines (78), Île-de-France	2009-07-04:10:46:25	nearby cities	#FF0000
#FF0000	48.765889291	2.163600257	jouy en josas (78322), yvelines (78), Île-de-France	jouy en josas (78322), yvelines (78), Île-de-France	2009-07-04:10:46:25	nearby cities	#FF0000
#FF0000	48.818768304	1.983713233	les clayes sous bois (78165), yvelines (78), Île-de-France	les clayes sous bois (78165), yvelines (78), Île-de-France	2009-07-04:10:46:25	nearby cities	#FF0000
#FF0000	48.806375444	2.065524074	st cyr l ecole (78545), yvelines (78), Île-de-France	st cyr l ecole (78545), yvelines (78), Île-de-France	2009-07-04:10:46:25	nearby cities	#FF0000
#FF0000	48.887912901	1.684199373	septeuil (78591), yvelines (78), Île-de-France	septeuil (78591), yvelines (78), Île-de-France	2009-07-04:10:46:25	nearby cities	#FF0000
#FF0000	48.783876041	2.19738706	velizy villacoublay (78640), yvelines (78), Île-de-France	velizy villacoublay (78640), yvelines (78), Île-de-France	2009-07-04:10:46:25	nearby cities	#FF0000
#FF0000	48.821527006	1.827627129	vicq (78653), yvelines (78), Île-de-France	vicq (78653), yvelines (78), Île-de-France	2009-07-04:10:46:25	nearby cities	#FF0000
#FF0000	48.82121754	1.797921867	boissy sans avoir (78084), yvelines (78), Île-de-France	boissy sans avoir (78084), yvelines (78), Île-de-France	2009-07-04:10:46:25	nearby cities	#FF0000
#FF0000	48.817381128	2.046651464	fontenay le fleury (78242), yvelines (78), Île-de-France	fontenay le fleury (78242), yvelines (78), Île-de-France	2009-07-04:10:46:25	nearby cities	#FF0000
#FF0000	48.812374088	1.904884615	neauphle le chateau (78442), yvelines (78), Île-de-France	neauphle le chateau (78442), yvelines (78), Île-de-France	2009-07-04:10:46:25	nearby cities	#FF0000
#FF0000	48.802292474	2.117410101	versailles (78646), yvelines (78), Île-de-France	versailles (78646), yvelines (78), Île-de-France	2009-07-04:10:46:25	nearby cities	#FF0000
#FF0000	48.802089803	1.492872873	bu (28064), eure-et-loir (28), Centre-Val de Loire	bu (28064), eure-et-loir (28), Centre-Val de Loire	2009-07-04:14:24:26	nearby cities	#FF0000
#FF0000	48.720985482	1.29440409	allainville (28003), eure-et-loir (28), Centre-Val de Loire	allainville (28003), eure-et-loir (28), Centre-Val de Loire	2009-07-04:14:24:26	nearby cities	#FF0000
#FF0000	48.688649724	1.064342513	brezolles (28059), eure-et-loir (28), Centre-Val de Loire	brezolles (28059), eure-et-loir (28), Centre-Val de Loire	2009-07-04:14:24:26	nearby cities	#FF0000
#FF0000	48.818852885	1.560348309	st lubin de la haye (28347), eure-et-loir (28), Centre-Val de Loire	st lubin de la haye (28347), eure-et-loir (28), Centre-Val de Loire	2009-07-04:14:24:26	nearby cities	#FF0000
#FF0000	48.748672396	1.359438563	dreux (28134), eure-et-loir (28), Centre-Val de Loire	dreux (28134), eure-et-loir (28), Centre-Val de Loire	2009-07-04:14:24:26	nearby cities	#FF0000
#FF0000	48.697364087	1.185709644	laons (28206), eure-et-loir (28), Centre-Val de Loire	laons (28206), eure-et-loir (28), Centre-Val de Loire	2009-07-04:14:24:26	nearby cities	#FF0000
#FF0000	48.854655854	1.642493279	orvilliers (78474), yvelines (78), Île-de-France	orvilliers (78474), yvelines (78), Île-de-France	2009-07-04:14:24:26	nearby cities	#FF0000
#FF0000	48.887912901	1.684199373	septeuil (78591), yvelines (78), Île-de-France	septeuil (78591), yvelines (78), Île-de-France	2009-07-04:14:24:26	nearby cities	#FF0000
#FF0000	48.832274161	1.603283706	gressey (78285), yvelines (78), Île-de-France	gressey (78285), yvelines (78), Île-de-France	2009-07-04:14:24:26	nearby cities	#FF0000
#FF0000	48.878647161	1.651870214	mulcent (78439), yvelines (78), Île-de-France	mulcent (78439), yvelines (78), Île-de-France	2009-07-04:14:24:26	nearby cities	#FF0000
#FF0000	48.688649724	1.064342513	brezolles (28059), eure-et-loir (28), Centre-Val de Loire	brezolles (28059), eure-et-loir (28), Centre-Val de Loire	2009-07-04:19:12:01	nearby cities	#FF0000
#FF0000	48.65947831	1.018247538	les chatelets (28090), eure-et-loir (28), Centre-Val de Loire	les chatelets (28090), eure-et-loir (28), Centre-Val de Loire	2009-07-04:19:12:01	nearby cities	#FF0000
#FF0000	48.625318327	0.915049818	lamblore (28202), eure-et-loir (28), Centre-Val de Loire	lamblore (28202), eure-et-loir (28), Centre-Val de Loire	2009-07-04:19:12:01	nearby cities	#FF0000
#FF0000	48.642856404	0.98551769	la manceliere (28231), eure-et-loir (28), Centre-Val de Loire	la manceliere (28231), eure-et-loir (28), Centre-Val de Loire	2009-07-04:19:12:01	nearby cities	#FF0000
#FF0000	48.815232931	2.317223763	montrouge (92049), hauts-de-seine (92), Île-de-France	montrouge (92049), hauts-de-seine (92), Île-de-France	2009-07-30:12:11:53	nearby cities	#FF0000
#FF0000	48.813266743	2.344190973	gentilly (94037), val-de-marne (94), Île-de-France	gentilly (94037), val-de-marne (94), Île-de-France	2009-07-30:12:11:53	nearby cities	#FF0000
#FF0000	48.792392355	2.35987795	villejuif (94076), val-de-marne (94), Île-de-France	villejuif (94076), val-de-marne (94), Île-de-France	2009-07-30:12:11:53	nearby cities	#FF0000
#FF0000	48.805418818	2.334016124	arcueil (94003), val-de-marne (94), Île-de-France	arcueil (94003), val-de-marne (94), Île-de-France	2009-07-30:12:11:53	nearby cities	#FF0000
#FF0000	48.816575085	2.296075861	malakoff (92046), hauts-de-seine (92), Île-de-France	malakoff (92046), hauts-de-seine (92), Île-de-France	2009-07-30:12:11:53	nearby cities	#FF0000
#FF0000	48.8122892	2.387712363	ivry sur seine (94041), val-de-marne (94), Île-de-France	ivry sur seine (94041), val-de-marne (94), Île-de-France	2009-07-30:12:11:53	nearby cities	#FF0000
#FF0000	48.86287791	2.3599986	paris (75103), paris (75), Île-de-France	paris (75103), paris (75), Île-de-France	2009-08-09:10:28:17	nearby cities	#FF0000
#FF0000	48.844452823	2.350706645	paris (75105), paris (75), Île-de-France	paris (75105), paris (75), Île-de-France	2009-08-09:10:28:17	nearby cities	#FF0000
#FF0000	48.864367187	2.509996689	neuilly plaisance (93049), seine-saint-denis (93), Île-de-France	neuilly plaisance (93049), seine-saint-denis (93), Île-de-France	2009-08-09:10:28:17	nearby cities	#FF0000
#FF0000	48.862764338	2.539943497	neuilly sur marne (93050), seine-saint-denis (93), Île-de-France	neuilly sur marne (93050), seine-saint-denis (93), Île-de-France	2009-08-09:10:28:17	nearby cities	#FF0000
#FF0000	48.817396568	2.516989292	champigny sur marne (94017), val-de-marne (94), Île-de-France	champigny sur marne (94017), val-de-marne (94), Île-de-France	2009-08-09:10:28:17	nearby cities	#FF0000
#FF0000	48.806206275	2.438053127	maisons alfort (94046), val-de-marne (94), Île-de-France	maisons alfort (94046), val-de-marne (94), Île-de-France	2009-08-09:10:28:17	nearby cities	#FF0000
#FF0000	48.836665517	2.481752082	nogent sur marne (94052), val-de-marne (94), Île-de-France	nogent sur marne (94052), val-de-marne (94), Île-de-France	2009-08-09:10:28:17	nearby cities	#FF0000
#FF0000	48.861105557	2.57585149	gournay sur marne (93033), seine-saint-denis (93), Île-de-France	gournay sur marne (93033), seine-saint-denis (93), Île-de-France	2009-08-09:10:28:17	nearby cities	#FF0000
#FF0000	48.818390376	2.437334691	st maurice (94069), val-de-marne (94), Île-de-France	st maurice (94069), val-de-marne (94), Île-de-France	2009-08-09:10:28:17	nearby cities	#FF0000
#FF0000	48.828424546	2.362253766	paris (75113), paris (75), Île-de-France	paris (75113), paris (75), Île-de-France	2009-08-09:10:28:17	nearby cities	#FF0000
#FF0000	48.854350603	2.357625608	paris (75104), paris (75), Île-de-France	paris (75104), paris (75), Île-de-France	2009-08-09:10:28:17	nearby cities	#FF0000
#FF0000	48.773381326	2.487751746	bonneuil sur marne (94011), val-de-marne (94), Île-de-France	bonneuil sur marne (94011), val-de-marne (94), Île-de-France	2009-08-09:10:28:17	nearby cities	#FF0000
#FF0000	48.817396568	2.516989292	champigny sur marne (94017), val-de-marne (94), Île-de-France	champigny sur marne (94017), val-de-marne (94), Île-de-France	2009-08-09:10:28:17	nearby cities	#FF0000
#FF0000	48.783768446	2.454728618	creteil (94028), val-de-marne (94), Île-de-France	creteil (94028), val-de-marne (94), Île-de-France	2009-08-09:10:28:17	nearby cities	#FF0000
#FF0000	48.838653513	2.523439257	bry sur marne (94015), val-de-marne (94), Île-de-France	bry sur marne (94015), val-de-marne (94), Île-de-France	2009-08-09:10:28:17	nearby cities	#FF0000
#FF0000	48.819648936	2.470749433	joinville le pont (94042), val-de-marne (94), Île-de-France	joinville le pont (94042), val-de-marne (94), Île-de-France	2009-08-09:10:28:17	nearby cities	#FF0000
#FF0000	48.842291099	2.50400578	le perreux sur marne (94058), val-de-marne (94), Île-de-France	le perreux sur marne (94058), val-de-marne (94), Île-de-France	2009-08-09:10:28:17	nearby cities	#FF0000
#FF0000	48.822572708	2.406597157	charenton le pont (94018), val-de-marne (94), Île-de-France	charenton le pont (94018), val-de-marne (94), Île-de-France	2009-08-09:10:28:17	nearby cities	#FF0000
#FF0000	48.8122892	2.387712363	ivry sur seine (94041), val-de-marne (94), Île-de-France	ivry sur seine (94041), val-de-marne (94), Île-de-France	2009-08-09:10:28:17	nearby cities	#FF0000
#FF0000	48.844452823	2.350706645	paris (75105), paris (75), Île-de-France	paris (75105), paris (75), Île-de-France	2009-08-10:07:34:42	nearby cities	#FF0000
#FF0000	48.75659431	2.206465776	bievres (91064), essonne (91), Île-de-France	bievres (91064), essonne (91), Île-de-France	2009-08-10:07:34:42	nearby cities	#FF0000
#FF0000	48.796455388	2.254300971	clamart (92023), hauts-de-seine (92), Île-de-France	clamart (92023), hauts-de-seine (92), Île-de-France	2009-08-10:07:34:42	nearby cities	#FF0000
#FF0000	48.796455388	2.254300971	clamart (92023), hauts-de-seine (92), Île-de-France	clamart (92023), hauts-de-seine (92), Île-de-France	2009-08-10:07:34:42	nearby cities	#FF0000
#FF0000	48.815232931	2.317223763	montrouge (92049), hauts-de-seine (92), Île-de-France	montrouge (92049), hauts-de-seine (92), Île-de-France	2009-08-10:07:34:42	nearby cities	#FF0000
#FF0000	48.780251597	2.25980883	le plessis robinson (92060), hauts-de-seine (92), Île-de-France	le plessis robinson (92060), hauts-de-seine (92), Île-de-France	2009-08-10:07:34:42	nearby cities	#FF0000
#FF0000	48.80363284	2.288340335	chatillon (92020), hauts-de-seine (92), Île-de-France	chatillon (92020), hauts-de-seine (92), Île-de-France	2009-08-10:07:34:42	nearby cities	#FF0000
#FF0000	48.862549876	2.336419316	paris (75101), paris (75), Île-de-France	paris (75101), paris (75), Île-de-France	2009-08-10:07:34:42	nearby cities	#FF0000
#FF0000	48.84912057	2.332883793	paris (75106), paris (75), Île-de-France	paris (75106), paris (75), Île-de-France	2009-08-10:07:34:42	nearby cities	#FF0000
#FF0000	48.829262233	2.326537267	paris (75114), paris (75), Île-de-France	paris (75114), paris (75), Île-de-France	2009-08-10:07:34:42	nearby cities	#FF0000
#FF0000	48.816575085	2.296075861	malakoff (92046), hauts-de-seine (92), Île-de-France	malakoff (92046), hauts-de-seine (92), Île-de-France	2009-08-10:07:34:42	nearby cities	#FF0000
#FF0000	48.780251597	2.25980883	le plessis robinson (92060), hauts-de-seine (92), Île-de-France	le plessis robinson (92060), hauts-de-seine (92), Île-de-France	2009-08-10:07:34:42	nearby cities	#FF0000
#FF0000	48.75659431	2.206465776	bievres (91064), essonne (91), Île-de-France	bievres (91064), essonne (91), Île-de-France	2009-08-11:07:48:30	nearby cities	#FF0000
#FF0000	48.796455388	2.254300971	clamart (92023), hauts-de-seine (92), Île-de-France	clamart (92023), hauts-de-seine (92), Île-de-France	2009-08-11:07:48:30	nearby cities	#FF0000
#FF0000	48.796455388	2.254300971	clamart (92023), hauts-de-seine (92), Île-de-France	clamart (92023), hauts-de-seine (92), Île-de-France	2009-08-11:07:48:30	nearby cities	#FF0000
#FF0000	48.815232931	2.317223763	montrouge (92049), hauts-de-seine (92), Île-de-France	montrouge (92049), hauts-de-seine (92), Île-de-France	2009-08-11:07:48:30	nearby cities	#FF0000
#FF0000	48.780251597	2.25980883	le plessis robinson (92060), hauts-de-seine (92), Île-de-France	le plessis robinson (92060), hauts-de-seine (92), Île-de-France	2009-08-11:07:48:30	nearby cities	#FF0000
#FF0000	48.80363284	2.288340335	chatillon (92020), hauts-de-seine (92), Île-de-France	chatillon (92020), hauts-de-seine (92), Île-de-France	2009-08-11:07:48:30	nearby cities	#FF0000
#FF0000	48.789655005	2.286844555	fontenay aux roses (92032), hauts-de-seine (92), Île-de-France	fontenay aux roses (92032), hauts-de-seine (92), Île-de-France	2009-08-11:07:48:30	nearby cities	#FF0000
#FF0000	48.862549876	2.336419316	paris (75101), paris (75), Île-de-France	paris (75101), paris (75), Île-de-France	2009-08-11:07:48:30	nearby cities	#FF0000
#FF0000	48.84912057	2.332883793	paris (75106), paris (75), Île-de-France	paris (75106), paris (75), Île-de-France	2009-08-11:07:48:30	nearby cities	#FF0000
#FF0000	48.829262233	2.326537267	paris (75114), paris (75), Île-de-France	paris (75114), paris (75), Île-de-France	2009-08-11:07:48:30	nearby cities	#FF0000
#FF0000	48.816575085	2.296075861	malakoff (92046), hauts-de-seine (92), Île-de-France	malakoff (92046), hauts-de-seine (92), Île-de-France	2009-08-11:07:48:30	nearby cities	#FF0000
#FF0000	48.780251597	2.25980883	le plessis robinson (92060), hauts-de-seine (92), Île-de-France	le plessis robinson (92060), hauts-de-seine (92), Île-de-France	2009-08-11:07:48:30	nearby cities	#FF0000
#FF0000	49.189361443	2.420538041	gouvieux (60282), oise (60), Hauts-de-France	gouvieux (60282), oise (60), Hauts-de-France	2009-08-16:06:47:55	nearby cities	#FF0000
#FF0000	48.915452087	2.268139583	bois colombes (92009), hauts-de-seine (92), Île-de-France	bois colombes (92009), hauts-de-seine (92), Île-de-France	2009-08-16:06:47:55	nearby cities	#FF0000
#FF0000	49.001520665	2.289265625	margency (95369), val-d'oise (95), Île-de-France	margency (95369), val-d'oise (95), Île-de-France	2009-08-16:06:47:55	nearby cities	#FF0000
#FF0000	49.014718031	2.289839382	montlignon (95426), val-d'oise (95), Île-de-France	montlignon (95426), val-d'oise (95), Île-de-France	2009-08-16:06:47:55	nearby cities	#FF0000
#FF0000	49.103623719	2.335125035	st martin du tertre (95566), val-d'oise (95), Île-de-France	st martin du tertre (95566), val-d'oise (95), Île-de-France	2009-08-16:06:47:55	nearby cities	#FF0000
#FF0000	49.092228842	2.371378479	belloy en france (95056), val-d'oise (95), Île-de-France	belloy en france (95056), val-d'oise (95), Île-de-France	2009-08-16:06:47:55	nearby cities	#FF0000
#FF0000	49.030025383	2.323249469	domont (95199), val-d'oise (95), Île-de-France	domont (95199), val-d'oise (95), Île-de-France	2009-08-16:06:47:55	nearby cities	#FF0000
#FF0000	48.91591925	2.287808861	asnieres sur seine (92004), hauts-de-seine (92), Île-de-France	asnieres sur seine (92004), hauts-de-seine (92), Île-de-France	2009-08-16:06:47:55	nearby cities	#FF0000
#FF0000	49.14081839	2.379558393	asnieres sur oise (95026), val-d'oise (95), Île-de-France	asnieres sur oise (95026), val-d'oise (95), Île-de-France	2009-08-16:06:47:55	nearby cities	#FF0000
#FF0000	49.140404504	2.30024802	beaumont sur oise (95052), val-d'oise (95), Île-de-France	beaumont sur oise (95052), val-d'oise (95), Île-de-France	2009-08-16:06:47:55	nearby cities	#FF0000
#FF0000	49.128927636	2.294029794	nointel (95452), val-d'oise (95), Île-de-France	nointel (95452), val-d'oise (95), Île-de-France	2009-08-16:06:47:55	nearby cities	#FF0000
#FF0000	48.971927968	2.252832517	sannois (95582), val-d'oise (95), Île-de-France	sannois (95582), val-d'oise (95), Île-de-France	2009-08-16:06:47:55	nearby cities	#FF0000
#FF0000	49.134440803	2.328104581	noisy sur oise (95456), val-d'oise (95), Île-de-France	noisy sur oise (95456), val-d'oise (95), Île-de-France	2009-08-16:06:47:55	nearby cities	#FF0000
#FF0000	48.951531886	2.240388744	argenteuil (95018), val-d'oise (95), Île-de-France	argenteuil (95018), val-d'oise (95), Île-de-France	2009-08-16:06:47:55	nearby cities	#FF0000
#FF0000	48.991067498	2.277481312	eaubonne (95203), val-d'oise (95), Île-de-France	eaubonne (95203), val-d'oise (95), Île-de-France	2009-08-16:06:47:55	nearby cities	#FF0000
#FF0000	49.046061843	2.337390481	moisselles (95409), val-d'oise (95), Île-de-France	moisselles (95409), val-d'oise (95), Île-de-France	2009-08-16:06:47:55	nearby cities	#FF0000
#FF0000	49.07485198	2.356863634	villaines sous bois (95660), val-d'oise (95), Île-de-France	villaines sous bois (95660), val-d'oise (95), Île-de-France	2009-08-16:06:47:55	nearby cities	#FF0000
#FF0000	49.121244215	2.52594423	la chapelle en serval (60142), oise (60), Hauts-de-France	la chapelle en serval (60142), oise (60), Hauts-de-France	2009-08-16:11:26:17	nearby cities	#FF0000
#FF0000	48.86287791	2.3599986	paris (75103), paris (75), Île-de-France	paris (75103), paris (75), Île-de-France	2009-08-16:11:26:17	nearby cities	#FF0000
#FF0000	49.000472274	2.486593137	vaudherland (95633), val-d'oise (95), Île-de-France	vaudherland (95633), val-d'oise (95), Île-de-France	2009-08-16:11:26:17	nearby cities	#FF0000
#FF0000	48.986294753	2.457534399	gonesse (95277), val-d'oise (95), Île-de-France	gonesse (95277), val-d'oise (95), Île-de-France	2009-08-16:11:26:17	nearby cities	#FF0000
#FF0000	49.106233421	2.544084915	survilliers (95604), val-d'oise (95), Île-de-France	survilliers (95604), val-d'oise (95), Île-de-France	2009-08-16:11:26:17	nearby cities	#FF0000
#FF0000	48.876129334	2.360715102	paris (75110), paris (75), Île-de-France	paris (75110), paris (75), Île-de-France	2009-08-16:11:26:17	nearby cities	#FF0000
#FF0000	48.887051437	2.384822082	paris (75119), paris (75), Île-de-France	paris (75119), paris (75), Île-de-France	2009-08-16:11:26:17	nearby cities	#FF0000
#FF0000	48.854350603	2.357625608	paris (75104), paris (75), Île-de-France	paris (75104), paris (75), Île-de-France	2009-08-16:11:26:17	nearby cities	#FF0000
#FF0000	48.936210518	2.427612443	le bourget (93013), seine-saint-denis (93), Île-de-France	le bourget (93013), seine-saint-denis (93), Île-de-France	2009-08-16:11:26:17	nearby cities	#FF0000
#FF0000	48.912490578	2.384529976	aubervilliers (93001), seine-saint-denis (93), Île-de-France	aubervilliers (93001), seine-saint-denis (93), Île-de-France	2009-08-16:11:26:17	nearby cities	#FF0000
#FF0000	49.042203512	2.503963388	louvres (95351), val-d'oise (95), Île-de-France	louvres (95351), val-d'oise (95), Île-de-France	2009-08-16:11:26:17	nearby cities	#FF0000
#FF0000	49.060719686	2.534858214	villeron (95675), val-d'oise (95), Île-de-France	villeron (95675), val-d'oise (95), Île-de-France	2009-08-16:11:26:17	nearby cities	#FF0000
#FF0000	48.815232931	2.317223763	montrouge (92049), hauts-de-seine (92), Île-de-France	montrouge (92049), hauts-de-seine (92), Île-de-France	2009-08-19:17:19:57	nearby cities	#FF0000
#FF0000	48.707458941	2.311573611	chilly mazarin (91161), essonne (91), Île-de-France	chilly mazarin (91161), essonne (91), Île-de-France	2009-08-19:17:19:57	nearby cities	#FF0000
#FF0000	48.862549876	2.336419316	paris (75101), paris (75), Île-de-France	paris (75101), paris (75), Île-de-France	2009-08-19:17:19:57	nearby cities	#FF0000
#FF0000	48.84912057	2.332883793	paris (75106), paris (75), Île-de-France	paris (75106), paris (75), Île-de-France	2009-08-19:17:19:57	nearby cities	#FF0000
#FF0000	48.829262233	2.326537267	paris (75114), paris (75), Île-de-France	paris (75114), paris (75), Île-de-France	2009-08-19:17:19:57	nearby cities	#FF0000
#FF0000	48.749986765	2.299028344	antony (92002), hauts-de-seine (92), Île-de-France	antony (92002), hauts-de-seine (92), Île-de-France	2009-08-19:17:19:57	nearby cities	#FF0000
#FF0000	48.780432581	2.317059116	bourg la reine (92014), hauts-de-seine (92), Île-de-France	bourg la reine (92014), hauts-de-seine (92), Île-de-France	2009-08-19:17:19:57	nearby cities	#FF0000
#FF0000	48.805418818	2.334016124	arcueil (94003), val-de-marne (94), Île-de-France	arcueil (94003), val-de-marne (94), Île-de-France	2009-08-19:17:19:57	nearby cities	#FF0000
#FF0000	48.736509794	2.224449897	igny (91312), essonne (91), Île-de-France	igny (91312), essonne (91), Île-de-France	2009-08-19:17:19:57	nearby cities	#FF0000
#FF0000	48.798310364	2.310099988	bagneux (92007), hauts-de-seine (92), Île-de-France	bagneux (92007), hauts-de-seine (92), Île-de-France	2009-08-19:17:19:57	nearby cities	#FF0000
#FF0000	48.791662561	2.332077446	cachan (94016), val-de-marne (94), Île-de-France	cachan (94016), val-de-marne (94), Île-de-France	2009-08-19:17:19:57	nearby cities	#FF0000
#FF0000	48.736509794	2.224449897	igny (91312), essonne (91), Île-de-France	igny (91312), essonne (91), Île-de-France	2009-08-19:17:19:57	nearby cities	#FF0000
#FF0000	48.72750723	2.275240048	massy (91377), essonne (91), Île-de-France	massy (91377), essonne (91), Île-de-France	2009-08-19:17:19:57	nearby cities	#FF0000
#FF0000	48.678477753	2.707595426	coubert (77127), seine-et-marne (77), Île-de-France	coubert (77127), seine-et-marne (77), Île-de-France	2009-08-23:06:44:18	nearby cities	#FF0000
#FF0000	48.774023154	2.825916483	neufmoutiers en brie (77336), seine-et-marne (77), Île-de-France	neufmoutiers en brie (77336), seine-et-marne (77), Île-de-France	2009-08-23:06:44:18	nearby cities	#FF0000
#FF0000	48.806206275	2.438053127	maisons alfort (94046), val-de-marne (94), Île-de-France	maisons alfort (94046), val-de-marne (94), Île-de-France	2009-08-23:06:44:18	nearby cities	#FF0000
#FF0000	48.818390376	2.437334691	st maurice (94069), val-de-marne (94), Île-de-France	st maurice (94069), val-de-marne (94), Île-de-France	2009-08-23:06:44:18	nearby cities	#FF0000
#FF0000	48.720848417	2.531345894	villecresnes (94075), val-de-marne (94), Île-de-France	villecresnes (94075), val-de-marne (94), Île-de-France	2009-08-23:06:44:18	nearby cities	#FF0000
#FF0000	48.713003578	2.815655847	chatres (77104), seine-et-marne (77), Île-de-France	chatres (77104), seine-et-marne (77), Île-de-France	2009-08-23:06:44:18	nearby cities	#FF0000
#FF0000	48.69526083	2.780078797	liverdy en brie (77254), seine-et-marne (77), Île-de-France	liverdy en brie (77254), seine-et-marne (77), Île-de-France	2009-08-23:06:44:18	nearby cities	#FF0000
#FF0000	48.714730715	2.591727479	servon (77450), seine-et-marne (77), Île-de-France	servon (77450), seine-et-marne (77), Île-de-France	2009-08-23:06:44:18	nearby cities	#FF0000
#FF0000	48.691708224	2.614662477	brie comte robert (77053), seine-et-marne (77), Île-de-France	brie comte robert (77053), seine-et-marne (77), Île-de-France	2009-08-23:06:44:18	nearby cities	#FF0000
#FF0000	48.773381326	2.487751746	bonneuil sur marne (94011), val-de-marne (94), Île-de-France	bonneuil sur marne (94011), val-de-marne (94), Île-de-France	2009-08-23:06:44:18	nearby cities	#FF0000
#FF0000	48.783768446	2.454728618	creteil (94028), val-de-marne (94), Île-de-France	creteil (94028), val-de-marne (94), Île-de-France	2009-08-23:06:44:18	nearby cities	#FF0000
#FF0000	48.747047399	2.525046124	boissy st leger (94004), val-de-marne (94), Île-de-France	boissy st leger (94004), val-de-marne (94), Île-de-France	2009-08-23:06:44:18	nearby cities	#FF0000
#FF0000	48.822572708	2.406597157	charenton le pont (94018), val-de-marne (94), Île-de-France	charenton le pont (94018), val-de-marne (94), Île-de-France	2009-08-23:06:44:18	nearby cities	#FF0000
#FF0000	48.859054908	2.380025153	paris (75111), paris (75), Île-de-France	paris (75111), paris (75), Île-de-France	2009-08-23:09:38:53	nearby cities	#FF0000
#FF0000	48.863457789	2.401155799	paris (75120), paris (75), Île-de-France	paris (75120), paris (75), Île-de-France	2009-08-23:09:38:53	nearby cities	#FF0000
#FF0000	48.868332771	2.749449617	montevrain (77307), seine-et-marne (77), Île-de-France	montevrain (77307), seine-et-marne (77), Île-de-France	2009-08-23:09:38:53	nearby cities	#FF0000
#FF0000	48.774023154	2.825916483	neufmoutiers en brie (77336), seine-et-marne (77), Île-de-France	neufmoutiers en brie (77336), seine-et-marne (77), Île-de-France	2009-08-23:09:38:53	nearby cities	#FF0000
#FF0000	48.886880992	2.674750482	pomponne (77372), seine-et-marne (77), Île-de-France	pomponne (77372), seine-et-marne (77), Île-de-France	2009-08-23:09:38:53	nearby cities	#FF0000
#FF0000	48.869814204	2.635489374	vaires sur marne (77479), seine-et-marne (77), Île-de-France	vaires sur marne (77479), seine-et-marne (77), Île-de-France	2009-08-23:09:38:53	nearby cities	#FF0000
#FF0000	48.883978399	2.597093098	chelles (77108), seine-et-marne (77), Île-de-France	chelles (77108), seine-et-marne (77), Île-de-France	2009-08-23:09:38:53	nearby cities	#FF0000
#FF0000	48.886880992	2.674750482	pomponne (77372), seine-et-marne (77), Île-de-France	pomponne (77372), seine-et-marne (77), Île-de-France	2009-08-23:09:38:53	nearby cities	#FF0000
#FF0000	48.845661019	2.787101817	serris (77449), seine-et-marne (77), Île-de-France	serris (77449), seine-et-marne (77), Île-de-France	2009-08-23:09:38:53	nearby cities	#FF0000
#FF0000	48.862764338	2.539943497	neuilly sur marne (93050), seine-saint-denis (93), Île-de-France	neuilly sur marne (93050), seine-saint-denis (93), Île-de-France	2009-08-23:09:38:53	nearby cities	#FF0000
#FF0000	48.836665517	2.481752082	nogent sur marne (94052), val-de-marne (94), Île-de-France	nogent sur marne (94052), val-de-marne (94), Île-de-France	2009-08-23:09:38:53	nearby cities	#FF0000
#FF0000	48.841029852	2.418861571	st mande (94067), val-de-marne (94), Île-de-France	st mande (94067), val-de-marne (94), Île-de-France	2009-08-23:09:38:53	nearby cities	#FF0000
#FF0000	48.847539205	2.437714989	vincennes (94080), val-de-marne (94), Île-de-France	vincennes (94080), val-de-marne (94), Île-de-France	2009-08-23:09:38:53	nearby cities	#FF0000
#FF0000	48.861105557	2.57585149	gournay sur marne (93033), seine-saint-denis (93), Île-de-France	gournay sur marne (93033), seine-saint-denis (93), Île-de-France	2009-08-23:09:38:53	nearby cities	#FF0000
#FF0000	48.876129334	2.360715102	paris (75110), paris (75), Île-de-France	paris (75110), paris (75), Île-de-France	2009-08-23:09:38:53	nearby cities	#FF0000
#FF0000	48.873765153	2.708647026	lagny sur marne (77243), seine-et-marne (77), Île-de-France	lagny sur marne (77243), seine-et-marne (77), Île-de-France	2009-08-23:09:38:53	nearby cities	#FF0000
#FF0000	48.858225613	2.740089519	chanteloup en brie (77085), seine-et-marne (77), Île-de-France	chanteloup en brie (77085), seine-et-marne (77), Île-de-France	2009-08-23:09:38:53	nearby cities	#FF0000
#FF0000	48.811289829	2.83781624	villeneuve le comte (77508), seine-et-marne (77), Île-de-France	villeneuve le comte (77508), seine-et-marne (77), Île-de-France	2009-08-23:09:38:53	nearby cities	#FF0000
#FF0000	48.883978399	2.597093098	chelles (77108), seine-et-marne (77), Île-de-France	chelles (77108), seine-et-marne (77), Île-de-France	2009-08-23:09:38:53	nearby cities	#FF0000
#FF0000	48.842291099	2.50400578	le perreux sur marne (94058), val-de-marne (94), Île-de-France	le perreux sur marne (94058), val-de-marne (94), Île-de-France	2009-08-23:09:38:53	nearby cities	#FF0000
#FF0000	48.75659431	2.206465776	bievres (91064), essonne (91), Île-de-France	bievres (91064), essonne (91), Île-de-France	2009-08-27:17:58:03	nearby cities	#FF0000
#FF0000	48.780251597	2.25980883	le plessis robinson (92060), hauts-de-seine (92), Île-de-France	le plessis robinson (92060), hauts-de-seine (92), Île-de-France	2009-08-27:17:58:03	nearby cities	#FF0000
#FF0000	48.780432581	2.317059116	bourg la reine (92014), hauts-de-seine (92), Île-de-France	bourg la reine (92014), hauts-de-seine (92), Île-de-France	2009-08-27:17:58:03	nearby cities	#FF0000
#FF0000	48.776484949	2.296467846	sceaux (92071), hauts-de-seine (92), Île-de-France	sceaux (92071), hauts-de-seine (92), Île-de-France	2009-08-27:17:58:03	nearby cities	#FF0000
#FF0000	48.780251597	2.25980883	le plessis robinson (92060), hauts-de-seine (92), Île-de-France	le plessis robinson (92060), hauts-de-seine (92), Île-de-France	2009-08-27:17:58:03	nearby cities	#FF0000
#FF0000	48.76689918	2.352941911	chevilly larue (94021), val-de-marne (94), Île-de-France	chevilly larue (94021), val-de-marne (94), Île-de-France	2009-08-27:17:58:03	nearby cities	#FF0000
#FF0000	48.77621691	2.337698598	l hay les roses (94038), val-de-marne (94), Île-de-France	l hay les roses (94038), val-de-marne (94), Île-de-France	2009-08-27:17:58:03	nearby cities	#FF0000
#FF0000	48.760790808	2.385495992	thiais (94073), val-de-marne (94), Île-de-France	thiais (94073), val-de-marne (94), Île-de-France	2009-08-27:17:58:03	nearby cities	#FF0000
#FF0000	48.86287791	2.3599986	paris (75103), paris (75), Île-de-France	paris (75103), paris (75), Île-de-France	2009-08-27:21:22:01	nearby cities	#FF0000
#FF0000	48.844452823	2.350706645	paris (75105), paris (75), Île-de-France	paris (75105), paris (75), Île-de-France	2009-08-27:21:22:01	nearby cities	#FF0000
#FF0000	48.828424546	2.362253766	paris (75113), paris (75), Île-de-France	paris (75113), paris (75), Île-de-France	2009-08-27:21:22:01	nearby cities	#FF0000
#FF0000	48.854350603	2.357625608	paris (75104), paris (75), Île-de-France	paris (75104), paris (75), Île-de-France	2009-08-27:21:22:01	nearby cities	#FF0000
#FF0000	48.8122892	2.387712363	ivry sur seine (94041), val-de-marne (94), Île-de-France	ivry sur seine (94041), val-de-marne (94), Île-de-France	2009-08-27:21:22:01	nearby cities	#FF0000
#FF0000	48.788118568	2.394516098	vitry sur seine (94081), val-de-marne (94), Île-de-France	vitry sur seine (94081), val-de-marne (94), Île-de-France	2009-08-27:21:22:01	nearby cities	#FF0000
#FF0000	48.86287791	2.3599986	paris (75103), paris (75), Île-de-France	paris (75103), paris (75), Île-de-France	2009-08-28:06:50:51	nearby cities	#FF0000
#FF0000	48.844452823	2.350706645	paris (75105), paris (75), Île-de-France	paris (75105), paris (75), Île-de-France	2009-08-28:06:50:51	nearby cities	#FF0000
#FF0000	48.75659431	2.206465776	bievres (91064), essonne (91), Île-de-France	bievres (91064), essonne (91), Île-de-France	2009-08-28:06:50:51	nearby cities	#FF0000
#FF0000	48.796455388	2.254300971	clamart (92023), hauts-de-seine (92), Île-de-France	clamart (92023), hauts-de-seine (92), Île-de-France	2009-08-28:06:50:51	nearby cities	#FF0000
#FF0000	48.796455388	2.254300971	clamart (92023), hauts-de-seine (92), Île-de-France	clamart (92023), hauts-de-seine (92), Île-de-France	2009-08-28:06:50:51	nearby cities	#FF0000
#FF0000	48.815232931	2.317223763	montrouge (92049), hauts-de-seine (92), Île-de-France	montrouge (92049), hauts-de-seine (92), Île-de-France	2009-08-28:06:50:51	nearby cities	#FF0000
#FF0000	48.780251597	2.25980883	le plessis robinson (92060), hauts-de-seine (92), Île-de-France	le plessis robinson (92060), hauts-de-seine (92), Île-de-France	2009-08-28:06:50:51	nearby cities	#FF0000
#FF0000	48.80363284	2.288340335	chatillon (92020), hauts-de-seine (92), Île-de-France	chatillon (92020), hauts-de-seine (92), Île-de-France	2009-08-28:06:50:51	nearby cities	#FF0000
#FF0000	48.854350603	2.357625608	paris (75104), paris (75), Île-de-France	paris (75104), paris (75), Île-de-France	2009-08-28:06:50:51	nearby cities	#FF0000
#FF0000	48.84912057	2.332883793	paris (75106), paris (75), Île-de-France	paris (75106), paris (75), Île-de-France	2009-08-28:06:50:51	nearby cities	#FF0000
#FF0000	48.829262233	2.326537267	paris (75114), paris (75), Île-de-France	paris (75114), paris (75), Île-de-France	2009-08-28:06:50:51	nearby cities	#FF0000
#FF0000	48.816575085	2.296075861	malakoff (92046), hauts-de-seine (92), Île-de-France	malakoff (92046), hauts-de-seine (92), Île-de-France	2009-08-28:06:50:51	nearby cities	#FF0000
#FF0000	48.780251597	2.25980883	le plessis robinson (92060), hauts-de-seine (92), Île-de-France	le plessis robinson (92060), hauts-de-seine (92), Île-de-France	2009-08-28:06:50:51	nearby cities	#FF0000
#FF0000	48.86287791	2.3599986	paris (75103), paris (75), Île-de-France	paris (75103), paris (75), Île-de-France	2009-08-29:13:08:43	nearby cities	#FF0000
#FF0000	48.834961818	2.42138541	paris (75112), paris (75), Île-de-France	paris (75112), paris (75), Île-de-France	2009-08-29:13:08:43	nearby cities	#FF0000
#FF0000	48.859054908	2.380025153	paris (75111), paris (75), Île-de-France	paris (75111), paris (75), Île-de-France	2009-08-29:13:08:43	nearby cities	#FF0000
#FF0000	48.841029852	2.418861571	st mande (94067), val-de-marne (94), Île-de-France	st mande (94067), val-de-marne (94), Île-de-France	2009-08-29:13:08:43	nearby cities	#FF0000
#FF0000	48.847539205	2.437714989	vincennes (94080), val-de-marne (94), Île-de-France	vincennes (94080), val-de-marne (94), Île-de-France	2009-08-29:13:08:43	nearby cities	#FF0000
#FF0000	48.818390376	2.437334691	st maurice (94069), val-de-marne (94), Île-de-France	st maurice (94069), val-de-marne (94), Île-de-France	2009-08-29:13:08:43	nearby cities	#FF0000
#FF0000	48.854350603	2.357625608	paris (75104), paris (75), Île-de-France	paris (75104), paris (75), Île-de-France	2009-08-29:13:08:43	nearby cities	#FF0000
#FF0000	48.934598747	2.339282752	l ile st denis (93039), seine-saint-denis (93), Île-de-France	l ile st denis (93039), seine-saint-denis (93), Île-de-France	2009-08-30:04:29:06	nearby cities	#FF0000
#FF0000	48.993711113	2.194320017	montigny les cormeilles (95424), val-d'oise (95), Île-de-France	montigny les cormeilles (95424), val-d'oise (95), Île-de-France	2009-08-30:04:29:06	nearby cities	#FF0000
#FF0000	48.969093334	2.284677782	st gratien (95555), val-d'oise (95), Île-de-France	st gratien (95555), val-d'oise (95), Île-de-France	2009-08-30:04:29:06	nearby cities	#FF0000
#FF0000	49.051577748	2.094574042	pontoise (95500), val-d'oise (95), Île-de-France	pontoise (95500), val-d'oise (95), Île-de-France	2009-08-30:04:29:06	nearby cities	#FF0000
#FF0000	48.90958922	2.333479974	st ouen sur seine (93070), seine-saint-denis (93), Île-de-France	st ouen sur seine (93070), seine-saint-denis (93), Île-de-France	2009-08-30:04:29:06	nearby cities	#FF0000
#FF0000	49.019103435	2.160347072	pierrelaye (95488), val-d'oise (95), Île-de-France	pierrelaye (95488), val-d'oise (95), Île-de-France	2009-08-30:04:29:06	nearby cities	#FF0000
#FF0000	49.051577748	2.094574042	pontoise (95500), val-d'oise (95), Île-de-France	pontoise (95500), val-d'oise (95), Île-de-France	2009-08-30:04:29:06	nearby cities	#FF0000
#FF0000	48.971927968	2.252832517	sannois (95582), val-d'oise (95), Île-de-France	sannois (95582), val-d'oise (95), Île-de-France	2009-08-30:04:29:06	nearby cities	#FF0000
#FF0000	48.98831458	2.224194522	franconville la garenne (95252), val-d'oise (95), Île-de-France	franconville la garenne (95252), val-d'oise (95), Île-de-France	2009-08-30:04:29:06	nearby cities	#FF0000
#FF0000	48.955045923	2.313968877	epinay sur seine (93031), seine-saint-denis (93), Île-de-France	epinay sur seine (93031), seine-saint-denis (93), Île-de-France	2009-08-30:04:29:06	nearby cities	#FF0000
#FF0000	49.019103435	2.160347072	pierrelaye (95488), val-d'oise (95), Île-de-France	pierrelaye (95488), val-d'oise (95), Île-de-France	2009-08-30:04:29:06	nearby cities	#FF0000
#FF0000	49.363933274	1.352269481	fleury sur andelle (27246), eure (27), Normandie	fleury sur andelle (27246), eure (27), Normandie	2009-08-30:07:22:48	nearby cities	#FF0000
#FF0000	49.341356551	1.388564813	val d orger (27294), eure (27), Normandie	val d orger (27294), eure (27), Normandie	2009-08-30:07:22:48	nearby cities	#FF0000
#FF0000	49.270068424	1.51340835	suzay (27625), eure (27), Normandie	suzay (27625), eure (27), Normandie	2009-08-30:07:22:48	nearby cities	#FF0000
#FF0000	49.257804315	1.537473815	richeville (27490), eure (27), Normandie	richeville (27490), eure (27), Normandie	2009-08-30:07:22:48	nearby cities	#FF0000
#FF0000	49.426058878	1.130438728	bonsecours (76103), seine-maritime (76), Normandie	bonsecours (76103), seine-maritime (76), Normandie	2009-08-30:07:22:48	nearby cities	#FF0000
#FF0000	49.413810193	1.144850206	le mesnil esnard (76429), seine-maritime (76), Normandie	le mesnil esnard (76429), seine-maritime (76), Normandie	2009-08-30:07:22:48	nearby cities	#FF0000
#FF0000	49.441495678	1.093575536	rouen (76540), seine-maritime (76), Normandie	rouen (76540), seine-maritime (76), Normandie	2009-08-30:07:22:48	nearby cities	#FF0000
#FF0000	49.219144384	1.63344224	authevernes (27026), eure (27), Normandie	authevernes (27026), eure (27), Normandie	2009-08-30:07:22:48	nearby cities	#FF0000
#FF0000	49.306797174	1.430973556	ecouis (27214), eure (27), Normandie	ecouis (27214), eure (27), Normandie	2009-08-30:07:22:48	nearby cities	#FF0000
#FF0000	49.341356551	1.388564813	val d orger (27294), eure (27), Normandie	val d orger (27294), eure (27), Normandie	2009-08-30:07:22:48	nearby cities	#FF0000
#FF0000	49.383670495	1.30491656	bourg beaudouin (27104), eure (27), Normandie	bourg beaudouin (27104), eure (27), Normandie	2009-08-30:07:22:48	nearby cities	#FF0000
#FF0000	49.236421935	1.603692464	les thilliers en vexin (27633), eure (27), Normandie	les thilliers en vexin (27633), eure (27), Normandie	2009-08-30:07:22:48	nearby cities	#FF0000
#FF0000	49.249833418	1.589943473	villers en vexin (27690), eure (27), Normandie	villers en vexin (27690), eure (27), Normandie	2009-08-30:07:22:48	nearby cities	#FF0000
#FF0000	49.381034592	1.203478719	boos (76116), seine-maritime (76), Normandie	boos (76116), seine-maritime (76), Normandie	2009-08-30:07:22:48	nearby cities	#FF0000
#FF0000	49.441495678	1.093575536	rouen (76540), seine-maritime (76), Normandie	rouen (76540), seine-maritime (76), Normandie	2009-08-30:07:22:48	nearby cities	#FF0000
#FF0000	49.403838181	1.183402953	franqueville st pierre (76475), seine-maritime (76), Normandie	franqueville st pierre (76475), seine-maritime (76), Normandie	2009-08-30:07:22:48	nearby cities	#FF0000
#FF0000	49.184136588	1.728270643	la chapelle en vexin (95139), val-d'oise (95), Île-de-France	la chapelle en vexin (95139), val-d'oise (95), Île-de-France	2009-08-30:07:22:48	nearby cities	#FF0000
#FF0000	49.167126689	1.761917602	st gervais (95554), val-d'oise (95), Île-de-France	st gervais (95554), val-d'oise (95), Île-de-France	2009-08-30:07:22:48	nearby cities	#FF0000
#FF0000	49.19220457	1.70219704	buhy (95119), val-d'oise (95), Île-de-France	buhy (95119), val-d'oise (95), Île-de-France	2009-08-30:07:22:48	nearby cities	#FF0000
#FF0000	49.213259944	1.703014579	st clair sur epte (95541), val-d'oise (95), Île-de-France	st clair sur epte (95541), val-d'oise (95), Île-de-France	2009-08-30:07:22:48	nearby cities	#FF0000
#FF0000	49.222223348	1.399247241	vezillon (27683), eure (27), Normandie	vezillon (27683), eure (27), Normandie	2009-08-30:11:55:25	nearby cities	#FF0000
#FF0000	49.312696905	1.321536936	amfreville les champs (27012), eure (27), Normandie	amfreville les champs (27012), eure (27), Normandie	2009-08-30:11:55:25	nearby cities	#FF0000
#FF0000	49.333349854	1.307619617	douville sur andelle (27205), eure (27), Normandie	douville sur andelle (27205), eure (27), Normandie	2009-08-30:11:55:25	nearby cities	#FF0000
#FF0000	49.334490077	1.254133394	romilly sur andelle (27493), eure (27), Normandie	romilly sur andelle (27493), eure (27), Normandie	2009-08-30:11:55:25	nearby cities	#FF0000
#FF0000	49.260003348	1.368033364	le thuit (27635), eure (27), Normandie	le thuit (27635), eure (27), Normandie	2009-08-30:11:55:25	nearby cities	#FF0000
#FF0000	49.426058878	1.130438728	bonsecours (76103), seine-maritime (76), Normandie	bonsecours (76103), seine-maritime (76), Normandie	2009-08-30:11:55:25	nearby cities	#FF0000
#FF0000	49.413810193	1.144850206	le mesnil esnard (76429), seine-maritime (76), Normandie	le mesnil esnard (76429), seine-maritime (76), Normandie	2009-08-30:11:55:25	nearby cities	#FF0000
#FF0000	49.441495678	1.093575536	rouen (76540), seine-maritime (76), Normandie	rouen (76540), seine-maritime (76), Normandie	2009-08-30:11:55:25	nearby cities	#FF0000
#FF0000	49.245633495	1.428332905	les andelys (27016), eure (27), Normandie	les andelys (27016), eure (27), Normandie	2009-08-30:11:55:25	nearby cities	#FF0000
#FF0000	49.201132591	1.385320321	bouafles (27097), eure (27), Normandie	bouafles (27097), eure (27), Normandie	2009-08-30:11:55:25	nearby cities	#FF0000
#FF0000	49.282807759	1.370806941	cuverville (27194), eure (27), Normandie	cuverville (27194), eure (27), Normandie	2009-08-30:11:55:25	nearby cities	#FF0000
#FF0000	49.173647826	1.410535888	port mort (27473), eure (27), Normandie	port mort (27473), eure (27), Normandie	2009-08-30:11:55:25	nearby cities	#FF0000
#FF0000	49.381034592	1.203478719	boos (76116), seine-maritime (76), Normandie	boos (76116), seine-maritime (76), Normandie	2009-08-30:11:55:25	nearby cities	#FF0000
#FF0000	49.368618418	1.249179346	la neuville chant d oisel (76464), seine-maritime (76), Normandie	la neuville chant d oisel (76464), seine-maritime (76), Normandie	2009-08-30:11:55:25	nearby cities	#FF0000
#FF0000	49.441495678	1.093575536	rouen (76540), seine-maritime (76), Normandie	rouen (76540), seine-maritime (76), Normandie	2009-08-30:11:55:25	nearby cities	#FF0000
#FF0000	49.403838181	1.183402953	franqueville st pierre (76475), seine-maritime (76), Normandie	franqueville st pierre (76475), seine-maritime (76), Normandie	2009-08-30:11:55:25	nearby cities	#FF0000
#FF0000	49.082318367	1.533202189	giverny (27285), eure (27), Normandie	giverny (27285), eure (27), Normandie	2009-08-30:14:56:52	nearby cities	#FF0000
#FF0000	49.130882946	1.464673974	pressagny l orgueilleux (27477), eure (27), Normandie	pressagny l orgueilleux (27477), eure (27), Normandie	2009-08-30:14:56:52	nearby cities	#FF0000
#FF0000	49.173647826	1.410535888	port mort (27473), eure (27), Normandie	port mort (27473), eure (27), Normandie	2009-08-30:14:56:52	nearby cities	#FF0000
#FF0000	49.081907847	1.570691834	ste genevieve les gasny (27540), eure (27), Normandie	ste genevieve les gasny (27540), eure (27), Normandie	2009-08-30:16:33:46	nearby cities	#FF0000
#FF0000	49.082318367	1.533202189	giverny (27285), eure (27), Normandie	giverny (27285), eure (27), Normandie	2009-08-30:16:33:46	nearby cities	#FF0000
#FF0000	49.06207605	1.707122338	vetheuil (95651), val-d'oise (95), Île-de-France	vetheuil (95651), val-d'oise (95), Île-de-France	2009-08-30:16:33:46	nearby cities	#FF0000
#FF0000	49.066478405	1.722082988	vienne en arthies (95656), val-d'oise (95), Île-de-France	vienne en arthies (95656), val-d'oise (95), Île-de-France	2009-08-30:16:33:46	nearby cities	#FF0000
#FF0000	49.08347563	1.663060183	haute isle (95301), val-d'oise (95), Île-de-France	haute isle (95301), val-d'oise (95), Île-de-France	2009-08-30:16:33:46	nearby cities	#FF0000
#FF0000	49.088264977	1.634202489	la roche guyon (95523), val-d'oise (95), Île-de-France	la roche guyon (95523), val-d'oise (95), Île-de-France	2009-08-30:16:33:46	nearby cities	#FF0000
#FF0000	49.058913046	1.741758518	st cyr en arthies (95543), val-d'oise (95), Île-de-France	st cyr en arthies (95543), val-d'oise (95), Île-de-France	2009-08-30:16:33:46	nearby cities	#FF0000
#FF0000	48.765889291	2.163600257	jouy en josas (78322), yvelines (78), Île-de-France	jouy en josas (78322), yvelines (78), Île-de-France	2009-09-07:10:08:30	nearby cities	#FF0000
#FF0000	48.840071988	2.292837347	paris (75115), paris (75), Île-de-France	paris (75115), paris (75), Île-de-France	2009-09-07:10:08:30	nearby cities	#FF0000
#FF0000	48.823147869	2.264806255	issy les moulineaux (92040), hauts-de-seine (92), Île-de-France	issy les moulineaux (92040), hauts-de-seine (92), Île-de-France	2009-09-07:10:08:30	nearby cities	#FF0000
#FF0000	48.807476404	2.192088547	chaville (92022), hauts-de-seine (92), Île-de-France	chaville (92022), hauts-de-seine (92), Île-de-France	2009-09-07:10:08:30	nearby cities	#FF0000
#FF0000	48.821542393	2.287396637	vanves (92075), hauts-de-seine (92), Île-de-France	vanves (92075), hauts-de-seine (92), Île-de-France	2009-09-07:10:08:30	nearby cities	#FF0000
#FF0000	49.121244215	2.52594423	la chapelle en serval (60142), oise (60), Hauts-de-France	la chapelle en serval (60142), oise (60), Hauts-de-France	2009-09-27:06:11:39	nearby cities	#FF0000
#FF0000	49.211886416	2.585700146	senlis (60612), oise (60), Hauts-de-France	senlis (60612), oise (60), Hauts-de-France	2009-09-27:06:11:39	nearby cities	#FF0000
#FF0000	49.165539461	2.557910314	pontarme (60505), oise (60), Hauts-de-France	pontarme (60505), oise (60), Hauts-de-France	2009-09-27:06:11:39	nearby cities	#FF0000
#FF0000	49.000472274	2.486593137	vaudherland (95633), val-d'oise (95), Île-de-France	vaudherland (95633), val-d'oise (95), Île-de-France	2009-09-27:06:11:39	nearby cities	#FF0000
#FF0000	48.986294753	2.457534399	gonesse (95277), val-d'oise (95), Île-de-France	gonesse (95277), val-d'oise (95), Île-de-France	2009-09-27:06:11:39	nearby cities	#FF0000
#FF0000	49.106233421	2.544084915	survilliers (95604), val-d'oise (95), Île-de-France	survilliers (95604), val-d'oise (95), Île-de-France	2009-09-27:06:11:39	nearby cities	#FF0000
#FF0000	48.936210518	2.427612443	le bourget (93013), seine-saint-denis (93), Île-de-France	le bourget (93013), seine-saint-denis (93), Île-de-France	2009-09-27:06:11:39	nearby cities	#FF0000
#FF0000	49.042203512	2.503963388	louvres (95351), val-d'oise (95), Île-de-France	louvres (95351), val-d'oise (95), Île-de-France	2009-09-27:06:11:39	nearby cities	#FF0000
#FF0000	49.060719686	2.534858214	villeron (95675), val-d'oise (95), Île-de-France	villeron (95675), val-d'oise (95), Île-de-France	2009-09-27:06:11:39	nearby cities	#FF0000
#FF0000	49.211886416	2.585700146	senlis (60612), oise (60), Hauts-de-France	senlis (60612), oise (60), Hauts-de-France	2009-09-27:08:19:41	nearby cities	#FF0000
#FF0000	49.206280909	2.544899943	courteuil (60170), oise (60), Hauts-de-France	courteuil (60170), oise (60), Hauts-de-France	2009-09-27:08:19:41	nearby cities	#FF0000
#FF0000	49.205080213	2.500160623	vineuil st firmin (60695), oise (60), Hauts-de-France	vineuil st firmin (60695), oise (60), Hauts-de-France	2009-09-27:08:19:41	nearby cities	#FF0000
#FF0000	48.961062049	2.363217687	pierrefitte sur seine (93059), seine-saint-denis (93), Île-de-France	pierrefitte sur seine (93059), seine-saint-denis (93), Île-de-France	2009-09-27:08:19:41	nearby cities	#FF0000
#FF0000	48.957545912	2.345516528	villetaneuse (93079), seine-saint-denis (93), Île-de-France	villetaneuse (93079), seine-saint-denis (93), Île-de-France	2009-09-27:08:19:41	nearby cities	#FF0000
#FF0000	49.115413934	2.440757943	luzarches (95352), val-d'oise (95), Île-de-France	luzarches (95352), val-d'oise (95), Île-de-France	2009-09-27:08:19:41	nearby cities	#FF0000
#FF0000	49.053747992	2.39193391	le mesnil aubry (95395), val-d'oise (95), Île-de-France	le mesnil aubry (95395), val-d'oise (95), Île-de-France	2009-09-27:08:19:41	nearby cities	#FF0000
#FF0000	48.990236727	2.381117319	sarcelles (95585), val-d'oise (95), Île-de-France	sarcelles (95585), val-d'oise (95), Île-de-France	2009-09-27:08:19:41	nearby cities	#FF0000
#FF0000	48.892570317	2.348176598	paris (75118), paris (75), Île-de-France	paris (75118), paris (75), Île-de-France	2009-09-27:08:19:41	nearby cities	#FF0000
#FF0000	48.929643578	2.359289324	st denis (93066), seine-saint-denis (93), Île-de-France	st denis (93066), seine-saint-denis (93), Île-de-France	2009-09-27:08:19:41	nearby cities	#FF0000
#FF0000	48.929643578	2.359289324	st denis (93066), seine-saint-denis (93), Île-de-France	st denis (93066), seine-saint-denis (93), Île-de-France	2009-09-27:08:19:41	nearby cities	#FF0000
#FF0000	49.128484415	2.435953796	chaumontel (95149), val-d'oise (95), Île-de-France	chaumontel (95149), val-d'oise (95), Île-de-France	2009-09-27:08:19:41	nearby cities	#FF0000
#FF0000	49.025890296	2.384418866	ecouen (95205), val-d'oise (95), Île-de-France	ecouen (95205), val-d'oise (95), Île-de-France	2009-09-27:08:19:41	nearby cities	#FF0000
#FF0000	49.090493052	2.406371004	epinay champlatreux (95214), val-d'oise (95), Île-de-France	epinay champlatreux (95214), val-d'oise (95), Île-de-France	2009-09-27:08:19:41	nearby cities	#FF0000
#FF0000	49.069977905	2.41751294	mareil en france (95365), val-d'oise (95), Île-de-France	mareil en france (95365), val-d'oise (95), Île-de-France	2009-09-27:08:19:41	nearby cities	#FF0000
#FF0000	48.86287791	2.3599986	paris (75103), paris (75), Île-de-France	paris (75103), paris (75), Île-de-France	2009-09-27:11:04:22	nearby cities	#FF0000
#FF0000	48.844452823	2.350706645	paris (75105), paris (75), Île-de-France	paris (75105), paris (75), Île-de-France	2009-09-27:11:04:22	nearby cities	#FF0000
#FF0000	48.859054908	2.380025153	paris (75111), paris (75), Île-de-France	paris (75111), paris (75), Île-de-France	2009-09-27:11:04:22	nearby cities	#FF0000
#FF0000	48.876129334	2.360715102	paris (75110), paris (75), Île-de-France	paris (75110), paris (75), Île-de-France	2009-09-27:11:04:22	nearby cities	#FF0000
#FF0000	48.828424546	2.362253766	paris (75113), paris (75), Île-de-France	paris (75113), paris (75), Île-de-France	2009-09-27:11:04:22	nearby cities	#FF0000
#FF0000	48.892570317	2.348176598	paris (75118), paris (75), Île-de-France	paris (75118), paris (75), Île-de-France	2009-09-27:11:04:22	nearby cities	#FF0000
#FF0000	48.854350603	2.357625608	paris (75104), paris (75), Île-de-France	paris (75104), paris (75), Île-de-France	2009-09-27:11:04:22	nearby cities	#FF0000
#FF0000	48.765889291	2.163600257	jouy en josas (78322), yvelines (78), Île-de-France	jouy en josas (78322), yvelines (78), Île-de-France	2009-09-27:12:53:49	nearby cities	#FF0000
#FF0000	48.75659431	2.206465776	bievres (91064), essonne (91), Île-de-France	bievres (91064), essonne (91), Île-de-France	2009-09-27:12:53:49	nearby cities	#FF0000
#FF0000	48.796455388	2.254300971	clamart (92023), hauts-de-seine (92), Île-de-France	clamart (92023), hauts-de-seine (92), Île-de-France	2009-09-27:12:53:49	nearby cities	#FF0000
#FF0000	48.796455388	2.254300971	clamart (92023), hauts-de-seine (92), Île-de-France	clamart (92023), hauts-de-seine (92), Île-de-France	2009-09-27:12:53:49	nearby cities	#FF0000
#FF0000	48.815232931	2.317223763	montrouge (92049), hauts-de-seine (92), Île-de-France	montrouge (92049), hauts-de-seine (92), Île-de-France	2009-09-27:12:53:49	nearby cities	#FF0000
#FF0000	48.780251597	2.25980883	le plessis robinson (92060), hauts-de-seine (92), Île-de-France	le plessis robinson (92060), hauts-de-seine (92), Île-de-France	2009-09-27:12:53:49	nearby cities	#FF0000
#FF0000	48.813266743	2.344190973	gentilly (94037), val-de-marne (94), Île-de-France	gentilly (94037), val-de-marne (94), Île-de-France	2009-09-27:12:53:49	nearby cities	#FF0000
#FF0000	48.80363284	2.288340335	chatillon (92020), hauts-de-seine (92), Île-de-France	chatillon (92020), hauts-de-seine (92), Île-de-France	2009-09-27:12:53:49	nearby cities	#FF0000
#FF0000	48.828424546	2.362253766	paris (75113), paris (75), Île-de-France	paris (75113), paris (75), Île-de-France	2009-09-27:12:53:49	nearby cities	#FF0000
#FF0000	48.772689837	2.1249651	buc (78117), yvelines (78), Île-de-France	buc (78117), yvelines (78), Île-de-France	2009-09-27:12:53:49	nearby cities	#FF0000
#FF0000	48.762163764	2.139405128	les loges en josas (78343), yvelines (78), Île-de-France	les loges en josas (78343), yvelines (78), Île-de-France	2009-09-27:12:53:49	nearby cities	#FF0000
#FF0000	48.805418818	2.334016124	arcueil (94003), val-de-marne (94), Île-de-France	arcueil (94003), val-de-marne (94), Île-de-France	2009-09-27:12:53:49	nearby cities	#FF0000
#FF0000	48.816575085	2.296075861	malakoff (92046), hauts-de-seine (92), Île-de-France	malakoff (92046), hauts-de-seine (92), Île-de-France	2009-09-27:12:53:49	nearby cities	#FF0000
#FF0000	48.780251597	2.25980883	le plessis robinson (92060), hauts-de-seine (92), Île-de-France	le plessis robinson (92060), hauts-de-seine (92), Île-de-France	2009-09-27:12:53:49	nearby cities	#FF0000
#FF0000	48.808789147	2.355872174	le kremlin bicetre (94043), val-de-marne (94), Île-de-France	le kremlin bicetre (94043), val-de-marne (94), Île-de-France	2009-09-27:12:53:49	nearby cities	#FF0000
#FF0000	48.707100858	2.037387133	chevreuse (78160), yvelines (78), Île-de-France	chevreuse (78160), yvelines (78), Île-de-France	2009-09-27:14:19:10	nearby cities	#FF0000
#FF0000	48.704059438	2.079135407	st remy les chevreuse (78575), yvelines (78), Île-de-France	st remy les chevreuse (78575), yvelines (78), Île-de-France	2009-09-27:14:19:10	nearby cities	#FF0000
#FF0000	48.704059438	2.079135407	st remy les chevreuse (78575), yvelines (78), Île-de-France	st remy les chevreuse (78575), yvelines (78), Île-de-France	2009-09-27:14:19:10	nearby cities	#FF0000
#FF0000	48.74704252	2.117699466	toussus le noble (78620), yvelines (78), Île-de-France	toussus le noble (78620), yvelines (78), Île-de-France	2009-09-27:14:19:10	nearby cities	#FF0000
#FF0000	48.685379012	1.971805753	senlisse (78590), yvelines (78), Île-de-France	senlisse (78590), yvelines (78), Île-de-France	2009-09-27:14:19:10	nearby cities	#FF0000
#FF0000	48.772689837	2.1249651	buc (78117), yvelines (78), Île-de-France	buc (78117), yvelines (78), Île-de-France	2009-09-27:14:19:10	nearby cities	#FF0000
#FF0000	48.739095128	2.095233331	chateaufort (78143), yvelines (78), Île-de-France	chateaufort (78143), yvelines (78), Île-de-France	2009-09-27:14:19:10	nearby cities	#FF0000
#FF0000	48.703796521	1.973145747	dampierre en yvelines (78193), yvelines (78), Île-de-France	dampierre en yvelines (78193), yvelines (78), Île-de-France	2009-09-27:14:19:10	nearby cities	#FF0000
#FF0000	48.703796521	1.973145747	dampierre en yvelines (78193), yvelines (78), Île-de-France	dampierre en yvelines (78193), yvelines (78), Île-de-France	2009-09-27:14:19:10	nearby cities	#FF0000
#FF0000	48.762163764	2.139405128	les loges en josas (78343), yvelines (78), Île-de-France	les loges en josas (78343), yvelines (78), Île-de-France	2009-09-27:14:19:10	nearby cities	#FF0000
#FF0000	48.712874507	1.997097048	st forget (78548), yvelines (78), Île-de-France	st forget (78548), yvelines (78), Île-de-France	2009-09-27:14:19:10	nearby cities	#FF0000
#FF0000	48.898544399	2.409100445	pantin (93055), seine-saint-denis (93), Île-de-France	pantin (93055), seine-saint-denis (93), Île-de-France	2009-10-04:11:35:58	nearby cities	#FF0000
#FF0000	48.887051437	2.384822082	paris (75119), paris (75), Île-de-France	paris (75119), paris (75), Île-de-France	2009-10-04:11:35:58	nearby cities	#FF0000
#FF0000	48.908338487	2.503357206	les pavillons sous bois (93057), seine-saint-denis (93), Île-de-France	les pavillons sous bois (93057), seine-saint-denis (93), Île-de-France	2009-10-04:11:35:58	nearby cities	#FF0000
#FF0000	48.902243865	2.484137001	bondy (93010), seine-saint-denis (93), Île-de-France	bondy (93010), seine-saint-denis (93), Île-de-France	2009-10-04:11:35:58	nearby cities	#FF0000
#FF0000	48.907435801	2.439842933	bobigny (93008), seine-saint-denis (93), Île-de-France	bobigny (93008), seine-saint-denis (93), Île-de-France	2009-10-04:11:35:58	nearby cities	#FF0000
#FF0000	48.938717628	2.530589988	sevran (93071), seine-saint-denis (93), Île-de-France	sevran (93071), seine-saint-denis (93), Île-de-France	2009-10-04:11:35:58	nearby cities	#FF0000
#FF0000	48.86287791	2.3599986	paris (75103), paris (75), Île-de-France	paris (75103), paris (75), Île-de-France	2009-10-04:13:10:21	nearby cities	#FF0000
#FF0000	48.844452823	2.350706645	paris (75105), paris (75), Île-de-France	paris (75105), paris (75), Île-de-France	2009-10-04:13:10:21	nearby cities	#FF0000
#FF0000	48.859054908	2.380025153	paris (75111), paris (75), Île-de-France	paris (75111), paris (75), Île-de-France	2009-10-04:13:10:21	nearby cities	#FF0000
#FF0000	48.898544399	2.409100445	pantin (93055), seine-saint-denis (93), Île-de-France	pantin (93055), seine-saint-denis (93), Île-de-France	2009-10-04:13:10:21	nearby cities	#FF0000
#FF0000	48.876129334	2.360715102	paris (75110), paris (75), Île-de-France	paris (75110), paris (75), Île-de-France	2009-10-04:13:10:21	nearby cities	#FF0000
#FF0000	48.828424546	2.362253766	paris (75113), paris (75), Île-de-France	paris (75113), paris (75), Île-de-France	2009-10-04:13:10:21	nearby cities	#FF0000
#FF0000	48.887051437	2.384822082	paris (75119), paris (75), Île-de-France	paris (75119), paris (75), Île-de-France	2009-10-04:13:10:21	nearby cities	#FF0000
#FF0000	48.854350603	2.357625608	paris (75104), paris (75), Île-de-France	paris (75104), paris (75), Île-de-France	2009-10-04:13:10:21	nearby cities	#FF0000
#FF0000	48.908338487	2.503357206	les pavillons sous bois (93057), seine-saint-denis (93), Île-de-France	les pavillons sous bois (93057), seine-saint-denis (93), Île-de-France	2009-10-04:13:10:21	nearby cities	#FF0000
#FF0000	48.902243865	2.484137001	bondy (93010), seine-saint-denis (93), Île-de-France	bondy (93010), seine-saint-denis (93), Île-de-France	2009-10-04:13:10:21	nearby cities	#FF0000
#FF0000	48.907435801	2.439842933	bobigny (93008), seine-saint-denis (93), Île-de-France	bobigny (93008), seine-saint-denis (93), Île-de-France	2009-10-04:13:10:21	nearby cities	#FF0000
#FF0000	48.938717628	2.530589988	sevran (93071), seine-saint-denis (93), Île-de-France	sevran (93071), seine-saint-denis (93), Île-de-France	2009-10-04:13:10:21	nearby cities	#FF0000
#FF0000	48.834961818	2.42138541	paris (75112), paris (75), Île-de-France	paris (75112), paris (75), Île-de-France	2009-10-07:18:41:11	nearby cities	#FF0000
#FF0000	48.841029852	2.418861571	st mande (94067), val-de-marne (94), Île-de-France	st mande (94067), val-de-marne (94), Île-de-France	2009-10-07:18:41:11	nearby cities	#FF0000
#FF0000	48.847539205	2.437714989	vincennes (94080), val-de-marne (94), Île-de-France	vincennes (94080), val-de-marne (94), Île-de-France	2009-10-07:18:41:11	nearby cities	#FF0000
#FF0000	48.828424546	2.362253766	paris (75113), paris (75), Île-de-France	paris (75113), paris (75), Île-de-France	2009-10-07:18:41:11	nearby cities	#FF0000
#FF0000	48.538911417	2.524704829	st fargeau ponthierry (77407), seine-et-marne (77), Île-de-France	st fargeau ponthierry (77407), seine-et-marne (77), Île-de-France	2009-10-11:08:51:39	nearby cities	#FF0000
#FF0000	48.538911417	2.524704829	st fargeau ponthierry (77407), seine-et-marne (77), Île-de-France	st fargeau ponthierry (77407), seine-et-marne (77), Île-de-France	2009-10-11:08:51:39	nearby cities	#FF0000
#FF0000	48.724658139	2.421257167	ablon sur seine (94001), val-de-marne (94), Île-de-France	ablon sur seine (94001), val-de-marne (94), Île-de-France	2009-10-11:08:51:39	nearby cities	#FF0000
#FF0000	48.741877726	2.449089194	villeneuve st georges (94078), val-de-marne (94), Île-de-France	villeneuve st georges (94078), val-de-marne (94), Île-de-France	2009-10-11:08:51:39	nearby cities	#FF0000
#FF0000	48.558603857	2.487529571	le coudray montceaux (91179), essonne (91), Île-de-France	le coudray montceaux (91179), essonne (91), Île-de-France	2009-10-11:08:51:39	nearby cities	#FF0000
#FF0000	48.558603857	2.487529571	le coudray montceaux (91179), essonne (91), Île-de-France	le coudray montceaux (91179), essonne (91), Île-de-France	2009-10-11:08:51:39	nearby cities	#FF0000
#FF0000	48.59255503	2.494377774	saintry sur seine (91577), essonne (91), Île-de-France	saintry sur seine (91577), essonne (91), Île-de-France	2009-10-11:08:51:39	nearby cities	#FF0000
#FF0000	48.576190008	2.500983788	morsang sur seine (91435), essonne (91), Île-de-France	morsang sur seine (91435), essonne (91), Île-de-France	2009-10-11:08:51:39	nearby cities	#FF0000
#FF0000	48.796134091	2.421407444	alfortville (94002), val-de-marne (94), Île-de-France	alfortville (94002), val-de-marne (94), Île-de-France	2009-10-11:08:51:39	nearby cities	#FF0000
#FF0000	48.822572708	2.406597157	charenton le pont (94018), val-de-marne (94), Île-de-France	charenton le pont (94018), val-de-marne (94), Île-de-France	2009-10-11:08:51:39	nearby cities	#FF0000
#FF0000	48.764258643	2.417182182	choisy le roi (94022), val-de-marne (94), Île-de-France	choisy le roi (94022), val-de-marne (94), Île-de-France	2009-10-11:08:51:39	nearby cities	#FF0000
#FF0000	48.539635881	2.629511597	le mee sur seine (77285), seine-et-marne (77), Île-de-France	le mee sur seine (77285), seine-et-marne (77), Île-de-France	2009-10-11:12:10:11	nearby cities	#FF0000
#FF0000	48.534147164	2.589893761	boissise la bertrand (77039), seine-et-marne (77), Île-de-France	boissise la bertrand (77039), seine-et-marne (77), Île-de-France	2009-10-11:12:10:11	nearby cities	#FF0000
#FF0000	48.564155863	2.679925329	rubelles (77394), seine-et-marne (77), Île-de-France	rubelles (77394), seine-et-marne (77), Île-de-France	2009-10-11:12:10:11	nearby cities	#FF0000
#FF0000	48.544316452	2.657923631	melun (77288), seine-et-marne (77), Île-de-France	melun (77288), seine-et-marne (77), Île-de-France	2009-10-11:12:10:11	nearby cities	#FF0000
#FF0000	48.912806487	2.929072628	boutigny (77049), seine-et-marne (77), Île-de-France	boutigny (77049), seine-et-marne (77), Île-de-France	2009-10-25:07:22:37	nearby cities	#FF0000
#FF0000	48.849107499	2.868632828	villiers sur morin (77521), seine-et-marne (77), Île-de-France	villiers sur morin (77521), seine-et-marne (77), Île-de-France	2009-10-25:07:22:37	nearby cities	#FF0000
#FF0000	48.881920765	2.865432987	couilly pont aux dames (77128), seine-et-marne (77), Île-de-France	couilly pont aux dames (77128), seine-et-marne (77), Île-de-France	2009-10-25:07:22:37	nearby cities	#FF0000
#FF0000	48.75582016	2.867850292	la houssaye en brie (77229), seine-et-marne (77), Île-de-France	la houssaye en brie (77229), seine-et-marne (77), Île-de-France	2009-10-25:07:22:37	nearby cities	#FF0000
#FF0000	48.898918306	2.877889871	quincy voisins (77382), seine-et-marne (77), Île-de-France	quincy voisins (77382), seine-et-marne (77), Île-de-France	2009-10-25:07:22:37	nearby cities	#FF0000
#FF0000	48.875161835	2.841219853	st germain sur morin (77413), seine-et-marne (77), Île-de-France	st germain sur morin (77413), seine-et-marne (77), Île-de-France	2009-10-25:07:22:37	nearby cities	#FF0000
#FF0000	48.817396568	2.516989292	champigny sur marne (94017), val-de-marne (94), Île-de-France	champigny sur marne (94017), val-de-marne (94), Île-de-France	2009-10-25:07:22:37	nearby cities	#FF0000
#FF0000	48.928110279	2.898553372	nanteuil les meaux (77330), seine-et-marne (77), Île-de-France	nanteuil les meaux (77330), seine-et-marne (77), Île-de-France	2009-10-25:07:22:37	nearby cities	#FF0000
#FF0000	48.739544781	2.777774264	tournan en brie (77470), seine-et-marne (77), Île-de-France	tournan en brie (77470), seine-et-marne (77), Île-de-France	2009-10-25:07:22:37	nearby cities	#FF0000
#FF0000	48.853013887	2.847578293	coutevroult (77141), seine-et-marne (77), Île-de-France	coutevroult (77141), seine-et-marne (77), Île-de-France	2009-10-25:07:22:37	nearby cities	#FF0000
#FF0000	48.817396568	2.516989292	champigny sur marne (94017), val-de-marne (94), Île-de-France	champigny sur marne (94017), val-de-marne (94), Île-de-France	2009-10-25:07:22:37	nearby cities	#FF0000
#FF0000	48.797651232	2.541482148	chennevieres sur marne (94019), val-de-marne (94), Île-de-France	chennevieres sur marne (94019), val-de-marne (94), Île-de-France	2009-10-25:07:22:37	nearby cities	#FF0000
#FF0000	48.777344015	2.584471181	la queue en brie (94060), val-de-marne (94), Île-de-France	la queue en brie (94060), val-de-marne (94), Île-de-France	2009-10-25:07:22:37	nearby cities	#FF0000
#FF0000	48.86287791	2.3599986	paris (75103), paris (75), Île-de-France	paris (75103), paris (75), Île-de-France	2009-10-25:10:25:19	nearby cities	#FF0000
#FF0000	48.941461894	2.740131495	fresnes sur marne (77196), seine-et-marne (77), Île-de-France	fresnes sur marne (77196), seine-et-marne (77), Île-de-France	2009-10-25:10:25:19	nearby cities	#FF0000
#FF0000	48.898544399	2.409100445	pantin (93055), seine-saint-denis (93), Île-de-France	pantin (93055), seine-saint-denis (93), Île-de-France	2009-10-25:10:25:19	nearby cities	#FF0000
#FF0000	48.876129334	2.360715102	paris (75110), paris (75), Île-de-France	paris (75110), paris (75), Île-de-France	2009-10-25:10:25:19	nearby cities	#FF0000
#FF0000	48.887051437	2.384822082	paris (75119), paris (75), Île-de-France	paris (75119), paris (75), Île-de-France	2009-10-25:10:25:19	nearby cities	#FF0000
#FF0000	48.951117672	2.779143747	charmentray (77094), seine-et-marne (77), Île-de-France	charmentray (77094), seine-et-marne (77), Île-de-France	2009-10-25:10:25:19	nearby cities	#FF0000
#FF0000	48.96520568	2.663956552	gressy (77214), seine-et-marne (77), Île-de-France	gressy (77214), seine-et-marne (77), Île-de-France	2009-10-25:10:25:19	nearby cities	#FF0000
#FF0000	48.908338487	2.503357206	les pavillons sous bois (93057), seine-saint-denis (93), Île-de-France	les pavillons sous bois (93057), seine-saint-denis (93), Île-de-France	2009-10-25:10:25:19	nearby cities	#FF0000
#FF0000	48.902243865	2.484137001	bondy (93010), seine-saint-denis (93), Île-de-France	bondy (93010), seine-saint-denis (93), Île-de-France	2009-10-25:10:25:19	nearby cities	#FF0000
#FF0000	48.907435801	2.439842933	bobigny (93008), seine-saint-denis (93), Île-de-France	bobigny (93008), seine-saint-denis (93), Île-de-France	2009-10-25:10:25:19	nearby cities	#FF0000
#FF0000	48.938717628	2.530589988	sevran (93071), seine-saint-denis (93), Île-de-France	sevran (93071), seine-saint-denis (93), Île-de-France	2009-10-25:10:25:19	nearby cities	#FF0000
